amount,bankCardInfo.bankCode,city,companyInfo.companyName,companyInfo.industry,companyInfo.occupation,customerSource,degree,idInfo.birthDate,idInfo.gender,idInfo.nation,idInfo.validityDate,income,jobFunctions,linkmanList.0.relationship,linkmanList.1.relationship,maritalStatus,pictureInfo.0.faceScore,province,purpose,resideFunctions,term,deviceInfo.gpsLatitude,deviceInfo.gpsLongitude,deviceInfo.osType,deviceInfo.isCrossDomain,deviceInfo.applyPos,label
100000,103,上饶市,莱丁欧派服装厂,C,24,APP,2,43.3,F,汉,4259,2,01,MATE,FRIENDS,1,70.0,江西省,CONSUME,01,,29.88815416295214,116.55008183563389,ANDROID,,江西省九江市彭泽县龙城镇双峰尖登山步道,0
100000,403,岳阳市,村卫生室,H,54,APP,2,44.1,F,汉,4309,4,01,FRIENDS,MOTHER,1,75.002815,湖南省,CONSUME,01,,28.63274732623458,113.0960029415132,ANDROID,,湖南省岳阳市汨罗市神鼎山镇,0
100000,103,安庆市,方兆国个人工作室,Z,90,APP,4,26.8,M,汉,3147,4,01,FATHER,SIBLING,2,70.0,安徽省,CONSUME,01,,31.707354,117.238188,ANDROID,,安徽省合肥市蜀山区临湖社区天都路,1
100000,310,海口市,北京触动时代,H,54,XCX,4,39.8,M,锡伯,5820,4,01,FATHER,MOTHER,2,83.65,海南省,CONSUME,01,,41.88181759810232,123.42926606666956,IOS,,辽宁省沈阳市皇姑区三台子街道苗山路,0
100000,105,衢州市,杭州小电科技股份有限公司,G,13,XCX,4,32.1,M,汉,5376,2,01,FRIENDS,FRIENDS,2,83.791,浙江省,CONSUME,02,,29.111080409918434,119.23756907108691,ANDROID,,浙江省衢州市龙游县模环乡启明路,0
100000,103,北京市,学立峰个人工作室,Z,90,APP,2,45.7,M,汉,3499,4,01,FATHER,FRIENDS,1,86.36,北京市,CONSUME,01,,40.147880544281587,117.13160632044031,ANDROID,,北京市平谷区平谷(渔阳地区)镇下纸寨路,0
100000,105,成都市,成都凯恒瑞机械设备有限公司,C,24,APP,3,39.7,M,汉,3760,3,01,MATE,FRIENDS,1,92.0,四川省,CONSUME,01,,30.88571920871624,104.25173832344072,IOS,,四川省成都市青白江区大同街道华金大道2段-418号-附30,0
100000,105,温州市,乐清海螺水泥有限责任公司,C,24,APP,4,33.7,M,汉,5680,2,01,CHILDREN,RELATIVES,2,89.76,浙江省,CONSUME,01,,28.115513726716804,121.0233745266489,IOS,,浙江省温州市乐清市城东街道云海路,0
100000,103,牡丹江市,汤氏牛场,I,54,APP,4,39.5,M,汉,4281,4,01,MOTHER,MATE,1,70.0,黑龙江省,CONSUME,01,,44.069828,131.128759,ANDROID,,黑龙江省牡丹江市东宁市东宁镇东兴路,0
100000,104,新乡市,脉康科技有限公司,G,13,XCX,3,32.9,F,汉,4836,4,,FRIENDS,FRIENDS,1,70.0,河南省,CONSUME,01,,35.328329680693169,113.89941014738692,ANDROID,,河南省新乡市牧野区牧野镇学院街,0
100000,301,北京市,北京斯诚文化传播发展有限公司,R,17,XCX,4,25.6,F,汉,1033,2,01,FATHER,FRIENDS,2,88.62056,北京市,CONSUME,01,,39.807877777917067,116.54528266021964,IOS,,北京市通州区台湖镇科创六街,0
100000,403,白山市,白山市起晟建筑工程勘察设计有限公司,M,11,APP,4,33.4,M,汉,4801,4,01,FATHER,SIBLING,2,90.62,吉林省,CONSUME,01,,41.95860204773085,126.45337977139035,ANDROID,,吉林省白山市浑江区河口街道北新二路,0
100000,303,厦门市,易思（厦门）商务咨询有限公司,L,17,APP,4,25.2,F,回,399,3,01,RELATIVES,FRIENDS,2,70.0,福建省,CONSUME,01,,52.63251555896963,-1.135178635615625,ANDROID,,"Chancery Street, Leicester, England",0
100000,105,南宁市,广西瀚鑫房地产开发有限公司,K,17,APP,3,38.6,F,汉,3854,3,01,MATE,MOTHER,1,75.498,广西壮族自治区,CONSUME,02,,22.830111797342967,108.21749251407022,ANDROID,,广西壮族自治区南宁市西乡塘区上尧街道思圣路,0
100000,308,沧州市,北京火龙时代网络技术有限公司,G,13,APP,3,39.2,M,汉,5155,3,01,FATHER,FRIENDS,2,92.233,河北省,CONSUME,01,,40.064326167201138,116.374694778107383,ANDROID,,北京市海淀区西三旗街道店南斜街,0
100000,105,绥化市,安达市医院,Q,11,APP,2,29.4,M,汉,1888,2,01,FATHER,FRIENDS,2,89.7928,黑龙江省,CONSUME,01,,45.883556781227529,126.60154294633169,ANDROID,,黑龙江省哈尔滨市呼兰区利民街道和谐路,0
100000,301,天津市,智川集团控股有限公司,H,54,APP,4,37.3,F,汉,4135,2,01,FRIENDS,SIBLING,2,70.0,天津市,CONSUME,01,,39.12725583937234,117.18053639002547,ANDROID,,天津市和平区南市街道荣安大街71号,0
100000,105,南昌市,刘俊个人工作室,Z,90,APP,4,50.3,M,汉,2446,4,01,FATHER,COLLEAGUE,2,92.441,江西省,CONSUME,01,,28.663841812937194,115.90900438059374,ANDROID,,江西省南昌市西湖区南站街道天佑路75号,0
100000,102,泉州市,北京中冷联物流咨询有限公司,Z,90,APP,4,43.0,M,汉,2468,3,,MATE,COLLEAGUE,1,78.153,福建省,CONSUME,02,,39.837793474849778,116.2935910358642,ANDROID,,北京市丰台区新村街道恒丰北街,0
100000,310,杭州市,浙江省建德市航头镇人民政府,S,11,APP,3,35.6,M,汉,3938,2,01,FATHER,RELATIVES,2,74.446,浙江省,CONSUME,02,,29.475025038206497,119.29002173345572,ANDROID,,浙江省杭州市建德市新安江街道严州大道,0
100000,309,驻马店市,亘石信息科技,G,13,XCX,2,27.8,F,汉,323,3,01,MOTHER,FATHER,1,87.034,河南省,CONSUME,01,,31.266026746961806,121.26010226779513,ANDROID,,上海市嘉定区江桥镇红卫路,0
100000,102,遵义市,苏州路面包小铺,I,54,APP,4,32.3,F,仡佬,5621,2,01,MATE,SIBLING,2,81.197,贵州省,CONSUME,01,,28.868857614009487,107.62563016769562,IOS,,贵州省遵义市道真仡佬族苗族自治县玉溪镇,0
100000,102,南京市,中国人寿,Z,90,XCX,4,30.6,M,汉,44,4,01,PARENTS,FRIENDS,2,70.0,江苏省,CONSUME,01,,32.124658050297679,118.85432796954561,ANDROID,,江苏省南京市栖霞区燕子矶街道燕丹路,0
100000,105,肇庆市,新锦绣酒家,I,54,APP,4,35.3,M,汉,6726,3,01,FATHER,MATE,1,70.0,广东省,CONSUME,01,,23.18791,113.443946,ANDROID,,广东省广州市黄埔区联和街道S117(开创大道),0
100000,102,运城市,永济博苑幼儿园,P,13,APP,3,27.0,F,汉,1381,4,01,PARENTS,COLLEAGUE,2,90.47,山西省,CONSUME,02,,39.840583111577178,116.22224727944115,ANDROID,,北京市丰台区宛平街道S50(宛平桥),0
100000,104,武汉市,洪山区洪山街道办事处,S,11,APP,4,25.2,M,汉,1041,4,01,MATE,FATHER,2,70.0,湖北省,CONSUME,01,,30.508437966447326,114.3336364297114,ANDROID,,湖北省武汉市洪山区洪山街街道书城路24号,0
100000,102,汉中市,严彩霞个人工作室,Z,90,XCX,2,37.7,F,汉,4149,2,01,MATE,MOTHER,1,70.0,陕西省,CONSUME,01,,31.45229197157698,119.47571522641724,ANDROID,,江苏省常州市溧阳市昆仑街道华欣路,0
100000,103,绍兴市,新昌县镜岭镇政府,S,11,APP,3,50.6,M,汉,1333,4,01,MATE,FRIENDS,1,90.423,浙江省,CONSUME,01,,29.50684231448474,120.89892398834803,IOS,,浙江省绍兴市新昌县南明街道环城西路,0
100000,103,曲靖市,云南名锦环保,N,17,APP,2,41.2,M,汉,4107,2,,MATE,RELATIVES,1,88.509,云南省,CONSUME,01,,24.427840795241687,98.57198899328009,ANDROID,,云南省德宏傣族景颇族自治州芒市风平镇复兴路中段,0
100000,102,广元市,自由职业者,H,54,APP,4,24.1,M,汉,2104,4,01,FATHER,FRIENDS,2,70.0,四川省,CONSUME,01,,30.707121039496528,104.07081651475694,ANDROID,,四川省成都市成华区双水碾街道福祥街19号,0
100000,,湖州市,朱琳个人工作室,Z,90,XCX,2,26.9,F,汉,3183,4,01,RELATIVES,RELATIVES,2,87.724,浙江省,CONSUME,01,,30.875521041919563,120.28457850704204,ANDROID,,浙江省湖州市吴兴区织里镇,0
100000,102,镇江市,镇江市天地科技贸易有限公司,C,24,APP,2,40.6,M,汉,5499,2,01,COLLEAGUE,FRIENDS,3,87.904,江苏省,CONSUME,01,,32.20358732798091,119.49155923929149,ANDROID,,江苏省镇江市京口区象山街道翠谷路,0
100000,102,成都市,众鑫丹桂合作社,A,27,APP,2,52.0,M,汉,3427,2,01,MATE,FRIENDS,1,91.252,四川省,CONSUME,02,,30.879640906700133,103.87338079486998,ANDROID,,四川省成都市郫都区安德街道,0
100000,309,西安市,利君制药有限责任公司,M,11,APP,3,31.4,M,汉,5425,4,01,PARENTS,COLLEAGUE,2,90.527,陕西省,CONSUME,01,,33.05748199213782,107.0708616347755,ANDROID,,陕西省汉中市汉台区七里街道金华路,0
100000,103,盐城市,江苏赛美特机械有限公司,C,24,APP,4,27.2,M,汉,1185,2,,FRIENDS,COLLEAGUE,2,70.0,江苏省,CONSUME,01,,33.45946046302247,120.09929095797438,ANDROID,,江苏省盐城市亭湖区新兴镇青龙路,0
100000,103,深圳市,深圳市兴安消防工程有限公司龙岗分公司,E,24,APP,2,50.9,M,汉,2761,2,01,MATE,FRIENDS,1,90.02726,广东省,CONSUME,01,,22.747356042306675,114.24840755310633,ANDROID,,广东省深圳市龙岗区龙岗街道陂头路,0
100000,,吉林市,苏州索瑞娜建筑工程有限公司,E,24,XCX,2,36.7,F,朝鲜,4063,4,01,MATE,FRIENDS,1,70.0,吉林省,CONSUME,01,,31.38536404079861,120.9288392469618,ANDROID,,江苏省苏州市昆山市玉山镇虹桥路290,0
100000,105,北京市,中国瑞联,H,54,APP,3,44.7,F,汉,3293,2,,MATE,SIBLING,1,70.0,北京市,CONSUME,01,,39.88722641611569,116.47450765528123,ANDROID,,北京市朝阳区劲松街道广渠路28号院-307,0
100000,103,唐山市,中海宏洋地产,H,54,APP,4,31.4,M,汉,280,4,01,RELATIVES,COLLEAGUE,2,70.0,河北省,CONSUME,01,,39.673762153041327,118.16885079760265,ANDROID,,河北省唐山市路北区高新区街道建设北路156号,0
100000,,宁波市,上海贝泰妮生物科技有限公司,M,11,APP,3,33.5,M,汉,854,4,01,FATHER,SIBLING,2,70.0,浙江省,CONSUME,01,,30.289474283854165,120.02108371310764,ANDROID,,浙江省杭州市余杭区五常街道发奋街,0
100000,105,保山市,腾冲幸福里科技有限公司,G,13,APP,4,37.8,M,汉,4242,4,01,MATE,COLLEAGUE,1,100.0,云南,CONSUME,01,,25.0340473743734,98.49200137328373,ANDROID,,云南省保山市腾冲市腾越街道霁虹街,0
100000,,大理白族自治州,孙晓鑫个人工作室,Z,90,XCX,4,29.2,F,白,7024,2,01,SIBLING,MOTHER,2,88.577,云南省,CONSUME,01,,25.5780156132005,100.22810143610862,ANDROID,,云南省大理白族自治州大理市下关街道环城南路23,0
100000,102,晋中市,中石化山西阳泉石油分公司,C,24,APP,3,35.6,M,汉,4543,4,01,COLLEAGUE,FRIENDS,2,93.212,山西省,CONSUME,02,,37.70609033949615,113.73054242121285,ANDROID,,山西省阳泉市平定县张庄镇,0
100000,403,南充市,塘殿堰小区一栋二单元,Z,90,APP,2,47.0,F,汉,2100,3,01,PARENTS,FRIENDS,1,70.0,四川省,CONSUME,01,,30.7553196836254,106.0590889546595,ANDROID,,四川省南充市嘉陵区火花街道嘉虹路,0
100000,301,武汉市,丰立装饰,E,24,APP,4,33.3,M,汉,592,2,,FRIENDS,FRIENDS,2,93.721,湖北省,CONSUME,01,,23.3581388777712,113.41766676340888,ANDROID,,广东省广州市白云区钟落潭镇观音山路,0
100000,103,北京市,合众普惠科技有限公司,G,13,XCX,4,36.7,F,汉,3501,2,01,FRIENDS,MATE,1,70.0,北京市,CONSUME,01,,40.04950384623746,116.43634868550986,ANDROID,,北京市朝阳区来广营(地区)乡北苑东路辅路,1
100000,105,青岛市,青岛唐巢聚匠餐饮管理有限公司,I,54,XCX,3,31.8,M,汉,7004,4,01,FATHER,FRIENDS,1,89.455,山东省,CONSUME,01,,36.69692325233818,117.11173945763426,ANDROID,,山东省济南市历下区智远街道轻风路,0
100000,105,深圳市,广东科信电子,G,13,APP,3,27.1,M,汉,923,4,01,MATE,FATHER,2,86.573,广东省,CONSUME,01,,22.75752144004412,114.30636287701698,ANDROID,,广东省深圳市龙岗区坪地街道上畲南岸沿河路,0
100000,105,宿迁市,徐州市莱美丽格美容医院,Q,11,APP,4,27.2,M,汉,1247,4,01,FATHER,FRIENDS,2,70.0,江苏省,CONSUME,01,,31.972474,118.716292,ANDROID,,江苏省南京市建邺区沙洲街道莲池路24-7,0
100000,103,泉州市,外国语学校洛江校区,Z,90,XCX,4,34.7,F,汉,5669,2,01,MOTHER,SIBLING,1,82.838,福建省,CONSUME,01,,24.943579563288958,118.68224129677971,IOS,,福建省泉州市惠安县洛阳镇,0
100000,103,西安市,西安宜美居装饰装修工程有限公司,E,24,APP,4,32.9,M,汉,5284,2,01,FATHER,SIBLING,3,70.0,陕西省,CONSUME,02,,34.152168,108.868868,ANDROID,,陕西省西安市长安区郭杜街道高阳三路,0
100000,,湛江市,四川中誉洲建筑劳务有限公司,Z,90,APP,2,28.3,M,汉,2085,3,01,MOTHER,FRIENDS,2,87.553,广东省,CONSUME,01,,30.29395,108.138697,ANDROID,,重庆市石柱土家族自治县沿溪镇G350(石垫路),0
100000,105,福州市,私营业主,Z,90,APP,4,32.6,M,汉,5372,4,01,FATHER,FRIENDS,3,96.0,福建省,CONSUME,01,,26.097696650383584,119.32575390289155,IOS,,福建省福州市晋安区岳峰镇连江北路78号2层,0
100000,104,鹤岗市,中铁九局集团有限公司,E,24,APP,3,30.0,M,汉,7075,2,01,MATE,COLLEAGUE,2,90.597,黑龙江省,CONSUME,01,,39.03107356871312,117.67821179363985,ANDROID,,天津市滨海新区杭州道街道第二大街,1
100000,301,秦皇岛市,秦皇岛市热力有限责任公司,D,17,XCX,4,36.3,F,汉,4995,4,01,PARENTS,FRIENDS,1,70.0,河北省,CONSUME,01,,39.94865445885045,119.61857768553357,IOS,,河北省秦皇岛市海港区东环路街道港城大街391号,0
100000,102,潍坊市,简单服饰,H,54,APP,3,34.6,F,汉,5288,4,01,MOTHER,SIBLING,1,89.725,山东省,CONSUME,01,,36.87302646606502,119.4126755055902,ANDROID,,山东省潍坊市昌邑市奎聚街道新昌路,0
100000,,徐州市,瑞沣有限公司,Z,90,XCX,4,23.1,M,汉,1931,4,01,FATHER,FRIENDS,2,70.0,江苏省,CONSUME,01,,54.024597,-2.796472,IOS,,"Rays Drive, Lancashire, England",0
100000,102,铜陵市,常熟市东南街道艳美阁服饰商行个体工商户,H,54,APP,3,33.8,M,汉,5659,2,01,FRIENDS,FRIENDS,1,70.0,安徽省,CONSUME,01,,31.587611,120.719336,ANDROID,,江苏省苏州市常熟市莫城街道汤家溇路,0
100000,103,苏州市,厦门万安智能有限公司,M,11,APP,3,30.1,M,汉,6125,4,01,FATHER,MOTHER,2,78.63018,江苏省,CONSUME,01,,23.098465604693048,113.25619616165487,ANDROID,,广东省广州市海珠区龙凤街道松漱前40号,0
100000,102,信阳市,河南省信阳市平桥区明港机械厂,C,24,APP,4,45.2,F,汉,2607,4,01,FATHER,SIBLING,1,70.0,河南省,CONSUME,02,,32.466993305213097,114.0609750107045,ANDROID,,河南省信阳市平桥区明港镇,0
100000,103,绥化市,长城木业全屋定制,C,24,APP,2,45.9,M,汉,4696,3,01,MATE,CHILDREN,1,100.0,黑龙江省,CONSUME,02,,36.75355729133928,119.15550309339757,ANDROID,,山东省潍坊市寒亭区开元街道颐昌街,0
100000,105,秦皇岛市,亮发房地产有限公司,K,17,APP,2,36.5,M,汉,6696,4,01,FATHER,MATE,1,90.919,河北省,CONSUME,02,,40.03002299699394,116.3405551254234,ANDROID,,北京市海淀区清河街道清河镇一街83号,0
100000,,河池市,黄少棉个人工作室,Z,90,APP,2,54.4,M,壮,734,2,,MATE,CHILDREN,1,94.502,广西壮族自治区,CONSUME,01,,24.492199,108.642459,ANDROID,,广西壮族自治区河池市宜州区庆远镇龙溪路辅路,0
100000,102,防城港市,北京康特瑞科统计科技有限责任公司,G,13,APP,4,30.9,M,壮,449,3,01,FATHER,RELATIVES,2,77.35323,广西壮族自治区,CONSUME,01,,21.914767718699957,110.87448001651363,ANDROID,,广东省茂名市高州市山美街道永青大道,0
100000,104,连云港市,海洲湾会议中心,L,17,XCX,3,39.0,F,汉,3822,3,01,MATE,SIBLING,1,70.0,江苏省,CONSUME,01,,38.42502032996063,-122.76323041043496,ANDROID,,"Sebastopol Road, Sonoma, California, United States",0
100000,105,开封市,韵达快递,F,17,APP,4,35.6,F,汉,5932,2,01,FATHER,FRIENDS,1,70.0,河南省,CONSUME,01,,34.826528904954809,114.28192186394068,ANDROID,,河南省开封市龙亭区金耀街道东京大道,0
100000,102,苏州市,昆山创始汇信息咨询有限公司,J,13,APP,4,40.5,F,汉,3588,3,01,FATHER,MOTHER,2,77.68007,江苏省,CONSUME,01,,31.394305145718215,120.91216437806557,ANDROID,,江苏省苏州市昆山市玉山镇Y005(虹祺路),0
100000,104,大同市,晋能控股集团煤业公司塔山矿,C,24,APP,4,46.5,M,汉,3934,3,01,FATHER,RELATIVES,2,81.26013,山西省,CONSUME,01,,40.06563834131575,113.36296322196003,ANDROID,,山西省大同市平城区水泊寺街道重熙街辅路,0
100000,102,揭阳市,鸿大集团有限公司,H,54,XCX,2,35.7,M,汉,107,2,01,FRIENDS,FRIENDS,2,70.0,广东省,CONSUME,02,,23.182747586896317,113.3402550667288,ANDROID,,广东省广州市天河区元岗街道中元路,0
100000,103,驻马店市,自由职业,Z,90,APP,2,47.6,M,汉,818,2,01,FATHER,FRIENDS,3,79.81031,河南省,CONSUME,02,,29.907143751331878,121.65025304682145,ANDROID,,浙江省宁波市鄞州区梅墟街道云杉路,0
100000,102,广安市,峨眉山科达建筑工程有限公司,E,24,XCX,4,52.6,M,汉,3639,4,01,SIBLING,FRIENDS,3,100.0,四川,CONSUME,02,,30.416143522518657,106.13288147783415,ANDROID,,四川省广安市武胜县金牛镇,0
100000,103,衢州市,曼哈顿服饰,H,54,XCX,3,29.4,F,汉,803,3,,FATHER,FRIENDS,1,99.0,浙江省,CONSUME,04,,28.929074949276349,118.88296816602757,ANDROID,,浙江省衢州市柯城区花园街道荷花东路,0
100000,105,黑河市,黑河电力公司,Z,90,XCX,2,54.3,M,汉,413,2,01,CHILDREN,SIBLING,3,70.0,黑龙江省,CONSUME,01,,50.23753190107971,127.5338166172546,ANDROID,,黑龙江省黑河市爱辉区幸福乡龙海路,0
100000,103,晋城市,华美专卖店,H,54,APP,2,38.1,F,汉,3819,3,01,MATE,FRIENDS,1,70.0,山西省,CONSUME,01,,35.69972747115484,112.19074008651593,ANDROID,,山西省晋城市沁水县龙港镇,0
100000,102,保定市,顺平县教育局,S,11,APP,4,31.8,F,汉,5811,2,01,MATE,MOTHER,1,89.503,河北省,CONSUME,01,,38.848887874336089,115.1640685968163,IOS,,河北省保定市顺平县高于铺镇,0
100000,403,临汾市,东风康明斯修配部,H,54,APP,2,45.1,M,汉,1923,2,01,FATHER,MATE,1,91.892,山西省,CONSUME,02,,36.42094099272884,112.17912832907325,ANDROID,,山西省临汾市安泽县唐城镇,0
100000,103,秦皇岛市,抚宁镇东新庄村,C,24,APP,2,44.4,M,汉,921,2,01,MATE,FRIENDS,1,70.0,河北省,CONSUME,01,,39.877287955187799,119.32469464548358,ANDROID,,河北省秦皇岛市北戴河区牛头崖镇,0
100000,103,杭州市,杭州临安裕丰线缆有限公司,C,24,APP,3,45.9,F,汉,4431,2,01,FRIENDS,FRIENDS,1,70.0,浙江省,CONSUME,01,,30.23803556333311,119.7037639931136,ANDROID,,浙江省杭州市临安区锦北街道苕溪北路68号,1
100000,103,淄博市,内蒙古星恒新能源有限公司,M,11,APP,3,24.0,F,汉,2254,4,,FATHER,FRIENDS,2,70.0,山东省,CONSUME,02,,37.3641198266622,117.96823673768299,ANDROID,,山东省滨州市滨城区市西街道新立河东路,0
100000,403,信阳市,汪雪个人工作室,Z,90,XCX,4,35.8,F,汉,5087,2,01,SIBLING,RELATIVES,2,70.0,河南省,CONSUME,01,,29.90745565099356,121.4753401214876,ANDROID,,浙江省宁波市海曙区高桥镇梁祝路,0
100000,102,榆林市,榆林市烽火卫星监控科技有限公司,Z,90,XCX,2,39.2,M,汉,3878,4,01,FATHER,MOTHER,2,88.691,陕西省,CONSUME,01,,37.871949103018248,109.29679921986053,ANDROID,,陕西省榆林市横山区城关街道,0
100000,301,南京市,上海天合智能科技股份有限公司南京分公司,H,54,APP,3,34.2,M,汉,5373,3,,MATE,FATHER,1,85.689,江苏省,CONSUME,01,,31.326971554532194,118.8954164111369,ANDROID,,江苏省南京市高淳区淳溪街道三保路,0
100000,,绥化市,一品香居,I,54,XCX,2,33.5,F,汉,5778,4,01,MOTHER,FRIENDS,1,70.0,黑龙江省,CONSUME,01,,46.41946533203125,125.34266737196181,ANDROID,,黑龙江省绥化市安达市安达镇牛街465,0
100000,102,南通市,上海澳宝钢铁有限公司,C,24,XCX,4,40.4,F,汉,4008,2,01,FATHER,FATHER,1,92.10819,江苏省,CONSUME,01,,31.273723047664654,121.6661701306778,IOS,,上海市浦东新区曹路镇川沙路,0
100000,,商丘市,温岭大昌汽修厂,C,24,APP,2,26.0,M,汉,3008,3,01,MATE,FRIENDS,1,87.513,河南省,CONSUME,02,,28.474271,121.361321,ANDROID,,浙江省台州市温岭市泽国镇,0
100000,105,唐山市,北京奥信建筑工程设备安装有限公司,E,24,APP,4,38.4,M,汉,3560,2,01,MATE,FRIENDS,1,100.0,河北省,CONSUME,01,,46.51705071689131,125.0632694006702,ANDROID,,黑龙江省大庆市龙凤区东光街道,0
100000,105,安庆市,达升物流股份有限公司上海分公司,F,17,APP,4,25.0,M,汉,2463,2,01,FATHER,FATHER,2,86.446,安徽省,CONSUME,01,,31.233473378433705,121.47041403519782,ANDROID,,上海市黄浦区南京东路街道人民大道100号N-F室,0
100000,403,大庆市,便民诊所,Z,90,APP,2,42.1,F,汉,5522,4,01,MOTHER,RELATIVES,3,98.0,黑龙江省,CONSUME,01,,45.757012138992077,126.73320660382108,ANDROID,,黑龙江省哈尔滨市道外区化工街道,0
100000,,淮安市,江苏君合酒店有限公司,Z,90,XCX,3,31.2,F,汉,6157,2,01,MOTHER,RELATIVES,1,78.487,江苏省,CONSUME,01,,33.004893,119.04965,ANDROID,,江苏省淮安市金湖县黎城街道九里四路,0
100000,,广州市,广州市越秀区明约饰品商行,Z,90,APP,4,30.0,F,汉,6530,3,01,FATHER,FRIENDS,3,70.0,广东省,CONSUME,01,,23.0819001550556,113.14802560440417,ANDROID,,广东省佛山市南海区大沥镇河骏路,0
100000,103,铜陵市,山东沅远苑电气工程有限公司,Z,90,APP,4,32.7,M,汉,6213,2,01,FATHER,FRIENDS,2,70.0,安徽省,CONSUME,01,,36.72831260044947,119.04603400419144,IOS,,山东省潍坊市潍城区北关街道利昌路,0
100000,103,福州市,曾干个人工作室,Z,90,APP,4,32.0,M,汉,546,4,01,FATHER,COLLEAGUE,2,92.649,福建省,CONSUME,01,,26.042798287416085,119.2892058336177,IOS,,福建省福州市仓山区建新镇西尤溪洲路辅路,1
100000,103,文山壮族苗族自治州,广南县莲城镇句町王厨,H,54,APP,2,30.6,M,汉,1199,2,01,MATE,FRIENDS,1,90.93381,云南省,CONSUME,01,,24.048217808879277,105.06756187481155,ANDROID,,云南省文山壮族苗族自治州广南县莲城镇东街,0
100000,105,广安市,中铁二局五公司,E,24,APP,3,35.4,M,汉,4492,2,01,MATE,SIBLING,1,70.0,四川省,CONSUME,01,,30.35549566037789,106.3024617431046,ANDROID,,四川省广安市武胜县沿口镇东环路,0
100000,104,亳州市,横村镇方埠针织厂,C,24,APP,3,34.3,F,汉,5131,4,01,FRIENDS,FRIENDS,1,70.0,安徽省,CONSUME,01,,33.14158743314132,116.19795976545449,ANDROID,,安徽省亳州市利辛县城关镇向阳中路,0
100000,102,楚雄彝族自治州,楚雄紫溪中学,P,13,APP,4,38.5,M,汉,4266,4,01,SIBLING,MATE,1,90.14472,云南省,CONSUME,01,,25.029542916942483,101.54700233461269,IOS,,云南省楚雄彝族自治州楚雄市鹿城镇鹿城南路,0
100000,,邯郸市,馆陶县兰鑫窗帘门市,Z,90,APP,3,35.4,M,汉,4331,3,01,MATE,FRIENDS,1,70.0,河北省,CONSUME,01,,36.719593,115.385988,ANDROID,,河北省邯郸市馆陶县魏僧寨镇兴盛街,0
100000,403,亳州市,风顺沙石厂,C,24,APP,2,42.6,M,汉,4084,4,01,SIBLING,RELATIVES,1,70.0,安徽省,CONSUME,01,,33.47368178744187,116.22357355990978,ANDROID,,安徽省亳州市涡阳县城关街道九龙大道辅路,0
100000,103,北京市,北京喜晨商贸有限公司,H,54,APP,3,37.8,M,汉,3598,4,01,FATHER,MATE,2,88.93,北京市,CONSUME,01,,39.85708076105291,116.2900825333267,ANDROID,,北京市丰台区丰台街道丰管路辅路,0
100000,105,银川市,鸿硕琴筝艺术有限公司,Z,90,APP,3,25.6,M,回,1953,2,01,FATHER,FRIENDS,2,80.762,宁夏回族自治区,CONSUME,01,,38.448192367151097,106.34134597134617,IOS,,宁夏回族自治区银川市兴庆区掌政镇迎燕巷,0
100000,104,烟台市,山东核设备制造有限公司,C,24,APP,3,41.5,M,汉,4830,2,01,COLLEAGUE,COLLEAGUE,1,70.0,山东省,CONSUME,01,,36.76733508063658,121.21280784356493,ANDROID,,山东省烟台市海阳市方圆街道桐柏路6号,0
100000,,杭州市,莫陈昕个人工作室,Z,90,APP,3,39.8,M,汉,3478,4,01,FRIENDS,COLLEAGUE,1,95.2,浙江省,CONSUME,01,,30.35624215629987,119.98283455990881,ANDROID,,浙江省杭州市余杭区瓶窑镇凤都路,0
100000,102,青岛市,深圳市乐星之家康复服务有限公司,H,54,APP,3,26.8,F,汉,1309,3,,FATHER,OTHER,2,70.0,山东省,CONSUME,02,,22.55173122829861,114.03883544921875,ANDROID,,广东省深圳市福田区莲花街道景田路,0
100000,310,福州市,福建欣昊光电科技有限公司,G,13,APP,3,41.3,M,汉,3812,3,01,MATE,FATHER,1,70.0,福建省,CONSUME,01,,25.753005242704494,119.39446319706437,ANDROID,,福建省福州市福清市阳下街道,0
100000,102,保定市,天佑京铁轨道运营有限公司,F,17,XCX,3,24.9,M,汉,1658,4,01,MOTHER,RELATIVES,2,70.01,河北省,CONSUME,01,,38.49938334106097,114.72871041865023,IOS,,河北省保定市曲阳县邸村镇,0
100000,105,安阳市,安阳市安阳县鑫拓商贸有限公司,H,54,XCX,2,37.3,F,汉,3700,2,01,RELATIVES,RELATIVES,1,89.842,河南省,CONSUME,01,,36.10782761234457,114.33047710102697,ANDROID,,河南省安阳市殷都区铁西路街道铁西路辅路,0
100000,307,西安市,盒马鲜生超市,H,54,APP,3,33.3,F,汉,5407,2,01,FATHER,SIBLING,1,86.956,陕西省,CONSUME,01,,34.138329,108.957864,ANDROID,,陕西省西安市长安区韦曲街道潏河路,1
100000,105,扬州市,尚海整装,H,54,APP,2,45.3,M,汉,3608,3,01,MATE,FRIENDS,1,98.0,江苏省,CONSUME,01,,31.249262181268344,121.3278748394913,ANDROID,,上海市嘉定区江桥镇华江公路558,0
100000,105,南昌市,西安妈妈宝宝贸易有限公司,C,24,APP,3,41.0,F,汉,4491,3,01,PARENTS,MATE,1,70.0,江西省,CONSUME,02,,32.72436256144664,108.46092504119143,ANDROID,,陕西省安康市紫阳县汉王镇,0
100000,102,丹东市,李倩个人工作室,Z,90,APP,4,39.6,F,汉,4196,4,01,MATE,FRIENDS,1,85.363,辽宁省,CONSUME,01,,40.11793977529421,124.37798128202256,ANDROID,,辽宁省丹东市振兴区临江街道青年大街20-17号,0
100000,102,湘潭市,深圳市旭阳印品检测有限公司,L,17,APP,3,49.8,M,汉,648,4,01,MATE,COLLEAGUE,1,80.907,湖南省,CONSUME,01,,22.676628602292355,113.99797849679494,IOS,,广东省深圳市龙华区大浪街道华悦路148号,0
100000,103,沈阳市,沈阳竹希旺建筑装饰工程有限公司,E,24,APP,3,49.6,M,汉,2447,4,01,MATE,FRIENDS,1,70.0,辽宁省,CONSUME,01,,41.69520249034537,123.4066969282147,ANDROID,,辽宁省沈阳市浑南区白塔街道白塔堡一路,0
100000,105,长沙市,湖南城市学院,P,13,XCX,4,26.0,F,汉,1185,4,,FATHER,FRIENDS,2,70.65144,湖南省,CONSUME,02,,28.375220738317674,111.24439884244096,ANDROID,,湖南省益阳市安化县东坪镇S308,0
100000,102,杭州市,暮雪化妆品,H,54,APP,2,38.2,F,汉,5541,4,01,FATHER,MATE,1,70.0,浙江省,CONSUME,01,,30.060940044906013,119.9077834614751,ANDROID,,浙江省杭州市富阳区富春街道金秋大道,0
100000,105,阜阳市,绿城物业服务集团有限公司海宁分公司,L,17,XCX,3,28.0,M,回,2728,3,01,FATHER,COLLEAGUE,1,88.164,安徽省,CONSUME,01,,30.3261,120.809702,ANDROID,,浙江省嘉兴市海宁市黄湾镇锦绣路,0
100000,102,昆明市,北京莱盛高新技术有限公司昆明分公司,H,54,APP,3,48.5,F,汉,808,2,,FRIENDS,MOTHER,2,70.0,云南省,CONSUME,04,,25.060822072084866,102.72194130686187,ANDROID,,云南省昆明市盘龙区联盟街道联盟路301号,0
100000,105,天津市,天津渤化永利化工股份有限公司,C,24,APP,4,31.4,M,回,6801,4,,PARENTS,MATE,1,89.955,天津市,CONSUME,01,,38.9303607187929,117.73692370813476,ANDROID,,天津市滨海新区大沽街道黄河道,0
100000,105,济宁市,恒泰玻璃有限公司,C,24,XCX,4,39.5,F,汉,4639,4,01,MATE,FATHER,1,70.0,山东省,CONSUME,01,,35.40113108724443,116.97121246450841,ANDROID,,山东省济宁市邹城市千泉街道凤凰山路587号,0
100000,103,邯郸市,内秀内衣门市,C,24,APP,3,39.9,F,汉,4197,4,01,MATE,FRIENDS,1,87.545,河北省,CONSUME,02,,36.27369255469535,115.16237690979624,ANDROID,,河北省邯郸市大名县旧治乡府南路,0
100000,,东莞市,鸿豪土石方有限公司,Z,90,APP,3,32.0,M,汉,7146,4,01,FATHER,COLLEAGUE,2,90.455,广东省,CONSUME,01,,23.003173268861198,113.94150973318581,ANDROID,,广东省东莞市东坑镇东坑沿河西三路,0
100000,104,杭州市,杭州凯贝奈特科技有限公司,G,13,XCX,2,42.3,M,汉,4842,4,01,RELATIVES,RELATIVES,1,70.0,浙江省,CONSUME,01,,2,120.1190852747486,ANDROID,,[],0
100000,307,太原市,山西瑞润投资有限公司,J,13,XCX,2,42.8,F,汉,4200,4,01,RELATIVES,FRIENDS,1,70.0,山西省,CONSUME,01,,37.770207,112.524853,ANDROID,,山西省太原市晋源区金胜镇滨河西路辅路,0
100000,105,大连市,大连市星海公园社区,N,17,APP,4,39.6,F,汉,3766,2,,PARENTS,MATE,1,86.127,辽宁省,CONSUME,01,,38.88750240041317,121.57796451886606,ANDROID,,辽宁省大连市沙河口区星海湾街道星海一街30号,0
100000,301,上海市,中油绿地加油站有限公司,D,17,XCX,2,42.4,F,汉,3513,2,01,MATE,FRIENDS,1,76.452705,上海市,CONSUME,01,,31.19140238033036,121.45501788460658,ANDROID,,上海市徐汇区枫林路街道枫林路500号,0
100000,105,重庆市,重庆吉丰建筑劳务有限公司,O,17,APP,3,35.4,M,汉,44,3,01,MOTHER,FRIENDS,1,81.852,重庆市,CONSUME,02,,22.802416363108248,113.8998414626578,ANDROID,,广东省深圳市光明区公明街道西田路,0
100000,309,哈尔滨市,海王星辰有限责任公司,Z,90,APP,3,29.7,F,汉,127,4,01,FATHER,COLLEAGUE,2,82.758,黑龙江省,CONSUME,01,,38.95223309857084,121.5682217461708,IOS,,辽宁省大连市甘井子区周水子街道周山街,0
100000,103,无锡市,江苏省宜兴市俊奕服装店,H,54,APP,2,39.8,F,汉,3903,4,01,MATE,MOTHER,1,70.0,江苏省,CONSUME,01,,31.2619544677548,119.86130143346314,ANDROID,,江苏省无锡市宜兴市丁蜀镇汤蜀路,0
100000,103,广州市,史银华个人工作室,Z,90,APP,3,44.1,F,汉,1552,4,01,RELATIVES,RELATIVES,1,70.0,广东省,CONSUME,01,,22.96727301904017,113.34121362634096,IOS,,广东省广州市番禺区沙头街道小罗村进村东街,0
100000,105,沈阳市,沈阳金之峰体育运动器材贸易有限公司,C,24,APP,3,32.2,F,蒙古,6446,2,01,FATHER,FRIENDS,2,70.0,辽宁省,CONSUME,02,,41.70717171865441,123.08980042379319,ANDROID,,辽宁省沈阳市铁西区高花街道S102(沈西大道),0
100000,102,海口市,海南泓泰医药物流管理有限公司,F,17,APP,4,32.6,M,汉,5731,2,01,MOTHER,SIBLING,2,83.58394,海南省,CONSUME,01,,20.050082653799664,110.37089321024908,ANDROID,,海南省海口市美兰区白沙街道,0
100000,105,杭州市,杭州习天教育咨询有限公司,P,13,APP,3,32.1,M,汉,5701,4,01,FATHER,FRIENDS,1,78.34529,浙江省,CONSUME,01,,30.248419914314185,120.05845063585477,IOS,,浙江省杭州市西湖区留下街道百家园路,0
100000,102,保山地区,云南顺丰速运有限公司,F,17,APP,4,31.5,M,汉,5691,3,,MOTHER,COLLEAGUE,1,82.575,云南省,CONSUME,01,,24.788300897769575,99.18026617993869,ANDROID,,云南省保山市施甸县仁和镇,0
100000,,锦州市,海南闽秦商实业有限公司,C,24,APP,3,46.5,M,汉,80,3,01,MATE,FRIENDS,1,70.0,辽宁省,CONSUME,01,,41.12566867404514,121.14908799913195,ANDROID,,辽宁省锦州市凌河区康宁街道重庆路5段-10号-54,0
100000,403,达州市,深圳航科自动化设备有限公司,C,24,APP,4,50.7,M,汉,2236,4,01,MATE,MATE,1,70.0,四川省,CONSUME,01,,22.995169347063884,114.09423236214885,ANDROID,,广东省东莞市桥头镇S6(广龙高速),0
100000,301,长春市,吉林省星合文化传播有限公司,R,17,APP,4,33.5,F,汉,5620,4,01,OTHER,OTHER,1,78.43189,吉林省,CONSUME,01,,22.69231,114.23076,ANDROID,,广东省深圳市龙岗区龙城街道龙岗中心城爱新路19号,0
100000,105,宁波市,宁波市鸿嘉二手车经纪有限公司,O,17,APP,3,35.0,M,汉,4269,3,01,MOTHER,FRIENDS,2,70.0,浙江省,CONSUME,01,,29.662821,121.411324,ANDROID,,浙江省宁波市奉化区锦屏街道桥西岸路200/201号,0
100000,,恩施土家族苗族自治州,河南宏信检测有限公司,Z,90,APP,4,23.9,M,汉,1552,2,01,FATHER,COLLEAGUE,2,70.0,湖北省,CONSUME,01,,33.194146,120.474923,ANDROID,,江苏省盐城市大丰区大丰经济开发区S332(东宁南路),0
100000,307,上海市,上海颐益置业有限公司,M,11,APP,4,44.5,M,汉,3831,3,01,MATE,FRIENDS,1,82.01893,上海市,CONSUME,01,,31.240679274751039,121.44034021279322,ANDROID,,上海市静安区江宁路街道新丰路339号,0
100000,307,泉州市,络诚设计装饰有限公司,E,24,APP,2,51.6,M,汉,857,3,01,MATE,FRIENDS,1,70.0,福建省,CONSUME,02,,22.658788541697399,114.05681069419616,ANDROID,,广东省深圳市龙岗区坂田街道冲之大道18号,0
100000,103,佛山市,南沙社区居民委员会,S,11,APP,3,38.3,M,汉,3896,3,01,MATE,COLLEAGUE,1,70.0,广东省,CONSUME,01,,28.13841377738983,112.99821923840844,ANDROID,,湖南省长沙市雨花区井湾子街道香樟路,0
100000,102,泰安市,泰安高新区鸿福驴肉馆,H,54,APP,2,47.3,M,汉,734,4,01,OTHER,OTHER,1,70.0,山东省,CONSUME,01,,36.190500,117.024160,ANDROID,,山东省泰安市岱岳区天平街道天平大街,0
100000,105,吕梁市,李强个人工作室,H,54,APP,2,38.4,M,汉,4564,2,01,MATE,FRIENDS,1,70.0,山西省,CONSUME,01,,37.02847548430484,105.43481734894682,ANDROID,,宁夏回族自治区中卫市中宁县喊叫水乡G6(京藏高速),0
100000,102,扬州市,美团客服,Z,90,XCX,3,31.0,M,汉,6027,2,01,PARENTS,RELATIVES,1,84.153,江苏省,CONSUME,01,,32.3946370661874,119.51749289900515,ANDROID,,江苏省扬州市广陵区杭集镇,0
100000,104,常德市,唯壹美发店,O,17,APP,3,41.9,M,汉,4025,4,01,MATE,COLLEAGUE,1,96.0,湖南省,CONSUME,01,,29.038159312564337,111.71241666550918,IOS,,湖南省常德市武陵区启明街道三闾路695,0
100000,105,汉中市,佛山市南海区新洋纺织厂,C,24,APP,2,41.4,M,汉,4113,2,01,SIBLING,MOTHER,1,70.0,陕西省,CONSUME,02,,22.51330012839545,110.0446156185066,ANDROID,,广西壮族自治区玉林市福绵区樟木镇,0
100000,103,梅州市,梅州市枫烨展览有限公司,R,17,APP,3,53.0,M,汉,658,4,01,FATHER,COLLEAGUE,1,91.0,广东省,CONSUME,02,,24.28341246113794,116.13423515762882,ANDROID,,广东省梅州市梅江区三角镇芹洋西路,1
100000,307,广州市,广州市绿宝餐饮管理有限公司,I,54,APP,3,33.7,M,汉,4532,4,01,MATE,COLLEAGUE,1,94.049,广东省,CONSUME,02,,26.040304822538894,119.28768741305345,ANDROID,,福建省福州市仓山区建新镇西尤溪洲路,0
100000,105,金华市,金华市正灏建筑材料有限公司,E,24,APP,4,41.3,M,汉,3561,3,01,MATE,FRIENDS,1,81.464,浙江省,CONSUME,01,,28.905518452241436,120.03901937502758,ANDROID,,浙江省金华市永康市东城街道丽州北路255号,0
100000,309,深圳市,北京金道天成信息系统服务有限公司,G,13,XCX,4,31.0,M,汉,6326,3,01,SIBLING,FATHER,2,82.003,广东省,CONSUME,01,,36.11663495336076,103.69879470611518,ANDROID,,甘肃省兰州市安宁区西路街道枣林路,0
100000,105,攀枝花市,赵南琴个人工作室,H,54,APP,2,46.5,F,汉,1165,3,01,SIBLING,MATE,1,87.114,四川省,CONSUME,01,,26.580602262544777,101.73242886692384,ANDROID,,四川省攀枝花市东区炳草岗街道天津路,0
100000,102,随州市,武汉威汉汽车服务有限公司随州分公司,O,17,APP,3,42.2,M,汉,4578,4,01,SIBLING,COLLEAGUE,1,70.0,湖北省,CONSUME,01,,31.70507796521119,113.40691708955115,ANDROID,,湖北省随州市曾都区随州市经济开发区编钟大道,0
100000,102,沧州市,泊头市运通马钢厂,C,24,APP,4,45.4,M,汉,297,3,01,FATHER,MATE,1,91.074,河北省,CONSUME,02,,38.15402532785319,116.37778581671322,ANDROID,,河北省沧州市泊头市营子乡中心街,0
100000,103,沧州市,河北绿冶窑炉工程技术有限公司,Z,90,APP,2,46.5,M,汉,4274,3,01,MATE,COLLEAGUE,1,76.75076,河北省,CONSUME,01,,39.873638167681189,118.58654244644069,ANDROID,,河北省唐山市迁安市沙河驿镇驿港大街,0
100000,104,南阳市,北京联合大学,C,24,APP,4,29.4,F,汉,6136,4,01,MATE,FRIENDS,2,70.0,河南省,CONSUME,01,,32.7044978822827,112.84773008652319,ANDROID,,河南省南阳市唐河县文峰街道G312(上海大道(西段)),0
100000,105,烟台市,锐创瑞纳,H,54,APP,4,24.1,M,汉,2211,2,01,FATHER,MATE,2,78.48837,山东省,CONSUME,01,,37.56717390450928,121.2129803390033,ANDROID,,山东省烟台市福山区福莱山街道峨眉山路,0
100000,105,大同市,北京羽飞机电,M,11,APP,2,29.8,M,汉,6355,3,01,PARENTS,SIBLING,1,70.0,山西省,CONSUME,01,,39.983700914688039,117.036658716602,ANDROID,,河北省廊坊市三河市泃阳镇G230辅路,0
100000,104,常州市,丹阳市宏程照明有限公司,C,24,APP,3,39.4,F,汉,3821,3,01,MATE,PARENTS,1,85.759,江苏省,CONSUME,01,,31.9981,119.57053,ANDROID,,江苏省镇江市丹阳市云阳街道中山路2号-5,0
100000,102,石家庄市,石家庄志合天成商贸有限公司,H,54,APP,3,44.4,M,汉,3414,4,01,FATHER,MATE,1,99.0,河北省,CONSUME,01,,40.395133053779797,115.22603021785786,ANDROID,,河北省张家口市涿鹿县涿鹿镇,1
100000,105,温州市,温州移动公司,G,13,XCX,4,32.4,M,汉,690,4,01,FATHER,FRIENDS,2,82.0,浙江省,CONSUME,01,,27.79700270730916,120.11691308377007,IOS,,浙江省温州市文成县大峃镇,0
100000,,福州市,福州曾氏网络科技有限公司,G,13,APP,4,48.7,F,汉,671,4,01,FRIENDS,MATE,1,70.0,福建省,CONSUME,01,,26.042971,119.251995,ANDROID,,福建省福州市仓山区金山街道建新中路,0
100000,403,佛山市,汇上承五金制品有限公司,C,24,APP,3,39.3,M,汉,3573,2,01,FRIENDS,MATE,1,70.0,广东省,CONSUME,02,,22.952491922159909,113.19493426086918,ANDROID,,广东省佛山市顺德区北滘镇美的大道,0
100000,309,济南市,中电装备山东电子有限公司,G,13,APP,4,38.7,M,汉,4105,3,01,PARENTS,SIBLING,1,70.0,山东省,CONSUME,01,,36.6346649768022,117.03604513711498,ANDROID,,山东省济南市历下区文东街道佛慧桥,0
100000,105,南通市,南通益昌汽车销售服务有限公司,H,54,APP,3,36.5,F,汉,4599,2,01,MATE,FATHER,1,70.0,江苏省,CONSUME,01,,32.017774377809228,120.86318478919842,ANDROID,,江苏省南通市崇川区和平桥街道八仙城步行街,0
100000,102,内江市,资中完美夫人婚庆婚纱影楼,O,17,APP,3,38.4,M,汉,4436,2,01,MATE,FATHER,1,70.0,四川省,CONSUME,02,,29.75846666996084,104.8724821988627,ANDROID,,四川省内江市资中县水南镇,0
100000,102,安庆市,沪上阿姨鲜果茶,H,54,APP,4,32.8,M,汉,1111,4,01,MATE,FRIENDS,2,70.0,安徽省,CONSUME,01,,30.514593,117.116327,ANDROID,,安徽省安庆市迎江区龙狮桥乡龙狮路,0
100000,105,潍坊市,上海景域园林建设发展有限公司,E,24,APP,4,41.7,M,汉,2446,3,01,COLLEAGUE,COLLEAGUE,1,70.0,山东省,CONSUME,02,,37.44704901809131,116.39684273440932,ANDROID,,山东省德州市德城区宋官屯街道崇德二大道,0
100000,104,东营市,马志骋个人工作室,Z,90,APP,4,24.0,M,汉,924,2,01,FATHER,FRIENDS,2,89.226,山东省,CONSUME,01,,37.32501438624675,118.66694756702239,ANDROID,,山东省东营市东营区六户镇,0
100000,103,焦作市,贾廷康个人工作室,Z,90,XCX,2,33.5,M,汉,5817,4,01,MATE,COLLEAGUE,1,70.0,河南省,CONSUME,01,,34.91112302509868,112.91597125943133,ANDROID,,河南省焦作市孟州市南庄镇,0
100000,309,成都市,成都汉唐房地产开发有限责任公司,K,17,APP,4,34.8,M,汉,4715,3,01,PARENTS,MATE,1,78.468,四川省,CONSUME,01,,30.635082997686714,104.11374582851897,ANDROID,,四川省成都市锦江区沙河街道通源街,0
100000,102,商丘市,汇聚品牌管理有限公司,H,54,APP,3,34.6,M,汉,6776,4,01,MATE,RELATIVES,1,89.535,河南省,CONSUME,01,,34.46694139543423,115.6342997592157,ANDROID,,河南省商丘市梁园区建设街道商曹路,0
100000,301,北京市,上海芭悦文化传媒有限公司,R,17,APP,4,42.6,F,汉,3020,3,01,OTHER,COLLEAGUE,2,70.0,北京市,CONSUME,01,,40.256091,116.841712,ANDROID,,北京市顺义区龙湾屯镇X029(山丁路),0
100000,103,丹东市,辽宁保航科技有限公司,G,13,XCX,4,43.8,F,汉,906,2,01,FATHER,FRIENDS,3,88.18707,辽宁省,CONSUME,01,,40.13026986155427,124.40797407963469,IOS,,"Sinuiju, North Korea",0
100000,105,黄冈市,宋朝晖个人工作室,Z,90,APP,3,36.8,M,汉,4393,2,01,MATE,SIBLING,1,92.613,湖北省,CONSUME,01,,25.00366078869582,98.523532055866,IOS,,云南省保山市腾冲市腾越街道,0
100000,103,连云港市,苏州金螳螂建筑装饰股份有限公司,E,24,APP,4,38.8,M,汉,3527,4,01,RELATIVES,RELATIVES,2,70.0,江苏省,CONSUME,01,,33.910446,118.283467,ANDROID,,江苏省宿迁市宿城区项里街道,0
100000,102,鹰潭市,贵溪欣欣财务有限公司,Z,90,APP,3,30.8,M,汉,5710,2,01,SIBLING,FRIENDS,2,83.153,江西省,CONSUME,01,,28.28265517248474,117.25796689973716,ANDROID,,江西省鹰潭市贵溪市流口镇G320(沪瑞线),0
100000,102,阜阳市,吴厚群个人工作室,Z,90,XCX,2,50.1,F,汉,2775,2,01,SIBLING,MATE,1,70.0,安徽省,CONSUME,01,,32.888264966526168,115.83550102108755,ANDROID,,安徽省阜阳市颍州区京九街道周庄东巷,0
100000,104,东莞市,东莞市启恒玻璃有限公司,C,24,APP,3,42.0,F,汉,3611,4,01,MOTHER,COLLEAGUE,1,70.0,广东省,CONSUME,01,,22.955377,113.647961,ANDROID,,广东省东莞市厚街镇港口大道,0
100000,103,朔州市,应县涵龙装饰有限公司,E,24,APP,2,44.9,M,汉,1879,4,01,MATE,FRIENDS,1,88.0,山西省,CONSUME,02,,39.55828988650111,113.20254751872243,ANDROID,,山西省朔州市应县金城镇新建东街,0
100000,102,宝鸡市,陕西易郎嘉华建筑工程有限责任公司,E,24,XCX,2,45.7,M,汉,610,2,,PARENTS,FRIENDS,1,70.0,陕西省,CONSUME,01,,23.13163410502189,113.60548089061452,ANDROID,,广东省广州市增城区新塘镇中路2-、4号,0
100000,104,长沙市,陈实个人工作室,Z,90,XCX,4,37.9,M,汉,6060,3,,MOTHER,FRIENDS,1,89.16,湖南省,CONSUME,01,,28.199188790594286,112.90729310447121,ANDROID,,湖南省长沙市岳麓区西湖街道梅溪湖路,0
100000,105,攀枝花市,玛氏箭牌营销管理有限公司,C,24,APP,3,44.8,M,汉,1111,2,01,MATE,FRIENDS,1,70.0,四川省,CONSUME,02,,35.08209654446111,118.35908375093739,ANDROID,,山东省临沂市兰山区柳青街道柳青河东路,0
100000,104,德州市,庞晓钢个人工作室,Z,90,APP,3,49.9,M,汉,99999,2,01,FATHER,FATHER,1,70.0,山东省,CONSUME,01,,37.469169113241189,116.37266248186116,ANDROID,,山东省德州市德城区宋官屯街道晶华大道2366号,0
100000,102,天津市,天津津通铁塔股份有限公司,Z,90,XCX,4,33.2,M,汉,352,2,01,FATHER,SIBLING,2,87.091,天津市,CONSUME,01,,38.9582976083505,116.97665738255552,IOS,,天津市静海区静海镇徐良路,0
100000,105,徐州市,苏帝家具厂,C,24,APP,2,35.4,M,汉,6718,3,,MATE,FRIENDS,1,91.702,江苏省,CONSUME,01,,33.85600512218662,118.03827080602086,ANDROID,,江苏省徐州市睢宁县邱集镇,0
100000,105,永州市,长沙市樊文花店铺,Z,90,APP,4,35.9,F,汉,5533,2,01,FATHER,FRIENDS,1,79.7598,湖南省,CONSUME,02,,28.08808228746831,112.95435916381477,ANDROID,,湖南省长沙市天心区黑石铺街道黑梨路,0
100000,,宜春市,北京杨帆卓越培训学校,Z,90,APP,4,30.8,F,汉,699,4,,FATHER,COLLEAGUE,2,77.49,江西省,CONSUME,01,,40.16951147719298,116.65236116957024,ANDROID,,北京市顺义区双丰街道顺成大街15,0
100000,102,武汉市,湖北衡平楚天会计事务所有限公司,L,17,APP,4,31.6,F,汉,6830,4,01,FATHER,MATE,2,82.904,湖北省,CONSUME,01,,45.719909787844077,126.5980161466227,IOS,,黑龙江省哈尔滨市南岗区和兴路街道下沟子街,0
100000,105,延安市,延长石油石油子长采油厂,C,24,APP,2,37.5,M,汉,3673,4,01,MATE,FATHER,1,70.0,陕西省,CONSUME,02,,37.162631512836977,109.71852065653948,ANDROID,,陕西省延安市子长市瓦窑堡街道,0
100000,103,长春市,雷彩艳个人工作室,Z,90,XCX,3,49.3,F,汉,187,3,,MATE,FRIENDS,1,79.85953,吉林省,CONSUME,01,,43.89308943368429,125.35878859809714,IOS,,吉林省长春市二道区东站街道四通路668号,0
100000,103,嘉兴市,毛衫市场,H,54,APP,2,49.1,M,汉,2058,2,01,FATHER,FRIENDS,2,91.50551,浙江省,CONSUME,01,,30.68358697260009,120.68827943185463,ANDROID,,浙江省嘉兴市秀洲区洪合镇新开河桥,0
100000,105,湛江市,同诚服务集团有限公司,H,54,APP,2,29.6,F,汉,7171,2,01,FATHER,FRIENDS,2,84.451,广东省,CONSUME,01,,23.054427621827537,113.38717295012589,IOS,,广东省广州市番禺区小谷围街道大学城环湖街,0
100000,103,新乡市,中北大学,P,13,APP,3,40.0,F,汉,2628,2,01,RELATIVES,FRIENDS,1,70.0,河南省,CONSUME,01,,37.842033583322827,112.59933924865604,ANDROID,,山西省太原市迎泽区郝庄镇王家峰南街,0
100000,103,湘潭市,希箭卫浴,H,54,APP,2,48.2,F,汉,304,2,,MATE,FRIENDS,1,90.202,湖南省,CONSUME,01,,27.854957,112.88259,ANDROID,,湖南省湘潭市雨湖区昭潭街道宝庆路99,0
100000,104,保定市,邱鑫伟个人工作室,Z,90,XCX,2,24.6,M,汉,1618,4,01,FATHER,SIBLING,2,70.0,河北省,CONSUME,01,,39.227573093929688,115.97609109012126,ANDROID,,河北省保定市高碑店市新城镇平安路,0
100000,104,长沙市,东莞中汽宏远汽车有限公司,C,24,APP,3,39.1,F,汉,3927,2,01,MATE,RELATIVES,1,88.0,湖南省,CONSUME,01,,28.129158109014307,113.01003567158452,ANDROID,,湖南省长沙市雨花区井湾子街道井湾路485,0
100000,301,芜湖市,合肥市仟泰装饰工程有限公司,E,24,APP,4,38.8,M,汉,3069,3,,MATE,SIBLING,1,89.862,安徽省,CONSUME,01,,31.87468336370653,117.22285209714279,ANDROID,,安徽省合肥市蜀山区井岗镇清溪路,0
100000,103,朔州市,深圳高晟家居有限公司,C,24,APP,4,38.5,M,汉,5197,4,01,MATE,FATHER,1,70.0,山西省,CONSUME,01,,30.765197957191029,104.08900637135176,ANDROID,,四川省成都市新都区大丰街道临河街,0
100000,102,昭通市,品源办公用品,C,24,APP,3,37.0,M,汉,5662,2,,FATHER,FRIENDS,1,70.0,云南省,CONSUME,01,,24.191539031804298,102.94391406816867,ANDROID,,云南省玉溪市华宁县宁州街道山口路,1
100000,105,大连市,大连港集团,H,54,APP,3,47.8,F,汉,312,4,01,PARENTS,COLLEAGUE,1,70.0,辽宁省,CONSUME,01,,39.03099864402166,121.76546762032375,ANDROID,,辽宁省大连市金州区马桥子街道G228(海滨旅游路),0
100000,103,昆明市,普洱卫校,P,13,XCX,4,42.3,M,彝,4597,2,01,FATHER,FRIENDS,1,84.692795,云南省,CONSUME,01,,22.770209843359575,100.97822045301939,ANDROID,,云南省普洱市思茅区南屏镇茶城大道辅路,0
100000,102,邢台市,肯德基有限公司,I,54,APP,3,24.7,M,汉,2115,2,01,FATHER,RELATIVES,2,77.58896,河北省,CONSUME,01,,37.06556651441454,114.44321155880094,ANDROID,,河北省邢台市信都区南大郭镇八一大街,0
100000,102,吉安市,东莞市昂杨五金制品有限公司,C,24,APP,2,41.5,M,汉,2649,3,,RELATIVES,FATHER,1,70.0,江西省,CONSUME,02,,22.821173926132507,113.83326958772273,ANDROID,,广东省东莞市长安镇长塘路,0
100000,105,南通市,路易拉菲生活馆,O,17,APP,2,35.3,F,汉,195,2,01,MATE,SIBLING,1,70.0,江苏省,CONSUME,01,,32.02158910361965,121.15132999573275,ANDROID,,江苏省南通市通州区二甲镇八甲新路,0
100000,103,上海市,陆毓贤个人工作室,I,54,APP,4,45.6,M,汉,3433,3,01,MATE,MOTHER,1,89.893,上海市,CONSUME,01,,30.913272679419284,121.47876417358985,ANDROID,,上海市奉贤区南桥镇百顺路,0
100000,310,台州市,汽车公司,C,24,APP,3,46.1,M,汉,5036,4,01,FRIENDS,FATHER,1,70.0,浙江省,CONSUME,01,,30.27311571637152,121.06220556736135,ANDROID,,浙江省宁波市余姚市小曹娥镇建民北路,0
100000,104,扬州市,江都人民医院,Q,11,APP,4,27.6,F,汉,3058,2,01,CHILDREN,OTHER,1,87.7,江苏省,CONSUME,01,,32.55831469683985,119.70010345262837,ANDROID,,江苏省扬州市江都区丁沟镇机场路,0
100000,105,许昌市,中国联通许昌市分公司,G,13,XCX,4,40.7,M,汉,4546,2,01,PARENTS,FRIENDS,1,70.0,河南省,CONSUME,01,,33.998684,113.681824,ANDROID,,河南省许昌市建安区椹涧乡,0
100000,305,周口市,天阁装企,H,54,APP,3,34.0,M,汉,54,3,01,PARENTS,COLLEAGUE,1,70.0,河南省,CONSUME,01,,24.942997481608538,102.78236743369067,ANDROID,,云南省昆明市官渡区矣六街道商杰街,0
100000,103,江门市,祥城石业有限公司,C,24,XCX,2,45.2,F,汉,2237,4,01,MATE,CHILDREN,1,70.0,广东省,CONSUME,01,,22.087990964752647,112.43864605334822,ANDROID,,广东省江门市台山市深井镇,0
100000,104,临沂市,山东挺华建筑安装工程有限公司,E,24,APP,2,53.6,M,汉,4351,3,01,MATE,FRIENDS,1,90.0,山东省,CONSUME,01,,35.1027165627902,117.8462827815475,ANDROID,,山东省临沂市费县新庄镇G518,0
100000,,威海市,张磊个人工作室,Z,90,XCX,3,40.8,M,汉,2299,2,01,FRIENDS,FRIENDS,1,70.0,山东省,CONSUME,01,,37.156910264756945,122.43547553168403,ANDROID,,山东省威海市荣成市崖头街道佳兴巷,0
100000,105,汕尾市,陆丰市甲子镇第七小学,P,13,APP,4,44.3,M,汉,4016,2,01,FRIENDS,RELATIVES,1,70.0,广东省,CONSUME,01,,22.883491865201088,116.09086540806003,ANDROID,,广东省汕尾市陆丰市甲东镇X122,0
100000,102,西安市,中国邮政集团,F,17,APP,4,33.3,M,汉,6762,3,01,FATHER,RELATIVES,2,86.832,陕西省,CONSUME,01,,34.251383601417199,108.9454063208732,ANDROID,,陕西省西安市碑林区长安路街道环城南路333号,0
100000,103,济宁市,李春晖个人工作室,Z,90,APP,2,41.4,M,汉,3702,2,01,MATE,FRIENDS,1,70.0,山东省,CONSUME,01,,35.447043222001,116.57643846546486,ANDROID,,山东省济宁市任城区李营街道古槐北路,0
100000,104,潍坊市,波罗蜜藏医医院(济南)有限公司,Q,11,APP,4,41.3,M,汉,1956,2,01,MATE,COLLEAGUE,1,75.88106,山东省,CONSUME,01,,36.66872351224973,117.16264179341434,ANDROID,,山东省济南市历下区智远街道G309辅路,0
100000,105,平凉市,高速公路平凉清障救援大队,S,11,APP,4,36.6,M,汉,3931,2,01,MATE,FRIENDS,1,93.0,甘肃省,CONSUME,01,,35.563354132665768,106.67713465091896,IOS,,甘肃省平凉市崆峒区柳湖镇S216,0
100000,102,白山市,东兴街道光明社区,S,11,APP,4,48.9,F,汉,343,4,01,MATE,CHILDREN,1,70.0,吉林省,CONSUME,01,,41.90744951284827,126.40261540313904,ANDROID,,吉林省白山市浑江区通沟街道国安路,0
100000,102,南阳市,三门峡戴卡轮毂制造有限公司,C,24,APP,4,35.7,M,汉,4821,2,01,FATHER,FRIENDS,2,89.451,河南省,CONSUME,02,,33.14836538374439,111.50194308036498,ANDROID,,河南省南阳市淅川县上集镇,0
100000,104,马鞍山市,原亚楠个人工作室,Z,90,APP,4,23.8,F,汉,1003,4,01,PARENTS,FRIENDS,2,70.0,安徽省,CONSUME,01,,30.20280881359829,120.28107977259225,ANDROID,,浙江省杭州市萧山区宁围街道通惠北路112号,0
100000,105,南充市,华钥能源（新疆）科技有限公司,G,13,APP,3,53.1,M,汉,2179,4,01,SIBLING,FRIENDS,3,80.384,四川省,CONSUME,01,,42.761413579648877,128.88254527158163,ANDROID,,吉林省延边朝鲜族自治州和龙市西城镇,1
100000,310,廊坊市,乐友孕婴店,Z,90,XCX,3,31.3,F,汉,6247,3,01,MATE,FRIENDS,2,70.0,河北省,CONSUME,01,,39.53224425282918,116.73596592440059,ANDROID,,河北省廊坊市广阳区北旺镇东华南路,0
100000,105,宁波市,宁波澳成电器制造有限公司,C,24,APP,4,39.0,F,汉,3539,2,01,PARENTS,MOTHER,1,70.0,浙江省,CONSUME,01,,29.913000939986003,121.87578091208659,ANDROID,,浙江省宁波市北仑区霞浦街道,0
100000,102,潍坊市,山东磐金钢管制造有限公司,C,24,APP,3,29.4,M,汉,2227,4,01,RELATIVES,RELATIVES,1,70.0,山东省,CONSUME,01,,36.985624893332118,118.9667510258123,IOS,,山东省潍坊市寿光市侯镇,0
100000,103,淮北市,李桥社区赵敏餐饮,I,54,APP,2,48.0,M,汉,992,4,01,FRIENDS,MATE,1,70.0,安徽省,CONSUME,01,,33.91979775340705,116.8070151954258,ANDROID,,安徽省淮北市相山区南黎街道长山中路辅路,0
100000,103,泰州市,泰兴市百利园纺织机械有限公司,C,24,APP,2,36.3,M,汉,4025,4,01,RELATIVES,RELATIVES,1,100.0,江苏省,CONSUME,01,,31.803277168113529,119.84416253825904,ANDROID,,江苏省常州市钟楼区邹区镇戴安路,0
100000,303,大同市,北京链家,O,17,XCX,4,30.6,M,汉,6863,4,01,MATE,FRIENDS,1,83.616,山西省,CONSUME,01,,39.93415258162447,116.63010793239156,ANDROID,,北京市通州区永顺镇榆景中路,0
100000,309,成都市,四川诺华出入境服务有限公司,H,54,APP,3,31.6,F,汉,234,4,,PARENTS,COLLEAGUE,2,70.0,四川省,CONSUME,01,,30.67599543615045,104.12080285435744,ANDROID,,四川省成都市成华区跳蹬河街道圣灯路82号,0
100000,403,芜湖市,中国电信芜湖分公司,G,13,APP,3,36.0,M,汉,5536,4,,MATE,MOTHER,1,70.0,安徽省,CONSUME,01,,31.15489234774762,118.59617401839411,ANDROID,,安徽省芜湖市湾沚区安徽新芜经济开发区湾沚路,0
100000,103,六安市,曹贤美个人工作室,H,54,APP,3,40.3,F,汉,4127,4,01,RELATIVES,RELATIVES,1,70.0,安徽省,CONSUME,01,,3,117.302376,ANDROID,,"Bulungan, Kalimantan Utara, Indonesia",0
100000,105,临沂市,兰陵县正高科技有限公司,Z,90,APP,4,31.5,M,汉,1351,3,,FATHER,FRIENDS,2,86.526,山东省,CONSUME,01,,31.146608615451388,121.40641330295139,ANDROID,,上海市徐汇区康健新村街道桂江路86号,0
100000,403,淮安市,李亚男个人工作室,Z,90,XCX,3,28.9,F,汉,719,3,01,MOTHER,SIBLING,1,70.0,江苏省,CONSUME,01,,33.00658710052961,118.505724468293,ANDROID,,江苏省淮安市盱眙县盱城街道虎宣路,0
100000,105,黄山市,上海英吉拉文化传播有限公司,R,17,APP,4,26.0,F,汉,1218,2,,SIBLING,FRIENDS,3,83.05895,安徽省,CONSUME,04,,29.699900367889048,118.33116562883672,IOS,,安徽省黄山市屯溪区阳湖镇云海路,1
100000,105,天水市,兰州宝钢轮胎有限责任公司,C,24,APP,2,39.0,F,汉,2982,4,01,SIBLING,MATE,1,70.0,甘肃省,CONSUME,01,,36.03977151575364,103.9214721355029,ANDROID,,甘肃省兰州市城关区东岗街道G312(沪霍线),0
100000,104,银川市,庆阳鸿兑生物科技有限公司,M,11,APP,3,43.1,M,汉,3791,3,01,RELATIVES,COLLEAGUE,1,89.276,宁夏回族自治区,CONSUME,01,,35.21914770496953,106.66397202579324,ANDROID,,甘肃省平凉市华亭市东华镇华砚路,0
100000,105,庆阳市,环县泰和商贸有限责任公司,H,54,APP,4,39.7,M,汉,4180,2,01,MATE,SIBLING,1,74.0,甘肃省,CONSUME,02,,36.57276080727591,107.31372340842693,ANDROID,,甘肃省庆阳市环县环城镇,0
100000,104,漯河市,丰诚美创设计,M,11,APP,3,33.2,F,汉,313,3,01,FRIENDS,MOTHER,2,70.0,河南省,CONSUME,01,,34.66629137633431,135.50661768755635,ANDROID,,"Osaka, Japan",0
100000,104,扬州市,全季酒店,I,54,APP,3,36.5,F,汉,3673,2,01,COLLEAGUE,SIBLING,1,70.0,江苏省,CONSUME,02,,32.358916395475947,119.45359474717076,ANDROID,,江苏省扬州市广陵区汤汪街道连心路,0
100000,105,南通市,千辉弘（北京）经贸有限公司,H,54,XCX,2,49.9,M,汉,2531,4,01,PARENTS,COLLEAGUE,1,70.0,江苏省,CONSUME,01,,39.926374523079889,116.44955872950158,ANDROID,,北京市朝阳区三里屯街道三里屯路16-5号,0
100000,102,市辖区,路威铭轩香水化妆品上海有限公司,C,24,XCX,4,43.0,M,汉,3588,4,01,FATHER,SIBLING,2,76.456024,上海市,CONSUME,01,,31.262151787548306,121.47338001631411,ANDROID,,上海市静安区宝山路街道中兴路288号,0
100000,102,郑州市,南京科远智慧科技集团股份有限公司,G,13,APP,4,31.1,M,汉,6328,3,01,OTHER,OTHER,2,77.15936,河南省,CONSUME,01,,38.52190134373348,114.8627668424815,ANDROID,,河北省保定市定州市开元镇,0
100000,104,迁安市,高冰涛个人工作室,Z,90,APP,2,38.0,M,汉,5851,4,01,MATE,FRIENDS,1,70.0,河北省,CONSUME,01,,39.8718274219252,118.47179319185439,ANDROID,,河北省唐山市迁安市太平庄镇,0
100000,102,武汉市,武汉市经信局,S,11,APP,4,44.1,M,汉,5625,4,01,MATE,FATHER,2,86.731,湖北省,CONSUME,01,,39.954323237991669,116.33782050026399,ANDROID,,北京市海淀区北下关街道大柳树路2号院-南区-6号楼,0
100000,103,沧州市,李静个人工作室,Z,90,APP,4,50.1,F,汉,99999,4,01,MOTHER,FRIENDS,1,89.473,河北省,CONSUME,01,,38.0915383045146,116.5966531705578,ANDROID,,河北省沧州市泊头市泊镇,0
100000,301,无锡市,江苏翀发建筑工程有限公司,E,24,APP,3,34.7,F,汉,428,2,01,RELATIVES,FRIENDS,3,74.823,江苏省,CONSUME,02,,31.914069,120.245508,ANDROID,,江苏省无锡市江阴市澄江街道通渡北路195号,0
100000,403,黄山市,北京紫铭都装饰台州分公司,E,24,APP,2,43.1,M,汉,3230,3,01,MATE,FRIENDS,1,70.0,安徽省,CONSUME,02,,28.495490059014246,121.3751640111897,ANDROID,,浙江省台州市温岭市泽国镇路泽太一级公路,0
100000,103,金华市,惠龙仿估,H,54,APP,2,50.9,M,汉,504,2,01,MOTHER,COLLEAGUE,1,70.0,浙江省,CONSUME,01,,29.15366104551649,120.2446705121238,ANDROID,,浙江省金华市东阳市南市街道后葛线,0
100000,105,安阳市,薛奎个人工作室,Z,90,XCX,2,32.9,M,汉,5764,4,01,MATE,FRIENDS,1,70.0,河南省,CONSUME,01,,36.571211106724707,114.55510769933098,ANDROID,,河北省邯郸市邯山区南堡乡,0
100000,105,威海市,环翠区康瞳视力服务中心,S,11,APP,3,52.1,F,汉,2258,4,01,MATE,MOTHER,1,93.0,山东省,CONSUME,01,,37.53592578041883,122.08492997797475,IOS,,山东省威海市环翠区孙家疃街道福山路,0
100000,102,邯郸市,哈药集团,H,54,APP,4,44.0,F,汉,1105,4,01,FATHER,FATHER,3,92.643,河北省,CONSUME,01,,38.85319226830155,115.51589893721072,IOS,,河北省保定市莲池区杨庄乡裕华东路449号,0
100000,103,邯郸市,北京蓝盾创展门业有限公司,C,24,APP,2,37.6,M,汉,4284,2,01,MATE,FRIENDS,1,98.0,河北省,CONSUME,01,,36.369210163778848,114.46608409037649,ANDROID,,河北省邯郸市临漳县章里集镇,0
100000,103,普洱市,孟连县傣卟哩小吃,I,54,APP,2,33.7,M,傣,4652,4,01,MATE,RELATIVES,1,70.0,云南省,CONSUME,01,,22.318438,99.590646,ANDROID,,云南省普洱市孟连傣族拉祜族佤族自治县娜允镇帕当路,0
100000,102,徐州市,乐麦蔬菜店,I,54,APP,2,31.9,M,汉,691,4,01,RELATIVES,FRIENDS,1,70.0,江苏省,CONSUME,01,,31.367572522241173,119.83042437356849,ANDROID,,江苏省无锡市宜兴市宜城街道东虹路214,0
100000,102,石家庄市,石家庄振华普天电器有限公司,C,24,APP,2,38.4,M,汉,3062,2,01,MATE,FRIENDS,1,70.0,河北省,CONSUME,02,,37.886931654784067,114.61888871961692,ANDROID,,河北省石家庄市栾城区栾城镇红旗大街,0
100000,102,常州市,橙子快捷酒店,I,54,APP,2,37.9,F,汉,3708,4,01,RELATIVES,FRIENDS,2,70.0,江苏省,CONSUME,01,,31.739358019389909,119.59544451926303,ANDROID,,江苏省常州市金坛区东城街道一中路,0
100000,403,张掖市,甘肃张掖市山丹县,C,24,APP,3,38.0,M,汉,4536,3,01,FRIENDS,RELATIVES,1,70.0,甘肃省,CONSUME,01,,38.571768,101.102185,ANDROID,,甘肃省张掖市山丹县位奇镇,0
100000,,邢台市,北京中宏佳业商贸有限公司,Z,90,XCX,3,53.0,M,汉,3436,4,,MATE,FRIENDS,1,70.0,河北省,CONSUME,01,,39.841619194878476,116.37271918402777,ANDROID,,北京市丰台区西罗园街道马家堡路180号,0
100000,103,丹东市,吕小芸个人工作室,Z,90,APP,2,35.3,F,满,5414,2,01,FATHER,FATHER,2,70.0,辽宁省,CONSUME,01,,40.7309927307612,124.78840325715298,IOS,,辽宁省丹东市宽甸满族自治县宽甸镇阮国长大街,0
100000,,安康市,石泉县石韵文化旅游有限责任公司,O,17,APP,4,38.3,M,汉,3887,3,01,MOTHER,FRIENDS,1,70.0,陕西省,CONSUME,02,,33.03508138020833,108.24179063585069,ANDROID,,陕西省安康市石泉县城关镇G316(福兰线),0
100000,105,邵阳市,中国平安人寿保险股份有限公司东莞中心支公司,J,13,APP,2,38.1,M,苗,5647,3,01,MATE,FRIENDS,1,70.0,湖南省,CONSUME,01,,22.91141059568725,113.81441985330703,ANDROID,,广东省东莞市大岭山镇G107(莞长路),0
100000,103,庆阳市,环县小南沟彩霞蔬菜调料批发,H,54,APP,3,33.3,F,汉,873,4,01,MATE,FRIENDS,1,70.0,甘肃省,CONSUME,01,,36.63083969636912,106.83378808197887,ANDROID,,甘肃省庆阳市环县小南沟乡,0
100000,103,邵阳市,鑫阳门配,H,54,XCX,2,35.5,M,汉,5576,3,01,FATHER,RELATIVES,2,94.0,湖南省,CONSUME,01,,29.165485536446423,117.89881295264436,IOS,,江西省上饶市婺源县紫阳镇,0
100000,105,牡丹江市,番禺得意电子精密有限公司,G,13,APP,4,28.5,F,汉,1957,2,01,FATHER,FATHER,2,70.0,黑龙江省,CONSUME,01,,22.78480950896871,113.56063072233393,ANDROID,,广东省广州市南沙区南沙街道,0
100000,403,长治市,山山西新升煤业有,C,24,APP,2,49.5,M,汉,536,2,01,MOTHER,FRIENDS,1,92.0,山西省,CONSUME,01,,36.90928170659088,112.20756985153912,ANDROID,,山西省长治市沁源县王陶镇,0
100000,306,温州市,温州晨升汽车销售服务有限公司,H,54,APP,4,34.1,M,汉,5744,2,01,FATHER,FRIENDS,1,89.9842,浙江省,CONSUME,01,,27.964431105454098,120.68162395348566,ANDROID,,浙江省温州市瓯海区梧田街道瓯越大道,0
100000,105,海口市,慧博鼎（海南）新能源科技有限公司,G,13,APP,2,48.8,M,汉,99999,3,01,MATE,COLLEAGUE,1,88.523,海南省,CONSUME,01,,19.93996893409034,110.26990258860868,ANDROID,,海南省海口市秀英区永兴镇光伏北路,0
100000,105,宣城市,广德市妇幼保健示范性托育中心,Q,11,APP,3,28.9,F,汉,2490,2,01,MATE,FRIENDS,1,85.44456,安徽省,CONSUME,01,,30.901695909896366,119.45708296987216,IOS,,安徽省宣城市广德市桃州镇德昌路,0
100000,105,丹东市,私营业主,Z,90,APP,3,37.2,F,汉,3721,2,01,MATE,FRIENDS,1,91.0,辽宁省,CONSUME,01,,39.86708777592174,124.16612657488544,ANDROID,,辽宁省丹东市东港市新兴街道G228(观海路),0
100000,301,上海市,上海欧普私优有限公司天津分公司,H,54,APP,3,39.4,M,汉,3467,3,01,SIBLING,MOTHER,2,70.0,上海市,CONSUME,01,,39.130549221800219,117.27337285411328,ANDROID,,天津市河东区东新街道香山道,0
100000,103,滁州市,徽绣商学院,P,13,APP,3,38.7,F,汉,5177,3,,MATE,FRIENDS,1,93.0,安徽省,CONSUME,01,,30.63058348977159,120.73407522559983,IOS,,浙江省嘉兴市秀洲区王店镇庄板木桥,0
100000,102,黑河市,孙吴县二门山水库,N,17,APP,2,45.5,M,汉,336,4,01,MOTHER,FRIENDS,1,70.0,黑龙江省,CONSUME,01,,49.42815078808046,127.33763061627855,ANDROID,,黑龙江省黑河市孙吴县孙吴镇建华路,0
100000,103,德阳市,四川精创嘉建筑劳务有限公司,E,24,XCX,3,52.2,M,汉,3073,2,01,MATE,FRIENDS,1,77.12189,四川省,CONSUME,01,,31.284202876741874,104.22917482785754,ANDROID,,四川省德阳市绵竹市孝德镇,0
100000,103,东莞市,东莞市应急管理局清溪分局,Z,90,APP,3,31.0,M,汉,1635,4,01,RELATIVES,RELATIVES,2,70.0,广东省,CONSUME,01,,22.85795621008231,114.22680139511728,ANDROID,,广东省东莞市清溪镇G228(清溪银瓶路),0
100000,102,池州市,维多利亚饭店,I,54,APP,4,27.5,F,汉,1146,4,01,RELATIVES,FRIENDS,2,70.0,安徽省,CONSUME,01,,30.651010707524457,117.47743269169072,IOS,,安徽省池州市贵池区池阳街道秀山巷,0
100000,102,开封市,北京华泰（郑州）律师事务所,L,17,APP,4,43.1,M,汉,3580,3,01,OTHER,OTHER,2,77.346886,河南省,CONSUME,01,,34.46469824636859,113.83367543624404,ANDROID,,河南省郑州市新郑市龙王乡舜英路,0
100000,310,南充市,青岛奥信融资租赁有限公司,J,13,APP,3,30.6,M,汉,1357,2,01,FATHER,FRIENDS,2,76.74286,四川省,CONSUME,01,,31.35135670391106,106.0556772392695,ANDROID,,四川省南充市南部县南隆街道振兴街180号,0
100000,105,黄冈市,武穴市鑫源物流,F,17,XCX,2,40.0,M,汉,2955,2,01,FRIENDS,COLLEAGUE,1,85.055,湖北省,CONSUME,02,,29.87243706597222,115.48549696180555,ANDROID,,湖北省黄冈市武穴市田镇街道武穴大道,0
100000,103,邢台市,河北磐兴机电设备销售有限公司,H,54,XCX,2,38.4,M,汉,5078,2,01,MATE,FRIENDS,1,81.106,河北省,CONSUME,02,,38.06560401686747,114.52783521778952,ANDROID,,河北省石家庄市长安区育才街道体育北大街,0
100000,102,达州市,怡今名源餐饮,G,13,APP,4,51.5,M,汉,1795,2,01,MATE,FRIENDS,1,70.0,四川省,CONSUME,01,,31.22723975904721,107.5285906252792,ANDROID,,四川省达州市达川区三里坪街道G65(包茂高速),0
100000,302,上饶市,陈锐个人工作室,Z,90,APP,3,36.2,M,汉,4852,4,01,MOTHER,FRIENDS,1,70.0,江西省,CONSUME,01,,28.687749687317277,118.2515628900973,ANDROID,,江西省上饶市玉山县冰溪街道玉紫路,0
100000,105,成都市,成都市王府井影业有限公司,R,17,APP,3,43.5,F,汉,3388,2,01,SIBLING,MATE,1,70.0,四川省,CONSUME,01,,30.64544486335213,104.10636342427255,ANDROID,,四川省成都市锦江区牛市口街道水碾河路6-1号,0
100000,304,泰州市,锐仕方达无锡分公司,H,54,APP,4,30.9,M,汉,6987,3,01,FATHER,FRIENDS,2,87.762,江苏省,CONSUME,02,,31.671882760589097,120.29463608966486,ANDROID,,江苏省无锡市惠山区长安街道X303(金惠路),0
100000,301,无锡市,宜兴海创人才创业服务中心,C,24,APP,4,28.7,M,汉,195,4,01,PARENTS,FRIENDS,2,70.0,江苏省,CONSUME,01,,22.72872767246633,114.36984426511239,ANDROID,,广东省深圳市坪山区龙田街道绿梓大道辅路,0
100000,103,天津市,天津市第一中心医院,Q,11,APP,4,33.6,M,汉,5111,2,01,MOTHER,FRIENDS,2,70.0,天津市,CONSUME,01,,39.099604581607689,117.1918815198036,ANDROID,,天津市河西区马场街道马场道225号,0
100000,105,徐州市,南京饿了么网络科技有限公司,G,13,APP,3,32.0,F,汉,5969,2,01,MATE,RELATIVES,2,83.175,江苏省,CONSUME,02,,32.21212647341545,118.73353550510815,ANDROID,,江苏省南京市六合区大厂街道新华西路245号,0
100000,103,天津市,天津市大港油田车务管理中心,C,24,APP,3,36.4,M,汉,6791,2,01,MATE,MOTHER,1,87.481,天津市,CONSUME,01,,38.72514128540454,117.5006882753199,ANDROID,,天津市滨海新区海滨街道新兴南道121,0
100000,102,武威市,李小琴个人工作室,Z,90,APP,4,29.7,F,汉,6867,2,01,FATHER,COLLEAGUE,2,93.344,甘肃省,CONSUME,01,,37.948219205104489,102.63124955056758,ANDROID,,甘肃省武威市凉州区金羊镇武双路,0
100000,104,潍坊市,天津宏士林传播有限公司,R,17,XCX,3,28.1,M,汉,191,4,01,FRIENDS,MOTHER,2,70.0,山东省,CONSUME,01,,39.017925,117.3032,ANDROID,,天津市津南区辛庄镇鑫港五号路,0
100000,105,贺州市,厦门佳昀怡服饰,C,24,APP,2,45.9,F,汉,2685,3,01,MATE,RELATIVES,1,84.90908,广西壮族自治区,CONSUME,02,,24.64411849049607,118.02902210069265,ANDROID,,福建省厦门市集美区后溪镇,0
100000,105,曲靖市,昆明钢铁控股有限公司昆钢大厦分公司,C,24,APP,3,38.1,M,汉,4969,3,01,SIBLING,MOTHER,2,70.0,云南省,CONSUME,02,,25.02676029910336,102.7093542320759,ANDROID,,云南省昆明市西山区金碧街道环城南路527-1,0
100000,103,葫芦岛市,本色烤肉,I,54,APP,3,44.2,F,汉,2420,4,01,MATE,FATHER,1,75.21845,辽宁省,CONSUME,01,,40.33386634599651,120.32438155904886,ANDROID,,辽宁省葫芦岛市绥中县绥中镇韩家街,0
100000,103,沧州市,黄骅开发区博爱医院,Q,11,APP,3,24.8,M,汉,2120,4,,FATHER,COLLEAGUE,2,72.086,河北省,CONSUME,01,,38.28603985480372,116.82172242348676,ANDROID,,河北省沧州市运河区南陈屯镇永安南大道辅路,0
100000,105,苏州市,蕃茄田艺术中心,P,13,XCX,4,26.7,F,汉,251,2,01,SIBLING,FRIENDS,2,86.099,江苏省,CONSUME,02,,31.87260863488074,120.55521519116305,ANDROID,,江苏省苏州市张家港市杨舍镇西塘下弄,0
100000,105,保定市,赵超超个人工作室,H,54,APP,2,36.4,M,汉,3933,3,01,MATE,FRIENDS,1,96.0,河北省,CONSUME,01,,39.56422897823164,115.96901469437688,ANDROID,,河北省保定市涿州市东仙坡镇,0
100000,103,济南市,章丘区林辉太阳能经营部,M,11,APP,2,42.7,M,汉,3805,4,01,MATE,FRIENDS,1,70.0,山东省,CONSUME,01,,36.87675760513052,117.52395912169918,ANDROID,,山东省济南市章丘区刁镇街道,0
100000,309,廊坊市,霸州市金利金属制品有限公司,C,24,APP,3,38.1,M,汉,3366,2,,COLLEAGUE,FATHER,1,70.0,河北省,CONSUME,04,,39.086968722524527,116.73074323948815,ANDROID,,河北省廊坊市霸州市胜芳镇芳济道,0
100000,103,衡水市,吴昌个人工作室,Z,90,APP,2,44.2,M,汉,4751,4,,MATE,FRIENDS,1,87.04701,河北省,CONSUME,01,,38.987316990259888,117.39589445424289,ANDROID,,天津市津南区咸水沽镇津沽路13号,0
100000,403,西安市,宝鸡市虢艺美术培训学校有限公司,P,13,APP,4,46.8,M,汉,298,2,01,FATHER,COLLEAGUE,1,70.0,陕西省,CONSUME,01,,34.33812830686291,107.35266950953539,IOS,,陕西省宝鸡市陈仓区千渭街道滨河路,0
100000,,阜阳市,东莞市东坑德才小学,P,13,XCX,2,34.5,M,汉,526,4,01,FRIENDS,FRIENDS,1,89.653,安徽省,CONSUME,01,,23.003318,113.940983,ANDROID,,广东省东莞市东坑镇黄屋工业路,0
100000,102,亳州市,上海信毅建筑工程有限公司,E,24,APP,4,38.4,M,汉,4346,2,01,RELATIVES,FRIENDS,1,70.0,安徽省,CONSUME,01,,31.191265208212024,121.46785466545505,ANDROID,,上海市徐汇区斜土路街道开平路,0
100000,104,嘉兴市,宿迁华顺建筑预制构件有限公司,H,54,XCX,3,55.8,M,汉,1159,4,01,MATE,FRIENDS,1,70.0,浙江省,CONSUME,01,,33.950735,118.526841,ANDROID,,江苏省宿迁市宿豫区关庙镇,0
100000,103,通化市,通化县人民医院,Q,11,APP,4,40.2,F,朝鲜,2348,4,,FATHER,MOTHER,2,90.895,吉林省,CONSUME,01,,41.68896372298933,125.77643444584212,ANDROID,,吉林省通化市通化县快大茂镇,0
100000,103,株洲市,湖南神网环境管理有限公司,H,54,XCX,4,41.8,M,汉,1711,4,01,MATE,COLLEAGUE,1,91.0,湖南省,CONSUME,01,,26.571619209774718,109.70200997226884,ANDROID,,湖南省怀化市靖州苗族侗族自治县渠阳镇S319,0
100000,105,上海市,上海大亿建筑工程有限公司,E,24,APP,4,43.8,M,汉,3979,4,01,MATE,FRIENDS,1,94.0,上海市,CONSUME,01,,33.61678024869176,119.11745435105556,IOS,,江苏省淮安市清江浦区清河街道旺旺路,0
100000,105,吉安市,祥裕鞋材,H,54,APP,2,50.6,M,汉,469,2,01,MATE,FATHER,1,91.543,江西省,CONSUME,01,,24.863682987990239,118.62976919315108,ANDROID,,福建省泉州市晋江市陈埭镇晋江大桥,0
100000,309,温州市,维祥陶瓷经营部,H,54,XCX,2,45.9,M,汉,676,4,01,MATE,FRIENDS,1,70.0,浙江省,CONSUME,01,,32.00425545302477,119.55025848439655,ANDROID,,江苏省镇江市丹阳市曲阿街道练湖路6,0
100000,105,南阳市,榕树家中医,R,17,APP,4,24.9,F,汉,1622,4,01,FATHER,FRIENDS,2,90.917,河南省,CONSUME,01,,34.58810302160044,113.83247024023372,ANDROID,,河南省郑州市新郑市郑港街道G107(华夏大道),0
100000,102,衡阳市,自由职业,Z,90,APP,2,36.0,F,汉,5204,2,01,FATHER,RELATIVES,2,91.524,湖南省,CONSUME,01,,25.31009283075287,110.30617122720821,ANDROID,,广西壮族自治区桂林市叠彩区北门街道永彩南路辅路,0
100000,102,无锡市,宜安建设工程有限公司镇江分公司,E,24,APP,3,45.1,M,汉,3837,3,01,MATE,FRIENDS,1,70.0,江苏省,CONSUME,01,,32.16479333248645,119.63493888218078,ANDROID,,江苏省镇江市京口区大港街道百祥路,0
100000,103,贵港市,林敏个人工作室,Z,90,APP,4,30.2,F,汉,217,2,01,MATE,MOTHER,1,91.96513,广西壮族自治区,CONSUME,01,,22.760251520124556,108.31262391297614,IOS,,广西壮族自治区南宁市良庆区大沙田街道银海大道101号,0
100000,103,重庆市,新世纪百货巴南商都,H,54,XCX,2,48.9,F,汉,3336,4,01,PARENTS,SIBLING,1,91.276,重庆市,CONSUME,01,,29.408474739770406,106.54745425696237,ANDROID,,重庆市巴南区龙洲湾街道G75(兰海高速),0
100000,102,陇南市,陇南公路事业发展中心,F,17,APP,4,36.0,M,汉,3941,2,01,FATHER,FRIENDS,2,70.0,甘肃省,CONSUME,01,,34.000805,105.303806,ANDROID,,甘肃省陇南市西和县汉源镇,0
100000,104,廊坊市,河北雅捷集成房屋有限公司,G,13,APP,3,28.9,M,汉,321,4,01,MATE,SIBLING,1,91.627,河北省,CONSUME,01,,39.978374954985948,116.851003816068,ANDROID,,河北省廊坊市三河市燕郊镇福成路,0
100000,102,淮安市,张雷个人工作室,H,54,APP,4,29.4,M,汉,1711,4,01,PARENTS,RELATIVES,2,70.0,江苏省,CONSUME,01,,30.142480725260734,119.99256299639151,ANDROID,,浙江省杭州市富阳区受降镇,1
100000,103,盐城市,万佳大药房,H,54,APP,3,54.1,F,汉,41,3,01,CHILDREN,SIBLING,1,92.095,江苏省,CONSUME,01,,33.279238280517898,119.83638622835632,ANDROID,,江苏省盐城市盐都区楼王镇,0
100000,307,南平市,深圳市祥骏餐饮投资有限公司,I,54,XCX,2,46.7,M,汉,63,3,01,MATE,COLLEAGUE,1,81.0,福建省,CONSUME,01,,22.736902196073019,113.96167469766417,ANDROID,,广东省深圳市光明区光明街道大顶岭绿道,0
100000,105,安阳市,河南晟奎玻璃厂,C,24,XCX,4,25.9,F,汉,52,2,01,MATE,FRIENDS,1,91.73341,河南省,CONSUME,01,,35.2749326064459,114.66674862331522,IOS,,河南省新乡市长垣市樊相镇,0
100000,104,鸡西市,济南歌舞剧院,S,11,XCX,4,24.5,F,汉,1430,2,01,MOTHER,FATHER,2,85.922,黑龙江省,CONSUME,01,,36.679041114569368,116.93550445883861,IOS,,山东省济南市槐荫区匡山街道机场路中段,0
100000,102,聊城市,心艺门业,E,24,APP,2,39.9,M,汉,4301,4,01,MOTHER,COLLEAGUE,1,70.0,山东省,CONSUME,01,,36.707348,115.517409,ANDROID,,山东省聊城市临清市潘庄镇,1
100000,105,深圳市,江苏富源广建设发展有限公司,E,24,APP,4,46.0,M,汉,7221,4,01,PARENTS,FRIENDS,1,88.505,广东省,CONSUME,01,,31.504259091707277,120.27527559124239,ANDROID,,江苏省无锡市滨湖区太湖街道大通路,0
100000,105,马鞍山市,苏宁易购电器,G,13,APP,2,36.1,F,汉,5494,4,01,MATE,SIBLING,3,70.0,安徽省,CONSUME,01,,31.669563361037626,118.4984465477996,ANDROID,,安徽省马鞍山市雨山区安民街道太白大道,0
100000,103,佛山市,爽力胶粘制品有限公司,C,24,XCX,2,39.2,M,汉,3581,2,01,MATE,FRIENDS,1,70.0,广东省,CONSUME,01,,22.8862106141841,113.46579612318405,ANDROID,,广东省广州市南沙区东涌镇兴业路,0
100000,102,黄冈市,中铁电气化局集团有限公司,E,24,APP,3,35.8,M,汉,3941,2,,COLLEAGUE,FATHER,1,70.0,湖北省,CONSUME,04,,30.483778766929434,114.28822006242742,ANDROID,,湖北省武汉市洪山区张家湾街道烽胜路,0
100000,103,廊坊市,廊坊市华仁机动车检测有限公司,L,17,APP,3,36.9,F,汉,4787,4,,SIBLING,FRIENDS,1,70.0,河北省,CONSUME,01,,39.528233871987939,116.83515735287247,ANDROID,,天津市武清区城关镇,0
100000,102,合肥市,健适医疗,Q,11,APP,4,32.9,M,汉,5416,3,01,FATHER,MATE,1,70.0,安徽省,CONSUME,01,,31.862245,117.396636,ANDROID,,安徽省合肥市瑶海区磨店街道新安江路辅路,0
100000,103,信阳市,杨煜东个人工作室,Z,90,APP,4,25.1,M,汉,1658,2,01,FATHER,COLLEAGUE,2,92.57465,河南省,CONSUME,01,,28.1141881080541,113.02009945175296,IOS,,湖南省长沙市雨花区井湾子街道湘府路辅路,0
100000,102,绥化市,时尚小镇,H,54,XCX,2,39.2,F,汉,4493,2,,FATHER,FRIENDS,2,90.62017,黑龙江省,CONSUME,01,,43.88234209859385,125.35170201365739,IOS,,吉林省长春市二道区吉林街道东盛吉林街185号,0
100000,105,岳阳市,上海延异文化传播有限公司,R,17,APP,4,49.6,M,汉,2322,4,01,MATE,RELATIVES,1,93.265,湖南省,CONSUME,01,,31.13924796403232,121.41126754938682,IOS,,上海市徐汇区凌云路街道梅陇路396号,0
100000,104,宿迁市,上海大博市政工程有限公司,E,24,APP,2,43.3,M,汉,4226,4,01,MATE,COLLEAGUE,1,89.269,江苏省,CONSUME,01,,32.34825550364711,119.50523764479043,ANDROID,,江苏省扬州市广陵区汤汪街道迎春路,0
100000,102,沧州市,沧州市华兴置业房地产有限公司,K,17,APP,2,37.9,M,汉,4584,3,01,PARENTS,MATE,1,70.0,河北省,CONSUME,01,,38.32025140355319,116.89638586484699,ANDROID,,河北省沧州市新华区道东街道,0
100000,103,红河哈尼族彝族自治州,红河威远汽车销售服务有限公司,H,54,APP,3,37.6,M,汉,4416,2,01,MOTHER,FRIENDS,1,93.175,云南省,CONSUME,01,,23.38025750330451,103.36393407508197,IOS,,云南省红河哈尼族彝族自治州蒙自市观澜街道香槟大道,0
100000,105,黔西南布依族苗族自治州,王芝秀个人工作室,Z,90,APP,2,36.2,F,汉,4416,4,01,MATE,COLLEAGUE,2,70.0,贵州省,CONSUME,01,,29.343956603940709,120.17358602496363,ANDROID,,浙江省金华市义乌市廿三里街道张思路,0
100000,103,临夏回族自治州,积石山县公安局,S,11,APP,4,37.3,F,回,5555,4,01,SIBLING,FRIENDS,2,90.872,甘肃省,CONSUME,01,,35.6230029063678,103.26138300665315,ANDROID,,甘肃省临夏回族自治州临夏市南龙镇折双路,0
100000,,保山市,德宏后谷咖啡有限公司,Z,90,APP,3,36.5,M,汉,7026,4,01,FATHER,MATE,1,89.138,云南省,CONSUME,01,,24.366773,98.47516,ANDROID,,云南省德宏傣族景颇族自治州芒市风平镇,0
100000,,洛阳市,洛阳民信运输有限公司,F,17,APP,2,48.4,M,汉,5603,3,01,MATE,FRIENDS,1,92.697,河南省,CONSUME,01,,34.741309,112.564325,ANDROID,,河南省洛阳市洛龙区白马寺镇,0
100000,306,揭阳市,上海轩品实业有限公司,C,24,APP,3,43.1,M,汉,3819,4,,MATE,RELATIVES,1,80.774,广东省,CONSUME,01,,33.02843760133005,119.00894505635987,ANDROID,,江苏省淮安市金湖县黎城街道甘泉路,0
100000,104,天津市,中科创达,H,54,APP,4,25.3,M,汉,259,3,01,MOTHER,MOTHER,2,70.0,天津市,CONSUME,01,,39.17290800962027,117.3992511068255,ANDROID,,天津市东丽区华明街道弘信道,0
100000,102,南通市,启东华菱电梯有限公司,C,24,APP,2,32.0,M,汉,784,2,01,MOTHER,FRIENDS,2,91.643,江苏省,CONSUME,01,,31.869289859193775,121.61901508343985,IOS,,江苏省南通市启东市汇龙镇光荣北二路,0
100000,102,泰州市,为你想大药房,H,54,APP,3,32.9,F,汉,6507,4,01,FATHER,FRIENDS,3,83.984,江苏省,CONSUME,01,,32.19265931153276,120.33317385900591,ANDROID,,江苏省泰州市泰兴市珊瑚镇,0
100000,105,西安市,西安君悦航空售票处,F,17,APP,3,36.4,F,汉,4679,4,01,MATE,MATE,1,70.0,陕西省,CONSUME,02,,34.258563220781258,108.89613682065533,ANDROID,,陕西省西安市莲湖区桃园路街道桃园南路136号,0
100000,103,吕梁市,山西楼俊集团赵家庄煤业有限公司,C,24,APP,3,35.5,M,汉,5255,4,01,FRIENDS,COLLEAGUE,2,91.232,山西省,CONSUME,02,,37.44418209431558,110.91851084716108,ANDROID,,山西省吕梁市柳林县柳林镇前坪路,0
100000,104,哈尔滨市,哈尔滨市工业大学,P,13,APP,4,29.9,F,汉,981,2,01,FATHER,FRIENDS,2,76.17395,黑龙江省,CONSUME,01,,33.9954307225244,-84.05465520639553,ANDROID,,"Gatwick Drive, Gwinnett, Georgia, United States",0
100000,105,商丘市,上海海智在线网络科技有限公司,G,13,APP,3,29.1,M,汉,996,3,01,FATHER,FRIENDS,2,75.33844,河南省,CONSUME,01,,31.167330591482405,121.4091857261878,ANDROID,,上海市徐汇区虹梅路街道苍梧路2号,0
100000,105,沈阳市,驾驶员培训学,P,13,APP,4,39.7,F,汉,4412,3,,MATE,COLLEAGUE,1,89.921,辽宁省,CONSUME,04,,41.86441045985958,123.47269559992493,ANDROID,,辽宁省沈阳市大东区前进街道望花中街142号,0
100000,105,临汾市,李伍彦个人工作室,Z,90,APP,2,49.4,M,汉,364,2,01,MATE,FRIENDS,1,89.446,山西省,CONSUME,01,,35.61653349719416,111.35920330111334,ANDROID,,山西省临汾市侯马市路东街道体育街2号-22,0
100000,310,廊坊市,廊坊市金韵音像,R,17,XCX,4,50.9,M,汉,1124,4,01,MATE,FRIENDS,2,70.0,河北省,CONSUME,01,,35.804963883185887,114.99633702802857,IOS,,河南省濮阳市华龙区胡村乡华安路辅路,1
100000,105,大连市,天途有线电视,G,13,XCX,4,43.2,F,汉,3721,3,,MATE,RELATIVES,1,88.0,辽宁省,CONSUME,01,,38.85241998953584,121.5331355478631,IOS,,辽宁省大连市甘井子区凌水街道环涛路,0
100000,105,海宁市,海宁鸿翔建筑安装工程有限公司,E,24,APP,4,37.5,M,汉,3655,2,01,MATE,FRIENDS,1,70.0,浙江省,CONSUME,01,,30.51218,120.670758,ANDROID,,浙江省嘉兴市海宁市海洲街道清波路,0
100000,102,福州市,福州同利肉燕食品有限公司,C,24,APP,3,32.7,M,汉,4889,2,01,MOTHER,MATE,1,70.0,福建省,CONSUME,02,,26.151760787433223,119.18334311544017,ANDROID,,福建省福州市闽侯县荆溪镇,0
100000,103,昆明市,玉溪市聚元人力资源有限公司,O,17,XCX,4,31.9,M,汉,1292,4,01,PARENTS,FATHER,2,82.106,云南省,CONSUME,01,,24.41749153885987,102.79345680863148,ANDROID,,云南省玉溪市江川区江城镇西江路,0
100000,103,杭州市,南京雨弘物业管理有限公司,L,17,APP,4,54.8,M,汉,2224,4,01,MOTHER,COLLEAGUE,1,81.316,浙江省,CONSUME,01,,31.311008398339049,117.06523805248863,ANDROID,,安徽省六安市舒城县舒茶镇,0
100000,103,石家庄市,葛建航个人工作室,H,54,APP,2,41.3,M,汉,3927,2,01,MATE,SIBLING,1,94.0,河北省,CONSUME,01,,37.91876895043675,114.4352611366585,ANDROID,,河北省石家庄市鹿泉区山尹村镇,1
100000,,梅州市,英记装饰工程,Z,90,APP,2,47.0,M,汉,262,2,01,COLLEAGUE,FRIENDS,1,70.0,广东省,CONSUME,01,,22.989215,113.07528,ANDROID,,广东省佛山市禅城区南庄镇迎凤路,0
100000,102,成都市,四川法锐律师事务所,L,17,APP,4,27.3,F,汉,1332,2,01,MOTHER,FRIENDS,2,70.0,四川省,CONSUME,01,,30.660499260859479,104.0747591109918,ANDROID,,四川省成都市锦江区春熙路街道盐市口商圈北新街58号,0
100000,104,晋城市,阳城县政务服务中心,S,11,APP,4,45.7,M,汉,662,2,01,RELATIVES,FRIENDS,1,70.0,山西省,CONSUME,01,,35.499362,112.398601,ANDROID,,山西省晋城市阳城县凤城镇G342(桑田大道),0
100000,105,西安市,北京富尔邦科技发展有限责任公司,G,13,APP,3,26.3,M,汉,502,2,01,PARENTS,FRIENDS,2,70.0,陕西省,CONSUME,01,,38.664647215880808,110.1621927540591,ANDROID,,陕西省榆林市神木市高家堡镇神王路,0
100000,310,保定市,张搏雯个人工作室,H,54,APP,4,28.3,F,汉,452,2,01,FATHER,FRIENDS,2,86.339,河北省,CONSUME,01,,32.047374607866029,118.74219645223949,ANDROID,,江苏省南京市鼓楼区凤凰街道清凉门大街59号,0
100000,105,泰州市,华泰天洪体育发展有限公司,Z,90,APP,3,37.9,M,汉,4274,3,01,MATE,SIBLING,1,70.0,江苏省,CONSUME,01,,31.892050259873323,120.59859793772516,ANDROID,,江苏省苏州市张家港市杨舍镇东莱西路6号,0
100000,105,阿坝藏族羌族自治州,阿坝州人民医院,Q,11,APP,4,31.0,F,藏,6583,4,01,MATE,FRIENDS,2,77.909,四川省,CONSUME,01,,30.490742857312154,105.59111678142378,ANDROID,,四川省遂宁市船山区富源路街道南津路460号,0
100000,302,苏州市,吴江松陵镇益阔贸易商行,H,54,APP,4,43.0,M,汉,2322,4,01,FRIENDS,FRIENDS,1,70.0,江苏省,CONSUME,02,,31.320632,120.584524,ANDROID,,江苏省苏州市姑苏区虎丘街道桐泾北路389号,0
100000,301,沈阳市,沈阳百智教育,P,13,APP,4,29.3,F,汉,6226,2,01,FATHER,FRIENDS,2,89.638,辽宁省,CONSUME,02,,41.81497101763625,123.41433456014686,ANDROID,,辽宁省沈阳市皇姑区三洞桥街道昆山中路43巷-3号,0
100000,104,长春市,吉林科海伟业有限公司,Z,90,APP,3,34.7,F,汉,5127,2,,FATHER,FATHER,1,78.308,吉林省,CONSUME,01,,42.869235,130.373346,ANDROID,,吉林省延边朝鲜族自治州珲春市靖和街道沿河东街,0
100000,103,宣城市,百事食品中国有限公司,C,24,APP,4,39.1,M,汉,5974,4,01,MATE,RELATIVES,1,96.0,安徽省,CONSUME,01,,31.3165719048339,121.50452643222178,ANDROID,,上海市杨浦区新江湾城街道公共通道,0
100000,105,中卫市,宁夏冠华建筑安装工程有限公司,E,24,XCX,3,50.6,M,汉,1827,4,01,MATE,FATHER,1,70.0,宁夏回族自治区,CONSUME,01,,39.260876,106.734955,ANDROID,,宁夏回族自治区石嘴山市惠农区火车站街道,0
100000,,四平市,北京京讯递科技有限公司亦庄分公司,Z,90,XCX,2,31.6,M,汉,6703,2,,FATHER,MOTHER,2,70.0,吉林省,CONSUME,04,,43.502878,124.809428,IOS,,吉林省长春市公主岭市河南街道兴隆东街21号,0
100000,105,抚州市,义乌朴西贸易有限公司,C,24,APP,4,30.1,M,汉,116,2,,FATHER,FRIENDS,2,83.17217,江西省,CONSUME,02,,29.3124061499687,120.02014769660814,IOS,,浙江省金华市义乌市北苑街道环城西路,0
100000,102,佛山市,佛山市粤鸣农牧科技有限公司,A,27,APP,4,46.0,M,汉,1788,4,01,RELATIVES,FRIENDS,1,70.0,广东省,CONSUME,01,,23.090675031908149,114.12250937245887,ANDROID,,广东省惠州市博罗县龙溪街道Y621,0
100000,103,楚雄彝族自治州,禄丰县勤丰镇平平茶行,O,17,APP,2,43.2,M,汉,4948,3,01,FRIENDS,SIBLING,2,70.0,云南省,CONSUME,01,,24.96598068765237,102.54251830922149,ANDROID,,云南省昆明市安宁市太平新城街道,0
100000,103,丹东市,小贝壳潜能开发幼儿园,P,13,XCX,3,49.7,F,汉,52,4,01,MATE,RELATIVES,1,73.333,辽宁省,CONSUME,01,,40.03228979994691,124.37698581926404,IOS,,"Sinuiju, North Korea",0
100000,103,池州市,安徽嘉柴劳务有限公司,O,17,APP,2,29.5,F,汉,1540,4,01,MATE,FATHER,1,93.0,安徽省,CONSUME,01,,30.639789515870239,117.87197295773052,IOS,,安徽省池州市青阳县蓉城镇碧桃路,0
100000,102,资阳市,重庆中镑建设工程有限公司,E,24,APP,4,40.4,M,汉,3903,4,01,FATHER,RELATIVES,3,70.0,四川省,CONSUME,01,,29.642087691750278,106.58169617902159,ANDROID,,重庆市渝北区宝圣湖街道金石大道,0
100000,103,运城市,万荣县公安局,S,11,XCX,3,48.0,M,汉,871,4,01,RELATIVES,OTHER,1,87.275,山西省,CONSUME,01,,35.42678781831945,110.8497605007508,ANDROID,,山西省运城市万荣县解店镇,0
100000,105,安庆市,淮南万泰电子股份有限公司上海分公司,G,13,XCX,4,32.7,M,汉,528,3,01,MATE,FRIENDS,1,91.961,安徽省,CONSUME,01,,34.539103079221678,112.18450667546924,ANDROID,,河南省洛阳市宜阳县香鹿山镇锦龙大道,0
100000,105,抚顺市,天津高拓机械有限公司,C,24,APP,4,29.0,M,汉,1468,2,01,RELATIVES,FRIENDS,2,70.0,辽宁省,CONSUME,01,,30.24806442944351,119.94057660641275,ANDROID,,浙江省杭州市余杭区余杭街道,0
100000,104,岳阳市,吴磊个人工作室,Z,90,APP,4,31.9,M,汉,6598,3,01,OTHER,OTHER,2,82.229,湖南省,CONSUME,01,,28.221665739601936,113.04745780244606,ANDROID,,湖南省长沙市芙蓉区马坡岭街道西龙路,0
100000,102,阜新市,天津市东丽区新杰程培训学校有限公司,P,13,APP,4,42.6,F,汉,5871,4,01,PARENTS,PARENTS,1,70.0,辽宁省,CONSUME,01,,39.14589080822557,117.1094053239277,ANDROID,,天津市西青区西营门街道罗浮路,0
100000,103,洛阳市,马绮雯个人工作室,Z,90,XCX,4,24.3,F,回,734,2,01,MOTHER,FRIENDS,2,70.0,河南省,CONSUME,01,,34.63756873152201,112.44909188654978,ANDROID,,河南省洛阳市洛龙区安乐街道聂泰路,0
100000,102,许昌市,中国石油,C,24,APP,2,32.2,F,汉,903,4,01,FATHER,FRIENDS,2,86.37146,河南省,CONSUME,01,,34.15799027423037,113.51866695692023,IOS,,河南省许昌市禹州市郭连镇,0
100000,105,潍坊市,一诺美教育咨询服务有限公司,H,54,APP,4,38.8,F,汉,4946,4,01,RELATIVES,FRIENDS,1,82.86,山东省,CONSUME,01,,36.06024929467818,120.35213684174156,ANDROID,,山东省青岛市市南区八大关街道佛涛路,0
100000,102,贵阳市,福安药业集团宁波天衡制药,M,11,APP,3,49.4,M,布依,4177,4,01,MOTHER,FRIENDS,1,98.0,贵州省,CONSUME,02,,26.55931519293295,106.6775734399738,ANDROID,,贵州省贵阳市南明区后巢乡黄岭路43号,0
100000,102,兰州市,北京凯隆分析仪器有限公司,Z,90,APP,3,37.6,M,汉,5296,4,01,FRIENDS,FRIENDS,1,76.304,甘肃省,CONSUME,01,,38.162805171237149,106.60200894861402,ANDROID,,宁夏回族自治区银川市灵武市宁东镇国能南路,0
100000,102,南阳市,伯恩光学惠州有限公司,C,24,APP,2,38.2,M,汉,3924,3,01,PARENTS,MOTHER,1,70.0,河南省,CONSUME,01,,30.18440916083132,120.40731149594829,ANDROID,,浙江省杭州市萧山区瓜沥镇上街,0
100000,103,天津市,天津金地有限公司,Z,90,APP,2,25.8,M,汉,319,3,01,MATE,OTHER,1,70.0,天津市,CONSUME,01,,38.850077318721449,117.07124173137307,ANDROID,,天津市静海区大邱庄镇长江道,0
100000,103,抚顺市,名佐造型,O,17,APP,4,33.5,F,满,5030,3,01,FATHER,SIBLING,2,89.91,辽宁省,CONSUME,01,,41.73909797421248,125.03689142927347,IOS,,辽宁省抚顺市新宾满族自治县新宾镇,0
100000,102,重庆市,顺丰快递,Z,90,XCX,4,32.7,M,汉,5137,4,01,RELATIVES,FRIENDS,3,93.205,重庆市,CONSUME,01,,30.079331438685537,105.77866635786669,IOS,,重庆市潼南区太安镇,0
100000,102,市辖区,麦当劳餐厅,I,54,XCX,3,25.1,M,汉,1534,2,01,FATHER,SIBLING,2,75.61203,天津市,CONSUME,01,,39.00156638445184,117.33642068583413,ANDROID,,天津市津南区咸水沽镇雅致西路,0
100000,103,咸宁市,昆山市益洁兮餐饮店,I,54,APP,4,37.1,M,汉,6200,4,01,MATE,SIBLING,1,70.0,湖北省,CONSUME,01,,31.028579130361725,121.38873469110088,ANDROID,,上海市闵行区马桥镇银春路1955弄-201号,0
100000,,通化市,师范学院菜鸟驿站,P,13,XCX,2,35.6,F,汉,3946,4,01,FATHER,CHILDREN,1,70.0,吉林省,CONSUME,01,,42.087008463541665,125.75234537760417,ANDROID,,吉林省通化市柳河县三源浦朝鲜族镇,0
100000,102,齐齐哈尔市,大连云之峰科技有限公司,G,13,APP,2,41.2,M,汉,4234,2,01,FRIENDS,FRIENDS,2,91.15126,黑龙江省,CONSUME,02,,39.04200634515606,121.6248140974121,ANDROID,,辽宁省大连市甘井子区大连湾街道,0
100000,103,青岛市,青岛泽瀚人力资源,O,17,APP,2,25.7,M,汉,1354,4,01,MATE,SIBLING,2,70.0,山东省,CONSUME,01,,35.993836079109559,120.15382117033588,ANDROID,,山东省青岛市黄岛区辛安街道奋进路,0
100000,102,榆林市,中国星巴克,I,54,APP,4,25.4,F,汉,636,4,01,FATHER,FRIENDS,2,70.0,陕西省,CONSUME,01,,38.23281351896955,109.77294882299865,ANDROID,,陕西省榆林市榆阳区长城路街道上郡南路辅路,0
100000,103,青岛市,胶州市丽达购物中心,H,54,APP,2,41.4,F,汉,2153,4,01,MATE,FRIENDS,1,70.0,山东省,CONSUME,02,,36.28811688611157,120.04476678357453,ANDROID,,山东省青岛市胶州市九龙街道G204(海尔大道),0
100000,104,荆州市,大玩家超乐场,R,17,APP,2,36.1,M,汉,5046,2,01,RELATIVES,FRIENDS,2,70.0,湖北省,CONSUME,01,,30.584583238330838,114.31072515805505,ANDROID,,湖北省武汉市武昌区徐家棚街道武昌江滩大道,0
100000,103,泰安市,新泰是人民检查院,S,11,XCX,3,32.6,M,汉,5899,3,,MATE,COLLEAGUE,1,86.632,山东省,CONSUME,01,,35.91905544637744,117.78879736722648,ANDROID,,山东省泰安市新泰市青云街道榆山路,0
100000,103,北京市,北京双益达建安工程有限公司,E,24,XCX,3,31.6,M,汉,6150,2,01,MOTHER,COLLEAGUE,2,70.0,北京市,CONSUME,01,,39.888437340042198,116.58359777338973,ANDROID,,北京市朝阳区黑庄户(地区)乡,0
100000,403,襄阳市,襄阳锦钇机械制造有限公司,C,24,APP,3,48.0,M,汉,5423,3,01,MATE,FRIENDS,1,70.0,湖北省,CONSUME,01,,31.793044291938157,111.92942845472197,ANDROID,,湖北省襄阳市南漳县九集镇,0
100000,403,盐城市,响水县六套中心卫生院,Q,11,APP,4,27.6,M,汉,1588,4,01,MATE,MOTHER,2,70.0,江苏省,CONSUME,01,,34.19391594970379,119.5965287408482,ANDROID,,江苏省盐城市响水县响水镇灌江路,0
100000,307,绍兴市,绍兴宏涛建设有限公司,E,24,APP,4,37.0,M,汉,4333,3,01,FATHER,RELATIVES,1,82.957054,浙江省,CONSUME,01,,29.725295478753066,120.2533929478014,ANDROID,,浙江省绍兴市诸暨市暨阳街道东江路,0
100000,103,韶关市,刘东开个人工作室,Z,90,APP,2,37.7,M,汉,3801,2,01,COLLEAGUE,FRIENDS,1,93.584,广东省,CONSUME,01,,24.512018182798728,113.36454285409433,ANDROID,,广东省韶关市曲江区罗坑镇,0
100000,102,泉州市,晋江市中医院,Q,11,APP,4,38.7,F,汉,3889,4,01,FATHER,MATE,2,83.743,福建省,CONSUME,01,,24.76908285866343,118.56134877856994,ANDROID,,福建省泉州市晋江市罗山街道兴山路,0
100000,102,南通市,南京云桔集团,H,54,XCX,4,26.2,M,汉,1195,2,01,FATHER,FRIENDS,2,74.5508,江苏省,CONSUME,01,,32.383792943829138,118.3871272224518,ANDROID,,安徽省滁州市来安县张山镇G36(宁洛高速),0
100000,104,巴中地区,同创艺术学校,P,13,APP,3,30.4,F,汉,1394,4,01,MOTHER,FRIENDS,2,74.333,四川省,CONSUME,01,,30.6357121389413,104.1318756132015,IOS,,四川省成都市成华区保和街道涪江路,0
100000,102,岳阳市,车鲁班汽车一站式服务中心,C,24,APP,2,34.1,M,汉,5191,2,01,MATE,FRIENDS,2,91.06237,湖南省,CONSUME,01,,30.51463098626452,114.37074428292817,ANDROID,,湖北省武汉市洪山区珞南街道涌泉路,0
100000,102,嘉兴市,畅想通讯,H,54,XCX,3,45.1,F,汉,403,2,01,PARENTS,SIBLING,1,70.0,浙江省,CONSUME,01,,30.751546813315448,120.7896100517546,ANDROID,,浙江省嘉兴市南湖区东栅街道望湖路,0
100000,,延边朝鲜族自治州,聚缘熏酱酒馆,I,54,XCX,2,42.2,F,汉,5061,4,01,FATHER,FRIENDS,3,70.0,吉林省,CONSUME,01,,42.91458713107639,129.54028835720487,ANDROID,,吉林省延边朝鲜族自治州延吉市小营镇爱丹路3558号,0
100000,105,徐州市,徐州盛安化工科技有限公司,G,13,APP,3,35.3,M,汉,3927,2,01,FRIENDS,FRIENDS,1,70.0,江苏省,CONSUME,01,,39.050703658008715,117.08089030369912,ANDROID,,天津市西青区精武镇学府西路,0
100000,102,北京市,刘顺个人工作室,Z,90,APP,4,48.4,F,回,99999,4,01,MOTHER,FRIENDS,1,88.564,北京市,CONSUME,01,,39.929844184167297,116.2557089350141,ANDROID,,北京市海淀区田村路街道半壁店二街,0
100000,102,秦皇岛市,秦皇岛市海港区三木幼儿园,Z,90,APP,3,34.5,M,满,6187,4,01,MATE,FRIENDS,1,91.06311,河北省,CONSUME,01,,39.928610431364209,119.58127627244697,ANDROID,,河北省秦皇岛市海港区文化路街道河北大街中段-303号,1
100000,102,上海市,上海桐融实业有限公司,C,24,APP,3,46.7,M,汉,99999,3,01,RELATIVES,FRIENDS,1,88.019,上海市,CONSUME,02,,31.11299577527991,121.4373795245994,ANDROID,,上海市闵行区梅陇镇景洪路,0
100000,103,德州市,太平人寿,J,13,APP,3,44.9,F,汉,1218,4,01,FATHER,FRIENDS,3,76.13036,山东省,CONSUME,01,,36.6556178468128,116.99311065219666,ANDROID,,山东省济南市市中区杆石桥街道经七路150号,0
100000,104,绵阳市,雅彦化妆品有限公司,C,24,APP,2,29.9,F,汉,6023,2,01,FATHER,FRIENDS,2,79.67186,四川省,CONSUME,01,,33.524709366480248,118.20346776773335,ANDROID,,江苏省宿迁市泗洪县青阳镇钱塘江路,0
100000,102,汉中市,汉中天汉景逸酒店,I,54,XCX,3,25.9,F,汉,1594,2,01,FATHER,FRIENDS,2,79.70607,陕西省,CONSUME,01,,33.05785227877046,107.0319358722733,IOS,,陕西省汉中市汉台区中山街街道滨江东路辅路,0
100000,105,丽水市,上海建富木业有限公司,C,24,APP,2,50.5,M,汉,580,4,01,MATE,FRIENDS,1,98.0,浙江省,CONSUME,01,,28.469642781269223,119.94732947649578,ANDROID,,浙江省丽水市莲都区岩泉街道春湖路,0
100000,103,湛江市,李华胜个人工作室,Z,90,APP,2,43.0,M,汉,4141,3,,MATE,FRIENDS,1,93.0,广东省,CONSUME,04,,21.45939412687412,110.59131225311181,ANDROID,,广东省湛江市吴川市塘缀镇S544,0
100000,102,焦作市,原庄预制厂,C,24,APP,2,39.8,M,汉,3315,2,01,FATHER,MATE,1,70.0,河南省,CONSUME,01,,35.13673192675186,113.00381443128083,ANDROID,,河南省焦作市博爱县磨头镇,0
100000,104,秦皇岛市,龙王庙小学,P,13,APP,4,40.9,F,汉,2698,3,01,PARENTS,FRIENDS,2,70.0,河北省,CONSUME,01,,40.41848655711642,118.94152244596289,ANDROID,,河北省秦皇岛市青龙满族自治县青龙镇S52(承秦高速),0
100000,103,广州市,刘洋个人工作室,Z,90,APP,4,41.8,M,汉,2182,4,01,MATE,FATHER,1,70.0,广东省,CONSUME,01,,23.01910230083353,113.33230266440755,ANDROID,,广东省广州市番禺区大石街道迎宾路大石段571号,0
100000,103,安康市,陕西万方汽车零部件有限公司,C,24,APP,2,33.8,M,汉,5746,4,01,FATHER,SIBLING,1,85.17026,陕西省,CONSUME,01,,34.48116885268673,109.02592964188163,IOS,,陕西省西安市高陵区崇皇街道泾华路,0
100000,103,安阳市,河南省林州市顺安货物运输服务有限公司,F,17,APP,2,45.4,M,汉,3678,2,01,FRIENDS,MATE,1,70.0,河南省,CONSUME,01,,36.058538,113.796491,ANDROID,,河南省安阳市林州市振林街道县道中心街,0
100000,102,佳木斯市,黑龙江省佳木斯市中心医院,Q,11,XCX,4,36.8,F,汉,3685,2,01,RELATIVES,FRIENDS,1,70.0,黑龙江省,CONSUME,01,,46.810084,130.360956,ANDROID,,黑龙江省佳木斯市前进区亮子河街道长安路695号,0
100000,104,常州市,常州联盾建筑工程有限公司,E,24,APP,3,52.0,M,汉,1790,4,01,MATE,SIBLING,1,86.734,江苏省,CONSUME,01,,31.428678012024557,119.49130512471418,ANDROID,,江苏省常州市溧阳市溧城街道人民路48-9号,0
100000,105,昆明市,云南省无线电监测中心,L,17,XCX,4,50.8,M,汉,3380,3,,MATE,COLLEAGUE,1,78.805,云南省,CONSUME,01,,25.10788710222515,102.74862482936098,ANDROID,,云南省昆明市盘龙区龙泉街道麦丰路,0
100000,,安庆市,董求德个人工作室,Z,90,APP,2,46.1,M,汉,5204,4,,FRIENDS,FATHER,1,70.0,安徽省,CONSUME,02,,22.607852105034723,114.04248101128472,ANDROID,,广东省深圳市龙华区民治街道民治大道,0
100000,103,潍坊市,高密市滨河养老托老中心,S,11,APP,3,51.5,M,汉,99999,4,01,PARENTS,FRIENDS,1,70.0,山东省,CONSUME,01,,36.388978142234829,119.7916518695188,ANDROID,,山东省潍坊市高密市朝阳街道曙光路,0
100000,,广州市,广超联软件科技有限公司,Z,90,APP,4,49.6,M,汉,99999,4,01,PARENTS,COLLEAGUE,1,70.0,广东省,CONSUME,01,,23.143547264225736,113.26593472556955,ANDROID,,广东省广州市越秀区洪桥街道环市东路272号2013,0
100000,102,铜川市,陕西省渭南市富平县交警大队,Z,90,APP,3,45.6,M,汉,2047,4,01,MATE,FRIENDS,1,70.0,陕西省,CONSUME,01,,34.733999,109.199046,ANDROID,,陕西省渭南市富平县城关街道昌平大街辅路,0
100000,,邢台市,北京市森杰文化有限责任公司,R,17,APP,3,31.4,M,汉,1677,2,01,FATHER,COLLEAGUE,2,70.0,河北省,CONSUME,01,,36.932311,115.479821,ANDROID,,河北省邢台市威县枣园乡,0
100000,105,青岛市,青岛彤晟浩邦市政工程建设有限公司,E,24,APP,3,25.7,M,汉,2942,4,01,MOTHER,FRIENDS,2,78.347,山东省,CONSUME,02,,36.780447,119.960659,ANDROID,,山东省青岛市平度市东阁街道杭州路,0
100000,105,南京市,句容碧桂园学校,P,13,APP,4,41.3,F,汉,3170,4,01,PARENTS,FATHER,2,70.0,江苏省,CONSUME,01,,32.01019641568601,119.12564412104634,ANDROID,,江苏省镇江市句容市黄梅街道巫市线,0
100000,102,巴中市,村上负主任,Z,90,APP,2,47.4,M,汉,580,2,01,MATE,MOTHER,1,77.826614,四川省,CONSUME,01,,31.677702371430997,107.40358948923067,ANDROID,,四川省巴中市平昌县笔山镇,0
100000,105,齐齐哈尔市,鞍山伊赛运输有限公司,F,17,APP,2,43.1,M,汉,1865,3,01,SIBLING,FRIENDS,3,70.0,黑龙江省,CONSUME,01,,41.0741743172501,122.96631559977125,ANDROID,,辽宁省鞍山市铁东区旧堡街道,0
100000,104,上饶市,婺源县人民法院,S,11,APP,2,47.6,M,汉,5404,2,01,MOTHER,FRIENDS,3,70.0,江西省,CONSUME,01,,29.26496171357659,117.85866212086013,ANDROID,,江西省上饶市婺源县蚺城街道金谷路,0
100000,102,广州市,罗家乐个人工作室,Z,90,APP,2,36.6,F,汉,3750,4,01,MATE,FRIENDS,1,70.0,广东省,CONSUME,01,,23.197996016950133,113.61913879968107,ANDROID,,广东省广州市增城区永宁街道,0
100000,102,天津市,中国人民财产保险股份有限公司,J,13,APP,4,36.2,F,汉,4739,2,01,MATE,SIBLING,1,70.0,天津市,CONSUME,01,,39.228453224874169,117.15135399834948,ANDROID,,天津市北辰区果园新村街道辰庆路,0
100000,103,昆明市,云南金盾保安集团有限公司,O,17,APP,3,43.7,M,汉,3416,3,01,MATE,FRIENDS,1,79.142845,云南省,CONSUME,01,,25.086820737966485,102.67519863581156,ANDROID,,云南省昆明市五华区普吉街道王家桥路,0
100000,307,北京市,云玩家北京文化发展有限公司,R,17,APP,4,43.3,M,汉,3548,3,01,MOTHER,MATE,1,70.0,北京市,CONSUME,01,,40.18913841546647,116.66309951054416,ANDROID,,北京市顺义区双丰街道右堤路,0
100000,104,太原市,山西恒鼎富贸易有限公司,C,24,APP,3,37.2,M,汉,3842,4,01,MATE,FATHER,1,70.0,山西省,CONSUME,01,,37.735713,112.763175,ANDROID,,山西省晋中市榆次区郭家堡乡锦东大道辅路,0
100000,105,楚雄彝族自治州,姚安博诚批发部,H,54,APP,2,45.1,M,汉,4623,2,01,FRIENDS,MATE,1,89.107,云南省,CONSUME,02,,26.874335960860497,100.21762683380493,ANDROID,,云南省丽江市古城区西安街道雪山路,0
100000,,北京市,诺悠翩雅（上海）商贸有限公司,Z,90,APP,4,40.8,F,汉,4282,4,01,MATE,CHILDREN,1,70.0,北京市,CONSUME,01,,39.8966738249631,116.35240596224678,ANDROID,,北京市西城区广安门内街道宣武门西大街24号楼-3单元-921室,0
100000,105,邢台市,南通灵狐设备安装工程有限公司,E,24,XCX,2,34.7,M,汉,4700,3,01,MATE,FRIENDS,1,70.0,河北省,CONSUME,01,,14.633215,101.131566,ANDROID,,"Mittraphap, Muak Lek, Saraburi, Thailand",0
100000,309,长沙市,卢翔个人工作室,Z,90,XCX,4,34.0,M,汉,5355,4,01,MATE,FATHER,2,70.0,湖南省,CONSUME,01,,28.214238664646527,112.99649443304735,ANDROID,,湖南省长沙市开福区清水塘街道滨水栈道,0
100000,102,萍乡市,萍乡二医院,Q,11,APP,4,36.7,F,汉,3475,3,01,RELATIVES,SIBLING,1,88.526,江西省,CONSUME,01,,27.649429832033975,113.89509688424829,ANDROID,,江西省萍乡市安源区白源街街道,0
100000,103,宜春市,个体经营,Z,90,APP,3,33.3,M,汉,6338,2,01,PARENTS,FRIENDS,1,85.671,江西省,CONSUME,01,,31.341831300992646,120.62345497310153,ANDROID,,江苏省苏州市姑苏区平江街道梅林路30号,0
100000,103,宝应县,上海硕集电子科技有限公司,Z,90,APP,4,38.8,M,汉,3979,4,01,MATE,FRIENDS,1,70.0,江苏省,CONSUME,01,,31.23343760803924,121.53107529999724,ANDROID,,上海市浦东新区洋泾街道源深路603号,0
100000,103,海北藏族自治州,马志仁个人工作室,F,17,APP,2,40.0,M,回,2607,4,01,FATHER,RELATIVES,1,70.0,青海省,CONSUME,01,,37.385645154617417,101.6103723525317,ANDROID,,青海省海北藏族自治州门源回族自治县浩门镇气象路,0
100000,403,驻马店市,私营业主,Z,90,APP,2,33.8,M,汉,5072,4,01,MATE,FRIENDS,1,91.09,河南省,CONSUME,01,,28.931316690767237,119.95109824540768,ANDROID,,浙江省金华市永康市花街镇花金线,0
100000,,长治市,天成明超电缆,Z,90,XCX,2,31.6,M,汉,5817,2,01,SIBLING,FRIENDS,2,70.0,山西省,CONSUME,01,,36.201626,113.07607,IOS,,山西省长治市潞州区堠北庄街道站前路,0
100000,103,平凉市,平凉市崆通公共交通服务责任有限公司,O,17,APP,2,45.1,F,汉,545,4,01,SIBLING,SIBLING,1,85.15539,甘肃省,CONSUME,01,,35.53656752812931,106.72964391418984,ANDROID,,甘肃省平凉市崆峒区柳湖镇G312(泾河北路),0
100000,105,沈阳市,神州租车沈阳分公司,L,17,APP,3,37.2,F,汉,4887,2,,COLLEAGUE,FATHER,2,70.0,辽宁省,CONSUME,02,,41.78567030157812,123.3270663689997,ANDROID,,辽宁省沈阳市铁西区工人村街道肇工南街98-4号,0
100000,105,盐城市,刘荣个人工作室,H,54,APP,4,39.3,M,汉,4333,4,01,FRIENDS,SIBLING,2,91.81579,江苏省,CONSUME,01,,34.00050348055465,119.83807926449227,IOS,,江苏省盐城市滨海县东坎街道阜东中路258号,0
100000,105,常德市,中国建筑第五工程局有限公司,E,24,APP,3,32.6,M,汉,5890,2,01,FATHER,COLLEAGUE,2,92.92,湖南省,CONSUME,02,,39.569484935749887,116.69007921749125,ANDROID,,河北省廊坊市广阳区南尖塔镇尖塔路,0
100000,102,重庆市,重庆和泰建设工程监理有限公司,E,24,APP,3,48.3,M,汉,966,2,01,FATHER,FATHER,1,70.0,重庆市,CONSUME,01,,29.35370498652684,105.93729250496316,ANDROID,,重庆市永川区中山路街道兴龙大道,0
100000,,上海市,上海汇哲皓策划咨询有限公司,L,17,XCX,3,35.7,F,汉,3794,4,01,MOTHER,FRIENDS,1,94.491,上海市,CONSUME,01,,31.722943522135417,120.57371175130208,ANDROID,,江苏省无锡市锡山区东港镇S19(通锡高速),0
100000,105,邯郸市,邯郸市坤宇物流,F,17,APP,2,35.4,M,汉,4473,4,01,MATE,COLLEAGUE,1,70.0,河北省,CONSUME,01,,29.773189393128125,121.44772629640269,ANDROID,,浙江省宁波市奉化区方桥街道奉化江大桥,0
100000,105,安庆市,奇墨工业设计有限公司,H,54,APP,4,27.8,M,汉,2519,2,01,FATHER,FRIENDS,2,91.25615,安徽省,CONSUME,01,,30.51973569923516,117.05783742969071,IOS,,安徽省安庆市迎江区新河路街道,0
100000,103,哈尔滨市,张思佳个人工作室,H,54,XCX,2,35.2,F,满,5337,2,01,RELATIVES,FATHER,1,70.0,黑龙江省,CONSUME,01,,45.779526,126.805403,ANDROID,,黑龙江省哈尔滨市道外区团结镇G221(天恒大街),0
100000,104,德州市,牧童童鞋专卖店,H,54,APP,3,52.1,F,汉,319,4,01,MATE,FRIENDS,1,87.0,山东省,CONSUME,02,,36.97225914131498,116.0169314296635,ANDROID,,山东省德州市夏津县南城镇银海路,0
100000,102,无锡市,无锡怡和妇产医院,Q,11,APP,4,32.2,F,汉,1382,4,01,PARENTS,RELATIVES,2,70.0,江苏省,CONSUME,01,,31.5042221612602,120.30520570646748,ANDROID,,江苏省无锡市滨湖区太湖街道苏锡路555,1
100000,105,德州市,独立工作人员,Z,90,XCX,3,39.7,M,汉,5456,4,01,RELATIVES,FRIENDS,1,70.0,山东省,CONSUME,01,,37.45060956834044,116.34078201699282,ANDROID,,山东省德州市德城区长河街道广川大道,0
100000,103,济宁市,济宁明志建筑机械租赁有限公司,L,17,APP,2,46.0,F,汉,283,2,01,RELATIVES,COLLEAGUE,1,70.0,山东省,CONSUME,01,,999.0,999.0,ANDROID,,[],0
100000,105,唐山市,唐山五富建筑装饰有限公司,E,24,APP,3,40.7,M,汉,4514,4,01,FATHER,MATE,1,70.0,河北省,CONSUME,01,,39.83096725889043,118.16492420675165,ANDROID,,河北省唐山市丰润区太平路街道林荫路,1
100000,102,眉山市,彭丽圆个人工作室,Z,90,APP,3,40.4,F,汉,4603,2,01,FATHER,FRIENDS,1,70.0,四川省,CONSUME,01,,30.07099030618112,103.85812901320537,ANDROID,,四川省眉山市东坡区大石桥街道华阳路140号,0
100000,102,泰安市,安文食品展销中心,C,24,APP,4,36.4,M,汉,4578,2,01,SIBLING,FRIENDS,1,70.0,山东省,CONSUME,01,,35.92877222273773,116.47438395080705,ANDROID,,山东省泰安市东平县州城街道地区,0
100000,403,咸阳市,武功县人民政府,S,11,APP,4,36.0,M,汉,4134,2,01,MATE,SIBLING,1,79.21243,陕西省,CONSUME,01,,34.26832856690441,108.23662483988719,IOS,,陕西省咸阳市武功县普集街道沃德路,1
100000,105,杭州市,杭州锐捷货运代理有限公司,O,17,APP,3,32.9,M,汉,6694,4,01,MATE,FATHER,1,70.0,浙江省,CONSUME,01,,30.24836437872701,120.47223882536973,ANDROID,,浙江省杭州市萧山区靖江街道宏业路,0
100000,301,黔南布依族苗族自治州,罗甸县民族宗教事务局民族研究所,M,11,APP,4,33.6,M,汉,4763,2,01,SIBLING,FATHER,2,70.0,贵州省,CONSUME,01,,26.56850874615186,106.73196771642989,ANDROID,,贵州省贵阳市南明区油榨社区青年路152号,0
100000,102,重庆市,荟宝美容店,Z,90,XCX,3,36.8,F,土家,4647,3,01,RELATIVES,FRIENDS,1,70.0,重庆市,CONSUME,01,,29.5951904296875,106.56034695095487,ANDROID,,重庆市江北区五里店街道海尔路46号,0
100000,302,平顶山市,河南平煤神马集团十一矿,C,24,APP,2,35.2,M,汉,5689,2,01,MATE,SIBLING,2,88.919,河南省,CONSUME,01,,33.841038036964707,113.15476149211568,IOS,,河南省平顶山市宝丰县周庄镇,0
100000,103,湛江市,尹众个人工作室,Z,90,APP,2,50.5,M,汉,99999,4,,FRIENDS,FRIENDS,1,88.614,广东省,CONSUME,02,,20.439599609375,109.925361328125,ANDROID,,广东省湛江市雷州市覃斗镇,0
100000,103,临沂市,潍坊平安保险股份有限公司,J,13,APP,3,47.0,F,汉,558,2,,MATE,FRIENDS,1,70.0,山东省,CONSUME,01,,36.75885582167908,119.18917989924316,ANDROID,,山东省潍坊市寒亭区寒亭街道志远北路,0
100000,105,广元市,毕霞个人工作室,Z,90,APP,2,32.7,F,汉,6128,4,01,MATE,FATHER,1,70.0,四川省,CONSUME,01,,32.419452717943809,105.83463441190408,ANDROID,,四川省广元市利州区南河街道,0
100000,102,合肥市,山东菑鼎药业有限公司,M,11,APP,3,42.3,M,汉,4252,2,01,MATE,FATHER,1,70.0,安徽省,CONSUME,01,,36.82908468708891,117.97546856959623,ANDROID,,山东省淄博市张店区房镇镇西十一路辅路,0
100000,104,吕梁市,孝义市骐骏运输有限公司,F,17,XCX,4,35.7,M,汉,4172,3,01,MATE,FRIENDS,2,70.0,山西省,CONSUME,02,,37.108142,111.803148,ANDROID,,山西省吕梁市孝义市中阳楼街道敬德街,0
100000,105,绥化市,浙江九圣装饰工程有限公司,E,24,APP,2,33.1,M,汉,4875,4,01,MATE,SIBLING,1,70.0,黑龙江省,CONSUME,01,,47.46197092370448,126.94808833334204,ANDROID,,黑龙江省绥化市海伦市海伦镇北海路,0
100000,102,重庆市,海燕造型,O,17,APP,3,43.3,F,汉,3612,4,01,MATE,MOTHER,3,70.0,重庆市,CONSUME,01,,29.557342793389468,106.46955006865378,ANDROID,,重庆市沙坪坝区土湾街道工人街,0
100000,302,邵阳市,东鹏印刷有限公司,C,24,APP,2,38.0,M,汉,3860,2,,MATE,SIBLING,1,70.0,湖南省,CONSUME,03,,22.824814233073494,114.16514375989464,ANDROID,,广东省东莞市清溪镇科技路72号,0
100000,102,南昌市,南昌海鑫物资有限公司,F,17,APP,3,36.1,F,汉,4114,4,01,MOTHER,RELATIVES,1,70.0,江西省,CONSUME,01,,28.579071984579739,115.83739132184243,ANDROID,,江西省南昌市南昌县东新乡园新路,0
100000,105,丽水市,谷树服装批发,H,54,XCX,3,39.0,M,汉,4198,3,01,MATE,FRIENDS,1,70.0,浙江省,CONSUME,01,,28.45097674970755,119.93738118946489,ANDROID,,浙江省丽水市莲都区紫金街道丽青路辅路,0
100000,102,邯郸市,邯郸历峰集团,K,17,APP,4,39.9,F,汉,4756,2,01,FATHER,FRIENDS,2,94.0,河北省,CONSUME,01,,36.66312367433237,114.50226348735318,ANDROID,,河北省邯郸市丛台区黄梁梦镇输元路,0
100000,102,南昌市,南昌市航空旅游服务有限公司,F,17,APP,2,40.0,F,汉,5486,2,01,SIBLING,FRIENDS,1,70.0,江西省,CONSUME,02,,28.699397965855718,115.87366767122197,ANDROID,,江西省南昌市红谷滩区凤凰洲管理区赣江北大道辅路,0
100000,104,深圳市,陈嘉利个人工作室,Z,90,APP,4,35.0,M,汉,5607,2,01,FATHER,FRIENDS,2,89.11262,广东省,CONSUME,01,,23.35162751492012,113.54882038620065,ANDROID,,广东省广州市黄埔区龙湖街道九佛快速(南行)辅路,0
100000,,济南市,济南巨硕仓储设备有限公司,Z,90,APP,3,36.8,F,汉,3622,4,,MATE,FRIENDS,1,70.0,山东省,CONSUME,01,,35.15716,118.230952,ANDROID,,山东省临沂市兰山区义堂镇和谐路,0
100000,103,苏州市,苏州市阳澄湖渔联蟹业有限公司,Z,90,APP,2,32.9,M,汉,40,3,01,MATE,SIBLING,1,75.35498,江苏省,CONSUME,01,,31.498843003857546,120.74064054530993,ANDROID,,江苏省苏州市相城区阳澄湖镇湘城枢纽,1
100000,105,十堰市,董兵个人工作室,Z,90,XCX,3,38.1,M,汉,3672,4,01,RELATIVES,RELATIVES,1,70.0,湖北省,CONSUME,01,,3,110.7726071189913,IOS,,[],0
100000,105,济南市,济宁市鸿翔公路勘察设计研究院有限公司,M,11,APP,4,37.4,M,汉,4826,4,01,MATE,MOTHER,1,93.492,山东省,CONSUME,01,,36.685037701740728,117.13843952493979,ANDROID,,山东省济南市历下区智远街道天辰路,1
100000,,沈阳市,沈阳云熹美学服装服饰店,Z,90,APP,4,31.7,F,汉,1251,4,01,PARENTS,RELATIVES,1,70.0,辽宁省,CONSUME,01,,41.8228079918615,123.38004577263071,ANDROID,,辽宁省沈阳市皇姑区寿泉街道华山路289号,0
100000,105,黄冈市,采轩服饰有限公司,C,24,APP,4,47.1,F,汉,2429,2,01,MATE,FRIENDS,1,73.59,湖北省,CONSUME,01,,30.58875646827953,114.2970528219169,IOS,,湖北省武汉市江岸区一元街道沿江大道162号,0
100000,102,济宁市,济宁市舜食君悦餐饮有限责任公司,I,54,APP,3,39.7,M,汉,6090,3,01,MATE,FRIENDS,1,70.0,山东省,CONSUME,01,,35.443283289894207,116.6401184332664,ANDROID,,山东省济宁市任城区李营街道内环高架路,0
100000,,贵阳市,贵州平生利农牧科技有限公司,Z,90,APP,4,40.1,M,汉,4233,4,01,FRIENDS,MATE,1,98.0,贵州省,CONSUME,01,,26.518991,106.71778,ANDROID,,贵州省贵阳市花溪区长江街道花冠路,0
100000,105,岳阳市,湖南中湘冷链科技有限公司,G,13,APP,2,33.7,M,汉,484,2,01,RELATIVES,COLLEAGUE,2,70.0,湖南省,CONSUME,01,,28.179797626252556,113.03415113524727,ANDROID,,湖南省长沙市芙蓉区东屯渡街道朝晖路,1
100000,104,牡丹江市,壹沓科技有限公司,G,13,XCX,4,31.9,M,汉,5204,2,,FATHER,RELATIVES,2,76.37741,黑龙江省,CONSUME,02,,31.083157161482494,120.68808263141992,ANDROID,,江苏省苏州市吴江区江陵街道吴江大道,0
100000,403,阜阳市,晓娟服饰,H,54,APP,3,41.9,F,汉,2154,3,01,MATE,MATE,1,70.0,安徽省,CONSUME,02,,31.23170485285904,121.23439671628536,ANDROID,,上海市青浦区华新镇新恒路,0
100000,302,廊坊市,李阔个人工作室,Z,90,APP,4,23.3,M,汉,2125,2,01,FATHER,FRIENDS,2,92.20615,河北省,CONSUME,01,,38.79263021620576,121.16189033903348,IOS,,辽宁省大连市旅顺口区铁山街道金昌街,0
100000,,焦作市,郑州合为贵实业有限公司,Z,90,APP,3,24.6,M,汉,2107,2,01,MOTHER,FRIENDS,2,70.0,河南省,CONSUME,01,,34.335612,108.707991,ANDROID,,陕西省咸阳市秦都区人民路街道嘉惠商街,0
100000,103,乐山市,独立工作人员,Z,90,APP,2,44.3,M,汉,3190,4,01,MATE,OTHER,3,73.793,四川省,CONSUME,01,,30.024923128602646,103.77917600906889,ANDROID,,四川省眉山市东坡区松江镇G0512(成乐高速),0
100000,307,沈阳市,北京其易果人力资源有限公司,O,17,APP,3,38.7,M,汉,4337,4,01,PARENTS,FRIENDS,2,99.0,辽宁省,CONSUME,01,,41.82699682580004,123.53089220224467,ANDROID,,辽宁省沈阳市沈河区东陵街道高官台路,0
100000,102,上海市,上海名勋汽车租赁公司,L,17,APP,3,39.3,M,汉,4466,3,01,FATHER,FATHER,2,70.0,上海市,CONSUME,01,,31.234284438857129,121.48478651102161,IOS,,上海市黄浦区外滩街道延安东路136,0
100000,104,安阳市,上海咫尺贸易有限公司,C,24,APP,3,29.7,M,汉,6011,2,01,SIBLING,FRIENDS,2,93.164,河南省,CONSUME,01,,36.13152502847391,114.1437983861791,ANDROID,,河南省安阳市殷都区水冶镇开发路,0
100000,103,邯郸市,重庆全宁鑫机电科技有限公司,G,13,APP,4,41.5,F,汉,4672,4,01,MOTHER,RELATIVES,1,82.657,河北省,CONSUME,01,,29.781913884072809,106.66498667112751,IOS,,重庆市渝北区王家街道,0
100000,,南通市,可为科技（南通）有限公司,G,13,XCX,4,26.8,M,汉,896,3,,MOTHER,FATHER,2,70.0,江苏省,CONSUME,04,,32.03845423518777,120.83005742513852,ANDROID,,江苏省南通市崇川区永兴街道深南路辅路,0
100000,103,孝感市,湖北省保康温泉,R,17,APP,3,47.2,F,汉,290,4,01,OTHER,OTHER,2,70.0,湖北省,CONSUME,01,,31.842319911529264,111.21972536099605,ANDROID,,湖北省襄阳市保康县城关镇,0
100000,105,黄山市,杭州奇异鸟餐饮管理有限公司,I,54,APP,3,34.5,M,汉,4419,4,01,MATE,FRIENDS,1,90.52,安徽省,CONSUME,01,,29.874937929405858,118.42903870416555,ANDROID,,安徽省黄山市歙县徽城镇大北街,0
100000,103,梅州市,朱妹副食店,H,54,APP,2,42.1,F,汉,4161,3,01,MATE,OTHER,1,87.383,广东省,CONSUME,01,,24.153540495625476,115.74695918407795,ANDROID,,广东省梅州市兴宁市宁新街道,0
100000,102,湛江市,广东富美家具有限公司,C,24,XCX,4,29.6,F,汉,6356,4,01,MATE,FRIENDS,2,70.0,广东省,CONSUME,01,,22.918195434910517,113.0329233265509,IOS,,广东省佛山市南海区九江镇S15(沈海高速广州支线),0
100000,103,盘锦市,盘锦禾达交通设施工程有限公司,E,24,APP,2,35.7,M,汉,4192,4,01,RELATIVES,FRIENDS,2,70.0,辽宁省,CONSUME,01,,41.157002399482369,122.07462037644196,ANDROID,,辽宁省盘锦市兴隆台区兴海街道北环北街,0
100000,,滨州市,魏桥创业集团,H,54,XCX,4,39.5,M,汉,4484,4,01,MATE,FATHER,1,70.0,山东省,CONSUME,01,,36.87663601345486,117.80395480685763,ANDROID,,山东省滨州市邹平市高新街道月河五路,0
100000,,临夏回族自治州,昌盛机械工程公司,Z,90,XCX,3,40.5,M,汉,5544,4,01,MOTHER,FRIENDS,2,70.0,甘肃省,CONSUME,01,,35.94866795710471,103.32798014184955,ANDROID,,甘肃省临夏回族自治州永靖县刘家峡镇G213(兰磨线),0
100000,103,梅州市,五华县安流美佳乐服装商场,Z,90,APP,3,53.8,M,汉,99999,4,01,MATE,FRIENDS,1,70.0,广东省,CONSUME,02,,23.702104,115.682779,ANDROID,,广东省梅州市五华县安流镇G238,0
100000,103,温州市,苍南县奕妤包装有限公司,C,24,APP,3,44.6,F,汉,4848,4,01,MATE,FRIENDS,1,70.0,浙江省,CONSUME,01,,27.59526601630788,120.58676994128645,ANDROID,,浙江省温州市平阳县鳌江镇滨江大道辅路,0
100000,105,宁波市,矛盾商业咨询有限公司,Z,90,APP,3,38.6,F,汉,5438,4,01,FATHER,COLLEAGUE,1,78.294846,浙江省,CONSUME,01,,29.864919359283026,121.61348063265726,ANDROID,,浙江省宁波市鄞州区福明街道业宁街,0
100000,,南京市,安徽云商建设有限公司,E,24,XCX,3,26.9,M,汉,7152,3,01,FATHER,COLLEAGUE,1,70.0,江苏省,CONSUME,01,,31.85935899168676,117.20872695666674,ANDROID,,安徽省合肥市蜀山区井岗镇长江西路788号,0
100000,,徐州市,新沂市马陵山镇人民政府,Z,90,XCX,4,42.5,M,汉,1995,3,01,MATE,FRIENDS,1,70.0,江苏省,CONSUME,01,,34.37195260035692,118.371887154232,ANDROID,,江苏省徐州市新沂市北沟街道惠前街,0
100000,102,泰安市,宁阳县粮油供应公司,C,24,XCX,3,35.2,M,汉,4417,2,01,RELATIVES,FRIENDS,1,87.794,山东省,CONSUME,01,,35.37231,116.952611,ANDROID,,山东省济宁市邹城市凫山街道S342(邾国大道),0
100000,,南京市,南京芯海股权投资有限公司,J,13,XCX,4,41.0,M,汉,3959,4,01,FATHER,MOTHER,1,70.0,江苏省,CONSUME,01,,31.990264214409724,118.73629313151042,ANDROID,,江苏省南京市建邺区沙洲街道小青路18号,1
100000,103,郑州市,河南长骐建材有限公司,E,24,APP,2,43.0,M,汉,3693,4,01,MATE,FRIENDS,1,88.86,河南省,CONSUME,01,,34.696088558219759,113.55639208268605,ANDROID,,河南省郑州市二七区马寨镇南四环南辅路,0
100000,102,泰州市,海澜之家,H,54,APP,3,47.9,M,汉,560,2,01,FATHER,FRIENDS,1,84.37,江苏省,CONSUME,01,,32.19934804246732,119.48383298313664,IOS,,江苏省镇江市京口区象山街道戴家湾路,0
100000,307,广州市,广州东山百货股份有限公司,H,54,APP,3,50.6,F,汉,2825,2,01,MATE,SIBLING,1,73.166,广东省,CONSUME,01,,23.132171564960318,113.30874306507993,ANDROID,,广东省广州市越秀区梅花村街道中山一路1号,0
100000,104,梅州市,伯恩光学,C,24,APP,2,38.8,M,汉,3755,2,,MOTHER,SIBLING,2,70.0,广东省,CONSUME,04,,22.86528956465631,114.48712509500162,ANDROID,,广东省惠州市惠阳区三和街道,0
100000,,成都市,彭婕个人工作室,Z,90,APP,3,28.8,F,汉,678,3,01,PARENTS,RELATIVES,1,70.0,四川省,CONSUME,01,,30.719704600001056,104.546313821885,ANDROID,,四川省成都市金堂县淮口街道X058(现代大道),0
100000,302,沧州市,河北福爱假肢矫形器有限公司,M,11,APP,3,36.1,M,汉,3811,4,01,MATE,COLLEAGUE,1,94.0,河北省,CONSUME,01,,39.672485500548777,118.21189017522525,ANDROID,,河北省唐山市路北区缸窑街道,0
100000,,葫芦岛市,养殖有限公司,Z,90,XCX,3,48.5,F,汉,721,4,01,MATE,FRIENDS,2,70.0,辽宁省,CONSUME,01,,40.89585681271589,120.10773256965122,ANDROID,,辽宁省葫芦岛市建昌县二道湾子蒙古族乡,0
100000,102,绍兴市,浙江大景建筑有限公司,E,24,APP,3,47.7,M,汉,4805,3,01,MATE,FRIENDS,1,86.621,浙江省,CONSUME,02,,29.31742253077215,120.16161051917915,ANDROID,,浙江省金华市义乌市廿三里街道,0
100000,310,黔西南布依族苗族自治州,贵州林创汇智科技咨询有限公司,L,17,APP,3,27.8,M,汉,2610,2,01,FATHER,FATHER,2,87.774,贵州省,CONSUME,01,,26.65209864925374,106.62872694563511,IOS,,贵州省贵阳市观山湖区金华园街道梦草路,0
100000,105,荆门市,荆门市漳河新区漳富投资发展有限公司,Z,90,APP,4,39.1,M,汉,3821,2,01,FATHER,FATHER,1,84.394,湖北省,CONSUME,01,,31.000536,112.181307,ANDROID,,湖北省荆门市掇刀区双喜街道尉迟恭路,0
100000,105,吴忠市,吴忠新区医院,Q,11,APP,4,32.2,F,回,5698,2,,MATE,MATE,1,88.044,宁夏回族自治区,CONSUME,01,,37.984319973948419,106.2101353281307,IOS,,宁夏回族自治区吴忠市利通区胜利镇朝阳东路,0
100000,102,苏州市,苏州军磊市政工程有限公司,E,24,APP,2,42.1,M,汉,4196,4,01,MATE,CHILDREN,1,70.0,江苏省,CONSUME,01,,31.36411913404177,120.80187680254436,ANDROID,,江苏省苏州市苏州工业园区唯亭街道G42(京沪高速),0
100000,307,昆明市,云南雅君物业管理有限公司,L,17,APP,4,51.0,M,回,2310,4,,MATE,FRIENDS,1,93.0,云南省,CONSUME,01,,25.050576214144344,102.7055379417831,ANDROID,,云南省昆明市五华区华山街道翠湖南路6号,0
100000,403,忻州市,冯岩个人工作室,Z,90,APP,4,34.2,M,汉,5062,4,,FATHER,FRIENDS,1,91.31638,山西省,CONSUME,01,,34.19046967326752,108.92941279727815,ANDROID,,陕西省西安市雁塔区长延堡街道东隆巷,0
100000,102,昭通市,云南嵘悦建设工程有限公司,E,24,APP,4,39.8,M,汉,2719,2,01,MATE,COLLEAGUE,1,78.619064,云南省,CONSUME,01,,27.341942016675369,103.7088638380827,ANDROID,,云南省昭通市昭阳区龙泉街道爱民路69,0
100000,104,盘锦市,抚州国发能源发展有限公司,D,17,APP,4,28.0,M,汉,2100,4,01,CHILDREN,SIBLING,2,70.0,辽宁省,CONSUME,01,,28.040557760495934,116.29064469374653,ANDROID,,江西省抚州市临川区展坪镇,0
100000,,贵阳市,王春个人工作室,Z,90,XCX,2,47.4,M,汉,6676,3,01,SIBLING,SIBLING,1,70.0,贵州省,CONSUME,01,,33.61671084363092,119.68645861531835,ANDROID,,江苏省盐城市阜宁县东沟镇,0
100000,105,南通市,启东城区医院,Q,11,APP,4,27.1,F,汉,901,4,01,MOTHER,FRIENDS,1,70.0,江苏省,CONSUME,01,,31.80224767623222,121.66173599861109,ANDROID,,江苏省南通市启东市汇龙镇瀛东巷,0
100000,102,杭州市,浙江工业大学,C,24,APP,3,45.9,F,汉,596,4,01,FATHER,RELATIVES,1,70.0,浙江省,CONSUME,01,,30.557047057306194,120.05020951863905,ANDROID,,浙江省湖州市德清县乾元镇,0
100000,103,福州市,福建恒星汽车服务有限公司,O,17,APP,4,45.2,M,汉,2371,4,01,FATHER,MATE,2,70.0,福建省,CONSUME,01,,26.09775324470806,119.36505978730692,ANDROID,,福建省福州市晋安区鼓山镇S1531(化工互通),0
100000,103,淮安市,淮安元通房地产开发有限公司,K,17,APP,4,46.5,F,汉,3036,2,01,PARENTS,COLLEAGUE,1,85.323,江苏省,CONSUME,02,,33.81796571515018,119.24418498891343,ANDROID,,江苏省淮安市涟水县朱码街道X102,0
100000,105,日照市,日照德秋建材有限公司,E,24,XCX,4,48.1,M,汉,4697,3,01,FRIENDS,FRIENDS,1,91.325,山东省,CONSUME,01,,35.38734103732639,119.4968625217014,IOS,,山东省日照市东港区北京路街道连云港路,0
100000,,长沙市,湖南居心建筑工程有限公司,E,24,APP,3,39.1,M,汉,5260,3,01,FRIENDS,FRIENDS,1,70.0,湖南省,CONSUME,01,,28.29336995442708,112.9060107421875,ANDROID,,湖南省长沙市望城区月亮岛街道金甲冲路,0
100000,102,成都市,成都梵尼兰科技有限公司,G,13,XCX,2,46.8,M,汉,495,2,01,RELATIVES,FRIENDS,1,70.0,四川省,CONSUME,01,,30.65408,103.709913,ANDROID,,四川省成都市崇州市崇阳街道晨曦大道北段,0
100000,304,晋中市,普盛食品（北京）有限公司,C,24,APP,4,36.4,F,汉,5268,4,01,FATHER,FRIENDS,2,93.95932,山西省,CONSUME,01,,37.76823379234471,112.56409321656615,ANDROID,,山西省太原市小店区龙城街道红寺北街,0
100000,102,遵义地区,太平洋保险公司,J,13,APP,4,24.8,M,侗,1034,3,01,FATHER,COLLEAGUE,2,78.040054,贵州省,CONSUME,01,,38.93965661936173,121.66490363301904,ANDROID,,辽宁省大连市中山区,0
100000,105,徐州市,徐州伟宏工程机械租赁有限公司,L,17,APP,2,45.2,M,汉,4109,3,01,FRIENDS,COLLEAGUE,1,92.287,江苏省,CONSUME,02,,37.12937973355908,116.82445486161545,ANDROID,,山东省德州市临邑县临盘街道,0
100000,,淮南市,常州艾诺科技有限公司,Z,90,XCX,4,28.1,M,汉,1426,4,01,PARENTS,FATHER,2,70.0,安徽省,CONSUME,01,,31.9141329833941,119.92215116468546,ANDROID,,江苏省常州市新北区春江街道薛冶路,0
100000,105,无锡市,无锡麟达新型管道科技有限公司,G,13,APP,3,42.9,F,汉,4596,3,01,MATE,MATE,1,70.0,江苏省,CONSUME,01,,31.751185737838413,120.28607664997237,ANDROID,,江苏省无锡市江阴市青阳镇,0
100000,104,南通市,南通宏达车业,C,24,APP,3,31.5,M,汉,1142,4,01,FATHER,MOTHER,2,84.668,江苏省,CONSUME,01,,32.00667682100842,120.9341276895468,ANDROID,,江苏省南通市崇川区观音山街道八一路88号,0
100000,104,益阳市,湖南振业房地产开发有限公司,K,17,APP,4,40.2,M,汉,3139,3,01,OTHER,OTHER,1,78.17981,湖南省,CONSUME,01,,28.20318535601928,112.91519655801429,ANDROID,,湖南省长沙市岳麓区望城坡街道金星南路,0
100000,403,廊坊市,北京中天奇商贸有限公司,H,54,XCX,4,29.5,M,汉,1821,4,01,MOTHER,FATHER,2,70.0,河北省,CONSUME,01,,39.81031001039098,116.56046233396043,ANDROID,,北京市通州区台湖镇嘉创二路,0
100000,104,天津市,悦骑工社儿童平衡车俱乐部,R,17,APP,4,28.4,F,汉,600,4,01,FATHER,FATHER,2,70.0,天津市,CONSUME,01,,39.863662652778,116.52718671365057,ANDROID,,北京市朝阳区王四营(地区)乡孛安三街,0
100000,105,吉林市,鑫漾本食品经销处,H,54,XCX,3,48.2,F,汉,99999,3,01,MOTHER,MATE,1,70.0,吉林省,CONSUME,01,,43.79619520399306,126.56966796875,ANDROID,,吉林省吉林市丰满区江南街道南山街3399号,0
100000,,遵义市,泰康养老保险股份有限公司贵州分公司,J,13,APP,4,24.5,M,汉,596,2,,FATHER,FRIENDS,2,70.0,贵州省,CONSUME,01,,26.47826,105.620567,ANDROID,,贵州省毕节市织金县少普镇,0
100000,,昌邑市,中建八局第三建设有限公司,E,24,XCX,4,30.6,M,汉,5705,4,01,FATHER,COLLEAGUE,2,70.0,山东省,CONSUME,01,,32.125029296875,118.72300889756944,ANDROID,,江苏省南京市浦口区泰山街道华园路,0
100000,105,金华市,义乌赛尔进出口集团,C,24,APP,4,37.6,M,汉,4288,4,01,FATHER,COLLEAGUE,1,70.0,浙江省,CONSUME,01,,29.373660650775997,120.0694754761476,ANDROID,,浙江省金华市义乌市后宅街道环城北路888号,1
100000,105,鞍山市,鞍山市肿瘤医院,Q,11,APP,4,36.2,F,汉,3731,2,,MATE,PARENTS,1,91.516,辽宁省,CONSUME,01,,41.81371750902693,123.48304612954965,ANDROID,,辽宁省沈阳市大东区万泉街道锦园路,0
100000,305,镇江市,东港公司,Z,90,APP,4,41.9,M,汉,4065,2,01,OTHER,OTHER,1,70.0,江苏省,CONSUME,01,,31.447306450454764,119.44990872881701,ANDROID,,江苏省常州市溧阳市昆仑街道梧桐西路,0
100000,105,常德市,几米文化艺术有限公司,R,17,APP,4,27.4,F,汉,982,4,01,FATHER,FRIENDS,2,81.861,湖南省,CONSUME,01,,28.162744182785528,113.0811085984248,IOS,,湖南省长沙市长沙县黄兴镇金桂路,0
100000,102,大连市,恒力石化,C,24,APP,3,36.3,M,汉,6436,4,01,RELATIVES,RELATIVES,1,70.0,辽宁省,CONSUME,01,,39.60256869114043,121.46999792439444,ANDROID,,辽宁省大连市瓦房店市长兴岛街道G507辅路,0
100000,,黄石市,程晨个人工作室,P,13,APP,4,31.0,F,汉,5908,2,01,FATHER,FRIENDS,1,70.0,湖北省,CONSUME,01,,30.215681966145834,115.09161946614583,ANDROID,,湖北省黄石市西塞山区八泉街道沿江大道,0
100000,103,盐城市,盐城天之源新能源科技有限公司,G,13,APP,2,50.9,M,汉,99999,2,01,MATE,FRIENDS,1,70.0,江苏省,CONSUME,01,,31.239420674412913,121.49436840658255,ANDROID,,上海市浦东新区陆家嘴街道陆家嘴西路147号,0
100000,301,抚顺市,居然之家,H,54,APP,4,37.0,M,汉,5002,4,01,MATE,FRIENDS,1,94.0,辽宁省,CONSUME,01,,40.674221351596177,122.2447176486226,ANDROID,,辽宁省营口市站前区建设街道盼盼路北22-11,0
100000,104,芜湖市,北京华瑞行房地产评估咨询有限公司,L,17,APP,2,41.0,F,汉,3959,4,01,FATHER,FATHER,1,70.0,安徽省,CONSUME,01,,30.901130637131105,118.33446830989047,ANDROID,,安徽省芜湖市南陵县籍山镇上聂线辅路,0
100000,104,淮安市,南京守超建设工程有限公司,E,24,XCX,2,32.8,M,汉,6487,3,01,FATHER,FATHER,1,95.519,江苏省,CONSUME,01,,32.13484591123612,118.85256529910532,ANDROID,,江苏省南京市栖霞区燕子矶街道恒发路8号,0
100000,,潍坊市,山东寿光巨能集团有限公司,Z,90,APP,4,26.0,M,汉,2167,3,01,FATHER,FRIENDS,2,70.0,山东省,CONSUME,01,,36.89042553009377,118.75761648817194,ANDROID,,山东省潍坊市寿光市圣城街道北环路141号,0
100000,103,嘉兴市,黄建芬个人工作室,Z,90,APP,2,49.3,F,汉,461,2,01,MATE,RELATIVES,1,70.0,浙江省,CONSUME,01,,30.625685,120.404178,ANDROID,,浙江省嘉兴市桐乡市河山镇八圣桥,0
100000,105,盐城市,盐城市优胜美地餐饮有限公司,I,54,APP,2,33.1,F,汉,5479,4,01,MATE,FRIENDS,1,70.0,江苏省,CONSUME,01,,34.0092806842844,119.82925338612323,IOS,,江苏省盐城市滨海县东坎街道长明西路,0
100000,105,重庆市,重庆市胜地钓鱼城文化旅游发展有限公司,Z,90,APP,4,35.5,M,汉,6406,3,01,MOTHER,FRIENDS,1,70.0,重庆市,CONSUME,01,,29.972248110683905,106.28892231801024,ANDROID,,重庆市合川区南津街街道嘉滨南路,0
100000,105,开封市,开封县半坡店乡程庄小学,P,13,APP,2,40.4,M,汉,4668,2,,PARENTS,FRIENDS,1,70.0,河南省,CONSUME,01,,34.62502161602044,114.5047245342647,ANDROID,,河南省开封市祥符区半坡店乡社教路,0
100000,,遂宁市,太和幼儿园,Z,90,XCX,3,53.9,F,汉,1039,4,01,SIBLING,SIBLING,1,70.0,四川省,CONSUME,01,,30.873019948581175,105.39212646390269,ANDROID,,四川省遂宁市射洪市大榆镇射蓬路,0
100000,103,东莞市,茶山消防队,S,11,APP,3,41.5,M,汉,3399,4,01,PARENTS,SIBLING,1,90.688,广东省,CONSUME,01,,23.050299998946757,113.91453435698654,ANDROID,,广东省东莞市茶山镇超朗娘马路,0
100000,103,济宁市,济宁安通建筑劳务有限公司,D,17,APP,3,48.0,M,汉,99999,4,01,MATE,FRIENDS,1,89.178,山东省,CONSUME,01,,35.45014745942094,116.62649023176744,ANDROID,,山东省济宁市任城区李营街道长虹路,0
100000,105,兰州市,将相文化传播天津有限责任公司,R,17,XCX,4,24.9,F,汉,979,4,01,FRIENDS,OTHER,2,70.0,甘肃省,CONSUME,01,,36.06968974534281,103.78585831791806,IOS,,甘肃省兰州市七里河区西湖街道G109(南滨河中路),0
100000,102,宿迁市,光明牛奶,H,54,APP,2,40.6,M,汉,6076,3,01,MATE,COLLEAGUE,1,89.861,江苏省,CONSUME,01,,33.93473043391839,118.23981736967764,ANDROID,,江苏省宿迁市宿城区黄河街道浦东西路,0
100000,,重庆市,未知所在公司,Z,90,XCX,2,35.6,M,汉,7047,4,01,RELATIVES,FRIENDS,2,70.0,重庆市,CONSUME,01,,29.68183581527527,105.93572015233275,ANDROID,,重庆市大足区万古镇新街,0
100000,103,遂宁市,重庆理工学院,P,13,APP,4,40.8,M,汉,4493,4,01,MATE,MOTHER,1,70.0,四川省,CONSUME,01,,29.428232555373275,106.6065545477179,ANDROID,,重庆市巴南区南泉街道,0
100000,403,荆州市,武汉满星餐饮有限公司,I,54,APP,3,26.0,F,汉,1042,4,01,FATHER,FRIENDS,2,80.92,湖北省,CONSUME,01,,30.49605550440199,114.4007101379334,IOS,,湖北省武汉市洪山区关山街道新玉路,0
100000,102,丽水市,杭州橙睿网络有限公司,G,13,APP,3,36.3,F,汉,3867,4,01,MATE,RELATIVES,1,76.643974,浙江省,CONSUME,01,,28.44399691453993,119.9650255738475,IOS,,浙江省丽水市莲都区紫金街道,0
100000,102,宿州市,创格融资租赁有限公司,O,17,XCX,4,30.1,M,汉,5913,4,01,MATE,RELATIVES,1,70.0,安徽省,CONSUME,01,,30.619253,104.00127,ANDROID,,四川省成都市武侯区簇锦街道百锦路,0
100000,,成都市,奔达纺织厂,C,24,APP,2,25.1,M,汉,2162,2,01,MOTHER,FRIENDS,2,70.0,四川省,CONSUME,01,,30.405961100260416,104.54137885199653,ANDROID,,四川省成都市简阳市石桥街道泛月路,0
100000,105,滨州市,济南百思特捷迅有限公司,Z,90,APP,2,24.1,F,汉,1094,2,01,FATHER,COLLEAGUE,2,74.91,山东省,CONSUME,01,,36.67187294567576,116.91584026119655,ANDROID,,山东省济南市槐荫区张庄路街道威海路,0
100000,102,泉州市,深圳市益晟建设工程有限公司,E,24,APP,3,49.3,M,汉,685,2,01,FATHER,FRIENDS,1,70.0,福建省,CONSUME,01,,25.309567842644584,118.18220751526595,ANDROID,,福建省泉州市永春县达埔镇G356(湄西线),0
100000,103,石家庄市,石家庄泉瑞来运输有限公司,F,17,APP,2,36.3,M,汉,3996,2,01,FATHER,SIBLING,1,93.839,河北省,CONSUME,02,,38.111879,114.349516,ANDROID,,河北省石家庄市鹿泉区获鹿镇田园街,0
100000,102,台州市,林挺如个人工作室,H,54,APP,2,38.7,F,汉,4469,4,01,SIBLING,OTHER,1,85.46317,浙江省,CONSUME,01,,28.398546563093374,121.53230793907192,IOS,,浙江省台州市温岭市箬横镇东大街,0
100000,,大兴安岭地区,德州同升建设工程有限公司,Z,90,XCX,3,48.3,M,汉,4470,2,01,MATE,SIBLING,1,70.0,黑龙江省,CONSUME,01,,43.235111,124.523282,ANDROID,,吉林省四平市梨树县十家堡镇,0
100000,103,陇南市,晨旭幼儿园,P,13,XCX,3,26.5,F,汉,1303,4,,SIBLING,SIBLING,2,97.0,甘肃,CONSUME,01,,33.750541957691648,105.75704951092176,IOS,,甘肃省陇南市成县城关镇S328,0
100000,104,梅州市,驰成汽车租赁公司,L,17,APP,2,31.9,M,汉,6102,4,,MATE,RELATIVES,1,83.435,广东省,CONSUME,01,,23.030656018695689,113.74176530354231,ANDROID,,广东省东莞市南城街道山庄路1号,0
100000,307,昆明市,昆明市西山区仨伍人茶肆茶叶店,C,24,APP,2,47.0,M,汉,2769,4,,MATE,FRIENDS,1,90.431885,云南省,CONSUME,01,,25.004583857236708,102.6883033858531,ANDROID,,云南省昆明市西山区前卫街道金广路,0
100000,103,南京市,江苏新万孚纺织品有限公司,C,24,APP,3,52.0,M,汉,37,4,01,RELATIVES,FRIENDS,1,70.0,江苏省,CONSUME,01,,32.04557126061028,118.73502398933712,ANDROID,,江苏省南京市鼓楼区凤凰街道江东北路178号,1
100000,302,庆阳市,彩虹医院,Q,11,XCX,4,33.1,F,汉,6440,4,01,FATHER,FRIENDS,2,88.703,甘肃省,CONSUME,01,,34.16609573425439,108.81911091913028,IOS,,陕西省西安市长安区郭杜街道上林苑三路,0
100000,104,惠州市,惠州市青云空间装饰工程有限公司,E,24,XCX,4,36.5,M,汉,4043,4,01,MATE,FRIENDS,1,70.0,广东省,CONSUME,01,,22.718127,114.526287,ANDROID,,广东省惠州市惠阳区澳头街道洗马湖路,0
100000,,合肥市,安徽云通众博,Z,90,XCX,3,34.7,F,汉,4354,4,01,MOTHER,FRIENDS,1,70.0,安徽省,CONSUME,01,,31.828913007518307,117.30031288646159,ANDROID,,安徽省合肥市包河区望湖街道万岗路,0
100000,103,邢台市,董朝军个人工作室,Z,90,APP,3,46.5,M,汉,1942,4,01,RELATIVES,RELATIVES,1,70.0,河北省,CONSUME,01,,28.294663382031968,112.8534386433242,ANDROID,,湖南省长沙市望城区金山桥街道望城经开区互通,0
100000,102,宁波市,宁波宏骐自行车有限公司,H,54,APP,4,44.3,M,汉,4590,4,01,FATHER,RELATIVES,1,99.0,浙江省,CONSUME,01,,29.528661374249759,121.55810229942478,ANDROID,,浙江省宁波市奉化区莼湖街道,0
100000,105,玉林市,深圳百武西贸易有限公司龙岗分公司,C,24,APP,2,28.9,F,汉,461,2,01,MATE,FRIENDS,2,70.0,广西壮族自治区,CONSUME,01,,22.71047799449266,114.22880577954817,ANDROID,,广东省深圳市龙岗区龙城街道龙翔大道6009,0
100000,105,合肥市,安徽瑞斯迪广告装饰有限公司,R,17,APP,4,39.9,M,汉,4590,2,01,SIBLING,FRIENDS,2,83.319,安徽省,CONSUME,01,,31.82507522134897,116.29362427319767,ANDROID,,安徽省六安市裕安区江家店镇X010,0
100000,103,广元市,膜咖汽车装饰部,E,24,APP,3,32.3,M,汉,5113,2,01,MOTHER,FRIENDS,1,81.3155,四川省,CONSUME,01,,32.6713486363461,105.47411272195534,IOS,,四川省广元市青川县沙州镇,0
100000,102,青岛市,北京包走起文化传媒有限公司,R,17,APP,2,27.4,M,汉,846,4,01,PARENTS,FRIENDS,2,70.0,山东省,CONSUME,01,,39.93375315325471,116.5821405151333,ANDROID,,北京市朝阳区常营(地区)回族乡管庄路,0
100000,104,资阳市,彭伟强个人工作室,Z,90,APP,3,49.7,M,汉,4422,4,01,MATE,FRIENDS,1,70.0,四川省,CONSUME,01,,24.541111024720246,117.5548640590752,ANDROID,,福建省漳州市南靖县靖城镇G355(靖城大道),1
100000,105,北京市,华润超级市场有限公司,H,54,XCX,2,43.6,F,汉,4169,4,01,FRIENDS,MATE,1,70.0,北京市,CONSUME,01,,39.91669088312764,116.53773618907319,ANDROID,,北京市朝阳区高碑店(地区)乡S50(东五环路),0
100000,102,安阳市,筑友智造科技集团有限公司,H,54,APP,3,39.1,M,汉,3700,3,01,MATE,SIBLING,1,91.714,河南省,CONSUME,01,,36.08920052279677,114.40234687851037,ANDROID,,河南省安阳市文峰区中华路街道文明大道辅路,1
100000,105,安康市,西安市灞桥区楠欣五金建材经销处,H,54,XCX,2,49.6,M,汉,4448,4,01,OTHER,FRIENDS,1,70.0,陕西省,CONSUME,01,,34.255285,109.041335,ANDROID,,陕西省西安市灞桥区十里铺街道浐河东路,0
100000,306,惠州市,润泰机动车检测有限公司,L,17,XCX,3,47.0,M,汉,4862,2,01,FRIENDS,RELATIVES,1,70.0,广东省,CONSUME,01,,22.74418740317274,114.37432897257415,ANDROID,,广东省深圳市坪山区坑梓街道秀岭路,0
100000,307,洛阳市,魏静个人工作室,G,13,APP,4,44.8,F,汉,4395,2,01,FRIENDS,FRIENDS,1,70.0,河南省,CONSUME,01,,34.65678997249543,112.4222681320601,ANDROID,,河南省洛阳市西工区王城路街道丽春东路,0
100000,,攀枝花市,张寿军个人工作室,Z,90,APP,2,44.3,M,汉,4357,4,01,CHILDREN,OTHER,3,70.0,四川省,CONSUME,01,,26.57812849790119,101.74393033664077,ANDROID,,四川省攀枝花市东区炳草岗街道金沙江大道中段,0
100000,105,湛江市,财神酒店,I,54,APP,2,28.7,F,汉,6466,4,01,SIBLING,FRIENDS,2,70.0,广东省,CONSUME,02,,23.060916491192278,112.45486436321032,ANDROID,,广东省肇庆市端州区城西街道黄塘东路5号,0
100000,103,惠州市,惠州市锋鸣实业责任有限公司,C,24,APP,2,47.8,M,汉,2530,4,01,OTHER,MATE,1,70.0,广东省,CONSUME,01,,22.80985116367834,114.46135367368176,ANDROID,,广东省惠州市惠阳区淡水街道永兴路55号,0
100000,103,梅州市,钟慧平个人工作室,H,54,APP,3,27.9,F,汉,791,4,01,SIBLING,MATE,1,70.0,广东省,CONSUME,01,,24.660682210345838,116.18198266545761,ANDROID,,广东省梅州市蕉岭县蕉城镇,0
100000,301,邵阳市,上海科路土木工程咨询有限公司,Z,90,APP,4,39.6,M,汉,3706,4,01,MATE,FATHER,2,70.0,湖南省,CONSUME,01,,30.984580972577296,121.25516094094727,ANDROID,,上海市松江区车墩镇官联公路,0
100000,102,商洛市,陕西宇盛鑫工程有限公司,E,24,APP,4,35.1,M,汉,4988,2,01,MATE,FRIENDS,1,88.843,陕西省,CONSUME,01,,28.164855670327943,112.99765370014237,IOS,,湖南省长沙市雨花区砂子塘街道劳动中路378号,1
100000,,廊坊市,北京市统计局,G,13,XCX,3,27.8,M,汉,1358,4,01,MATE,FRIENDS,1,70.0,河北省,CONSUME,01,,39.93441807622815,116.11293095659227,ANDROID,,北京市石景山区广宁街道双峪桥,0
100000,103,南昌市,门博士门业,C,24,APP,3,36.8,M,汉,5116,3,01,MATE,FATHER,1,96.0,江西省,CONSUME,02,,39.699340463260529,116.54979686323425,IOS,,北京市大兴区青云店镇,0
100000,104,盐城市,葡享贸易,C,24,XCX,3,36.8,F,汉,4133,4,01,FATHER,MOTHER,1,91.799,江苏省,CONSUME,01,,33.326457241190627,120.19062903212536,IOS,,江苏省盐城市盐都区新都街道戴庄路,0
100000,103,聊城市,聊城安丰钢管有限公司,C,24,APP,3,34.3,M,汉,5905,4,01,FATHER,SIBLING,2,75.27966,山东省,CONSUME,01,,36.50913131454808,116.14533379379331,ANDROID,,山东省聊城市茌平区温陈街道S1(济聊高速),0
100000,105,成都市,成都永好房产经纪有限公司,O,17,APP,3,32.0,M,汉,5249,4,01,FRIENDS,COLLEAGUE,2,90.635,四川省,CONSUME,02,,30.553364616422056,104.2805154402347,ANDROID,,四川省成都市龙泉驿区龙泉街道龙泉街道,0
100000,102,合肥市,万通智控科技有限公司,G,13,APP,3,39.4,F,汉,3405,3,01,MATE,SIBLING,1,78.65632,安徽省,CONSUME,02,,30.43889497603349,120.32838180423043,ANDROID,,浙江省杭州市临平区东湖街道,0
100000,,上饶市,江西江铜化工有限公司,C,24,XCX,3,41.9,M,汉,4737,2,01,MATE,FATHER,1,70.0,江西省,CONSUME,01,,28.94194605178386,117.6071784344295,ANDROID,,江西省上饶市德兴市新营街道,0
100000,103,清远市,凯顺不锈钢,H,54,XCX,4,25.8,M,汉,108,3,01,FATHER,FRIENDS,2,77.032326,广东省,CONSUME,01,,22.963786397581044,113.03958922894913,ANDROID,,广东省佛山市禅城区南庄镇Y005,0
100000,103,保山市,云南东环物业管理有限公司,L,17,XCX,3,53.2,F,汉,826,4,01,RELATIVES,OTHER,3,88.971,云南省,CONSUME,01,,25.049065651973309,102.74166490791497,IOS,,云南省昆明市盘龙区东华街道文汇巷,0
100000,105,南平市,福建省南平市南山保温工程有限公司,E,24,APP,2,36.5,M,汉,3756,2,01,SIBLING,MATE,1,70.0,福建省,CONSUME,02,,27.031181202985914,118.3458662634185,ANDROID,,福建省南平市建瓯市通济街道,0
100000,103,杭州市,戴怡菲个人工作室,Z,90,APP,4,31.2,F,汉,6086,2,01,FATHER,FRIENDS,1,89.9842,浙江省,CONSUME,01,,30.174314402878069,120.16658947653443,ANDROID,,浙江省杭州市滨江区浦沿街道清旷街,0
100000,102,广元市,私营业主,Z,90,APP,2,35.8,M,汉,4245,4,01,MATE,COLLEAGUE,1,76.0,四川省,CONSUME,01,,32.49561216200845,106.2470813338339,ANDROID,,四川省广元市旺苍县天星镇,0
100000,105,洛阳市,北京震海家具,C,24,APP,2,36.7,M,汉,6117,4,01,MATE,MOTHER,1,90.845,河南省,CONSUME,01,,39.924191652737658,116.46331107933848,ANDROID,,北京市朝阳区团结湖街道团结湖南路11号,0
100000,102,承德市,承德拓阳大酒店,I,54,APP,4,30.6,M,汉,6432,2,01,FATHER,FRIENDS,1,92.44215,河北省,CONSUME,01,,40.693820199412687,117.25575662987142,ANDROID,,河北省承德市滦平县巴克什营镇X516,0
100000,103,赣州市,江西群荣建设工程有限公司,E,24,APP,4,55.2,M,汉,2800,3,,MATE,COLLEAGUE,1,70.0,江西省,CONSUME,01,,36.387481485324638,118.32036276499582,ANDROID,,山东省潍坊市临朐县五井镇,0
100000,307,唐山市,唐山瑞茂,H,54,APP,4,34.7,M,汉,4944,4,01,CHILDREN,MATE,1,70.0,河北省,CONSUME,01,,39.632714863084228,118.19908930175481,ANDROID,,河北省唐山市路北区乔屯街道北新东道,0
100000,104,张家口市,河北盈辉家居建材有限公司,C,24,APP,3,28.1,M,汉,1265,2,01,FATHER,COLLEAGUE,2,78.899536,河北省,CONSUME,01,,38.048681917598518,114.58300204728755,ANDROID,,河北省石家庄市长安区谈固街道跃进路,0
100000,,北京市,东方演艺集团,Z,90,APP,3,35.6,F,汉,5319,2,01,FATHER,FRIENDS,1,70.0,北京市,CONSUME,01,,39.926374523079889,116.44955872950158,ANDROID,,北京市朝阳区三里屯街道三里屯路16-5号,0
100000,102,宿迁市,湖南鑫牧乐生物科技有限公司,M,11,APP,3,38.3,M,汉,4876,4,01,MATE,FATHER,1,90.755,江苏省,CONSUME,01,,28.24731606489106,113.1096298942793,ANDROID,,湖南省长沙市长沙县星沙街道G319辅路,0
100000,102,烟台市,鸿富锦精密电子,G,13,APP,3,28.8,M,汉,7249,2,01,FRIENDS,RELATIVES,2,86.588,山东省,CONSUME,02,,37.574664440712179,121.28256958191561,ANDROID,,山东省烟台市福山区古现街道海滨路,0
100000,,达州市,广东家亿轩门窗有限公司,O,17,APP,3,38.0,M,汉,4375,3,01,MATE,FRIENDS,1,70.0,四川省,CONSUME,01,,30.802598,104.177045,ANDROID,,四川省成都市新都区新都街道和林路,0
100000,,武威市,甘肃乐托牧业有限公司,Z,90,APP,4,34.5,M,汉,413,4,01,MATE,SIBLING,1,86.663,甘肃省,CONSUME,01,,37.92792371961806,102.66172932942709,ANDROID,,甘肃省武威市凉州区高坝镇荣华北路,0
100000,103,泰安市,新泰市第三人民医院,Q,11,APP,4,44.2,M,汉,869,4,01,MATE,FATHER,1,70.0,山东省,CONSUME,01,,35.92124001570052,117.77550404608411,ANDROID,,山东省泰安市新泰市青云街道顺河东路,1
100000,105,苏州市,美吉姆国际儿童教育中心,P,13,APP,4,35.5,M,汉,7112,4,01,PARENTS,SIBLING,1,87.587,江苏省,CONSUME,01,,31.27996929780968,120.61617763584383,ANDROID,,江苏省苏州市姑苏区吴门桥街道南环西路27号-1幢,0
100000,102,安顺市,普定县第二中学,P,13,APP,4,38.9,F,汉,3491,2,01,MATE,FRIENDS,1,78.79781,贵州省,CONSUME,01,,26.30873841215142,105.74794734914048,ANDROID,,贵州省安顺市普定县定南街道红旗路,0
100000,102,池州市,合肥品硬电子商务有限公司,G,13,APP,2,27.8,M,汉,891,3,,RELATIVES,MATE,1,90.634,安徽省,CONSUME,01,,31.878689945004284,117.31380325537045,ANDROID,,安徽省合肥市瑶海区长淮街道临泉路2932号,0
100000,103,新乡市,万惠通讯行,G,13,APP,2,45.0,M,汉,990,3,01,FATHER,FATHER,1,70.0,河南省,CONSUME,01,,35.14894357223592,114.21099898093292,ANDROID,,河南省新乡市延津县城关镇,0
100000,,上饶市,武夷山市元孚茶业,Z,90,XCX,4,37.2,F,汉,6353,4,01,PARENTS,FRIENDS,1,87.038,江西省,CONSUME,01,,28.66282713166155,115.84780251839219,ANDROID,,江西省南昌市红谷滩区红角洲管理区赣江中大道,0
100000,102,青岛市,珂兰养生馆,O,17,APP,2,43.6,F,汉,2019,3,01,OTHER,OTHER,1,76.79571,山东省,CONSUME,01,,36.122728376820628,120.44228816439645,ANDROID,,山东省青岛市崂山区中韩街道松岗路,0
100000,103,泉州市,新源针织,H,54,APP,2,47.0,F,汉,410,4,01,FATHER,FRIENDS,3,70.0,福建省,CONSUME,01,,25.126187147240139,118.48290074093902,ANDROID,,福建省泉州市南安市梅山镇文明路,0
100000,103,重庆市,商融建设集合有限公司,E,24,APP,3,39.0,F,汉,3486,3,01,MATE,MOTHER,1,70.0,重庆市,CONSUME,01,,29.594128465171275,106.52236162608364,ANDROID,,重庆市渝北区龙溪街道红锦支路108号,0
100000,103,湖州市,黑皮汽车服务中心,C,24,APP,3,30.1,M,汉,6355,2,01,MATE,RELATIVES,1,91.239,浙江省,CONSUME,01,,30.63730906363955,119.67082569428526,ANDROID,,浙江省湖州市安吉县递铺街道浦源大道834号,0
100000,105,石家庄市,创利科技,G,13,APP,3,37.2,M,汉,5751,4,01,SIBLING,FATHER,2,70.0,河北省,CONSUME,01,,37.691801915175482,117.283005985186549,ANDROID,,山东省德州市乐陵市铁营镇,0
100000,104,绵阳市,食商优购,H,54,APP,4,39.8,M,羌,5221,2,01,FATHER,SIBLING,1,86.111,四川省,CONSUME,01,,31.460536142133785,104.69879510496837,ANDROID,,四川省绵阳市涪城区普明街道滨河北路中段,0
100000,103,成都市,张雨个人工作室,Z,90,APP,4,27.2,M,汉,627,4,01,FATHER,FATHER,2,85.234,四川省,CONSUME,01,,30.2718620874741,104.30519893853669,ANDROID,,四川省成都市简阳市董家埂镇三岔湖环湖东路,0
100000,105,韶关市,众佳好物业公司,L,17,XCX,3,38.5,F,汉,3808,4,01,MOTHER,FRIENDS,1,70.0,广东省,CONSUME,02,,25.122024304256969,114.33289971430254,ANDROID,,广东省韶关市南雄市雄州街道,0
100000,103,绍兴市,绍兴市上虞区长塘镇铭翔塑料模具厂,C,24,APP,2,45.9,M,汉,276,4,01,MATE,FRIENDS,1,88.006,浙江省,CONSUME,01,,29.95866128398707,120.824750037272,ANDROID,,浙江省绍兴市上虞区长塘镇,0
100000,,扬州市,扬州市沃瑞达机械有限公司,C,24,APP,2,38.3,M,汉,3776,2,01,MOTHER,FRIENDS,1,70.0,江苏省,CONSUME,01,,32.754964,119.515533,ANDROID,,江苏省扬州市高邮市卸甲镇Y005(高汉路),0
100000,104,杭州市,杭州邦美展览器材有限公司,R,17,APP,4,38.9,F,汉,5425,4,01,PARENTS,FRIENDS,1,70.0,浙江省,CONSUME,01,,30.467636377550979,120.14924441384076,IOS,,浙江省杭州市临平区塘栖镇张家墩路,0
100000,,定州市,河北省定州市区政府,S,11,XCX,4,27.8,M,汉,954,3,01,FATHER,FRIENDS,2,70.0,河北省,CONSUME,01,,38.504650336371526,115.00244954427083,ANDROID,,河北省保定市定州市南城区街道自来佛南街辅路,0
100000,103,金华市,春晗四区理家堂公寓二号楼二单元502,C,24,APP,2,30.6,M,汉,5974,4,01,FATHER,FRIENDS,2,79.47861,浙江省,CONSUME,01,,29.215948775915384,120.01563622387134,ANDROID,,浙江省金华市义乌市佛堂镇蟠龙桥,0
100000,102,合肥市,合肥市金垠利商贸有限公司,H,54,APP,2,54.9,F,汉,508,2,01,FRIENDS,SIBLING,1,70.0,安徽省,CONSUME,01,,31.81098726039374,117.17754397325503,ANDROID,,安徽省合肥市肥西县桃花镇长安路,1
100000,,上海市,上海海昌食品有限公司,Z,90,APP,3,53.7,F,汉,99999,4,01,CHILDREN,FRIENDS,3,70.0,上海市,CONSUME,01,,31.164438930161365,121.35161528200392,ANDROID,,上海市闵行区七宝镇新镇路1678,0
100000,103,嘉兴市,嘉兴市自然资源和规划局秀洲分局,S,11,APP,4,39.9,F,汉,3967,2,01,FATHER,MATE,1,70.0,浙江省,CONSUME,01,,30.783954942327648,120.7078882148197,ANDROID,,浙江省嘉兴市秀洲区嘉北街道郎中桥路,0
100000,103,延安市,志丹县国有资产经营管理中心,S,11,APP,3,47.1,M,汉,1522,3,01,FRIENDS,OTHER,1,70.0,陕西省,CONSUME,01,,36.81447300631786,108.78810782598142,ANDROID,,陕西省延安市志丹县保安街道,0
100000,,白城市,通榆县纤影之昕减肥会馆,Z,90,APP,4,49.1,M,汉,913,4,01,SIBLING,RELATIVES,1,70.0,吉林省,CONSUME,01,,44.83321855803732,123.11160119480225,ANDROID,,吉林省白城市通榆县开通镇,0
100000,105,温州市,波哥鱼饼,Z,90,APP,2,46.1,F,汉,997,3,01,FRIENDS,FRIENDS,1,70.0,浙江省,CONSUME,01,,27.480776095920138,120.57944281684028,ANDROID,,浙江省温州市龙港市舥艚片区环东大桥,0
100000,103,南充市,康友四季,H,54,APP,2,35.3,F,汉,4144,2,01,FATHER,RELATIVES,3,75.3427,四川省,CONSUME,01,,31.357496829822339,106.05397551595992,ANDROID,,四川省南充市南部县南隆街道金洞路,0
100000,105,重庆市,重庆久明水电工程有限公司,D,17,XCX,3,34.5,M,汉,4669,4,01,RELATIVES,FRIENDS,1,70.0,重庆市,CONSUME,01,,29.731482,106.631901,ANDROID,,重庆市渝北区两路街道航达路,0
100000,105,沈阳市,河北常盛建设工程有限公司,E,24,APP,3,45.7,M,汉,5765,3,01,COLLEAGUE,FRIENDS,1,90.539,辽宁省,CONSUME,01,,24.4411684956889,117.6978282650282,ANDROID,,福建省漳州市龙海区颜厝镇,0
100000,105,黄冈市,雷特科技,G,13,APP,3,52.0,F,汉,998,2,01,RELATIVES,COLLEAGUE,1,76.534,湖北省,CONSUME,01,,30.459979705470326,115.26673446432193,ANDROID,,湖北省黄冈市浠水县清泉镇绿杨桥路,0
100000,103,保定市,河北创熙科技发展有限公司,G,13,APP,4,31.6,M,汉,5869,3,01,SIBLING,SIBLING,2,84.352,河北省,CONSUME,01,,38.07928909752125,114.54500212567619,ANDROID,,河北省石家庄市长安区高营镇新星街,0
100000,102,承德市,承德九方建筑工程有限公司,E,24,APP,3,35.8,M,汉,4126,2,01,COLLEAGUE,COLLEAGUE,1,70.0,河北省,CONSUME,01,,40.97777458436161,117.99335909783993,ANDROID,,河北省承德市双桥区大石庙镇,0
100000,,广州市,广州中昇运输服务有限公司,Z,90,APP,3,34.7,F,汉,5291,4,01,MOTHER,SIBLING,1,70.0,广东省,CONSUME,01,,23.413482130382606,113.23596148007784,ANDROID,,广东省广州市花都区花城街道三东村向南二街,0
100000,102,德阳市,四川金泰豪科技有限公司,Z,90,XCX,2,31.7,M,汉,6228,4,01,FRIENDS,FRIENDS,1,90.143,四川省,CONSUME,01,,30.69871568577679,104.0228527809519,ANDROID,,四川省成都市金牛区茶店子街道安蓉路6号,0
100000,,东营市,东营经开万达商业管理有限公司,Z,90,XCX,3,29.5,M,汉,1445,4,01,RELATIVES,FRIENDS,2,70.0,山东省,CONSUME,01,,37.4124169921875,118.70221950954861,ANDROID,,山东省东营市东营区东营商贸园潍河路,0
100000,103,汕头市,蔡瑞英个人工作室,Z,90,APP,2,50.5,F,汉,973,4,01,CHILDREN,MOTHER,1,70.0,广东省,CONSUME,01,,23.444079058654976,116.80849170407724,ANDROID,,广东省汕头市澄海区凤翔街道凤翔路,0
100000,309,蚌埠市,江苏省南京市鼓楼区三牌楼大街14号爱慕,H,54,APP,2,40.7,F,汉,5380,4,01,RELATIVES,FRIENDS,1,70.0,安徽省,CONSUME,01,,32.078502332899305,118.76688151041667,ANDROID,,江苏省南京市鼓楼区中央门街道司背后1-1号,0
100000,104,杭州市,杭州江湾房地产管理有限公司,K,17,APP,2,42.1,F,汉,3519,2,01,FATHER,MATE,1,74.81369,浙江省,CONSUME,01,,30.162337760691626,120.10987198054724,ANDROID,,浙江省杭州市西湖区转塘街道枫桦东路,0
100000,105,忻州市,刘荣花个人工作室,Z,90,XCX,4,51.4,F,汉,2516,3,01,CHILDREN,COLLEAGUE,1,70.0,山西省,CONSUME,01,,39.43475386764777,111.52288981353954,ANDROID,,山西省忻州市偏关县窑头乡,0
100000,104,曲靖市,云南澳度智能家居有限公司,C,24,XCX,3,33.7,F,汉,4585,2,01,CHILDREN,FRIENDS,2,88.97657,云南省,CONSUME,01,,25.054922909614928,103.78231781536633,IOS,,云南省曲靖市陆良县三岔河镇,0
100000,105,常州市,溧阳涵海消防维保工程有限公司,E,24,APP,3,50.0,M,汉,768,4,01,MOTHER,COLLEAGUE,1,90.895,江苏省,CONSUME,02,,31.420113632180926,119.48564901603658,ANDROID,,江苏省常州市溧阳市溧城街道南大街200号-11,0
100000,102,赣州市,福建国达陶瓷有限公司,C,24,APP,3,33.8,M,汉,6108,3,01,MATE,RELATIVES,1,78.8296,江西省,CONSUME,01,,24.787477302642324,118.44665942963072,ANDROID,,福建省泉州市晋江市内坑镇,0
100000,103,郑州市,非传统公司,G,13,XCX,3,39.0,M,汉,5458,4,01,MATE,FRIENDS,1,70.0,河南省,CONSUME,01,,28.114831528199639,113.03676355655122,ANDROID,,湖南省长沙市雨花区洞井街道丽井路,0
100000,105,临沂市,岳立胜个人工作室,Z,90,XCX,3,27.3,M,汉,1210,4,,MATE,COLLEAGUE,2,93.23334,山东省,CONSUME,04,,35.467123992391169,117.66065090851254,IOS,,山东省临沂市平邑县平邑街道平康路,0
100000,104,嘉兴市,憨海宁市憨厚豪爽服饰有限公司,C,24,APP,2,28.6,M,汉,91,2,01,FATHER,MOTHER,2,70.0,浙江省,CONSUME,01,,30.49284574636747,120.63416871180348,ANDROID,,浙江省嘉兴市海宁市斜桥镇华丰路,0
100000,,新余市,中国人民保险公司,J,13,APP,3,35.4,M,汉,4179,4,01,FATHER,SIBLING,2,70.0,江西省,CONSUME,02,,27.883541,114.91581,ANDROID,,江西省新余市渝水区下村镇,0
100000,105,岳阳市,夏雯个人工作室,Z,90,XCX,2,39.5,F,汉,5612,4,01,MATE,FATHER,1,70.0,湖南省,CONSUME,01,,28.128496264522476,113.00752864183494,ANDROID,,湖南省长沙市雨花区井湾子街道井湾路316号,0
100000,,北京市,北京市水务局党校,Z,90,APP,4,41.3,M,汉,4058,3,01,FRIENDS,FRIENDS,3,70.0,北京市,CONSUME,01,,39.91686870934263,116.31376185957922,ANDROID,,北京市海淀区甘家口街道中堤桥,0
100000,301,淮南市,大通区人民政府大通街道办事处,S,11,APP,4,27.0,M,汉,1349,2,01,MOTHER,FRIENDS,2,87.041,安徽省,CONSUME,01,,32.756892696107339,116.52834651242938,ANDROID,,安徽省淮南市凤台县岳张集镇,0
100000,104,淮南市,上汽大众杭州申华,C,24,APP,4,39.8,F,汉,4473,4,01,FATHER,FRIENDS,2,95.0,安徽省,CONSUME,02,,30.20548220354991,120.23478819643045,ANDROID,,浙江省杭州市萧山区北干街道启迪路,0
100000,105,宿迁市,苏州鑫康特机械科技有限公司,Z,90,APP,2,39.2,M,汉,3781,4,01,FRIENDS,FATHER,1,70.0,江苏省,CONSUME,01,,31.50464626736111,120.72254638671875,ANDROID,,江苏省苏州市相城区阳澄湖镇田多里路11号,0
100000,102,昆明市,瑞丽市竹子珠宝店,H,54,APP,2,42.9,M,汉,4134,4,01,MATE,MATE,1,91.023,云南省,CONSUME,01,,23.358366292519464,112.72208553138113,ANDROID,,广东省肇庆市四会市东城街道,1
100000,306,东莞市,蓝菲尔有有限公司,Z,90,APP,3,43.9,F,汉,1250,4,01,FRIENDS,FRIENDS,1,87.98847,广东省,CONSUME,01,,23.006345857959717,113.7785895088452,ANDROID,,广东省东莞市东城街道横岭村九巷,0
100000,103,温州市,一柒空间设计有限公司,H,54,APP,4,37.5,M,汉,5648,2,01,PARENTS,MATE,1,89.132,浙江省,CONSUME,02,,28.006421881954258,120.69400220624422,ANDROID,,浙江省温州市鹿城区蒲鞋市街道学院中路,0
100000,105,亳州市,佟庭庭个人工作室,Z,90,APP,2,36.3,F,汉,5086,4,01,MATE,FRIENDS,3,70.0,安徽省,CONSUME,01,,33.8395555842981,115.76484811596632,ANDROID,,安徽省亳州市谯城区薛阁街道宋汤河路,0
100000,103,长治市,平顺县水利局,S,11,APP,3,48.1,F,汉,4093,2,01,MATE,RELATIVES,1,90.0,山西省,CONSUME,01,,36.205724228258407,113.45410558809447,ANDROID,,山西省长治市平顺县青羊镇,0
100000,102,梅州市,兴宁市退役军人事务局,S,11,APP,3,45.7,F,汉,565,3,01,MATE,MOTHER,1,70.0,广东省,CONSUME,01,,24.124152,115.732972,ANDROID,,广东省梅州市兴宁市宁新街道兴鸿三街,0
100000,105,绵阳市,兰溪市涵尚装饰工程有限公司,E,24,APP,3,43.8,F,汉,830,2,,MATE,FRIENDS,1,70.0,四川省,CONSUME,01,,29.22119295677601,119.4339874505637,ANDROID,,浙江省金华市兰溪市兰江街道上园路,0
100000,105,盐城市,苏州市工业园区花觅百货贸易馆,H,54,XCX,3,34.4,F,汉,5878,4,01,MATE,SIBLING,1,78.80293,江苏省,CONSUME,01,,31.361802467713216,120.64595547136412,ANDROID,,江苏省苏州市相城区澄阳街道G1522(常台高速),0
100000,105,周口市,项城市进修学校,P,13,APP,4,52.5,M,汉,60,4,01,MOTHER,FRIENDS,1,81.891945,河南省,CONSUME,01,,33.453359778469287,114.89652269101902,ANDROID,,河南省周口市项城市水寨街道团结路,0
100000,102,合肥市,上海信产管理咨询有限公司,L,17,APP,3,44.3,M,汉,2348,2,01,SIBLING,FRIENDS,1,70.0,安徽省,CONSUME,01,,31.297216349579938,121.50045135996014,ANDROID,,上海市杨浦区五角场街道国年路275弄,0
100000,,潮州市,阿宜杂货小店,H,54,APP,2,41.9,F,汉,3132,4,01,FATHER,FRIENDS,1,70.0,广东省,CONSUME,01,,23.674879286024307,116.63103244357639,ANDROID,,广东省潮州市湘桥区城西街道春光上埔新安路,0
100000,103,滁州市,扬杰科技有限公司,G,13,APP,2,33.2,M,汉,5612,2,01,FATHER,FRIENDS,1,89.34917,安徽省,CONSUME,02,,32.665125134737497,119.02705725966213,ANDROID,,安徽省滁州市天长市广陵街道千秋大道,0
100000,102,常州市,太平鸟时尚服饰有限公司,Z,90,APP,2,43.4,F,汉,3905,2,01,PARENTS,CHILDREN,1,70.0,江苏省,CONSUME,01,,31.82333420599411,120.01373360030589,ANDROID,,江苏省常州市天宁区青龙街道黄河东路,0
100000,105,海北藏族自治州,祁连县默勒镇人民政府,S,11,APP,3,43.9,M,蒙古,4092,2,01,MATE,FRIENDS,1,96.0,青海省,CONSUME,02,,36.964041512616827,100.90712483699835,ANDROID,,青海省海北藏族自治州海晏县西海镇S310(门源路),0
100000,104,楚雄彝族自治州,昆明幼儿师范高等专科学校,P,13,XCX,3,27.0,F,彝,880,4,01,PARENTS,FRIENDS,2,70.0,云南省,CONSUME,01,,25.122372279829599,102.75852621210119,ANDROID,,云南省昆明市盘龙区龙泉街道北京路辅路,0
100000,309,阿坝藏族羌族自治州,引力游泳健身俱乐部,R,17,XCX,2,34.7,F,汉,6845,4,01,MOTHER,FRIENDS,1,85.656,四川省,CONSUME,01,,30.798440961222359,103.8777243426939,IOS,,四川省成都市郫都区郫筒街道蜀信西路,0
100000,301,重庆市,南明区黄亚川通讯经营部,Z,90,APP,2,35.2,M,汉,5736,4,,MOTHER,MATE,1,81.484,重庆市,CONSUME,01,,30.386021,104.097393,ANDROID,,四川省成都市双流区兴隆街道创意南路,0
100000,,济南市,上海森琛实业有限公司,Z,90,APP,4,44.8,F,汉,518,4,01,SIBLING,COLLEAGUE,1,70.0,山东省,CONSUME,01,,31.155466698574164,121.25463054443786,ANDROID,,上海市青浦区徐泾镇前云路263弄-55号-临,0
100000,105,邯郸市,蔡江夺个人工作室,Z,90,APP,2,43.8,M,汉,5711,4,01,MATE,CHILDREN,1,70.0,河北省,CONSUME,01,,28.266760061234927,112.69312159494263,ANDROID,,湖南省长沙市望城区白箬铺镇,0
100000,301,安康市,三乡镇观古阁工艺品店,H,54,APP,4,48.2,M,汉,2455,4,01,MATE,FRIENDS,1,80.19985,陕西省,CONSUME,01,,32.69250092087902,109.03836390203272,ANDROID,,陕西省安康市汉滨区新城街道高井路,0
100000,103,盐城市,成都东湖首席餐饮有限公司簇锦分公司,I,54,APP,2,42.2,M,汉,4065,3,01,MATE,FRIENDS,1,77.38881,江苏省,CONSUME,01,,30.63147161841573,104.02209751451828,ANDROID,,四川省成都市武侯区红牌楼街道佳灵路22号-附20号,0
100000,,苏州市,苏州市吴江区黎里镇动迁,Z,90,XCX,4,30.1,M,汉,1902,3,01,FRIENDS,MATE,1,70.0,江苏省,CONSUME,01,,31.017181532118055,120.84123969184027,ANDROID,,江苏省苏州市吴江区黎里镇G318(上聂线),0
100000,103,阜阳市,张求个人工作室,Z,90,APP,2,40.1,M,汉,4714,3,01,FRIENDS,FRIENDS,1,96.065,安徽省,CONSUME,02,,32.988603903107719,115.6662318844468,ANDROID,,安徽省阜阳市颍泉区行流镇,0
100000,,平凉市,甘肃京奥达保安公司,O,17,APP,3,37.1,F,汉,4891,4,01,MOTHER,FRIENDS,1,70.0,甘肃省,CONSUME,01,,35.54953386843809,106.70988200884709,ANDROID,,甘肃省平凉市崆峒区柳湖镇,0
100000,102,成都市,四川土木金华建筑工程有限公司,E,24,APP,4,47.5,M,回,4526,4,,MATE,SIBLING,1,92.448,四川省,CONSUME,01,,32.23030320943241,106.29429197490242,ANDROID,,四川省广元市旺苍县东河镇学道街,0
100000,102,承德地区,烟台金海药业有限公司,M,11,APP,4,43.9,M,满,1249,4,01,SIBLING,FRIENDS,1,89.682,河北省,CONSUME,01,,36.562080193168849,116.83078717499511,IOS,,山东省济南市长清区平安街道,1
100000,104,佳木斯市,北京加汇飞腾有限责任公司,Z,90,APP,3,51.0,F,回,1662,4,01,MOTHER,MATE,1,98.0,黑龙江省,CONSUME,01,,18.398363654025237,109.84753399449383,IOS,,海南省陵水黎族自治县英州镇,0
100000,104,太原市,天地伟业技术有限公司,Z,90,APP,4,42.4,M,汉,4204,3,01,MATE,FATHER,1,70.0,山西省,CONSUME,01,,37.90784301789837,112.57107490476408,ANDROID,,山西省太原市杏花岭区涧河街道,0
100000,103,绵阳市,绵阳经开置业有限责任公司,G,13,APP,4,28.7,F,汉,6464,2,01,FATHER,SIBLING,2,93.997,四川省,CONSUME,01,,31.40801946396811,104.77070666838383,IOS,,四川省绵阳市涪城区塘汛街道文武中路辅路,0
100000,,重庆市,粟达个人工作室,Z,90,APP,2,28.3,M,汉,824,3,01,SIBLING,FRIENDS,2,70.0,重庆市,CONSUME,01,,24.560275,118.022369,ANDROID,,福建省厦门市集美区杏滨街道永丰路,0
100000,104,成都市,在家务农,Z,90,APP,2,44.6,F,汉,4070,4,01,RELATIVES,FRIENDS,3,70.0,四川省,CONSUME,01,,30.6542086244897,104.20713822419327,ANDROID,,四川省成都市龙泉驿区西河街道西江西路,0
100000,105,湘潭市,湘潭市忻欣美建材有限公司,E,24,APP,3,42.7,M,汉,4528,2,01,PARENTS,SIBLING,1,70.0,湖南省,CONSUME,01,,27.774963518219449,112.95431743730075,ANDROID,,湖南省湘潭市湘潭县易俗河镇海棠中路辅路,0
100000,403,泉州市,弘惠建筑有限公司,E,24,APP,2,38.0,F,汉,5301,2,01,MATE,FATHER,1,87.653,福建省,CONSUME,01,,24.934690148605616,118.67153987610094,ANDROID,,福建省泉州市洛江区万安街道万智街,0
100000,105,天津市,新一（天津）艺术培训学校有限公司,P,13,XCX,4,29.6,M,汉,1918,4,01,RELATIVES,MATE,1,70.0,天津市,CONSUME,01,,39.161854,117.203767,ANDROID,,天津市河北区望海楼街道东二经路1号,1
100000,104,周口市,项城北极星服装有限公司,C,24,APP,2,45.4,M,汉,1242,4,01,MATE,RELATIVES,1,70.0,河南省,CONSUME,01,,33.43520255147497,114.8854458443352,ANDROID,,河南省周口市项城市花园街道富民路,0
100000,102,安庆市,钱桥镇中心卫生院,Q,11,APP,4,54.3,M,汉,951,2,,RELATIVES,SIBLING,1,70.0,安徽省,CONSUME,01,,30.858323850605325,117.73121010325834,ANDROID,,安徽省铜陵市郊区郊区经济开发区G3(京台高速),0
100000,104,广安市,惠州市沁润工程咨询有限公司,L,17,APP,3,35.7,M,汉,4794,4,01,MATE,FATHER,1,70.0,四川省,CONSUME,02,,22.7763901211924,113.83606865266639,ANDROID,,广东省深圳市宝安区松岗街道勋业街8-3,0
100000,102,四平市,金壁来张装饰公司,E,24,APP,2,50.6,M,满,2547,4,01,MATE,FRIENDS,1,80.673,吉林省,CONSUME,01,,43.18165029969927,124.36677403673117,ANDROID,,吉林省四平市铁西区北沟街道滨河路,0
100000,103,唐山市,清荷教育,P,13,APP,4,46.4,F,汉,273,3,01,MATE,FRIENDS,1,70.0,河北省,CONSUME,01,,39.90659234818871,117.74543440564399,ANDROID,,河北省唐山市玉田县玉田镇,0
100000,309,温州市,中铁十一局,E,24,XCX,2,42.4,M,汉,3804,3,01,FATHER,FRIENDS,2,70.0,浙江省,CONSUME,01,,28.478889973958335,120.77963080512153,ANDROID,,浙江省温州市永嘉县岩坦镇,0
100000,301,北京市,北京三快在线科技有限公司,G,13,APP,4,32.9,M,汉,4791,4,01,OTHER,OTHER,2,78.67136,北京市,CONSUME,01,,31.235549160128408,121.39222264685124,ANDROID,,上海市普陀区长风新村街道大渡河路919号,0
100000,105,宁波市,诸暨三创家具有限公司,C,24,APP,2,44.2,M,汉,1153,4,01,OTHER,OTHER,1,75.37806,浙江省,CONSUME,01,,30.431799940516329,120.33169459620264,ANDROID,,浙江省嘉兴市海宁市许村镇长树新街,0
100000,,常德市,潮州三环集团,H,54,APP,4,26.1,M,汉,1378,3,01,FATHER,COLLEAGUE,2,70.0,湖南省,CONSUME,01,,28.204929,113.085362,ANDROID,,湖南省长沙市芙蓉区东湖街道红园东路,0
100000,102,芜湖市,芜湖县中意液压有限公司,C,24,XCX,2,32.7,M,汉,6702,2,01,SIBLING,FRIENDS,1,85.457,安徽省,CONSUME,01,,31.147947402580127,118.6310460402816,ANDROID,,安徽省芜湖市湾沚区安徽新芜经济开发区新芜大道,0
100000,103,佛山市,佛山市荣基建筑有限公司,E,24,APP,4,43.4,F,汉,5955,2,01,MATE,FRIENDS,1,70.0,广东省,CONSUME,01,,22.921291528500807,112.92555408332025,ANDROID,,广东省佛山市南海区西樵镇,0
100000,309,西宁市,青海熙悦母婴护理有限公司,C,24,APP,4,27.8,M,汉,734,4,01,PARENTS,FRIENDS,2,70.0,青海省,CONSUME,01,,36.65273192574278,101.73801352845645,ANDROID,,青海省西宁市城北区马坊街道G213(柴达木路),0
100000,102,揭阳市,三妹海鲜店,H,54,APP,1,26.8,M,汉,946,4,01,FRIENDS,FRIENDS,2,70.0,广东省,CONSUME,02,,23.247982504442484,116.63462443136415,ANDROID,,广东省汕头市潮阳区城南街道,0
100000,103,嘉兴市,宜兴市宇昇纺织科技有限公司,C,24,APP,2,46.4,M,汉,4506,2,01,MATE,RELATIVES,1,70.0,浙江省,CONSUME,01,,28.23853912229219,113.09381846535639,ANDROID,,湖南省长沙市长沙县星沙街道北斗路,0
100000,310,武汉市,武汉杨记隆府有限公司,Z,90,APP,4,38.1,M,汉,5640,3,01,MOTHER,FRIENDS,1,89.767,湖北省,CONSUME,01,,30.620448329416136,114.30802599549554,ANDROID,,湖北省武汉市江岸区二七街道解放大道1993号,0
100000,103,广安市,重庆市兴叶建筑劳务公司,E,24,APP,2,49.9,M,汉,2777,4,01,FRIENDS,SIBLING,1,95.072,四川省,CONSUME,01,,29.708161669497899,106.63381284958008,ANDROID,,重庆市渝北区两路街道机场西二路,0
100000,303,安庆市,盛世雅歌培训学校,P,13,XCX,4,34.0,F,汉,579,3,,RELATIVES,RELATIVES,1,92.786,安徽省,CONSUME,02,,23.06036838107639,113.32098307291666,ANDROID,,广东省广州市海珠区南洲街道新光快速路,0
100000,102,广安市,广安英才职业技术学校,P,13,APP,4,42.7,M,汉,5122,4,01,PARENTS,COLLEAGUE,1,70.0,四川省,CONSUME,01,,30.32205036389491,106.94230452203891,ANDROID,,四川省广安市邻水县城南镇,0
100000,105,南通市,宣城市科地克科技有限公司,G,13,APP,3,32.0,M,汉,1001,4,01,PARENTS,FRIENDS,1,70.0,江苏省,CONSUME,01,,33.776046374490437,120.31555259642141,ANDROID,,江苏省盐城市射阳县合德镇人民东路,0
100000,105,上海市,上海方信出租车汽车管理有限公司,O,17,XCX,2,37.6,M,汉,3352,3,01,SIBLING,FRIENDS,1,70.0,上海市,CONSUME,01,,30.89364472709479,121.33274920353195,ANDROID,,上海市金山区亭林镇亭虹路,0
100000,105,临沂市,碳火烧烤,I,54,APP,2,27.8,M,汉,924,4,,MATE,COLLEAGUE,1,70.0,山东省,CONSUME,02,,35.392997745739,119.539978038162,ANDROID,,山东省日照市东港区石臼街道石臼路,0
100000,103,郑州市,苏州昊中电子有限公司,G,13,APP,4,31.0,M,汉,6619,4,01,MATE,COLLEAGUE,2,91.195,河南省,CONSUME,01,,24.66583504282625,118.20098789833725,ANDROID,,福建省厦门市翔安区马巷街道万家春路,0
100000,,景德镇市,比亚迪汽车工业有限公司,Z,90,APP,4,24.2,M,汉,1918,2,01,FRIENDS,FRIENDS,2,70.0,江西省,CONSUME,01,,22.657417980777568,114.08139159155133,ANDROID,,广东省深圳市龙岗区坂田街道坂李大道,0
100000,105,海南藏族自治州,青海省藏语系佛学院,C,24,APP,4,45.6,F,藏,3951,2,01,RELATIVES,FRIENDS,1,70.0,青海省,CONSUME,01,,36.048568810273717,101.46220945432899,ANDROID,,青海省海南藏族自治州贵德县尕让乡江苏大道,0
100000,301,资阳市,厦门大华远吉汽车服务有限公司,O,17,APP,2,45.3,M,汉,853,4,01,MATE,COLLEAGUE,1,77.96261,四川省,CONSUME,01,,24.687895243804225,118.26022146726288,ANDROID,,福建省厦门市翔安区内厝镇美仙湖路,0
100000,103,沈阳市,沈阳耕石教育集团,P,13,APP,4,33.4,F,汉,5471,2,01,MATE,FRIENDS,1,70.0,辽宁省,CONSUME,01,,41.78535350488317,123.56809045007496,ANDROID,,辽宁省沈阳市浑南区东湖街道浑南中路,0
100000,102,运城市,西安华新新能源有限公司,Z,90,APP,4,43.8,M,汉,3868,3,01,SIBLING,SIBLING,1,70.0,山西省,CONSUME,01,,34.276043,109.001597,ANDROID,,陕西省西安市新城区长乐中路街道公园北路164号,0
100000,103,镇江市,郭庄中心小学,P,13,APP,3,46.6,M,汉,390,3,01,SIBLING,FRIENDS,1,88.934,江苏省,CONSUME,01,,34.966970961247188,109.60254279116782,ANDROID,,陕西省渭南市蒲城县奉先街道东环路,0
100000,103,盐城市,盐城市盐都区康富大酒店,I,54,APP,2,41.6,F,汉,4926,4,,RELATIVES,RELATIVES,1,70.0,江苏省,CONSUME,01,,33.34517291162768,120.11856008677828,IOS,,江苏省盐城市盐都区潘黄街道景明路,0
100000,302,石家庄市,河北冀淼市政工程有限公司,E,24,APP,4,28.4,F,汉,1625,4,01,FRIENDS,SIBLING,2,70.0,河北省,CONSUME,01,,38.05139473814267,114.58192202015727,ANDROID,,河北省石家庄市长安区谈固街道跃进路,0
100000,102,上海市,上海前晨通讯有限公司,G,13,APP,2,39.7,M,汉,3672,2,01,FRIENDS,PARENTS,2,70.0,上海市,CONSUME,01,,31.241680860739419,121.3209461632222,IOS,,上海市嘉定区江桥镇华江公路918号,0
100000,,晋城市,上海萨菲测量技术有限公司,M,11,APP,3,29.3,M,汉,999,4,01,OTHER,OTHER,2,70.0,山西省,CONSUME,01,,35.56570557218361,112.8972668810207,ANDROID,,山西省晋城市城区北石店镇S227(畅安路),0
100000,310,张家口市,许晋个人工作室,H,54,APP,3,27.7,F,汉,838,2,01,FATHER,FRIENDS,2,77.22824,河北省,CONSUME,01,,40.01926770982389,116.53876914477699,ANDROID,,北京市朝阳区孙河(地区)乡蟹岛西路,0
100000,104,南京市,江苏金坛建工集团有限公司南京分公司,E,24,XCX,3,39.5,M,汉,4073,3,,MATE,PARENTS,1,70.0,江苏省,CONSUME,01,,31.960706721597118,118.85590543430098,ANDROID,,江苏省南京市江宁区东山街道上元大街941号,1
100000,103,临沧市,云南兴琳茶业有限公司,C,24,APP,4,30.1,F,彝,151,4,,FATHER,FRIENDS,2,74.766,云南省,CONSUME,02,,24.587698622126415,99.93641763867456,ANDROID,,云南省临沧市凤庆县凤山镇平村线,0
100000,105,盐城市,盐城立铠科技有限公司,G,13,APP,3,23.3,M,汉,2441,4,01,SIBLING,FRIENDS,2,70.0,江苏省,CONSUME,01,,33.46613962233651,120.17668280843268,IOS,,江苏省盐城市亭湖区南洋镇阳光河桥,0
100000,103,广州市,鳌头镇政府,S,11,APP,4,37.6,M,汉,3464,4,01,MATE,SIBLING,1,88.6297,广东省,CONSUME,01,,23.72010938805248,113.3954577975523,IOS,,广东省广州市从化区鳌头镇,0
100000,103,阜阳市,上海开聚建筑工程有限公司,E,24,APP,2,37.7,M,汉,5681,2,01,RELATIVES,MOTHER,1,91.0,安徽省,CONSUME,01,,30.981941552002608,121.75992615683727,ANDROID,,上海市浦东新区大团镇,1
100000,103,西安市,桃园开发区管委会,S,11,APP,4,42.1,F,汉,4253,4,01,FATHER,MOTHER,3,91.39575,陕西省,CONSUME,01,,34.24509380692714,108.91567637623366,IOS,,陕西省西安市碑林区张家村街道友谊西路379号,0
100000,104,宣城市,安徽淳一环境科技有限公司,G,13,APP,4,37.2,M,汉,4014,3,01,RELATIVES,FRIENDS,2,70.0,安徽省,CONSUME,01,,30.935714358722746,118.76074681726166,ANDROID,,安徽省宣城市宣州区鳌峰街道稻宝路,0
100000,105,青岛市,开始喝咖啡,H,54,APP,4,33.1,M,汉,6786,4,01,PARENTS,FRIENDS,2,70.0,山东省,CONSUME,01,,36.08650165784931,120.3618094876728,ANDROID,,山东省青岛市市北区敦化路街道镇江路10号,0
100000,105,温州市,追果记水果店,Z,90,APP,2,38.2,F,汉,6536,4,01,MATE,SIBLING,1,88.767,浙江省,CONSUME,01,,27.94115611897792,120.70187549074935,ANDROID,,浙江省温州市瓯海区茶山街道三茶路,0
100000,105,南阳市,师岗时代通讯,H,54,APP,2,47.8,F,汉,2404,2,01,RELATIVES,FRIENDS,1,92.043,河南省,CONSUME,01,,32.934260884869448,111.79089394172941,ANDROID,,河南省南阳市内乡县师岗镇,0
100000,307,汕头市,自营企业,Z,90,XCX,4,34.1,F,汉,4345,2,01,FATHER,FRIENDS,1,78.31,广东省,CONSUME,01,,30.64998943546492,104.09891066888233,IOS,,四川省成都市锦江区牛市口街道水碾河路130号-附5号,1
100000,403,郑州市,海弘管道有限公司,C,24,XCX,2,29.8,M,汉,250,3,01,FRIENDS,FATHER,2,70.0,河南省,CONSUME,01,,22.92898377526078,113.11629049549218,ANDROID,,广东省佛山市顺德区乐从镇大罗立交,0
100000,105,莆田市,泉州鸿福防腐木商行,H,54,APP,2,48.1,M,汉,1166,4,,MATE,FRIENDS,1,98.0,福建省,CONSUME,04,,24.94447976137426,118.67926329819129,ANDROID,,福建省泉州市惠安县洛阳镇,0
100000,105,福州市,福建明通电信有限公司,G,13,APP,3,32.7,F,汉,456,2,01,MOTHER,FRIENDS,2,90.266,福建省,CONSUME,01,,26.096283812761258,119.31690745755617,ANDROID,,福建省福州市晋安区岳峰镇三角池巷,0
100000,103,苏州市,张建永个人工作室,H,54,APP,2,46.9,M,汉,73,3,01,MATE,FATHER,1,73.71,江苏省,CONSUME,02,,30.913193706886184,120.403766096998,ANDROID,,江苏省苏州市吴江区七都镇Y805,0
100000,105,常州市,益群信息服务部,H,54,APP,3,48.9,M,汉,80,2,01,MATE,FRIENDS,1,81.599,江苏省,CONSUME,01,,31.798678096356239,119.98586127051931,ANDROID,,江苏省常州市天宁区青龙街道青业路,0
100000,,吉安市,深圳霖源环保科技有限公司,M,11,XCX,2,35.2,M,汉,6374,4,01,MATE,FRIENDS,2,70.0,江西省,CONSUME,01,,26.473226423681994,114.40381424961497,IOS,,江西省吉安市遂川县大坑乡,0
100000,,常州市,千盛香酒业,C,24,APP,3,43.9,M,汉,776,3,01,SIBLING,FRIENDS,1,70.0,江苏省,CONSUME,01,,31.432186,119.499064,ANDROID,,江苏省常州市溧阳市溧城街道东升路98号,0
100000,102,鄂州市,湖北兴欣科技股份有限公司,G,13,APP,3,40.4,M,汉,5624,4,01,MATE,FATHER,1,70.0,湖北省,CONSUME,01,,30.41468471762963,114.81763309057878,ANDROID,,湖北省鄂州市鄂城区鄂州经济开发区樊川大道7,0
100000,105,南昌市,江西弘诣营销策划有限公司,R,17,APP,4,36.2,M,汉,4233,4,01,RELATIVES,FRIENDS,2,70.0,江西省,CONSUME,01,,28.641094324910996,115.86838625259085,ANDROID,,江西省南昌市西湖区桃花街道丹桂路,0
100000,403,聊城市,东阿县城市管理局,S,11,APP,3,47.6,M,汉,252,3,01,MATE,COLLEAGUE,1,93.473,山东省,CONSUME,01,,36.335170690766698,116.2635277342094,ANDROID,,山东省聊城市东阿县陈集镇曙光街,0
100000,403,南京市,南京宏湖建设有限公司,E,24,APP,2,39.3,M,汉,4273,4,01,FATHER,COLLEAGUE,1,89.344,江苏省,CONSUME,01,,31.93684971676393,118.88639638474966,ANDROID,,江苏省南京市江宁区淳化街道一号路,0
100000,102,兰州市,东航甘肃分公司,H,54,XCX,3,50.3,M,汉,327,4,01,RELATIVES,RELATIVES,1,70.0,甘肃省,CONSUME,01,,3,105.229619,ANDROID,,[],1
100000,105,南昌市,江西裕耀建劳务有限公司,Z,90,XCX,3,36.0,M,汉,6803,3,01,SIBLING,FRIENDS,1,70.0,江西省,CONSUME,01,,28.89113308376736,116.05186604817709,ANDROID,,江西省南昌市新建区联圩镇,0
100000,105,惠州市,惠东数码科技有限公司,G,13,APP,3,39.1,F,汉,3398,4,01,MATE,COLLEAGUE,1,70.0,广东省,CONSUME,01,,22.97641768105905,114.72677694182142,ANDROID,,广东省惠州市惠东县平山街道,0
100000,102,南通市,永杰工艺品厂,C,24,XCX,4,33.6,M,汉,5611,2,01,FATHER,FRIENDS,1,82.081,江苏省,CONSUME,01,,32.4087398539005,120.58352022354377,IOS,,江苏省南通市如皋市如城街道民惠路,0
100000,105,遂宁市,衣品原高级定制工作室,Z,90,APP,3,34.2,M,汉,4491,2,01,FATHER,SIBLING,2,70.0,四川省,CONSUME,01,,30.590186,104.141233,ANDROID,,四川省成都市锦江区三圣街道桦树街,0
100000,306,宁波市,宁波大川房地产公司,Z,90,APP,4,51.3,M,汉,4371,4,01,CHILDREN,MOTHER,1,70.0,浙江省,CONSUME,01,,30.024427413856,121.150779728528,ANDROID,,浙江省宁波市余姚市兰江街道大黄桥南路,0
100000,103,白银市,白银市平川区人民法院,S,11,XCX,4,34.2,F,汉,6789,2,01,MATE,SIBLING,1,78.54,甘肃省,CONSUME,01,,36.73151991102431,104.81047661675348,ANDROID,,甘肃省白银市平川区兴平路街道种田北路,0
100000,105,洛阳市,北京龙发建筑装饰工程有限公司,E,24,XCX,3,30.2,M,汉,1328,2,,FRIENDS,FRIENDS,2,70.0,河南省,CONSUME,01,,34.66516068585646,112.44303713766202,ANDROID,,河南省洛阳市西工区西工街道九都中路,0
100000,103,宣城市,杭州裕致商贸有限公司,Z,90,APP,3,33.9,M,汉,4941,3,01,MATE,FRIENDS,1,89.682,安徽省,CONSUME,01,,30.880958818474324,119.44506470852213,ANDROID,,安徽省宣城市广德市桃州镇学苑路,0
100000,102,阳泉市,沃尔玛超市,H,54,APP,2,39.3,F,汉,5051,4,01,MATE,FRIENDS,1,70.0,山西省,CONSUME,01,,37.86261,113.544472,ANDROID,,山西省阳泉市郊区义井镇义泉街,0
100000,104,石家庄市,张昱昕个人工作室,Z,90,XCX,4,42.4,F,汉,4345,2,01,FATHER,FRIENDS,1,90.17458,河北省,CONSUME,01,,40.79404238768664,114.91312768243438,ANDROID,,河北省张家口市桥东区姚家庄镇,1
100000,103,威海市,张扬时尚女装,H,54,XCX,2,33.5,M,汉,6342,3,01,MATE,MOTHER,1,79.00839,山东省,CONSUME,01,,34.3668689613407,109.05713986314099,ANDROID,,陕西省西安市灞桥区新筑街道和泰路,0
100000,103,常州市,辰静文化公司,R,17,APP,2,35.2,M,汉,4199,3,01,MATE,FRIENDS,1,86.327,江苏省,CONSUME,01,,31.43086233479498,119.51393232897098,ANDROID,,江苏省常州市溧阳市溧城街道张巷路,0
100000,301,长沙市,吉首虹汕康复医院,Q,11,APP,4,34.2,M,汉,6560,4,01,PARENTS,SIBLING,2,82.582,湖南省,CONSUME,01,,28.267493127592709,109.70444880967267,ANDROID,,湖南省湘西土家族苗族自治州吉首市乾州街道小溪桥路,0
100000,103,南平市,邵武创远再生物质回收利用有限公司,N,17,APP,2,48.6,M,汉,230,4,01,RELATIVES,FRIENDS,2,70.0,福建省,CONSUME,01,,27.333456515318099,117.49367540557977,ANDROID,,福建省南平市邵武市昭阳街道喷泉巷,0
100000,102,宜春市,上海傲进网络科技有限公司,G,13,APP,3,47.7,M,汉,3400,4,01,MOTHER,FATHER,1,92.134,江西省,CONSUME,01,,30.91341502371518,121.42985607153865,ANDROID,,上海市奉贤区南桥镇秀南中心支路,0
100000,105,泉州市,林氏面线糊,H,54,APP,2,35.9,F,汉,3941,3,,SIBLING,COLLEAGUE,1,70.837,福建省,CONSUME,01,,24.94152227595988,118.67596940297648,ANDROID,,福建省泉州市洛江区万安街道S215辅路,0
100000,105,重庆市,重庆小满建设工程有限公司,E,24,APP,4,26.3,M,汉,322,2,01,FATHER,FRIENDS,2,86.249,重庆市,CONSUME,02,,28.993930215566846,106.6722784155319,IOS,,重庆市綦江区古南街道G75(兰海高速),0
100000,104,忻州市,山西省保德县盐业公司,H,54,APP,4,37.2,M,汉,5344,2,01,FATHER,FRIENDS,1,70.0,山西省,CONSUME,01,,38.426612355120429,112.70823997711212,ANDROID,,山西省忻州市忻府区长征街街道慕山南路,0
100000,102,苏州市,中国联合网络通信有限公司昆山市分公司,G,13,APP,4,41.9,M,汉,6226,4,01,MATE,MOTHER,1,89.584,江苏省,CONSUME,01,,31.380343041287135,120.9121737932471,ANDROID,,江苏省苏州市昆山市玉山镇震川西路,0
100000,105,常州市,江苏瑞工机电设备有限公司,C,24,APP,2,39.1,M,汉,3672,4,01,MATE,FATHER,1,70.0,江苏省,CONSUME,01,,30.480978,117.803812,ANDROID,,安徽省池州市青阳县九华镇,0
100000,310,潍坊市,潍坊崇煜建筑工程有限公司,E,24,APP,2,37.5,M,汉,3931,4,01,PARENTS,MOTHER,1,99.0,山东省,CONSUME,01,,36.1653671439852,120.43296016454568,ANDROID,,山东省青岛市李沧区浮山路街道南崂路,0
100000,105,南充市,深圳市洁玛新材料有限公司,M,11,XCX,3,43.6,M,汉,5778,4,01,PARENTS,FRIENDS,1,70.0,四川省,CONSUME,01,,30.78447454912323,103.95246030356234,ANDROID,,四川省成都市金牛区西华街道广场路北一段辅路,0
100000,102,杭州市,个体工商户,Z,90,APP,4,47.6,M,汉,5689,4,01,MATE,FATHER,1,80.877,浙江省,CONSUME,01,,29.99338055790134,119.93261356336002,ANDROID,,浙江省杭州市富阳区春江街道新中线,0
100000,103,烟台市,烟台向日葵房产策划有限公司,K,17,APP,4,35.5,F,汉,5080,4,01,MATE,FRIENDS,1,78.25333,山东省,CONSUME,01,,37.496875547468359,121.44009194217893,ANDROID,,山东省烟台市莱山区黄海路街道祥石路,0
100000,,保定市,天津隆宇建筑工程有限公司,Z,90,XCX,3,37.4,M,汉,3415,4,01,MATE,FATHER,1,97.15,河北省,CONSUME,01,,38.82927184609758,115.00465264213443,ANDROID,,河北省保定市唐县高昌镇,0
100000,102,鸡西市,华星光电,G,13,XCX,2,33.1,M,朝鲜,6376,4,,FATHER,RELATIVES,2,75.32349,黑龙江省,CONSUME,02,,37.20387575263317,127.07132958734042,ANDROID,,"Hwaseong, Gyeonggi, South Korea",0
100000,102,吉安市,佛山市辰轩装饰工程有限公司,E,24,APP,2,45.9,M,汉,510,4,01,OTHER,OTHER,1,92.96618,江西省,CONSUME,02,,23.158482365251098,113.1124102546657,ANDROID,,广东省佛山市南海区狮山镇,1
100000,105,郑州市,广州市白云区大源水丽颜贸易商行,H,54,XCX,4,25.5,M,汉,1769,3,,FATHER,COLLEAGUE,2,76.876,河南省,CONSUME,01,,23.002660813043585,113.2244075979184,ANDROID,,广东省佛山市南海区桂城街道长命巷,0
100000,102,黔东南苗族侗族自治州,贵州智华建设工程有责任公司黔东南州分公司,E,24,APP,3,32.6,M,汉,5046,3,01,MATE,COLLEAGUE,1,79.55622,贵州省,CONSUME,01,,26.64208159621251,106.62890776335942,ANDROID,,贵州省贵阳市观山湖区金阳街道翡翠路,0
100000,,北京市,北京市保安服务总公司海淀分公司,O,17,APP,3,50.4,F,汉,99999,3,01,MOTHER,FRIENDS,3,84.54,北京市,CONSUME,02,,39.940285,116.309266,ANDROID,,北京市海淀区紫竹院街道一得桥,0
100000,307,绵阳市,睿庆运输公司,F,17,XCX,2,39.9,F,羌,4176,4,01,PARENTS,FRIENDS,1,70.0,四川省,CONSUME,01,,31.625404454089506,104.46261707556447,ANDROID,,四川省绵阳市北川羌族自治县永昌镇,0
100000,102,遵义市,贵州新南,H,54,APP,3,37.5,M,汉,3217,2,01,FRIENDS,FRIENDS,1,88.086,贵州省,CONSUME,01,,27.69990139259793,106.89811183307724,ANDROID,,贵州省遵义市汇川区高桥街道武汉路,0
100000,,泰州市,依莎迪娜女装,I,54,XCX,2,44.4,F,汉,1830,2,01,FATHER,FRIENDS,1,70.0,江苏省,CONSUME,01,,28.266041344097564,112.5362229915912,ANDROID,,湖南省长沙市宁乡市玉潭街道和德家园支巷,0
100000,102,宜春市,上海宠乐旺电子商务有限公司,G,13,XCX,4,33.2,F,汉,5471,4,01,PARENTS,RELATIVES,2,70.0,江西省,CONSUME,01,,31.842909886476993,117.24007725061631,IOS,,安徽省合肥市蜀山区南七街道黄山路472号,0
100000,,马鞍山市,南京时鑫建筑安装工程服务有限公司,Z,90,APP,3,32.0,M,汉,723,2,01,MATE,PARENTS,1,70.0,安徽省,CONSUME,01,,31.871056315104166,118.82183566623264,ANDROID,,江苏省南京市江宁区秣陵街道秣周东路,0
100000,103,上饶市,徐启禄个人工作室,H,54,APP,3,51.9,M,汉,895,4,01,RELATIVES,RELATIVES,1,70.0,江西省,CONSUME,01,,31.34015899249649,121.58192090212195,ANDROID,,上海市浦东新区高桥镇夏碧路260号,0
100000,103,成都市,成都福奋贸易公司,Z,90,XCX,2,54.7,M,汉,3076,2,01,PARENTS,SIBLING,1,70.0,四川省,CONSUME,01,,30.749367956529846,104.11542718054014,ANDROID,,四川省成都市金牛区天回镇街道玉垒路,0
100000,103,金华市,兰溪市联强塑料制品厂,C,24,APP,3,42.5,M,汉,3951,4,01,MATE,FRIENDS,1,70.0,浙江省,CONSUME,02,,29.347567701698936,119.77050536289443,ANDROID,,浙江省金华市兰溪市梅江镇G351(浦兰线),0
100000,105,淮安市,杭州镜面传媒有限公司,R,17,APP,4,31.1,M,汉,6090,4,01,FATHER,FRIENDS,2,96.612,江苏省,CONSUME,01,,30.350860452907658,120.00348553438552,IOS,,浙江省杭州市余杭区良渚街道运溪路辅路,1
100000,308,武汉市,武船机电模块公司,G,13,APP,4,38.4,F,汉,3849,3,01,MATE,FRIENDS,1,70.0,湖北省,CONSUME,02,,30.65064497045051,114.29362467859809,ANDROID,,湖北省武汉市江岸区后湖街道后湖大道158-附7,0
100000,105,汕尾市,蔡智存个人工作室,H,54,APP,3,27.4,M,汉,599,4,01,FATHER,COLLEAGUE,2,88.011,广东省,CONSUME,01,,22.948343327016358,113.91120022375232,ANDROID,,广东省东莞市大朗镇富民北路辅路,0
100000,102,新乡市,原阳县联创汽车维修有限公司,O,17,APP,4,39.1,M,汉,3372,4,01,RELATIVES,FRIENDS,1,70.0,河南省,CONSUME,01,,35.07272029576067,113.97119799951321,ANDROID,,河南省新乡市原阳县原兴街道,0
100000,,张家口市,张家口恒创工程项目管理有限公司,E,24,XCX,4,50.9,M,汉,199,4,01,FATHER,FRIENDS,2,70.0,河北省,CONSUME,01,,30.942844,113.577359,ANDROID,,湖北省孝感市应城市城中街道蒲阳大道11-6,0
100000,102,双鸭山市,河南中标检测有限公司,Z,90,APP,3,28.7,F,汉,121,2,01,FATHER,FRIENDS,2,95.25,黑龙江省,CONSUME,01,,46.60201228508263,131.34565737800257,ANDROID,,黑龙江省双鸭山市四方台区振兴中路街道,0
100000,,清远市,广州市公安局天河区分局,S,11,APP,3,35.4,M,汉,5839,2,01,MATE,RELATIVES,1,70.0,广东省,CONSUME,01,,23.127508,113.357646,ANDROID,,广东省广州市天河区天园街道天府路,0
100000,103,兰州市,兰州博胜电子科技有限公司,G,13,APP,3,38.9,M,汉,4889,3,01,MATE,FRIENDS,1,70.0,甘肃省,CONSUME,01,,36.055924204912937,103.879693852956,ANDROID,,甘肃省兰州市城关区雁南街道雁南路1266,0
100000,302,保定市,石家庄久途网络科技有限公司,G,13,APP,4,31.7,F,汉,5733,4,01,PARENTS,MATE,1,70.0,河北省,CONSUME,01,,38.008354077641609,114.51515712160759,ANDROID,,河北省石家庄市裕华区建通街道塔丰路7号,0
100000,102,福州市,福建岚星路桥建设工程有限公司,E,24,APP,2,47.2,M,汉,313,4,01,MATE,FRIENDS,1,88.0,福建省,CONSUME,01,,25.54516041995171,119.83751852113,ANDROID,,福建省福州市平潭县君山镇,0
100000,104,金华市,浙江义乌市自来水有限公司,D,17,APP,4,37.0,M,汉,3696,2,01,FRIENDS,FRIENDS,1,70.0,浙江省,CONSUME,01,,29.36041782806843,120.06723985006549,ANDROID,,浙江省金华市义乌市后宅街道商城大道,0
100000,105,泰州市,靖江市中大配件有限公司,C,24,XCX,3,33.9,M,汉,4690,2,01,SIBLING,COLLEAGUE,1,90.387,江苏省,CONSUME,02,,32.03948921420401,120.29796950854356,ANDROID,,江苏省泰州市靖江市孤山镇叶王公路,0
100000,307,韶关市,广东城市便捷酒店,I,54,APP,4,28.1,M,汉,999,2,01,RELATIVES,OTHER,2,85.156,广东省,CONSUME,01,,23.376740643266574,116.76268439898714,IOS,,广东省汕头市龙湖区新津街道津河路,0
100000,103,沈阳市,沈阳中江沅广告有限公司,R,17,APP,2,45.3,M,汉,1907,2,01,MATE,COLLEAGUE,1,70.0,辽宁省,CONSUME,01,,41.720915668888959,123.4559899308919,ANDROID,,辽宁省沈阳市浑南区五三街道汇泉路88号,0
100000,104,蚌埠市,科宇电子,G,13,XCX,2,35.0,M,汉,5716,2,,FATHER,SIBLING,2,78.634964,安徽省,CONSUME,01,,31.69035794462069,119.84039531900956,ANDROID,,江苏省常州市武进区武进经济开发区秋水路,0
100000,,南充市,南充九元新能源科技有限公司,Z,90,APP,3,38.2,M,汉,3906,3,01,MATE,SIBLING,1,70.0,四川省,CONSUME,01,,30.836678852914305,106.09883332605574,ANDROID,,四川省南充市顺庆区舞凤街道茂源北路2号,0
100000,102,无锡市,江苏沃夫德环保科技有限公司,M,11,APP,3,44.0,M,汉,5502,4,01,SIBLING,COLLEAGUE,1,70.0,江苏省,CONSUME,01,,31.8377987381861,117.20685026856553,ANDROID,,安徽省合肥市蜀山区高新技术产业开发区西二环路辅路,0
100000,,南平市,西芹金泰酒店有限公司,Z,90,XCX,3,50.3,M,汉,510,4,01,RELATIVES,OTHER,1,70.0,福建省,CONSUME,01,,26.64962648688879,118.18955555568054,ANDROID,,福建省南平市延平区水东街道,0
100000,103,绍兴市,暂未提供公司名称,E,24,APP,3,30.4,M,汉,183,2,01,MATE,COLLEAGUE,2,70.0,浙江省,CONSUME,01,,30.284032632322494,120.25590516582571,IOS,,浙江省杭州市上城区彭埠街道,0
100000,103,锦州市,辽宁省锦州市仁德医院,Q,11,APP,2,39.6,F,汉,3869,2,01,MATE,SIBLING,2,92.0,辽宁省,CONSUME,01,,41.1321091183772,121.14925683940723,ANDROID,,辽宁省锦州市凌河区马家街道新制西街,0
100000,103,泰安市,江苏凌医医药咨询服务有限公司,L,17,APP,4,33.1,M,汉,839,4,01,FATHER,MATE,1,70.0,山东省,CONSUME,01,,32.0712365813381,118.65609010765873,ANDROID,,江苏省南京市浦口区顶山街道凤滁路,0
100000,102,佛山市,佛山合富辉煌房产顾问有限公司,L,17,APP,2,35.1,M,汉,4192,2,01,MATE,RELATIVES,1,77.008575,广东省,CONSUME,01,,23.27092218763001,116.73590120638773,ANDROID,,广东省汕头市濠江区达濠街道,0
100000,102,郑州市,河南源农汇农业发展有限公司,A,27,APP,3,39.4,F,汉,5291,2,01,RELATIVES,FRIENDS,1,70.0,河南省,CONSUME,01,,34.84771174720461,113.95079635627995,ANDROID,,河南省郑州市中牟县万滩镇S312,0
100000,,长沙市,长沙市慕斯薇漫美甲店,H,54,XCX,3,43.0,M,汉,3812,3,01,MOTHER,FRIENDS,1,70.0,湖南省,CONSUME,01,,28.199458419619785,113.00374890477149,ANDROID,,湖南省长沙市芙蓉区五里牌街道八一路,0
100000,103,北海市,刘慧基个人工作室,Z,90,APP,4,29.2,F,汉,474,2,01,FATHER,COLLEAGUE,1,89.03,广西壮族自治区,CONSUME,01,,23.11417299517978,113.42753880547973,IOS,,广东省广州市黄埔区鱼珠街道天虹街,0
100000,102,绍兴市,绍兴柯桥小松树纺织有限公司,C,24,APP,4,42.4,M,汉,4236,3,01,MATE,FRIENDS,1,70.0,浙江省,CONSUME,01,,30.273553460156337,120.13945836976213,ANDROID,,浙江省杭州市西湖区北山街道天目山路99,0
100000,102,哈尔滨市,唐文李个人工作室,Z,90,XCX,4,32.5,M,汉,5835,4,01,MATE,FATHER,2,70.0,黑龙江省,CONSUME,01,,45.63172387963632,128.32055356632479,ANDROID,,黑龙江省哈尔滨市延寿县太平川,0
100000,105,哈尔滨市,胜云庄稼院,H,54,APP,2,49.5,F,汉,3188,4,01,RELATIVES,RELATIVES,1,70.0,黑龙江省,CONSUME,01,,44.93903044132794,128.62023024231898,IOS,,黑龙江省哈尔滨市尚志市亚布力镇林茂路,0
100000,105,深圳市,深圳喜雾优品科技有限公司,G,13,XCX,4,39.7,M,回,4583,4,01,MATE,SIBLING,1,70.0,广东省,CONSUME,01,,22.663813687664704,114.07250684551018,ANDROID,,广东省深圳市龙岗区坂田街道坂李大道,0
100000,105,黄山市,圣都家居装饰有限公司黄山分公司,H,54,APP,3,40.3,M,汉,3876,4,01,MATE,FRIENDS,1,89.603,安徽省,CONSUME,01,,29.709871969415674,118.33721948859079,ANDROID,,安徽省黄山市屯溪区阳湖镇Y050(花山路),0
100000,104,新乡市,合肥美菱集团控股有限公司,H,54,APP,4,39.8,M,汉,3143,2,01,FATHER,MOTHER,1,70.0,河南省,CONSUME,01,,28.19951038284246,113.10577921264773,ANDROID,,湖南省长沙市长沙县榔梨街道人民东路辅路,0
100000,103,黔东南苗族侗族自治州,浙江大华智联,Z,90,APP,2,26.8,M,侗,2108,2,01,MOTHER,SIBLING,2,89.274,贵州省,CONSUME,01,,30.073014,120.079378,ANDROID,,浙江省杭州市富阳区东洲街道,0
100000,104,西安市,个体经营,Z,90,XCX,4,42.7,M,汉,2148,2,01,PARENTS,FRIENDS,2,70.0,陕西省,CONSUME,01,,34.299148106588948,108.95340118781418,ANDROID,,陕西省西安市未央区大明宫街道九仙门大街,0
100000,103,三明市,泰宁县文龙建材商行,H,54,APP,2,46.0,M,汉,955,2,01,MATE,FRIENDS,1,70.0,福建省,CONSUME,01,,26.89034,117.161524,ANDROID,,福建省三明市泰宁县杉城镇金湖西路,0
100000,102,重庆市,永川区普莲小学校,P,13,APP,4,48.8,M,汉,766,4,01,MATE,FRIENDS,1,90.685,重庆市,CONSUME,01,,29.37042461000258,105.95056739870083,ANDROID,,重庆市永川区中山路街道灵龙路,0
100000,103,重庆市,重庆单戈科技发展有限公司,G,13,XCX,3,25.0,M,汉,1092,2,01,MOTHER,SIBLING,2,70.0,重庆市,CONSUME,01,,29.520751329561827,106.52957247482436,ANDROID,,重庆市九龙坡区谢家湾街道鹅公岩大桥,0
100000,102,临海市,杭州萧通贸易有限公司,C,24,XCX,2,36.0,M,汉,4396,3,01,MOTHER,FRIENDS,2,70.0,浙江省,CONSUME,01,,30.14909,120.264619,ANDROID,,浙江省杭州市萧山区蜀山街道桑榆弄,0
100000,309,北京市,京师律师事务所,L,17,APP,4,28.6,M,汉,6578,4,01,RELATIVES,FRIENDS,2,70.0,北京市,CONSUME,01,,39.879874148876627,116.50669348684365,ANDROID,,北京市朝阳区王四营(地区)乡广渠东路,0
100000,,北京市,万寿路街道办事处,H,54,APP,4,49.0,M,汉,99999,3,01,MATE,FRIENDS,2,76.48,北京市,CONSUME,01,,30.709083316349657,104.04607586482644,ANDROID,,四川省成都市金牛区九里堤街道星汉路18号,0
100000,,上海市,上海地面通信息网络股份有限公司,G,13,XCX,4,43.9,M,汉,4738,4,01,RELATIVES,FRIENDS,1,70.0,上海市,CONSUME,02,,31.072907812358375,121.51225209891747,ANDROID,,上海市闵行区浦江镇竹园路398,0
100000,302,上海市,丸鉦食品（上海）有限公司,C,24,APP,3,43.2,F,汉,3601,4,01,PARENTS,MATE,1,70.0,上海市,CONSUME,01,,31.25733805098081,121.58135995179257,ANDROID,,上海市浦东新区金杨新村街道金桥路1239号,0
100000,102,连云港市,连云港天行健建筑有限公司,Z,90,XCX,4,26.5,M,汉,1380,4,01,FATHER,COLLEAGUE,2,70.0,江苏省,CONSUME,01,,34.5096540165757,119.24295900774973,ANDROID,,江苏省连云港市海州区板浦镇,0
100000,105,周口市,郑永军个人工作室,H,54,APP,2,45.6,M,汉,1273,4,01,RELATIVES,RELATIVES,2,70.0,河南省,CONSUME,01,,31.33692794781107,121.40876870708132,ANDROID,,上海市宝山区庙行镇南蕰藻路1287-临,0
100000,104,西安市,童悦幼儿园,P,13,APP,3,41.9,F,汉,4758,4,01,SIBLING,SIBLING,1,70.0,陕西省,CONSUME,01,,34.26076049547251,109.03984264297789,ANDROID,,陕西省西安市灞桥区十里铺街道浐河东路,0
100000,309,成都市,胡志强个人工作室,Z,90,XCX,2,36.7,M,汉,5003,2,,FATHER,FRIENDS,1,83.26,四川省,CONSUME,04,,30.77821546694346,103.86267001286494,IOS,,四川省成都市郫都区德源街道康强四路,0
100000,103,恩施土家族苗族自治州,四川渝武兴阀门科技有限公司,G,13,XCX,2,32.8,M,土家,6447,2,01,COLLEAGUE,COLLEAGUE,1,70.0,湖北省,CONSUME,01,,28.86712646484375,105.40792083740234,IOS,,四川省泸州市江阳区华阳街道S307,0
100000,105,无锡市,梅丽莎文化公司,R,17,APP,4,42.6,F,瑶,3177,2,01,MOTHER,SIBLING,1,95.072,江苏省,CONSUME,01,,31.603928902422738,120.28431525458587,ANDROID,,江苏省无锡市梁溪区黄巷街道兴昌北路,0
100000,105,潍坊市,山东潍坊浩宇办公设备有限公司,C,24,APP,3,40.1,M,汉,4377,4,01,PARENTS,SIBLING,1,70.0,山东省,CONSUME,01,,39.91517873366106,116.72259480949278,ANDROID,,北京市通州区潞源街道潞源北街辅路,0
100000,105,泉州市,多恩奶茶,I,54,APP,4,35.2,F,汉,4256,4,01,MATE,FATHER,1,88.39846,福建省,CONSUME,01,,24.693493271525126,118.48056388759565,IOS,,福建省泉州市晋江市东石镇南环路,0
100000,103,阜阳市,和福珠宝,H,54,XCX,4,24.9,F,汉,1672,4,,FATHER,RELATIVES,2,77.654,安徽省,CONSUME,02,,30.40925333739044,120.18205008526972,IOS,,浙江省杭州市临平区崇贤街道,0
100000,105,榆林市,童苑艺术培训中心,P,13,XCX,4,32.9,F,汉,839,4,01,MATE,FRIENDS,1,84.559,陕西省,CONSUME,01,,37.6141513279651,108.8008857422317,ANDROID,,陕西省榆林市靖边县张家畔街道北大街,0
100000,103,常州市,常州新联铸业有限公司,C,24,APP,2,33.9,M,汉,151,2,01,FATHER,FRIENDS,2,70.0,江苏省,CONSUME,02,,31.918993,120.030312,ANDROID,,江苏省无锡市江阴市璜土镇启港路,0
100000,102,杭州市,浙江金鑫钢结构集团有限公司,Z,90,XCX,3,32.6,M,汉,699,4,01,MATE,COLLEAGUE,1,70.0,浙江省,CONSUME,01,,30.019858109996503,119.9811233429172,ANDROID,,浙江省杭州市富阳区春江街道富春湾大道辅路,0
100000,104,青岛市,中软国际有限公司,Z,90,APP,4,32.4,M,汉,404,4,01,FATHER,COLLEAGUE,2,76.881,山东省,CONSUME,02,,31.35461,121.3512,ANDROID,,上海市宝山区顾村镇宝安公路2009-2号-临,0
100000,403,南通市,南通市萌雅服装有限公司,C,24,XCX,4,30.6,M,汉,1220,3,01,SIBLING,FATHER,2,85.221,江苏省,CONSUME,01,,32.14146334751865,120.529692197886,ANDROID,,江苏省南通市如皋市石庄镇复抽线,0
100000,301,苏州市,苏州诺望人力资源有限公司,O,17,APP,4,32.8,M,汉,5997,3,01,MOTHER,FRIENDS,1,83.472,江苏省,CONSUME,01,,31.133636517111726,120.65551261594232,IOS,,江苏省苏州市吴江区江陵街道长安路,0
100000,301,昆明市,广东中外建集团有限公司,H,54,APP,3,48.7,M,纳西,173,2,01,MATE,COLLEAGUE,1,92.47717,云南省,CONSUME,01,,25.068925984539136,102.7512750061009,IOS,,云南省昆明市盘龙区青云街道白龙路429号,0
100000,105,长春市,吉林省公主岭市宝之兰兰苑,H,54,APP,4,43.9,M,黎,5038,4,01,MATE,COLLEAGUE,1,70.0,吉林省,CONSUME,01,,43.851378,125.134596,ANDROID,,吉林省长春市绿园区西新镇G2501(长春绕城高速),0
100000,103,上海市,莱奕茶业上海有限公司,C,24,APP,4,39.2,M,汉,4386,4,01,MATE,FRIENDS,1,84.202126,上海市,CONSUME,01,,31.298085815743677,121.47436347497478,IOS,,上海市虹口区江湾镇街道车站北路177弄-20号,0
100000,104,南通市,上海莫克电子技术有限公司,G,13,APP,4,46.5,M,汉,5321,4,01,PARENTS,MATE,1,97.1574,江苏省,CONSUME,01,,32.018753636834187,120.89002764531112,ANDROID,,江苏省南通市崇川区学田街道龙王桥东路,0
100000,102,德阳市,王茂个人工作室,Z,90,APP,3,35.5,F,汉,6185,2,01,MATE,MOTHER,1,90.403,四川省,CONSUME,01,,31.22313718575645,104.19189788528179,ANDROID,,四川省德阳市绵竹市新市镇,0
100000,102,重庆市,重庆市人文科技学院,P,13,APP,4,32.2,F,汉,7216,3,01,MATE,MOTHER,1,87.068,重庆市,CONSUME,01,,29.973104992593297,106.42315579411688,ANDROID,,重庆市合川区草街街道,0
100000,102,鸡西市,密山市密山镇中山职业培训学校,P,13,APP,3,47.5,M,朝鲜,5127,4,01,MOTHER,MATE,2,78.441,黑龙江省,CONSUME,01,,45.55125618381835,131.87893146740167,ANDROID,,黑龙江省鸡西市密山市密山镇光复街,0
100000,104,宜宾市,亮悦商贸有限公司,H,54,APP,2,44.2,M,汉,2554,4,,MATE,FRIENDS,1,91.279,四川省,CONSUME,02,,28.80236871496448,104.61860859745275,ANDROID,,四川省宜宾市翠屏区象鼻街道川云中路,0
100000,103,大连市,辽宁双诺信息技术有限公司,G,13,APP,3,30.8,M,汉,6871,2,01,FATHER,MOTHER,2,95.072,辽宁省,CONSUME,01,,33.02043299856816,112.56592182093023,ANDROID,,河南省南阳市宛城区汉冶街道如意路,0
100000,104,攀枝花市,米易昊铭物流有限公司,F,17,APP,3,38.0,M,汉,4154,3,01,FATHER,RELATIVES,1,75.063515,四川省,CONSUME,01,,26.891666708283279,102.10455049518751,ANDROID,,四川省攀枝花市米易县攀莲镇河熙北路,0
100000,102,云浮市,肥东温氏养猪公司,Z,90,APP,4,41.2,M,汉,5203,4,01,MATE,FATHER,1,70.0,广东省,CONSUME,01,,22.608143307572726,112.19988908351044,ANDROID,,广东省云浮市新兴县六祖镇,0
100000,102,扬州市,宝应县城乡建设管理中心,S,11,XCX,4,33.6,M,汉,5793,2,01,MATE,FRIENDS,1,70.0,江苏省,CONSUME,01,,33.25772437749631,119.32523393998256,ANDROID,,江苏省扬州市宝应县安宜镇康城路,0
100000,103,齐齐哈尔市,依安县人民医院,Q,11,XCX,2,26.4,F,汉,925,4,01,MATE,RELATIVES,2,75.66425,黑龙江省,CONSUME,01,,47.90980421713368,125.3119818875428,IOS,,黑龙江省齐齐哈尔市依安县依安镇Y005(克依公路),0
100000,403,宿州市,珍珠婚庆服务中心,S,11,APP,2,42.7,M,汉,3996,4,01,MATE,SIBLING,1,84.58,安徽省,CONSUME,01,,33.89841805426541,117.0729443912221,ANDROID,,安徽省宿州市埇桥区夹沟镇X031(夹支路),0
100000,102,南京市,南京市意源科技有限公司,G,13,APP,3,43.3,F,汉,2079,4,,MATE,FRIENDS,1,87.31,江苏省,CONSUME,01,,32.07649578164526,118.78267898470404,ANDROID,,江苏省南京市玄武区锁金村街道环湖路,0
100000,,湘潭市,湘潭县易俗河镇庆平建筑劳务服务部,Z,90,APP,2,55.1,F,汉,516,4,01,CHILDREN,MATE,1,70.0,湖南省,CONSUME,01,,27.495376,112.917416,ANDROID,,湖南省湘潭市湘潭县白石镇,0
100000,309,吉林市,山东青岛天成浩景装饰公司,H,54,APP,2,46.9,M,满,754,3,01,SIBLING,SIBLING,1,77.589,吉林省,CONSUME,02,,43.827269046732357,126.55813364766074,ANDROID,,吉林省吉林市丰满区江南街道玉山路18号,0
100000,104,淮北市,淮北市正方圆科技发展,G,13,APP,3,51.9,M,汉,1972,4,01,MATE,COLLEAGUE,1,95.072,安徽省,CONSUME,01,,33.61191036751423,117.20524696392592,ANDROID,,安徽省宿州市埇桥区大店镇,0
100000,103,天津市,天津市武清区兰亭广告制作中心,R,17,APP,3,43.9,M,汉,3199,4,01,MATE,FRIENDS,1,97.3462,天津市,CONSUME,01,,39.392805115483437,117.07803188399254,ANDROID,,天津市武清区徐官屯街道S211(杨崔路),0
100000,103,温州市,伟航印刷,H,54,APP,2,44.2,F,汉,4111,4,01,RELATIVES,FRIENDS,2,70.0,浙江省,CONSUME,01,,30.596391238398267,114.27837934578578,ANDROID,,湖北省武汉市江岸区西马街道台北路77号,0
100000,103,南通市,海门区现代化指挥中心,S,11,XCX,4,35.2,F,汉,4156,2,01,PARENTS,FRIENDS,1,70.0,江苏省,CONSUME,01,,31.87361172603022,121.18843649817478,ANDROID,,江苏省南通市海门区海门街道S356辅路,1
100000,305,鸡西市,美吉姆国际儿童教育中心,P,13,APP,4,41.2,F,汉,1872,2,01,MOTHER,FATHER,2,70.0,黑龙江省,CONSUME,01,,29.374391970796194,116.42917499413457,ANDROID,,江西省九江市都昌县土塘镇,0
100000,102,上饶市,卡先生男装,H,54,APP,2,33.7,F,汉,4852,2,01,FATHER,SIBLING,1,78.427,江西省,CONSUME,01,,24.696122004636029,118.12760393618157,IOS,,福建省厦门市同安区祥平街道集群路,0
100000,104,绍兴市,上百万和城,H,54,XCX,2,44.4,F,汉,645,2,,MATE,COLLEAGUE,1,70.0,浙江省,CONSUME,01,,31.12049896606596,121.16682180555435,ANDROID,,上海市青浦区赵巷镇老千步泾路,0
100000,102,宣城市,上海枂行贸易有限公司,C,24,APP,3,36.5,F,汉,3847,4,01,FATHER,MATE,1,98.0,安徽省,CONSUME,01,,31.254269861725527,121.41883645730526,IOS,,上海市普陀区石泉路街道岚皋路298号,0
100000,403,苏州市,苏州市希亚诺纺织科技有限公司,C,24,APP,2,45.8,M,汉,151,2,01,FRIENDS,FRIENDS,1,95.187,江苏省,CONSUME,01,,30.87864923639063,120.56167277226571,ANDROID,,江苏省苏州市吴江区盛泽镇Y504,0
100000,105,怀化市,龙艳个人工作室,S,11,APP,4,50.6,F,侗,1110,2,01,FATHER,FRIENDS,1,83.301,湖南省,CONSUME,01,,27.36459419764561,109.18797687379112,ANDROID,,湖南省怀化市新晃侗族自治县晃洲镇,0
100000,103,宝鸡市,个体户的,Z,90,APP,4,38.7,M,汉,3993,2,01,FATHER,MOTHER,1,92.177,陕西省,CONSUME,01,,34.35403048655023,107.26689698866278,ANDROID,,陕西省宝鸡市渭滨区八鱼镇科技路,0
100000,102,潍坊市,杜崇梅服装店,H,54,APP,3,40.6,F,汉,5177,2,01,FRIENDS,MATE,1,70.0,山东省,CONSUME,02,,36.77409860951876,119.17940681864887,ANDROID,,山东省潍坊市寒亭区寒亭街道海龙路559-9号,0
100000,,保定市,酷鱼烤全鱼,Z,90,APP,4,50.3,F,汉,1088,2,01,FRIENDS,PARENTS,3,70.0,河北省,CONSUME,01,,38.741792,114.988046,ANDROID,,河北省保定市唐县仁厚镇中山南大街,0
100000,,北京市,合肥瑞食酒馆,I,54,APP,4,33.1,M,汉,5051,4,01,PARENTS,FRIENDS,2,70.0,北京市,CONSUME,01,,39.91349555121528,116.49137722439237,ANDROID,,北京市朝阳区八里庄街道朝阳路辅路,0
100000,,威海市,江西建设职业技术学院,Z,90,XCX,4,37.0,M,汉,3828,4,01,FATHER,FRIENDS,,70.0,山东省,CONSUME,01,,28.569559220199936,115.87413600445966,IOS,,江西省南昌市南昌县莲塘镇金沙二路辅路,0
100000,301,信阳市,太平人寿保险股份有限公司,J,13,XCX,4,32.3,F,汉,5431,3,01,RELATIVES,RELATIVES,2,70.0,河南省,CONSUME,01,,32.14361208595991,114.14322139492866,ANDROID,,河南省信阳市平桥区平桥街道新七大道,0
100000,103,上海市,上海春氧有限公司,Z,90,APP,2,46.9,M,汉,1558,3,01,RELATIVES,MATE,1,70.0,上海市,CONSUME,01,,31.03400792179351,121.24170144065877,ANDROID,,上海市松江区中山街道五昆路196号,0
100000,102,南阳市,南阳市农业农村局,A,27,APP,4,41.6,M,汉,5270,2,01,MATE,FRIENDS,1,92.54505,河南省,CONSUME,01,,33.020412420563328,112.5971563898738,ANDROID,,河南省南阳市宛城区仲景街道两相东路辅路,0
100000,105,广州市,增城区增江街第一小学,P,13,APP,4,50.6,M,汉,173,4,01,RELATIVES,FRIENDS,1,70.0,广东省,CONSUME,01,,28.133035570880567,112.95499458091585,ANDROID,,湖南省长沙市天心区新开铺街道湘江南路,0
100000,103,吉林市,丰满区人民法院,S,11,XCX,4,33.7,M,朝鲜,522,4,01,PARENTS,FRIENDS,2,70.0,吉林省,CONSUME,01,,39.993320455077228,116.21669251926935,ANDROID,,北京市海淀区香山街道香山路,0
100000,105,昆明市,云南建投安装股份有限公司,E,24,APP,4,36.1,M,汉,6024,4,01,MATE,FRIENDS,1,88.995,云南省,CONSUME,01,,17.217425009591087,104.86433299999999,ANDROID,,"Thakhek, Khammouan, Laos",0
100000,104,盐城市,盐城经纬化工有限公司,C,24,APP,4,50.8,M,汉,613,4,,COLLEAGUE,FRIENDS,1,70.0,江苏省,CONSUME,01,,33.36500054253472,120.14926405164931,ANDROID,,江苏省盐城市亭湖区黄海街道青年路7号,0
100000,103,沈阳市,海鑫素谷粗膳坊,H,54,APP,3,38.3,M,蒙古,5864,2,01,MOTHER,SIBLING,1,70.0,辽宁省,CONSUME,02,,41.69090550171005,123.42548053510336,ANDROID,,辽宁省沈阳市浑南区白塔街道白塔街1巷,0
100000,102,成都市,成都思远网络技术有限公司,G,13,APP,4,25.7,M,汉,266,4,01,PARENTS,FRIENDS,2,70.0,四川省,CONSUME,01,,30.762639611390218,103.88558535555032,IOS,,四川省成都市郫都区合作街道康惠路,1
100000,,陇南市,上海飞科电器股份有限公司,C,24,APP,3,33.1,M,汉,5796,3,01,MATE,FATHER,1,70.0,甘肃省,CONSUME,01,,34.134730733740457,105.43224387910893,ANDROID,,甘肃省陇南市西和县长道镇,0
100000,,天津市,天津市河西区津索家具经营部,H,54,XCX,4,26.6,M,汉,2336,4,,FATHER,COLLEAGUE,2,70.0,天津市,CONSUME,02,,39.068654,117.231197,IOS,,天津市河西区尖山街道梅江道,0
100000,,清远市,巧艺家政,O,17,XCX,2,36.1,F,瑶,3813,2,01,MOTHER,FRIENDS,1,70.0,广东省,CONSUME,01,,23.059461534288193,113.05043104383681,ANDROID,,广东省佛山市南海区狮山镇府前路5号,0
100000,104,齐齐哈尔市,阿斯利康公司,Z,90,APP,3,28.9,F,汉,352,2,01,MOTHER,OTHER,1,91.597,黑龙江省,CONSUME,01,,36.22842118766634,120.16318567145406,IOS,,山东省青岛市城阳区河套街道G228(韶海路),0
100000,,河源市,黄江天虹生活百货,Z,90,APP,3,28.5,M,汉,1128,2,01,FATHER,COLLEAGUE,2,87.204,广东省,CONSUME,01,,22.963385,114.029877,ANDROID,,广东省东莞市常平镇港建路,0
100000,102,上饶市,自产自销,H,54,APP,2,35.9,M,汉,6755,3,01,RELATIVES,MATE,1,70.0,江西省,CONSUME,01,,30.381359421324345,120.32906729916849,ANDROID,,浙江省嘉兴市海宁市许村镇,0
100000,,恩施土家族苗族自治州,咸丰县前段时间,H,54,XCX,4,24.8,F,土家,2374,2,01,SIBLING,FRIENDS,2,70.0,湖北省,CONSUME,01,,29.680183,109.149223,ANDROID,,湖北省恩施土家族苗族自治州咸丰县大路坝区沿河路,0
100000,102,平顶山市,平煤集团物资供应总公司,C,24,XCX,4,47.2,M,汉,4918,2,01,MATE,FRIENDS,1,88.93331,河南省,CONSUME,01,,33.74980783011271,113.3195195136546,IOS,,河南省平顶山市卫东区五一路街道新华路,0
100000,102,安庆市,安徽省宿松县第二人民医院,Q,11,XCX,4,24.7,M,汉,2248,4,01,SIBLING,MATE,2,90.47,安徽省,CONSUME,01,,30.1535556172513,116.13890016041077,ANDROID,,安徽省安庆市宿松县孚玉镇S213(民信线),1
100000,304,广州市,万物灵感有限公司,Z,90,APP,3,25.4,F,汉,1580,2,01,FATHER,FRIENDS,2,86.696,广东省,CONSUME,01,,22.546636314184537,114.12617113479284,IOS,,广东省深圳市罗湖区黄贝街道文锦南路2006号,0
100000,309,宜宾市,怡轩加工部,H,54,APP,2,27.3,M,汉,833,3,01,FATHER,SIBLING,2,79.363014,四川省,CONSUME,01,,23.4944791221175,113.27097479374123,ANDROID,,广东省广州市花都区花山镇城西共和路,0
100000,105,娄底市,轩凌新材料,M,11,APP,3,26.6,M,汉,620,4,01,MATE,MOTHER,2,70.0,湖南省,CONSUME,01,,31.88417931910652,119.86863193358296,ANDROID,,江苏省常州市新北区罗溪镇勤丰路,0
100000,105,海口市,海口旺昇汽车维修服务有限公司,O,17,APP,3,40.3,M,汉,4291,4,01,MATE,COLLEAGUE,1,70.0,海南省,CONSUME,01,,20.03682124162156,110.3774203027022,ANDROID,,海南省海口市美兰区白沙街道文明东隧道,0
100000,103,驻马店市,北京坤鹏创建建设工程有限公司,E,24,APP,2,52.8,M,汉,99999,4,01,MATE,FRIENDS,1,89.248,河南省,CONSUME,01,,38.090937132273918,114.3839571393562,ANDROID,,河北省石家庄市新华区大郭街道植物园路6号,0
100000,105,南阳市,上海宝尊电子商务有限公司,G,13,XCX,3,34.2,F,汉,263,4,01,MATE,FATHER,2,70.0,河南省,CONSUME,01,,31.328859287525625,121.4817824187897,ANDROID,,上海市宝山区高境镇逸仙路辅路,0
100000,105,宿州市,服装个体,Z,90,XCX,3,42.9,F,汉,3867,4,01,PARENTS,SIBLING,1,70.0,安徽省,CONSUME,01,,33.63624568517618,116.99357010564155,ANDROID,,安徽省宿州市埇桥区道东街道道东大街,0
100000,105,青岛市,青岛崂山区联通,G,13,APP,4,50.3,M,汉,2584,4,01,SIBLING,FRIENDS,1,70.0,山东省,CONSUME,01,,28.2484838407772,113.09636076962215,ANDROID,,湖南省长沙市长沙县星沙街道G319辅路,0
100000,103,湖州市,浙江水木九天农业科技股份有限公司,A,27,APP,2,52.9,M,汉,3652,3,01,MATE,MOTHER,1,89.714,浙江省,CONSUME,01,,30.59224052084783,120.05480100626463,ANDROID,,浙江省湖州市德清县乾元镇新杏河桥,0
100000,103,唐山市,王利个人工作室,Z,90,APP,3,43.5,M,汉,4009,4,01,RELATIVES,RELATIVES,2,70.0,河北省,CONSUME,01,,39.792655083834187,118.36450068927924,ANDROID,,河北省唐山市开平区双桥镇,0
100000,103,张家口市,杭州庞股贸易有限公司,C,24,XCX,3,27.5,M,汉,6966,2,01,FATHER,SIBLING,2,77.753,河北省,CONSUME,01,,39.79276538006897,116.51429978096748,ANDROID,,北京市大兴区荣华街道兴盛街11号,0
100000,307,南京市,南京杰宸机械科技有限公司,G,13,APP,3,34.5,M,汉,4318,3,01,PARENTS,COLLEAGUE,1,70.0,江苏省,CONSUME,01,,31.915180626662584,118.85523189201163,ANDROID,,江苏省南京市江宁区淳化街道兴民南路115号,0
100000,103,中卫市,张萍个人工作室,Z,90,APP,2,31.3,M,汉,6334,3,01,COLLEAGUE,CHILDREN,1,70.0,宁夏回族自治区,CONSUME,02,,37.48957,105.179518,ANDROID,,宁夏回族自治区中卫市沙坡头区滨河镇朝阳路,0
100000,102,滁州市,苏州德泓建设工程有限公司,E,24,APP,2,39.9,M,汉,5934,2,01,FATHER,FRIENDS,1,70.0,安徽省,CONSUME,01,,31.814735741148956,121.12647631927153,ANDROID,,江苏省南通市海门区滨江街道香港路,0
100000,103,怀化市,个体工商户,Z,90,APP,3,51.5,F,汉,99999,3,01,MATE,FRIENDS,1,90.80969,湖南省,CONSUME,01,,27.362893000141836,109.18407448180237,ANDROID,,湖南省怀化市新晃侗族自治县晃洲镇,0
100000,105,南宁市,广西建工第一建筑工程集团有限公司,E,24,APP,4,33.3,M,壮,7024,2,01,MATE,SIBLING,1,84.273,广西壮族自治区,CONSUME,01,,22.70036172500821,108.40194697835622,ANDROID,,广西壮族自治区南宁市良庆区良庆镇那浪路,0
100000,105,重庆市,中国人寿第四营业部,J,13,APP,4,26.3,F,汉,950,2,01,PARENTS,FRIENDS,2,70.0,重庆市,CONSUME,01,,29.52538866845088,106.53536832950566,ANDROID,,重庆市南岸区铜元局街道风临路,0
100000,102,上海市,上海中杰轮胎有限公司,C,24,XCX,4,32.7,M,汉,2094,2,01,PARENTS,FRIENDS,2,85.309,上海市,CONSUME,01,,31.256247245555817,121.32661515344197,ANDROID,,上海市嘉定区江桥镇靖远路799弄-1-～64号,0
100000,102,资阳市,万寿均个人工作室,Z,90,APP,3,47.1,M,汉,601,2,01,FATHER,FATHER,1,70.0,四川省,CONSUME,01,,22.573640301439629,114.10402811146112,ANDROID,,广东省深圳市罗湖区清水河街道泥岗东路辅路,0
100000,103,石家庄市,广州足迹有限公司,Z,90,APP,3,38.1,F,汉,3843,2,,MATE,RELATIVES,1,98.0,河北省,CONSUME,01,,38.08463781886635,114.59253323108232,ANDROID,,河北省石家庄市长安区西兆通镇富强大街101号,0
100000,103,宿州市,宿州市灵犀餐厅,H,54,APP,3,44.1,M,汉,1091,4,01,RELATIVES,RELATIVES,1,70.0,安徽省,CONSUME,01,,33.623867,116.982919,ANDROID,,安徽省宿州市埇桥区三里湾街道淮河中路398,0
100000,103,松原市,通泰路桥,E,24,APP,4,31.8,M,汉,6244,3,01,FATHER,SIBLING,2,89.274,吉林省,CONSUME,01,,41.92895710472245,126.42853016045059,ANDROID,,吉林省白山市浑江区城南街道华山路,0
100000,103,济南市,广杰智能装备有限公司,M,11,APP,4,28.8,M,汉,640,4,01,PARENTS,OTHER,1,70.0,山东省,CONSUME,01,,36.68994133343243,117.08269415783478,ANDROID,,山东省济南市历城区东风街道花仙东路,0
100000,105,苏州市,常熟市实验小学,P,13,APP,4,35.8,M,汉,7259,4,01,FATHER,FRIENDS,1,89.21,江苏省,CONSUME,01,,31.686346504881635,120.76646877422302,ANDROID,,江苏省苏州市常熟市琴川街道新世纪大道,0
100000,,安阳市,a咖电竞,Z,90,XCX,4,24.0,M,汉,3023,3,01,MATE,FRIENDS,2,70.0,河南省,CONSUME,01,,35.958281,114.881975,IOS,,河南省安阳市内黄县繁阳街道平安路,0
100000,102,大理白族自治州,中山市帝舟装饰工程有限公司,E,24,APP,2,53.1,M,白,827,2,01,MATE,FRIENDS,1,70.0,云南省,CONSUME,01,,22.5870777619247,113.1852140060933,ANDROID,,广东省中山市古镇镇同兴南路,0
100000,104,广州市,广州市番禺区康盈织带有限公司,C,24,XCX,3,49.5,F,汉,99999,4,01,RELATIVES,RELATIVES,2,70.0,广东省,CONSUME,01,,3,113.2618660481771,IOS,,"Bintulu, Sarawak, Malaysia",0
100000,105,哈尔滨市,姚欣个人工作室,Z,90,APP,4,40.7,F,汉,4168,4,01,FATHER,FRIENDS,1,92.01803,黑龙江省,CONSUME,01,,45.81871802462847,126.51409922269535,IOS,,黑龙江省哈尔滨市松北区松北街道龙川路,0
100000,301,阜阳市,北京星物语餐饮管理有限公司,I,54,APP,2,39.5,F,汉,3260,4,01,FATHER,FATHER,1,70.0,安徽省,CONSUME,01,,39.91674967399132,116.42523489835215,IOS,,北京市东城区朝阳门街道武学胡同12号,0
100000,,铜仁市,贵州省铜仁市伊诺医疗科技有限公司,S,11,XCX,4,33.1,F,土家,5394,4,01,FATHER,RELATIVES,2,95.48,贵州省,CONSUME,01,,27.712420315845426,109.18680412243256,IOS,,贵州省铜仁市碧江区锦江街道铜江大道13号,0
100000,102,邢台市,河北正诺科技公司,G,13,XCX,4,30.8,F,汉,7167,2,01,FATHER,FRIENDS,1,87.629,河北省,CONSUME,01,,36.69098668532798,114.18303472095609,IOS,,河北省邯郸市武安市武安镇中兴路1443号,0
100000,104,重庆市,重庆抖鹰科技有限公司,G,13,XCX,4,24.9,M,汉,1220,4,01,MOTHER,FRIENDS,2,87.525,重庆市,CONSUME,01,,29.5096861940249,106.50818195321559,IOS,,重庆市九龙坡区杨家坪街道前进路68号附1号,0
100000,104,泰安市,丰实粮油干货,C,24,APP,2,47.6,F,汉,667,2,01,CHILDREN,MATE,1,92.932,山东省,CONSUME,02,,36.206666471383879,117.06699437535905,ANDROID,,山东省泰安市泰山区泰前街道长城北路,0
100000,302,雅安市,胖瘦仙童,H,54,APP,3,25.1,F,汉,975,4,01,PARENTS,COLLEAGUE,2,70.0,四川省,CONSUME,01,,29.24247988454253,102.37383334573473,ANDROID,,四川省雅安市石棉县新棉街道G5(京昆高速),0
100000,,大连市,大连市小雨儿服饰店,H,54,XCX,4,44.3,F,汉,915,4,01,MATE,SIBLING,1,70.0,辽宁省,CONSUME,01,,38.928387,121.646016,ANDROID,,辽宁省大连市中山区人民路街道发达街,0
100000,403,保山市,保山晨玮商贸有限公司,H,54,APP,3,40.2,M,汉,5631,3,,MATE,COLLEAGUE,1,70.0,云南省,CONSUME,04,,25.148203313430999,99.18261702624277,ANDROID,,云南省保山市隆阳区永昌街道惠通路,0
100000,102,芜湖市,唐美年个人工作室,Z,90,APP,4,36.4,F,汉,4190,2,01,MATE,FRIENDS,1,86.20586,安徽省,CONSUME,01,,31.3126368606932,118.377289701448,IOS,,安徽省芜湖市弋江区中南街道南塘湖路,0
100000,103,景德镇市,德联覆铜板惠州有限公司,Z,90,APP,3,52.7,M,汉,913,4,01,MATE,FRIENDS,1,76.1704,江西省,CONSUME,02,,23.188547904312828,114.47233959200934,ANDROID,,广东省惠州市惠城区汝湖镇埔心村道,0
100000,105,西宁市,饿了么外卖,I,54,APP,4,31.5,M,汉,5421,4,01,FATHER,FRIENDS,2,79.26854,青海省,CONSUME,01,,30.23425705771937,104.10001069182724,ANDROID,,四川省眉山市仁寿县视高街道,0
100000,,南阳市,安阳市殷都区老兵喷油泵维修零售,H,54,XCX,2,34.0,M,汉,5172,4,01,MATE,FRIENDS,1,70.0,河南省,CONSUME,01,,36.15407893162974,114.28635210550128,ANDROID,,河南省安阳市殷都区北蒙街道,0
100000,103,榆林市,史荣荣个人工作室,Z,90,APP,2,40.1,F,汉,3987,2,01,MATE,COLLEAGUE,1,70.0,陕西省,CONSUME,01,,38.19351,109.772629,ANDROID,,陕西省榆林市榆阳区长城路街道,0
100000,105,内江市,威远县人民医院,Q,11,APP,4,36.8,F,汉,4340,2,01,FATHER,FATHER,1,87.87047,四川省,CONSUME,01,,29.53662948287804,104.66390433978879,IOS,,四川省内江市威远县严陵镇外北路47,0
100000,102,亳州市,夏永清个人工作室,H,54,APP,2,47.6,M,汉,902,2,01,MATE,FRIENDS,1,70.0,安徽省,CONSUME,01,,30.146216,120.308139,ANDROID,,浙江省杭州市萧山区新塘街道新螺路1228,0
100000,302,六盘水市,贵州鑫科电力器材有限公司,D,17,APP,4,28.2,M,汉,658,4,01,FATHER,MOTHER,2,78.156,贵州省,CONSUME,01,,32.15331340636921,118.75839574630149,ANDROID,,江苏省南京市浦口区沿江街道滨江大道,0
100000,102,沈阳市,鞍山云丰食品有限公司,C,24,APP,3,50.6,M,汉,1998,2,01,MATE,FRIENDS,1,70.0,辽宁省,CONSUME,01,,41.795622200406359,123.49648465943115,ANDROID,,辽宁省沈阳市大东区东塔街道长安路,0
100000,403,阳江市,敏怡烟行,H,54,APP,2,38.2,F,汉,5526,3,01,PARENTS,FRIENDS,1,70.0,广东省,CONSUME,01,,21.88829337000469,111.95958460337433,ANDROID,,广东省阳江市江城区岗列街道X608,0
100000,103,惠州市,奋达职业技术学校,P,13,XCX,3,41.0,M,汉,4767,3,01,FRIENDS,FRIENDS,1,70.0,广东省,CONSUME,01,,31.454475,104.59186,ANDROID,,四川省绵阳市涪城区永兴镇XB20,0
100000,105,哈尔滨市,保险公司,Z,90,APP,3,55.6,F,汉,864,4,01,RELATIVES,FRIENDS,3,70.0,黑龙江省,CONSUME,02,,45.68976978699294,126.59172832081878,ANDROID,,黑龙江省哈尔滨市南岗区哈西街道哈西大街,0
100000,102,扬州市,南京鼎胜物业有限公司,L,17,APP,4,38.0,M,汉,4593,4,01,MATE,SIBLING,1,70.0,江苏省,CONSUME,01,,28.24804987051106,113.10995121508666,ANDROID,,湖南省长沙市长沙县星沙街道G319辅路,0
100000,307,宣城地区,南京爱米伦特教育咨询有限公司,P,13,XCX,4,40.7,F,汉,4641,3,01,MATE,OTHER,1,79.99813,安徽省,CONSUME,01,,31.9699093964214,118.70856767272217,ANDROID,,江苏省南京市建邺区沙洲街道G42(绕城路),0
100000,,重庆市,重庆得固商贸有限公司,Z,90,APP,3,25.2,F,汉,2078,3,01,PARENTS,FRIENDS,2,70.0,重庆市,CONSUME,01,,29.577832067693266,106.54320356866701,ANDROID,,重庆市江北区五里店街道鲤鱼池路,0
100000,105,银川市,泛亚汽车技术中心,C,24,APP,4,33.8,F,满,684,4,01,FATHER,FRIENDS,2,70.0,宁夏回族自治区,CONSUME,01,,31.28459567348508,121.64344134815691,ANDROID,,上海市浦东新区曹路镇川安路80号,0
100000,103,宿迁市,山东璞园景观工程有限公司,E,24,APP,3,31.0,M,汉,7210,3,01,RELATIVES,FRIENDS,1,70.0,江苏省,CONSUME,01,,27.740120558236379,112.02053904405206,ANDROID,,湖南省娄底市娄星区涟滨街道吉星南路辅路,0
100000,,新泰市,山东陆桓建筑工程有限公司,E,24,APP,3,36.4,M,汉,4710,3,01,MATE,FRIENDS,1,70.0,山东省,CONSUME,01,,37.170254,116.776911,ANDROID,,山东省德州市临邑县临盘街道G513,0
100000,105,合肥市,安徽厦航建设工程有限公司,E,24,APP,4,44.1,M,汉,4382,4,01,MATE,FATHER,1,70.0,安徽省,CONSUME,01,,31.862706432809007,117.26260993438791,ANDROID,,安徽省合肥市蜀山区琥珀街道环城路,0
100000,105,陇南市,陇南金管家财务服务有限公司公司,H,54,APP,4,31.0,F,汉,5740,2,01,FATHER,FRIENDS,2,86.452,甘肃省,CONSUME,01,,33.73318985940921,105.6721188707701,ANDROID,,甘肃省陇南市成县抛沙镇,0
100000,307,本溪市,八七传媒有限公司,R,17,APP,4,41.8,F,纳西,4280,4,01,MATE,FRIENDS,1,92.0,辽宁省,CONSUME,01,,41.3538240908257,123.87298966287422,IOS,,辽宁省本溪市明山区高台子街道威乌线,0
100000,105,衡阳市,周钰个人工作室,H,54,APP,3,29.4,F,汉,1247,3,01,MATE,RELATIVES,1,78.42487,湖南省,CONSUME,01,,26.789654437011657,112.12721609482628,ANDROID,,湖南省衡阳市祁东县洪桥街道,0
100000,102,上饶市,铅山县弋绿家庭农场,A,27,APP,3,31.2,M,汉,5732,3,01,FRIENDS,SIBLING,1,87.226,江西省,CONSUME,01,,28.337798016069934,117.66474176128209,ANDROID,,江西省上饶市铅山县新滩乡店河线,0
100000,,泉州市,洪玲华个人工作室,Z,90,XCX,3,26.3,F,汉,610,2,01,OTHER,OTHER,2,85.626,福建省,CONSUME,01,,31.83714246867844,120.01449073602825,ANDROID,,江苏省无锡市江阴市璜土镇,0
100000,102,镇江市,中国人寿,J,13,APP,4,35.5,F,汉,4150,2,01,SIBLING,SIBLING,1,86.173,江苏省,CONSUME,01,,31.992652327955697,119.59580821608559,ANDROID,,江苏省镇江市丹阳市曲阿街道滨河路,0
100000,102,廊坊市,史东山个人工作室,Z,90,APP,2,39.0,M,汉,3997,4,01,RELATIVES,RELATIVES,1,70.0,河北省,CONSUME,01,,39.44443037689183,116.34161047761437,ANDROID,,河北省廊坊市固安县固安镇长征路,0
100000,,深圳市,富士康科技集团,Z,90,XCX,4,37.2,M,汉,5608,3,01,FATHER,FRIENDS,2,70.0,广东省,CONSUME,01,,22.644006,114.039395,IOS,,广东省深圳市龙华区龙华街道油松路48号,0
100000,,天津市,天津劳渤海化工集团永利有限公司,Z,90,APP,2,48.8,M,汉,99999,2,01,FRIENDS,COLLEAGUE,1,70.0,天津市,CONSUME,01,,39.10359,117.700419,ANDROID,,天津市滨海新区北塘街道梅州道,0
100000,104,焦作市,河南省修武县供销社,S,11,APP,4,34.4,M,汉,4745,2,01,MATE,COLLEAGUE,1,78.71212,河南省,CONSUME,01,,35.244771587919597,113.45248073757726,ANDROID,,河南省焦作市修武县城关镇幸福路,0
100000,103,成都市,张蕾个人工作室,Z,90,XCX,4,45.4,F,汉,2551,2,01,FATHER,FATHER,1,70.0,四川省,CONSUME,01,,30.757664,104.170335,IOS,,四川省成都市新都区三河街道成都绕城绿道,0
100000,102,陇南市,北京星链南天科技有限公司,G,13,APP,4,31.7,M,汉,603,4,01,SIBLING,FRIENDS,2,100.0,甘肃省,CONSUME,01,,36.07615201997435,103.77416986578128,ANDROID,,甘肃省兰州市七里河区建兰路街道吴家园路,0
100000,103,安庆市,奇色电子商务有限公司,H,54,XCX,2,32.3,F,汉,778,2,01,RELATIVES,SIBLING,3,86.216,安徽省,CONSUME,01,,32.897799569984638,117.60869642290337,ANDROID,,安徽省滁州市凤阳县府城镇小康路,0
100000,103,西宁市,柏马琴行,H,54,APP,3,32.7,M,汉,1190,4,,SIBLING,COLLEAGUE,3,79.224525,青海省,CONSUME,01,,36.64831566284267,101.73624182640036,ANDROID,,青海省西宁市城西区虎台街道文亭巷,0
100000,103,西安市,苏州思远汽车贸易有限公司,C,24,APP,3,46.0,M,汉,4578,3,01,FATHER,FRIENDS,1,89.65,陕西省,CONSUME,01,,34.371438195597857,108.96820655992009,IOS,,陕西省西安市未央区未央湖街道昭远门路,0
100000,102,汉中市,犇羴鱻餐饮有限公司,I,54,APP,2,46.1,M,汉,546,4,01,FATHER,FRIENDS,1,70.0,陕西省,CONSUME,02,,31.196563,121.458768,ANDROID,,上海市徐汇区斜土路街道大木桥路562号,0
100000,103,龙岩市,福建华裕天恒科技有限公司,G,13,XCX,2,46.9,M,汉,3930,3,01,RELATIVES,FRIENDS,1,70.0,福建省,CONSUME,01,,25.339631709436405,116.70678599946693,ANDROID,,福建省龙岩市连城县庙前镇,0
100000,103,盐城市,叮当智慧药房杭州有限公司,H,54,APP,2,36.8,F,汉,3772,2,,MATE,SIBLING,1,70.0,江苏省,CONSUME,01,,30.34742834270092,120.23122455189916,ANDROID,,浙江省杭州市临平区乔司街道华丰中路,0
100000,103,普洱市,周立寿个人工作室,Z,90,APP,2,45.8,M,汉,4392,4,01,MATE,SIBLING,1,70.0,云南省,CONSUME,01,,21.188056013287914,101.68607355697846,ANDROID,,云南省西双版纳傣族自治州勐腊县磨憨镇东盟大道,0
100000,103,常州市,奥博注塑机械有限公司,C,24,APP,2,38.1,M,汉,4707,3,01,MATE,FRIENDS,1,77.73607,江苏省,CONSUME,01,,31.782124177112168,119.75888508802672,ANDROID,,江苏省常州市钟楼区邹区镇S340(泰西路),0
100000,,天门市,武汉库多多冷库服务有限责任公司,Z,90,XCX,3,41.6,M,汉,4546,4,01,FATHER,FRIENDS,1,70.0,湖北省,CONSUME,01,,30.336050503067449,114.26583067544805,ANDROID,,湖北省武汉市江夏区郑店街道,0
100000,102,佳木斯市,凤龙富娆饮品店,I,54,XCX,3,36.2,F,汉,3798,2,01,MATE,SIBLING,1,70.0,黑龙江省,CONSUME,01,,46.677136,131.166714,ANDROID,,黑龙江省双鸭山市尖山区安邦乡X004(东环路),0
100000,,岳阳市,杨震宇个人工作室,Z,90,APP,2,33.2,M,汉,4739,4,01,MATE,FATHER,2,70.0,湖南省,CONSUME,01,,28.594532205741623,113.08805979161578,ANDROID,,湖南省岳阳市汨罗市弼时镇,0
100000,103,广元市,苍溪县双杨汽修厂,C,24,APP,3,51.7,M,汉,760,4,01,SIBLING,RELATIVES,1,74.794,四川省,CONSUME,01,,31.75133681691043,105.93974785776392,ANDROID,,四川省广元市苍溪县陵江镇苍旺公路,0
100000,105,四平市,丁迎莹个人工作室,Z,90,APP,4,39.2,F,汉,4163,2,01,MATE,SIBLING,1,94.0,吉林省,CONSUME,02,,43.153449802559368,124.36561866627267,ANDROID,,吉林省四平市铁东区七马路街道G102辅路,0
100000,102,恩施土家族苗族自治州,申利卡铝业有限公司,C,24,APP,2,47.2,M,土家,3077,2,01,MATE,RELATIVES,1,91.233,湖北省,CONSUME,02,,25.01533488599907,118.31342935423709,ANDROID,,福建省泉州市南安市仑苍镇,0
100000,105,信阳市,仙桃市文锦工程机械有限公司,C,24,APP,2,39.7,M,汉,3078,2,01,MATE,COLLEAGUE,1,88.0,河南省,CONSUME,01,,30.362104581935289,113.4777936818429,ANDROID,,湖北省仙桃市龙华山街道叶王路,0
100000,,来宾市,樊韦红小卖部,Z,90,APP,2,44.1,M,壮,4148,4,01,SIBLING,MOTHER,2,70.0,广西壮族自治区,CONSUME,01,,23.631668,108.90028,ANDROID,,广西壮族自治区来宾市兴宾区平阳镇,0
100000,103,常德市,常德市置信房地产经纪有限公司,K,17,APP,3,43.9,F,汉,4224,3,01,MOTHER,FRIENDS,1,70.0,湖南省,CONSUME,01,,29.06763546748474,111.70316458878583,ANDROID,,湖南省常德市武陵区南坪街道荷花路,0
100000,102,上海市,华港沃金有限公司,Z,90,APP,4,33.3,M,汉,140,3,01,FRIENDS,FRIENDS,2,84.429,上海市,CONSUME,01,,30.75079201947795,121.33307275529367,ANDROID,,上海市金山区山阳镇蒙山北路,0
100000,104,淮安市,江苏宁电数智科技有限公司,G,13,APP,4,24.2,M,汉,1439,2,01,RELATIVES,RELATIVES,2,70.0,江苏省,CONSUME,01,,31.94909248975146,118.8305005122469,IOS,,江苏省南京市江宁区东山街道翠文路,0
100000,309,哈尔滨市,皇冠婚纱摄影,O,17,APP,2,30.7,M,汉,6909,2,01,FRIENDS,COLLEAGUE,2,79.911,黑龙江省,CONSUME,01,,45.842821705824068,126.53785313152312,ANDROID,,黑龙江省哈尔滨市松北区松北街道X031,0
100000,,东莞市,东莞清溪网格管理中心,Z,90,APP,4,31.2,M,汉,5702,4,01,MATE,FRIENDS,2,70.0,广东省,CONSUME,01,,22.819241,114.19831,ANDROID,,广东省东莞市清溪镇,0
100000,102,临沂市,周舟个人工作室,Z,90,APP,4,30.3,F,汉,1035,4,01,FATHER,RELATIVES,2,89.86298,山东省,CONSUME,01,,34.859899735210849,118.06188030408105,IOS,,山东省临沂市兰陵县卞庄街道东埝头一路,0
100000,302,四平市,吉林省中工技师学院,P,13,APP,4,26.7,M,汉,7060,2,,FATHER,RELATIVES,2,86.378,吉林省,CONSUME,02,,29.876752358460956,121.66654757186821,ANDROID,,浙江省宁波市鄞州区梅墟街道木槿路,0
100000,103,江门市,联昇针织厂,C,24,APP,2,44.5,F,汉,3527,2,01,RELATIVES,FRIENDS,2,90.371,广东省,CONSUME,01,,22.498324026317495,113.5446466078714,ANDROID,,广东省中山市南朗街道,0
100000,105,中山市,主创装饰,E,24,XCX,3,36.4,M,汉,3538,3,,MATE,FRIENDS,1,83.248,广东省,CONSUME,01,,22.532199717798865,113.31887688355364,IOS,,广东省中山市沙溪镇半岛三街,0
100000,102,娄底市,嘉兴冶炼厂,C,24,XCX,4,32.2,M,汉,978,4,01,PARENTS,SIBLING,2,95.208,湖南省,CONSUME,01,,27.692747612688554,111.67493464807539,ANDROID,,湖南省娄底市涟源市蓝田街道双江街,0
100000,102,石家庄市,河北交通职业技术学院,P,13,APP,4,42.5,M,满,4129,2,01,COLLEAGUE,FATHER,1,93.346,河北省,CONSUME,01,,38.020119312548249,114.4639963312494,ANDROID,,河北省石家庄市桥西区新石街道维明南大街,0
100000,104,银川市,宁夏卓越展览服务有限公司,R,17,APP,4,39.6,M,汉,5890,3,01,PARENTS,FRIENDS,1,70.0,宁夏回族自治区,CONSUME,01,,38.4959474573012,106.21904369613479,ANDROID,,宁夏回族自治区银川市金凤区上海西路街道康平路,0
100000,,宁波市,慈溪市望锦毛绒制品有限公司,Z,90,XCX,2,53.1,M,汉,99999,3,01,MATE,FRIENDS,1,87.819,浙江省,CONSUME,01,,30.183381,121.329542,ANDROID,,浙江省宁波市慈溪市逍林镇樟新南路397号,0
100000,103,绵阳市,四川金迈电气科技,G,13,APP,3,39.4,M,汉,3912,2,01,RELATIVES,FRIENDS,2,70.0,四川省,CONSUME,01,,31.472563072167266,104.75445508450999,ANDROID,,四川省绵阳市游仙区涪江街道绵山路20号,0
100000,,西安市,西安红光五金机电有限公司,Z,90,APP,3,40.4,M,汉,4255,2,01,MATE,SIBLING,1,70.0,陕西省,CONSUME,01,,34.258979497595749,108.97652611384386,ANDROID,,陕西省西安市碑林区东关南街街道龙渠堡98,0
100000,301,徐州市,徐州清歌装饰工程有限公司,E,24,APP,4,36.0,M,汉,5337,4,01,PARENTS,FRIENDS,1,70.0,江苏省,CONSUME,01,,34.238653071005547,117.13123804540943,ANDROID,,江苏省徐州市泉山区湖滨街道,0
100000,105,濮阳市,天津市中信仁恒机电工程有限公司,Z,90,APP,2,35.6,M,汉,131,3,01,RELATIVES,FRIENDS,1,70.0,河南省,CONSUME,01,,39.13691366273879,117.18602024364803,ANDROID,,天津市南开区鼓楼街道东马路131号,0
100000,103,南通市,个体经营,Z,90,APP,2,26.5,M,汉,7193,2,01,MATE,FRIENDS,2,89.466,江苏省,CONSUME,01,,32.351141494565258,120.61861014739357,ANDROID,,江苏省南通市如皋市城南街道站前路辅路,0
100000,,自贡市,周建丞个人工作室,C,24,APP,2,36.1,M,汉,4745,2,01,MOTHER,FRIENDS,1,70.0,四川省,CONSUME,01,,29.226738795610836,104.58772875206698,ANDROID,,四川省自贡市贡井区莲花镇,0
100000,103,苏州市,苏州中恒宸企业管理咨询有限公司,L,17,APP,4,28.9,M,汉,6713,4,01,FRIENDS,FRIENDS,2,70.0,江苏省,CONSUME,01,,31.34167599310494,120.55479269227456,ANDROID,,江苏省苏州市姑苏区白洋湾街道虎池路,0
100000,105,宜春市,昆山诚鸿德机械有限公司,C,24,XCX,3,38.7,M,汉,4701,4,,MATE,RELATIVES,1,70.0,江西省,CONSUME,01,,31.39970421977292,121.04946956189524,ANDROID,,江苏省苏州市昆山市玉山镇赤湖路,0
100000,102,烟台市,太平保险有限公司,J,13,APP,2,45.2,F,汉,630,2,01,FRIENDS,MATE,1,70.0,山东省,CONSUME,02,,37.558870876752049,121.38126337802568,ANDROID,,山东省烟台市芝罘区通伸街道,0
100000,105,绍兴市,绍兴市上虞区供销社,S,11,XCX,4,23.4,M,汉,2104,2,01,RELATIVES,SIBLING,2,78.481,浙江省,CONSUME,01,,29.984736342355214,120.95968684041938,ANDROID,,浙江省绍兴市上虞区驿亭镇,0
100000,,周口市,秋栝副食,Z,90,APP,2,42.3,F,汉,4949,2,01,FATHER,SIBLING,1,70.0,河南省,CONSUME,01,,33.283043,114.894295,ANDROID,,河南省周口市项城市高寺镇,0
100000,,临沂市,澄江焕弟骨头汤店,Z,90,APP,4,34.4,M,汉,6717,4,01,MATE,FRIENDS,1,70.0,山东省,CONSUME,01,,31.917795952690973,120.23970296223958,ANDROID,,江苏省无锡市江阴市澄江街道S338(滨江西路),0
100000,103,广州市,广州银行股份有限公司广州分行,J,13,APP,2,33.6,F,汉,6775,3,01,OTHER,OTHER,2,78.128,广东省,CONSUME,01,,23.09632502494091,113.27861206302323,ANDROID,,广东省广州市海珠区昌岗街道昌岗东路286号,0
100000,102,开封市,郑州水工机械有限公司,C,24,APP,3,38.3,M,汉,5505,4,01,MATE,COLLEAGUE,1,70.0,河南省,CONSUME,01,,34.76269783197171,113.65351707675505,ANDROID,,河南省郑州市二七区铭功路街道铭功路138号,0
100000,,宜昌市,鼎盛石材有限公司,Z,90,XCX,3,38.8,M,土家,5590,4,01,MATE,RELATIVES,2,70.0,湖北省,CONSUME,01,,22.98144160475011,113.30061405656946,IOS,,广东省广州市番禺区钟村街道兴业大道西,0
100000,403,信阳市,信阳市明港鸿运日杂厨具门市部,C,24,XCX,2,28.6,M,汉,2389,4,01,FATHER,FRIENDS,1,70.0,河南省,CONSUME,01,,32.462285698784726,114.03502088758681,ANDROID,,河南省信阳市平桥区明港镇老干巷,0
100000,103,成都市,无尚悦茶楼,H,54,APP,2,36.2,F,汉,3743,4,01,RELATIVES,FRIENDS,1,84.313,四川省,CONSUME,01,,30.40975368017625,103.5466696473748,ANDROID,,四川省成都市邛崃市前进镇S401(成温邛快速路),0
100000,310,揭阳市,卓特五金制品有限公司,C,24,APP,2,29.4,F,汉,6709,4,01,SIBLING,SIBLING,2,70.0,广东省,CONSUME,01,,23.19960931162826,113.3374612459305,ANDROID,,广东省广州市白云区京溪街道金湖路,0
100000,104,攀枝花市,绵阳艺术学校,P,13,XCX,4,36.6,M,汉,4861,4,01,MATE,SIBLING,2,90.968,四川省,CONSUME,01,,31.730689259047847,104.71154234964115,IOS,,四川省绵阳市江油市太平镇南一环,0
100000,105,成都市,江涛建材经营部,H,54,APP,2,46.4,F,汉,6443,2,01,RELATIVES,FRIENDS,1,70.0,四川省,CONSUME,01,,30.42058652221912,103.82300658260638,ANDROID,,四川省成都市新津区五津街道清源路,0
100000,105,荆门市,钟祥市雅斯国际广场,Z,90,APP,2,34.5,F,汉,5967,4,01,MATE,FRIENDS,1,88.277,湖北省,CONSUME,01,,31.179350665315828,112.59860043895331,ANDROID,,湖北省荆门市钟祥市郢中街道校场路,0
100000,103,延安市,子长市植保植检站,S,11,APP,4,39.3,M,汉,5054,2,01,COLLEAGUE,FRIENDS,1,86.452,陕西省,CONSUME,01,,37.14989668423775,109.70261922653333,ANDROID,,陕西省延安市子长市瓦窑堡街道,0
100000,102,巴中市,南通四建集团有限公司,Z,90,XCX,3,34.2,M,汉,4491,3,01,RELATIVES,FRIENDS,1,70.0,四川省,CONSUME,01,,31.740881890190973,107.3116357421875,ANDROID,,四川省巴中市通江县铁佛镇,0
100000,,新乡市,驼人集团,Z,90,APP,4,24.9,F,汉,2094,4,01,FRIENDS,FRIENDS,2,70.0,河南省,CONSUME,01,,35.145716,114.66768,ANDROID,,河南省新乡市长垣市南蒲街道纬四路辅路,0
100000,105,重庆市,重庆驰冀科技有限公司,G,13,APP,3,41.7,M,汉,4051,2,01,MATE,SIBLING,1,89.876,重庆市,CONSUME,01,,29.53206826889867,106.49640544227352,ANDROID,,重庆市九龙坡区渝州路街道奥体路,0
100000,102,无锡市,无锡阿尔卑斯电子有限公司,C,24,XCX,3,43.5,M,汉,3679,2,01,COLLEAGUE,FRIENDS,1,70.0,江苏省,CONSUME,01,,31.47783189699729,120.46029458149826,ANDROID,,江苏省无锡市新吴区硕放街道振发一路6,0
100000,103,岳阳市,奥士康科技,G,13,APP,3,43.4,M,汉,4584,3,01,MATE,CHILDREN,1,70.0,湖南省,CONSUME,01,,28.60976531289748,112.36795723535391,ANDROID,,湖南省益阳市资阳区长春镇,0
100000,308,合肥市,合肥市第一人民医院,Q,11,APP,4,38.8,M,回,3645,3,01,SIBLING,COLLEAGUE,2,92.461,安徽省,CONSUME,01,,31.86386,117.276264,ANDROID,,安徽省合肥市庐阳区三牌楼街道长江中路230号,0
100000,105,西安市,陕西昕怡普房地产营销策划有限公司,K,17,APP,4,43.8,M,汉,3902,3,01,RELATIVES,MATE,1,90.513,陕西省,CONSUME,01,,34.26700697812621,108.85689797988836,ANDROID,,陕西省西安市莲湖区枣园街道团结西路,0
100000,403,扬州市,安川首钢机器人有限公司上海分公司,C,24,APP,2,42.3,M,汉,4770,2,01,OTHER,OTHER,1,92.037,江苏省,CONSUME,01,,41.94338338302336,123.52805165928386,IOS,,辽宁省沈阳市大东区文官街道中古城街,0
100000,103,安阳市,安阳恒腾建筑工程有限公司,E,24,APP,3,38.6,M,汉,5498,4,01,MATE,CHILDREN,1,95.083,河南省,CONSUME,01,,40.126611604258439,116.44091153393988,IOS,,北京市昌平区北七家镇,0
100000,,红河哈尼族彝族自治州,弥勒逸跑足球培训学校有限责任公司,Z,90,XCX,3,30.0,M,汉,6320,4,01,FATHER,MOTHER,1,70.0,云南省,CONSUME,01,,24.404704,103.434533,ANDROID,,云南省红河哈尼族彝族自治州弥勒市弥阳街道拖白路24-、25号,0
100000,102,杭州市,杭州立创生物科技有限公司,M,11,APP,3,29.4,F,汉,278,4,01,PARENTS,MATE,1,70.0,浙江省,CONSUME,01,,30.30423137006698,120.22576064245554,ANDROID,,浙江省杭州市上城区笕桥街道同德路,1
100000,102,东莞市,东莞市忠诚企业管理咨询有限公司,L,17,XCX,3,33.9,M,汉,5793,2,01,MATE,SIBLING,1,70.0,广东省,CONSUME,02,,23.009874957487129,113.68653108554654,ANDROID,,广东省东莞市万江街道G4(沈海高速),0
100000,102,东营市,东营鲁星道润建设工程有限公司,E,24,APP,3,29.0,M,汉,6342,4,01,PARENTS,PARENTS,1,70.0,山东省,CONSUME,01,,37.043176079787617,118.4440442604257,IOS,,山东省东营市广饶县广饶街道广颖路,0
100000,,上海市,艾长达个人工作室,Z,90,APP,3,32.7,M,汉,4910,2,01,FATHER,MOTHER,3,70.0,上海市,CONSUME,01,,31.094313,121.378993,ANDROID,,上海市闵行区颛桥镇申北路,0
100000,103,绍兴市,季季顺菜馆,I,54,APP,2,51.7,M,汉,581,4,01,CHILDREN,RELATIVES,3,89.966,浙江省,CONSUME,01,,30.021375889206057,120.89161894019361,ANDROID,,浙江省绍兴市上虞区百官街道,0
100000,103,泰州市,江苏省美好超市,H,54,XCX,2,35.9,F,汉,5269,2,01,MOTHER,FRIENDS,1,85.101,江苏省,CONSUME,01,,32.501547975182969,120.15611778427183,IOS,,江苏省泰州市姜堰区罗塘街道励才路,0
100000,103,南通市,私营业主,Z,90,APP,4,37.6,F,汉,4156,3,01,MATE,SIBLING,1,90.0,江苏省,CONSUME,01,,32.0563325321111,121.0832233706696,IOS,,江苏省南通市通州区金新街道金桥路,1
100000,105,济宁市,山东世纪连泓新材料有限公司。,C,24,XCX,3,23.7,M,汉,2448,2,01,RELATIVES,COLLEAGUE,2,81.257,山东省,CONSUME,01,,35.31546129871788,116.4060521520895,ANDROID,,山东省济宁市嘉祥县金屯镇,0
100000,103,沧州市,河北奥达物业服务有限,L,17,APP,2,38.7,F,汉,3784,2,01,FATHER,COLLEAGUE,1,70.0,河北省,CONSUME,01,,38.36152210886308,116.96144043737104,IOS,,河北省沧州市沧县姚官屯镇G2(京沪高速),0
100000,403,邯郸市,大名县古一保健按摩堂,Z,90,APP,3,31.2,M,汉,6425,4,01,MATE,MATE,1,70.0,河北省,CONSUME,01,,36.39721950714338,115.11754485150658,ANDROID,,河北省邯郸市大名县杨桥镇,0
100000,102,东莞市,东莞市豪俊网络公司,G,13,APP,4,34.2,M,汉,5921,4,01,MATE,FATHER,1,79.532425,广东省,CONSUME,01,,22.79421328602037,113.31120766269273,ANDROID,,广东省佛山市顺德区容桂街道,0
100000,105,梅州市,私营业主,Z,90,APP,2,38.0,F,汉,4109,2,01,MATE,FRIENDS,1,96.0,广东省,CONSUME,02,,24.2972133510402,116.1126989708572,ANDROID,,广东省梅州市梅江区江南街道S223辅路,0
100000,,大同市,杨继潇个人工作室,Z,90,APP,2,23.5,M,汉,2219,3,01,FATHER,FRIENDS,2,97.15,山西省,CONSUME,01,,40.041402,113.29084,ANDROID,,山西省大同市平城区御河街道青年路,0
100000,102,合肥市,润泽万物设计机构,M,11,APP,4,32.9,M,汉,6569,3,01,SIBLING,SIBLING,1,92.287,安徽省,CONSUME,01,,30.575260609116066,114.20927693362676,ANDROID,,湖北省武汉市汉阳区江汉二桥街道知音大道,0
100000,103,绍兴市,心轩文化,R,17,APP,4,38.3,M,汉,4785,4,01,MATE,RELATIVES,1,78.450226,浙江省,CONSUME,01,,30.135930756944324,120.35299404503981,ANDROID,,浙江省绍兴市柯桥区杨汛桥街道,0
100000,103,商丘市,汽车配件有限公司,C,24,APP,3,42.8,M,汉,2237,4,01,RELATIVES,OTHER,1,70.0,河南省,CONSUME,01,,34.43033696011257,115.64882289446249,ANDROID,,河南省商丘市梁园区前进街道神火大道中段51号,0
100000,,新余市,肖俊个人工作室,Z,90,APP,2,29.5,M,汉,2286,3,01,FRIENDS,COLLEAGUE,2,70.0,江西省,CONSUME,01,,22.72864,113.820862,ANDROID,,广东省深圳市宝安区新桥街道万丰中路469,0
100000,102,普洱市,冷明凤个人工作室,Z,90,XCX,3,29.2,F,彝,843,2,01,FATHER,FRIENDS,2,81.91,云南省,CONSUME,01,,22.7776272541072,100.97552765950678,IOS,,云南省普洱市思茅区思茅街道茶城大道58,0
100000,,滁州市,春浩货运部,Z,90,APP,2,24.6,M,汉,607,4,01,MOTHER,FRIENDS,2,70.0,安徽省,CONSUME,01,,29.944964,121.737165,ANDROID,,浙江省宁波市北仑区小港街道浦山路,0
100000,103,阜阳市,音丽美服饰,H,54,APP,1,39.2,F,汉,4676,4,01,SIBLING,RELATIVES,1,70.0,安徽省,CONSUME,01,,33.257785781168717,116.55564725159401,ANDROID,,安徽省亳州市蒙城县城关街道商城东路,0
100000,403,绍兴市,浙江省益瑞建设工程有限公司,E,24,XCX,2,41.8,M,汉,2839,3,01,MATE,COLLEAGUE,1,95.072,浙江省,CONSUME,01,,29.815225341758436,120.13203407315797,ANDROID,,浙江省绍兴市诸暨市应店街镇,0
100000,102,漯河市,金诚聚氨酯有限责任公司,C,24,APP,4,36.5,M,汉,3665,2,01,MATE,RELATIVES,1,76.62045,河南省,CONSUME,01,,33.613025551017368,114.0169970423905,ANDROID,,河南省漯河市郾城区孟庙镇G329(龙江西路),0
100000,102,深圳市,长沙市峰森环保科技有限公司,M,11,APP,4,42.2,M,汉,5697,4,01,SIBLING,SIBLING,1,94.469,广东省,CONSUME,01,,28.164253238035387,112.99147126074846,ANDROID,,湖南省长沙市雨花区砂子塘街道砂子塘巷60号,0
100000,,金华市,浙江保康保温杯,C,24,APP,4,24.3,M,汉,1281,3,01,PARENTS,FATHER,2,70.0,浙江省,CONSUME,01,,28.869022379892,119.791702279817,ANDROID,,浙江省金华市武义县壶山街道,0
100000,102,南昌市,南宁市骏贤医疗器械有限公司,H,54,XCX,4,34.1,M,汉,4848,3,01,MATE,FRIENDS,1,76.72915,江西省,CONSUME,01,,22.773616484665014,108.32626456239683,ANDROID,,广西壮族自治区南宁市江南区福建园街道,0
100000,,石家庄市,河北倡宾电力器具有限公司,D,17,APP,2,50.9,M,汉,768,2,01,MATE,COLLEAGUE,1,70.0,河北省,CONSUME,01,,37.986956,115.080419,ANDROID,,河北省石家庄市晋州市东里庄镇,0
100000,103,南昌市,晨宸装潢装饰有限公司,Z,90,XCX,2,46.1,M,汉,5345,4,01,MATE,SIBLING,1,88.469,江西省,CONSUME,01,,28.60936549097496,115.60359773580596,ANDROID,,江西省南昌市新建区西山镇,0
100000,102,徐州市,徐州江煤科技有限公司,G,13,APP,3,31.5,M,汉,5823,4,01,MOTHER,FATHER,1,88.913,江苏省,CONSUME,01,,47.30824792678964,130.2789271640931,ANDROID,,黑龙江省鹤岗市南山区铁西街道文明路,0
100000,102,四平市,王刚个人工作室,Z,90,APP,3,43.5,M,汉,1329,3,01,MATE,FRIENDS,1,87.824,吉林省,CONSUME,01,,43.16453455808948,124.4323247765217,ANDROID,,吉林省四平市铁东区城东乡,0
100000,301,长沙市,湖南丰泽汽车销售服务有限公司,H,54,APP,4,38.9,F,汉,4186,4,01,PARENTS,MOTHER,1,70.0,湖南省,CONSUME,02,,28.250252883654658,113.05908212312224,ANDROID,,湖南省长沙市长沙县湘龙街道雷公岭路,0
100000,102,蚌埠市,安徽裕隆市政工程有限公司,E,24,APP,4,27.6,F,汉,3042,4,01,MATE,SIBLING,1,70.0,安徽省,CONSUME,01,,30.258490286485477,120.21187558095075,ANDROID,,浙江省杭州市上城区四季青街道钱江路,0
100000,,嘉兴市,嘉兴万和顺贸易有限公司,Z,90,XCX,3,43.9,M,汉,3563,2,01,FRIENDS,COLLEAGUE,3,91.858,浙江省,CONSUME,01,,30.546530508389343,120.95527801974144,ANDROID,,浙江省嘉兴市海盐县武原街道盐北路,0
100000,306,蚌埠市,徽商银行,J,13,XCX,4,40.8,M,汉,2628,4,01,FRIENDS,FRIENDS,1,90.779,安徽省,CONSUME,01,,31.841736,117.22498,ANDROID,,安徽省合肥市蜀山区南七街道潜山路295号,1
100000,102,赣州市,泽林商行,H,54,APP,2,47.8,M,汉,1550,2,01,MATE,SIBLING,1,70.0,江西省,CONSUME,01,,25.863575067421466,116.05696022778507,ANDROID,,江西省赣州市瑞金市叶坪镇,0
100000,,济南市,济南消防救援支队,Z,90,APP,4,32.4,M,汉,5550,2,01,MATE,FRIENDS,1,87.809,山东省,CONSUME,01,,36.671280310973835,117.1109451189954,ANDROID,,山东省济南市历下区舜华路街道新泺大街312号,0
100000,104,日照市,广源石业,H,54,APP,2,40.6,M,汉,4543,4,01,MATE,PARENTS,1,70.0,山东省,CONSUME,01,,35.769246874939977,119.23145471149758,ANDROID,,山东省日照市五莲县洪凝街道北京路,0
100000,304,福州市,陈锦华个人工作室,Z,90,APP,3,42.3,F,汉,2162,4,01,FATHER,MOTHER,1,77.411,福建省,CONSUME,01,,40.21356327845601,116.30025325674959,IOS,,北京市昌平区南邵镇,0
100000,103,威海市,兴众手机城,Z,90,XCX,2,30.0,F,汉,6058,4,01,SIBLING,MOTHER,2,78.623,山东省,CONSUME,01,,36.98892880703527,122.51457580268466,ANDROID,,山东省威海市荣成市宁津街道石核路,0
100000,103,盐城市,仁虎工程机械租赁有限公司,L,17,APP,3,32.8,M,汉,616,4,,MATE,MATE,1,90.0,江苏省,CONSUME,01,,31.93718546530186,120.70573695037554,IOS,,江苏省苏州市张家港市乐余镇,0
100000,,淮安市,洪泽外国语学院幼儿园,P,13,APP,3,30.4,F,回,6247,2,01,FATHER,FRIENDS,2,70.0,江苏省,CONSUME,01,,33.292736002604165,118.85845865885416,ANDROID,,江苏省淮安市洪泽区高良涧街道北海路,0
100000,102,杭州市,羽翼希翼有限公司,Z,90,APP,4,28.3,M,汉,561,4,01,FATHER,CHILDREN,2,70.0,浙江省,CONSUME,01,,30.26643573854883,120.1380547665408,ANDROID,,浙江省杭州市西湖区北山街道曙光路辅路,0
100000,104,泰州市,泰州海陵华设环境治理有限责任公司,Z,90,XCX,4,28.3,M,汉,921,3,01,PARENTS,FRIENDS,2,70.0,江苏省,CONSUME,01,,36.10081014580122,114.38299567497842,ANDROID,,河南省安阳市文峰区紫薇大道街道中华路辅路,0
100000,105,绍兴市,恒发摩配,H,54,XCX,4,37.2,F,汉,3734,3,01,MATE,FRIENDS,1,70.0,浙江省,CONSUME,01,,30.026873857604874,120.87753457812133,ANDROID,,浙江省绍兴市上虞区百官街道环山路106号,0
100000,103,定西市,嘉源禾有限责任公司,Z,90,APP,3,34.3,M,汉,5969,2,01,FATHER,FATHER,2,94.0,甘肃省,CONSUME,01,,34.99707827141969,105.16049865821931,ANDROID,,甘肃省定西市通渭县常家河镇,0
100000,105,金华市,永康公安局,S,11,APP,2,29.5,M,汉,1174,4,01,MATE,FATHER,1,70.0,浙江省,CONSUME,01,,29.009293169539839,120.10640398769618,ANDROID,,浙江省金华市永康市唐先镇大永线,0
100000,105,保定市,中参地产,K,17,APP,3,44.0,M,汉,2023,4,01,MATE,COLLEAGUE,1,92.0,河北省,CONSUME,01,,36.069876123066119,103.75097301235629,ANDROID,,甘肃省兰州市七里河区西站街道西津西路,0
100000,301,怀化市,广州汇焓机电设备有限公司,C,24,APP,3,40.9,M,苗,4603,3,01,FRIENDS,COLLEAGUE,2,70.0,湖南省,CONSUME,02,,38.01381813651689,114.71091137504622,ANDROID,,河北省石家庄市藁城区石家庄经济技术开发区丰产路,0
100000,103,大理白族自治州,养殖有限公司,L,17,APP,4,27.2,M,白,1030,4,01,RELATIVES,FRIENDS,2,70.0,云南省,CONSUME,01,,30.797129569543924,103.91566176059112,ANDROID,,四川省成都市郫都区红光街道天勤路,0
100000,103,汉中市,陈娟个人工作室,Z,90,APP,2,34.3,F,汉,5053,3,01,MATE,SIBLING,1,91.599,陕西省,CONSUME,01,,33.15918812954599,107.32586140200218,ANDROID,,陕西省汉中市城固县博望街道西一路96号,0
100000,,驻马店市,广州统一企业有限公司,Z,90,APP,4,27.9,M,汉,855,3,01,FRIENDS,FRIENDS,2,70.0,河南省,CONSUME,01,,23.15006086851555,113.62787662342535,ANDROID,,广东省广州市增城区新塘镇民营东路,0
100000,103,唐山市,红星美凯龙时代家居,C,24,XCX,2,35.2,F,汉,5064,3,01,COLLEAGUE,COLLEAGUE,3,89.0,河北省,CONSUME,01,,39.6745086701457,118.20912040537533,IOS,,河北省唐山市路北区缸窑街道缸窑路,0
100000,,宁波市,浙江宁波安邦护卫,Z,90,APP,2,52.4,M,汉,99999,2,01,SIBLING,SIBLING,1,70.0,浙江省,CONSUME,01,,29.297694,121.436666,ANDROID,,浙江省宁波市宁海县跃龙街道坦坑路33号,0
100000,104,临沂市,山东通力五金机电连锁有限公司,C,24,APP,3,40.2,M,汉,4114,2,01,CHILDREN,COLLEAGUE,2,100.0,山东省,CONSUME,01,,36.7910296232546,118.02727690373328,IOS,,山东省淄博市张店区车站街道南西五路,0
100000,303,常州市,个体经营,Z,90,APP,3,42.6,M,汉,4553,4,01,MATE,FRIENDS,1,70.0,江苏省,CONSUME,01,,31.78769547800585,119.99844265520464,ANDROID,,江苏省常州市天宁区青龙街道新富路,0
100000,105,厦门市,深圳市万鼎源实业有限公司,C,24,APP,2,44.0,M,汉,1889,4,01,FATHER,MATE,3,76.3034,福建省,CONSUME,01,,29.73079340496504,112.42992476753563,ANDROID,,湖北省荆州市石首市笔架山街道疏港大道,0
100000,302,晋城市,高平市澳瑞特健身中心,J,13,APP,4,33.1,M,汉,96,4,01,FATHER,OTHER,2,86.1575,山西省,CONSUME,02,,31.29026358456441,120.76892147342123,ANDROID,,江苏省苏州市苏州工业园区斜塘街道纳米城环路,0
100000,310,邵阳市,梁蓉个人工作室,Z,90,APP,3,28.3,F,汉,302,2,,MATE,FRIENDS,1,83.75518,湖南省,CONSUME,01,,27.117954000812778,111.03615669896436,IOS,,湖南省邵阳市隆回县桃洪镇桃洪东路505号,0
100000,104,烟台市,山东鲁花集团,H,54,APP,2,44.9,M,汉,3919,3,01,FATHER,FRIENDS,1,85.96148,山东省,CONSUME,01,,38.162040302645809,112.73797471663002,ANDROID,,山西省太原市阳曲县大盂镇,0
100000,308,南通市,江苏志鹏建筑安装工程有限公司,E,24,APP,3,35.5,M,汉,5008,3,,FRIENDS,SIBLING,1,90.314,江苏省,CONSUME,04,,32.40206257702086,120.56210692231471,ANDROID,,江苏省南通市如皋市城北街道庆余路,0
100000,102,上饶市,赣州春晖暖通设备有限公司,C,24,APP,2,45.4,M,汉,1312,4,01,MATE,COLLEAGUE,1,81.376526,江西省,CONSUME,01,,25.80814006393624,114.94090221530921,ANDROID,,江西省赣州市章贡区沙石镇滨江路,0
100000,103,龙口市,龙口市领航者润滑油商店,H,54,APP,3,41.7,M,汉,3622,3,01,RELATIVES,COLLEAGUE,1,70.0,山东省,CONSUME,01,,37.651379,120.504532,ANDROID,,山东省烟台市龙口市东莱街道林苑路,0
100000,102,绵阳市,北京凯思俊琪商贸有限公司,H,54,XCX,2,42.1,F,汉,4221,4,01,FRIENDS,MOTHER,3,89.514,四川省,CONSUME,02,,39.92056727809488,116.42452514747204,ANDROID,,北京市东城区朝阳门街道南竹杆胡同11号,0
100000,105,长春市,长春市铭家房产中介所,O,17,APP,2,43.2,F,汉,3437,2,01,MATE,RELATIVES,1,93.176,吉林省,CONSUME,02,,43.871355192763839,125.26089601968855,ANDROID,,吉林省长春市绿园区春城街道创业大街347,0
100000,103,驻马店市,西安淼源会计事务有限公司,L,17,APP,4,34.1,F,汉,4507,4,,FATHER,FRIENDS,2,88.355,河南省,CONSUME,02,,34.247268035598107,108.95722549116988,ANDROID,,陕西省西安市碑林区文艺路街道二环路沿线商业经济带建西街26号,0
100000,,开封市,兰考县惠航餐饮店,Z,90,APP,4,29.4,M,汉,1946,3,01,MATE,SIBLING,1,70.0,河南省,CONSUME,01,,34.830015116368048,114.81276999040306,ANDROID,,河南省开封市兰考县城关镇中山北街,0
100000,309,南京市,南京金陵石化建安公司,C,24,APP,4,47.1,M,汉,3224,4,01,FATHER,SIBLING,3,70.0,江苏省,CONSUME,01,,32.02142311735494,118.75377409045784,ANDROID,,江苏省南京市建邺区南苑街道台晔路,0
100000,104,岳阳市,中唯建筑水电安装维修工,E,24,APP,2,45.6,M,汉,6101,2,01,MATE,RELATIVES,1,90.282,湖南省,CONSUME,02,,26.87828046316231,112.56976009898453,ANDROID,,湖南省衡阳市蒸湘区联合街道蔡伦大道,0
100000,105,温州市,星际控股集团有限公司,H,54,APP,3,26.4,M,汉,7206,2,01,FATHER,FRIENDS,2,86.279,浙江省,CONSUME,01,,27.94447473060276,120.69325089262517,ANDROID,,浙江省温州市瓯海区南白象街道学府北路,0
100000,105,鹤岗市,鹤岗市佰艺园林绿化工程有限公司,E,24,APP,3,38.4,M,汉,3003,2,,MATE,RELATIVES,1,79.049805,黑龙江省,CONSUME,01,,47.3670946731115,130.30749935493987,ANDROID,,黑龙江省鹤岗市兴山区岭北街道岭北路,0
100000,307,上海市,上海一遇,H,54,APP,4,43.7,F,汉,3741,2,01,FATHER,FRIENDS,2,91.64805,上海市,CONSUME,01,,31.190918483531364,121.45197203325609,IOS,,上海市徐汇区枫林路街道东安路501,0
100000,103,北京市,时海祥源投资有限公司,J,13,APP,4,44.7,M,汉,3449,3,01,MATE,COLLEAGUE,1,75.938,北京市,CONSUME,01,,39.850727820482408,116.40777261385763,ANDROID,,北京市丰台区大红门街道光彩路1,0
100000,403,邵阳市,洞口楚源发展置业有限公司,K,17,APP,3,45.1,F,汉,1014,3,01,PARENTS,FRIENDS,1,70.0,湖南省,CONSUME,01,,26.770502680264184,113.54328022325108,ANDROID,,湖南省株洲市茶陵县下东街道,0
100000,305,揭阳市,广东重工建设监理有限公司,E,24,XCX,3,31.5,M,汉,650,2,01,PARENTS,FRIENDS,2,70.0,广东省,CONSUME,01,,22.807929296528255,113.5314355437236,ANDROID,,广东省广州市南沙区南沙街道广州520山海骑行道,0
100000,105,深圳市,深圳市梦若蓝珠宝有限公司,C,24,APP,4,37.7,M,汉,5631,4,01,MATE,FRIENDS,1,76.601006,广东省,CONSUME,01,,22.581860505484174,114.13514320901047,ANDROID,,广东省深圳市罗湖区东湖街道德心路,0
100000,104,德阳市,中核城市建设发展有限公司,Z,90,APP,4,39.6,F,汉,3832,3,01,MATE,FRIENDS,1,92.0,四川省,CONSUME,02,,30.630541092530874,104.16624062988505,ANDROID,,四川省成都市龙泉驿区大面街道洪河立交,0
100000,105,大连市,阳光干洗店,H,54,APP,2,33.8,F,汉,5683,2,01,SIBLING,SIBLING,1,88.015,辽宁省,CONSUME,02,,39.54790613408411,123.01855249861217,ANDROID,,辽宁省大连市庄河市石城乡,0
100000,105,大连市,大连天天快递,F,17,APP,3,31.7,M,汉,1379,2,,PARENTS,FATHER,1,89.101,辽宁省,CONSUME,04,,39.02440849231957,121.64896718766085,ANDROID,,辽宁省大连市甘井子区大连湾街道振兴路205号,0
100000,103,广州市,中国移动广州分公司,G,13,APP,3,31.2,M,汉,7248,2,01,SIBLING,FRIENDS,2,95.072,广东省,CONSUME,01,,23.406421062214208,113.24392842810254,ANDROID,,广东省广州市花都区新华街道莲山路,0
100000,,常德市,湖南宾智环保科科技有限公司,M,11,APP,2,41.5,F,汉,4766,4,01,FATHER,MATE,1,70.0,湖南省,CONSUME,01,,29.002074,111.716245,ANDROID,,湖南省常德市武陵区永安街道G207(常德大道),0
100000,,南昌市,南风科技有限公司,Z,90,XCX,4,24.1,M,汉,1248,3,01,PARENTS,COLLEAGUE,2,91.879,江西省,CONSUME,01,,28.691725719957437,115.86997266551947,ANDROID,,江西省南昌市东湖区八一桥街道,0
100000,,揭阳市,吾家全科技有限公司,G,13,XCX,2,39.8,M,汉,4339,3,01,MATE,RELATIVES,1,70.0,广东省,CONSUME,01,,22.534711371527777,113.96822916666666,ANDROID,,广东省深圳市南山区沙河街道白石洲四坊,0
100000,,重庆市,泉州市传阳玻璃有限公司,C,24,APP,2,39.1,M,汉,2700,4,01,MATE,FRIENDS,1,70.0,重庆市,CONSUME,01,,24.628868,118.581409,ANDROID,,福建省泉州市晋江市英林镇南兴路,0
100000,105,荆州市,湖北兴瀚工程有限公司,E,24,APP,4,32.5,M,汉,480,4,01,MATE,FRIENDS,1,78.23394,湖北省,CONSUME,01,,30.43080134254554,114.42163599307698,ANDROID,,湖北省武汉市江夏区龙泉街道潭湖路,0
100000,104,杭州市,浙江博锐有限公司,Z,90,APP,3,24.1,F,汉,2048,2,01,MATE,FRIENDS,2,85.996,浙江省,CONSUME,01,,30.05751124014881,119.75646627486226,IOS,,浙江省杭州市富阳区永昌镇,0
100000,102,蚌埠市,三元橡塑,H,54,APP,4,35.4,F,汉,6503,3,01,MATE,MOTHER,1,77.82523,安徽省,CONSUME,01,,32.94926311541407,117.39464451892671,ANDROID,,安徽省蚌埠市龙子湖区解放街道珠城路257号,0
100000,105,唐山市,吴文月个人工作室,Z,90,APP,4,35.6,F,汉,4560,4,01,RELATIVES,RELATIVES,2,70.0,河北省,CONSUME,01,,39.640916404894237,118.18602995420327,IOS,,河北省唐山市路北区钓鱼台街道龙泽南路55,0
100000,,天津市,蒙牛乳业有限公司,Z,90,APP,3,37.7,F,汉,4884,2,01,FRIENDS,FRIENDS,2,70.0,天津市,CONSUME,01,,39.45841805952384,116.85252997878081,ANDROID,,天津市武清区东马圈镇S323(碱东路),0
100000,403,大理白族自治州,巍山县宏达商贸有限公司,H,54,APP,3,38.7,M,彝,4132,4,01,MATE,COLLEAGUE,1,85.566,云南省,CONSUME,01,,25.32027554464277,100.28099660655777,ANDROID,,云南省大理白族自治州巍山彝族回族自治县庙街镇山塔村路,0
100000,,昆明市,云南艺丰公司,Z,90,APP,3,25.2,F,汉,1726,4,01,MATE,SIBLING,1,70.0,云南省,CONSUME,01,,25.462997,102.770604,ANDROID,,云南省昆明市富民县款庄镇新煤段,0
100000,105,上海市,上海进念佳园装饰有限公司,E,24,APP,2,48.6,F,汉,2748,4,01,OTHER,FRIENDS,3,99.0,上海市,CONSUME,01,,31.172042287388025,121.11015168847455,ANDROID,,上海市青浦区香花桥街道城中北路,1
100000,,石家庄市,北京兰花悦动智能科技有限公司,C,24,XCX,4,39.1,M,汉,4177,2,01,OTHER,OTHER,1,70.0,河北省,CONSUME,01,,38.44412299262153,114.5463636610243,ANDROID,,河北省石家庄市行唐县龙州镇升仙桥路,0
100000,105,庆阳市,西峰区后官寨镇半坡小学,P,13,APP,4,38.0,M,汉,3003,2,01,SIBLING,FATHER,1,92.785,甘肃省,CONSUME,01,,35.731667154939668,107.64141109751259,ANDROID,,甘肃省庆阳市西峰区南街办事处街道安定东路,0
100000,,济南市,济南历下融悦印象茶餐厅,Z,90,XCX,3,23.6,M,汉,2078,2,01,MATE,COLLEAGUE,1,86.882,山东省,CONSUME,01,,36.680813,117.049253,ANDROID,,山东省济南市历城区洪家楼街道山大路28-1,0
100000,103,柳州市,蔡立军个人工作室,Z,90,APP,2,52.9,M,汉,3174,3,01,MATE,SIBLING,1,70.0,广西壮族自治区,CONSUME,01,,24.320644,109.488157,ANDROID,,广西壮族自治区柳州市鱼峰区雒容镇翠湖路,0
100000,310,扬州市,江都区邦晟五金工具,C,24,APP,2,50.3,M,汉,47,3,,MATE,FRIENDS,1,89.213,江苏省,CONSUME,04,,32.48481659158623,119.8174121963,ANDROID,,江苏省泰州市海陵区九龙镇G328(振兴路),0
100000,104,榆林市,陕西志元斌建筑工程有限公司,Z,90,APP,4,34.8,F,汉,7104,4,01,MATE,FATHER,1,88.619,陕西省,CONSUME,01,,37.5200346516899,110.43614228631168,ANDROID,,陕西省榆林市绥德县满堂川镇,0
100000,103,福州市,慈善臻品馆,H,54,APP,2,48.2,F,汉,2212,4,01,MATE,SIBLING,1,70.0,福建省,CONSUME,01,,26.384625708750048,119.66680207820773,ANDROID,,福建省福州市连江县马鼻镇,0
100000,,无锡市,融创物业服务集团有限公司无锡分公司,Z,90,XCX,3,38.0,M,汉,3713,2,01,PARENTS,MATE,1,70.0,江苏省,CONSUME,01,,31.61788426819393,120.24009102951769,ANDROID,,江苏省无锡市梁溪区山北街道会西路,0
100000,309,西安市,西安铁路局西安建筑段,Z,90,XCX,4,33.3,M,汉,552,3,,PARENTS,SIBLING,2,70.0,陕西省,CONSUME,04,,33.56468662212586,114.08113378413649,ANDROID,,河南省漯河市召陵区邓襄镇漓江路,0
100000,103,佛山市,鹤城建设集团股份公司佛山市分公司,E,24,APP,3,48.1,F,汉,1342,2,01,MATE,FATHER,1,70.0,广东省,CONSUME,01,,22.830887425780757,113.12673545261328,ANDROID,,广东省佛山市顺德区杏坛镇永安大街,0
100000,305,大庆市,采油二厂,C,24,APP,4,26.2,M,汉,483,2,01,FATHER,RELATIVES,2,70.0,黑龙江省,CONSUME,01,,46.592993689040159,125.14880690965872,ANDROID,,黑龙江省大庆市龙凤区龙凤镇行知街,0
100000,105,天水市,甘谷县人民医院,Q,11,APP,3,44.9,F,汉,2258,3,01,MATE,FRIENDS,1,84.278,甘肃省,CONSUME,01,,34.74567028442274,105.34645890534775,ANDROID,,甘肃省天水市甘谷县大像山镇,0
100000,301,合肥市,安徽路桥路面工程有限责任公司,Z,90,APP,4,39.7,M,汉,4152,3,01,FATHER,FATHER,1,70.0,安徽省,CONSUME,01,,31.447862,118.234384,ANDROID,,安徽省芜湖市鸠江区沈巷镇江北大道,0
100000,102,绥化地区,思恩刺青工作室,Z,90,APP,3,27.3,M,汉,877,2,01,MATE,SIBLING,2,84.682,黑龙江省,CONSUME,01,,31.790538723851243,119.97920754959596,IOS,,江苏省常州市天宁区红梅街道薛南路,0
100000,103,宁波市,鄞州云龙石记五金机械配件厂,C,24,XCX,2,31.1,M,汉,6561,2,01,PARENTS,MATE,2,75.102,浙江省,CONSUME,01,,29.71332465277778,121.59349826388889,ANDROID,,浙江省宁波市鄞州区横溪镇宁裘线,0
100000,,汕尾市,深圳广田装饰公司,Z,90,APP,2,37.7,M,汉,4141,3,01,COLLEAGUE,FRIENDS,1,70.0,广东省,CONSUME,01,,23.342524,115.732383,ANDROID,,广东省汕尾市陆河县水唇镇G1523(甬莞高速),0
100000,,西宁市,黄河上游水电开发有限公司,Z,90,XCX,3,27.4,M,汉,1227,2,01,MATE,FRIENDS,2,70.0,青海省,CONSUME,01,,36.629449,101.759832,ANDROID,,青海省西宁市城西区古城台街道五四大街31号,0
100000,105,南通市,博冠教育,P,13,APP,4,30.9,F,汉,253,3,01,PARENTS,SIBLING,2,70.0,江苏省,CONSUME,01,,32.25069853578702,120.62358161059264,ANDROID,,江苏省南通市如皋市下原镇兴原路,0
100000,,无锡市,上海市电机厂,Z,90,APP,4,41.3,F,汉,5318,3,01,MATE,SIBLING,1,70.0,江苏省,CONSUME,01,,31.017447,121.402163,ANDROID,,上海市闵行区江川路街道金平路558弄-南门,0
100000,103,重庆市,龙凤木业,H,54,XCX,2,42.8,M,汉,4791,2,01,FATHER,FATHER,1,70.0,重庆市,CONSUME,01,,30.18004329847003,105.84601314497479,ANDROID,,重庆市潼南区桂林街道,0
100000,,大理白族自治州,昆明雅屋地产经纪有限公司,Z,90,APP,4,29.8,M,白,1413,3,01,MOTHER,COLLEAGUE,2,70.0,云南省,CONSUME,01,,25.073965,102.649297,ANDROID,,云南省昆明市五华区黑林铺街道昌源北路1299,0
100000,105,滨州市,顺博合金江苏有限公司,C,24,XCX,3,34.2,M,汉,6380,3,01,FATHER,RELATIVES,2,77.06503,山东省,CONSUME,01,,31.52490976773455,118.46203480760048,ANDROID,,安徽省马鞍山市当涂县太白镇G205(山深线),0
100000,103,萍乡市,芦溪县保育院,P,13,APP,4,29.4,F,汉,300,2,01,MOTHER,MATE,1,70.0,江西省,CONSUME,01,,27.628358457108996,114.0470576751359,ANDROID,,江西省萍乡市芦溪县芦溪镇G320(武功山东大道),0
100000,102,吉林市,爱新觉罗·启英个人工作室,H,54,APP,4,38.4,F,满,3525,4,,MATE,FRIENDS,2,76.781,吉林省,CONSUME,01,,43.86974707743139,126.57953608509641,IOS,,吉林省吉林市昌邑区延江街道解放北路149-1号,0
100000,,池州市,王立平个人工作室,Z,90,XCX,4,43.9,F,汉,99999,2,01,MATE,FRIENDS,1,70.0,安徽省,CONSUME,01,,30.621077473958334,117.85330240885416,ANDROID,,安徽省池州市青阳县蓉城镇滨湖西路辅路,0
100000,102,泰州市,长海医院,Q,11,APP,4,24.9,M,汉,1951,4,01,MOTHER,FATHER,2,70.0,江苏省,CONSUME,01,,32.19288844717757,120.05137856974916,ANDROID,,江苏省泰州市泰兴市济川街道姚东线,0
100000,105,延安市,陕西君联德通安装工程有限公司,E,24,APP,3,35.7,M,汉,4095,4,01,RELATIVES,FRIENDS,2,70.0,陕西省,CONSUME,01,,34.33476519416572,108.99146099369298,ANDROID,,陕西省西安市未央区谭家街道北辰路辅路,0
100000,105,常州市,常州莫铭电子商务有限公司,E,24,XCX,4,27.3,M,汉,960,3,01,FRIENDS,MATE,1,70.0,江苏省,CONSUME,01,,31.75840349130923,120.07774233425376,ANDROID,,江苏省常州市武进区横山桥镇山水路,0
100000,103,泰州市,义乌市佳朵贸易有限公司,C,24,APP,4,37.4,F,汉,6226,4,,MOTHER,FRIENDS,1,89.335,江苏省,CONSUME,01,,32.026818788881808,120.28404723933115,ANDROID,,江苏省泰州市靖江市靖城街道纺织路3号,0
