amount,bankCardInfo.bankCode,city,companyInfo.companyName,companyInfo.industry,companyInfo.occupation,customerSource,degree,idInfo.birthDate,idInfo.gender,idInfo.nation,idInfo.validityDate,income,jobFunctions,linkmanList.0.relationship,linkmanList.1.relationship,maritalStatus,pictureInfo.0.faceScore,province,purpose,resideFunctions,term,deviceInfo.gpsLatitude,deviceInfo.gpsLongitude,deviceInfo.osType,deviceInfo.isCrossDomain,deviceInfo.applyPos,label
100000,301,重庆市,合肥励合娱乐有限公司,R,17,APP,4,29.6,M,土家,1069,3,01,FATHER,MOTHER,2,70.0,重庆市,CONSUME,01,,31.845188,117.042454,ANDROID,,安徽省合肥市蜀山区小庙镇新淮大道辅路,0
100000,103,珠海市,郑州市郑东新区教文体局,S,11,XCX,4,28.6,F,汉,1724,2,01,FATHER,FATHER,2,76.226,广东省,CONSUME,01,,34.77412801543805,113.85830392501178,IOS,,河南省郑州市中牟县白沙街道杨桥大道,0
100000,305,徐州市,南京得于亿电子科技公司南通分公司,Z,90,APP,3,38.3,M,汉,6168,4,01,MATE,SIBLING,1,70.0,江苏省,CONSUME,01,,34.36217643306361,117.03271575978875,ANDROID,,江苏省徐州市铜山区刘集镇,0
100000,105,宿迁市,锦润混凝土有限公司,E,24,APP,2,42.3,M,汉,3893,4,01,MATE,FRIENDS,1,89.595,江苏省,CONSUME,01,,33.55147120192652,119.19860571659722,ANDROID,,江苏省淮安市淮安区山阳街道X101(山阳大道),0
100000,,青岛市,王海洋个人工作室,Z,90,APP,2,36.7,M,汉,3655,3,01,FRIENDS,FRIENDS,1,70.0,山东省,CONSUME,01,,36.200051,119.935855,ANDROID,,山东省青岛市胶州市胶西街道,0
100000,,阜阳市,鸿大印染集团,C,24,APP,3,34.5,M,汉,6037,4,01,PARENTS,RELATIVES,1,70.0,安徽省,CONSUME,01,,30.213632,120.712428,ANDROID,,浙江省绍兴市柯桥区马鞍街道江滨路,0
100000,104,南京市,南京诚天建设有限公司,E,24,APP,2,31.3,M,汉,1210,2,01,FATHER,MOTHER,1,89.34393,江苏省,CONSUME,01,,31.901879330389027,118.636933896357,IOS,,江苏省南京市雨花台区梅山街道孙虞村路,0
100000,104,南京市,南京诚天建设有限公司,E,24,XCX,2,31.3,M,汉,1210,2,01,FATHER,MOTHER,1,89.34393,江苏省,CONSUME,01,,31.901879330389027,118.636933896357,IOS,,江苏省南京市雨花台区梅山街道孙虞村路,0
100000,105,邢台市,河北汉唐劳务建筑工程有限公司,E,24,APP,3,41.4,M,汉,4498,4,01,RELATIVES,RELATIVES,1,70.0,河北省,CONSUME,01,,38.08928207947704,114.59947708786366,ANDROID,,河北省石家庄市长安区西兆通镇北三环路,1
100000,102,晋城市,山西建投,H,54,APP,3,34.2,M,汉,4517,4,01,FATHER,FRIENDS,1,70.0,山西省,CONSUME,01,,35.53444666666667,112.35618333333332,ANDROID,,山西省晋城市阳城县演礼镇,0
100000,105,绥化市,北大荒商贸集团,H,54,APP,4,41.2,F,汉,2113,2,01,FATHER,FRIENDS,3,91.0,黑龙江省,CONSUME,01,,45.74388252564256,126.70250247489439,ANDROID,,黑龙江省哈尔滨市南岗区新春街道南直路200号,1
100000,,随州市,湖北农家菜批发商行,H,54,APP,2,41.0,M,汉,2388,3,01,MOTHER,MATE,1,80.023,湖北省,CONSUME,01,,22.735302,113.811909,ANDROID,,广东省深圳市宝安区沙井街道新沙路448号,1
100000,,海口市,盒马鲜生,H,54,XCX,4,42.5,M,汉,1822,4,01,FRIENDS,FRIENDS,1,70.0,海南省,CONSUME,01,,20.045894,110.340074,ANDROID,,海南省海口市龙华区中山街道中山路18号,0
100000,103,葫芦岛市,公路养护,F,17,XCX,4,36.1,F,满,4396,2,01,RELATIVES,COLLEAGUE,3,70.0,辽宁省,CONSUME,01,,41.80321,123.470761,ANDROID,,辽宁省沈阳市大东区津桥街道小东路246号,0
100000,103,武威市,张瑜蓉个人工作室,Z,90,APP,4,34.9,F,汉,4873,4,01,FATHER,FRIENDS,1,91.885,甘肃省,CONSUME,01,,37.951766390666559,102.64005668233797,ANDROID,,甘肃省武威市凉州区金羊镇,0
100000,,南昌市,乐爱豆便利店,Z,90,XCX,3,22.7,F,汉,2803,4,01,FATHER,MOTHER,2,70.0,江西省,CONSUME,01,,28.670451,116.022667,ANDROID,,江西省南昌市南昌县昌东镇艾溪湖南路,0
100000,302,西安市,渠原广告公司,R,17,APP,3,44.9,F,汉,3296,3,01,RELATIVES,RELATIVES,3,72.396,陕西省,CONSUME,01,,34.31741156684028,108.9863254123264,ANDROID,,陕西省西安市未央区大明宫街道永裕路,0
100000,302,西安市,渠原广告公司,R,17,XCX,3,44.9,F,汉,3296,3,01,RELATIVES,RELATIVES,3,72.396,陕西省,CONSUME,01,,34.31741156684028,108.9863254123264,ANDROID,,陕西省西安市未央区大明宫街道永裕路,0
100000,103,大同市,长城乡人民政府,S,11,APP,4,30.9,M,汉,849,4,01,MATE,COLLEAGUE,1,92.344,山西省,CONSUME,01,,40.33217905916653,113.77375334299406,ANDROID,,山西省大同市阳高县龙泉镇G512(神丰线),0
100000,,青岛市,王海洋个人工作室,Z,90,APP,2,36.7,M,汉,3655,3,01,FRIENDS,FRIENDS,1,70.0,山东省,CONSUME,01,,36.200051,119.935855,ANDROID,,山东省青岛市胶州市胶西街道,0
100000,,阜阳市,鸿大印染集团,C,24,APP,3,34.5,M,汉,6037,4,01,PARENTS,RELATIVES,1,70.0,安徽省,CONSUME,01,,30.213632,120.712428,ANDROID,,浙江省绍兴市柯桥区马鞍街道江滨路,0
100000,301,朝阳市,长城汽车股份有限公司,C,24,APP,4,27.0,M,汉,1233,2,01,FATHER,FRIENDS,2,76.66465,辽宁省,CONSUME,01,,40.05435128447373,116.44554480033703,IOS,,北京市朝阳区孙河(地区)乡,0
100000,,宿州市,张丽个人工作室,Z,90,XCX,2,42.9,F,汉,3758,4,01,MATE,FATHER,1,70.0,安徽省,CONSUME,01,,33.912213407322877,117.27944740539802,ANDROID,,安徽省宿州市埇桥区栏杆镇,0
100000,102,清远市,广州渼苑园林绿化工程有限公司,E,24,XCX,2,30.3,F,汉,5981,4,01,MOTHER,SIBLING,2,70.0,广东省,CONSUME,01,,23.146519700554117,113.32564836540338,ANDROID,,广东省广州市天河区林和街道林乐路59号,0
100000,103,杭州市,杭州萧山区北干山南路427号萧山档案馆,S,11,XCX,4,35.3,M,汉,7065,4,01,RELATIVES,RELATIVES,2,70.0,浙江省,CONSUME,01,,30.05353642874505,120.26242378743062,ANDROID,,浙江省杭州市萧山区临浦镇红石路2,0
100000,105,巴中市,宁波亚翼软件有限公司,G,13,XCX,4,34.2,M,汉,4325,4,01,MATE,FATHER,2,70.0,四川省,CONSUME,01,,31.895359901711197,107.04821997578628,ANDROID,,四川省巴中市巴州区大和乡,0
100000,102,西安市,小青玉器批发,H,54,XCX,2,37.5,F,汉,5951,4,,MATE,FATHER,1,78.984276,陕西省,CONSUME,01,,34.26471668544456,108.79562433498563,ANDROID,,陕西省西安市长安区王寺街道宁泰路,0
100000,,濮阳市,郑州市金水区创艺美业,O,17,XCX,2,38.5,M,汉,4671,4,,COLLEAGUE,RELATIVES,1,70.0,河南省,CONSUME,04,,34.740081798567,113.705375674515,ANDROID,,河南省郑州市金水区凤凰台街道玉凤路,0
100000,105,北京市,自由职业啊,Z,90,XCX,3,29.4,F,汉,1296,2,01,FATHER,RELATIVES,1,91.50054,北京市,CONSUME,01,,39.86788825860664,116.51624102790893,IOS,,北京市朝阳区王四营(地区)乡陶庄路8号,1
100000,105,南通市,双胞胎集团,H,54,APP,4,24.5,M,汉,1070,4,01,MATE,FATHER,2,70.0,江苏省,CONSUME,01,,26.74999560298411,116.10712367976727,ANDROID,,江西省赣州市宁都县东山坝镇,0
100000,103,石家庄市,新乐市翠东畜牧养殖场,A,27,APP,3,43.9,M,汉,4269,2,01,MATE,FRIENDS,1,91.0,河北省,CONSUME,01,,38.309748963125368,114.59927707829096,ANDROID,,河北省石家庄市新乐市协神乡Y653,0
100000,105,常州市,常州羿轩商贸有限公司,H,54,APP,2,47.3,M,汉,4383,2,01,MATE,FRIENDS,1,70.0,江苏省,CONSUME,01,,38.05708558631063,114.46282296530875,ANDROID,,河北省石家庄市新华区东焦街道和平西路辅路,0
100000,102,宜春市,翠花有限公司,Z,90,XCX,3,46.5,M,汉,532,4,01,RELATIVES,RELATIVES,1,70.0,江西省,CONSUME,01,,27.798836100151694,114.36530955348894,ANDROID,,江西省宜春市袁州区凤凰街道黄颇路272号,0
100000,103,重庆市,温州市恺纳贸易有限公司,C,24,APP,2,38.0,F,汉,6047,2,01,MATE,COLLEAGUE,1,79.217,重庆市,CONSUME,01,,27.945481,120.746163,ANDROID,,浙江省温州市龙湾区瑶溪街道罗峰隧道,0
100000,308,乐山市,乐山市大众汽车贸易有限公司,C,24,APP,4,43.9,M,汉,4405,2,01,PARENTS,FRIENDS,2,70.0,四川省,CONSUME,01,,29.619055753997846,103.73299892510457,ANDROID,,四川省乐山市市中区棉竹镇S305(翰林路),1
100000,105,绍兴市,灵活用工人士,Z,90,XCX,3,35.8,M,汉,4279,4,01,RELATIVES,FRIENDS,1,84.676,浙江省,CONSUME,01,,30.1500477720393,120.57179545269611,IOS,,浙江省绍兴市柯桥区马鞍街道杭州湾大道,0
100000,,凉山彝族自治州,四川博众利合建设工程有限公司,E,24,XCX,2,35.8,M,汉,5363,4,01,MATE,FRIENDS,1,77.83225,四川省,CONSUME,01,,28.20163159561971,102.1339390624085,ANDROID,,四川省凉山彝族自治州冕宁县沙坝镇,0
100000,105,苏州市,苏州勤果设计营造有限公司,H,54,APP,4,42.6,M,汉,1858,4,01,MATE,FRIENDS,1,80.881,江苏省,CONSUME,01,,31.287070764500819,120.6597690323881,ANDROID,,江苏省苏州市苏州工业园区娄葑街道葑南街,0
100000,102,临沂市,山东故乡山泉有限公司,Z,90,APP,3,35.7,M,汉,5879,2,01,MATE,FRIENDS,1,86.133,山东省,CONSUME,01,,35.79320916922455,118.63682322207632,ANDROID,,山东省临沂市沂水县沂城街道G233(长安中路),0
100000,,吕梁市,山西鸿暄科技有限公司,Z,90,XCX,3,38.1,M,汉,6380,4,01,MATE,SIBLING,1,70.0,山西省,CONSUME,01,,37.795362141927086,112.54706488715277,ANDROID,,山西省太原市小店区平阳路街道G208(平阳路),0
100000,102,张家界市,东智庄园国际幼儿园,Z,90,XCX,2,37.8,F,汉,5404,4,01,SIBLING,FRIENDS,1,70.0,湖南省,CONSUME,01,,20.00555400897046,110.27479866258168,ANDROID,,海南省海口市秀英区秀英街道海玻路,0
100000,102,南充市,刘四军个人工作室,Z,90,XCX,4,40.9,M,汉,3487,2,01,FATHER,FRIENDS,2,92.663,四川省,CONSUME,01,,22.915012168642428,114.0417328615956,IOS,,广东省东莞市樟木头镇百艺街,0
100000,302,盐城市,盐城市博渝酒店管理有限公司,I,54,APP,3,28.8,F,汉,6373,2,01,MATE,MATE,2,87.886,江苏省,CONSUME,01,,33.400177998833658,120.16345687769035,ANDROID,,江苏省盐城市亭湖区大洋街道大新河路,0
100000,,营口市,佳颖肉坊,H,54,XCX,3,38.7,F,满,4885,3,01,OTHER,OTHER,1,70.0,辽宁省,CONSUME,01,,40.2343994140625,122.13313123914931,ANDROID,,辽宁省营口市鲅鱼圈区红旗镇海丰路,0
100000,102,济南市,山东海鸿旅游服务有限公司,O,17,XCX,3,47.2,M,汉,5586,2,01,MATE,FRIENDS,1,85.562,山东省,CONSUME,01,,35.58379643422413,115.96187691361217,ANDROID,,山东省菏泽市郓城县郓州街道东溪路,0
100000,102,潍坊市,李强个人工作室,Z,90,XCX,2,28.7,M,汉,669,4,01,MATE,FATHER,2,70.0,山东省,CONSUME,01,,36.71972526575729,119.1732214028227,ANDROID,,山东省潍坊市奎文区新城街道外环西路,1
100000,102,信阳市,胡如生个人工作室,H,54,APP,3,24.4,M,汉,1200,2,01,COLLEAGUE,COLLEAGUE,2,70.0,河南省,CONSUME,01,,30.326581179239854,120.33565840161451,IOS,,浙江省杭州市钱塘区下沙街道松乔街,0
100000,105,潍坊市,山东省青州市邮政局,F,17,XCX,3,31.3,M,汉,898,3,,PARENTS,SIBLING,2,70.0,山东省,CONSUME,01,,36.687578829800298,118.47683112136135,ANDROID,,山东省潍坊市青州市王府街道河滨南街,1
100000,403,重庆市,交运集团,F,17,APP,3,32.6,M,汉,771,4,01,MATE,MATE,1,71.647,重庆市,CONSUME,01,,29.572381459732229,106.2185749263442,ANDROID,,重庆市璧山区璧城街道东林大道,0
100000,403,钦州市,东升钟表制品厂,C,24,XCX,2,31.1,M,汉,1317,2,01,SIBLING,FRIENDS,1,70.0,广西壮族自治区,CONSUME,01,,22.825624958868869,113.97334674337992,ANDROID,,广东省东莞市黄江镇大新一街20号,0
100000,301,锦州市,果真新鲜超市,H,54,APP,3,49.1,M,汉,570,4,01,MATE,FRIENDS,1,70.0,辽宁省,CONSUME,01,,41.111398,121.101552,ANDROID,,辽宁省锦州市太和区新民街道滨河路,0
100000,403,大庆市,中通快递,F,17,APP,2,37.5,M,汉,5875,4,01,MATE,FATHER,3,70.0,黑龙江省,CONSUME,01,,36.370061606891507,120.29619372664287,ANDROID,,山东省青岛市即墨区蓝村街道G20(青银高速),0
100000,102,淮北市,朱洋洋个人工作室,Z,90,APP,2,33.9,M,汉,308,3,01,FRIENDS,COLLEAGUE,1,70.0,安徽省,CONSUME,01,,33.921287544183,116.79497528798,ANDROID,,安徽省淮北市相山区南黎街道相山中路,0
100000,,大同市,王萍个人工作室,Z,90,APP,3,27.3,F,汉,6881,4,01,SIBLING,MOTHER,2,70.0,山西省,CONSUME,01,,40.058231160798978,113.28289652956308,ANDROID,,山西省大同市平城区新旺街道云波路,0
100000,102,萍乡市,向江峰个人工作室,Z,90,APP,2,47.2,M,汉,2844,3,01,FATHER,FATHER,1,70.0,江西省,CONSUME,01,,27.633602,113.847195,ANDROID,,江西省萍乡市安源区凤凰街道文化路1号,0
100000,102,广州市,卓越明个人工作室,Z,90,APP,4,23.0,M,汉,2791,2,01,PARENTS,FRIENDS,2,70.0,广东省,CONSUME,01,,23.17260784268195,113.36671326564134,ANDROID,,广东省广州市天河区长兴街道华观路,0
100000,,达州市,四川天成祥顺服装有限公司,Z,90,APP,3,32.4,M,汉,6609,4,01,MATE,COLLEAGUE,1,70.0,四川省,CONSUME,01,,31.195083,107.515721,ANDROID,,四川省达州市达川区三里坪街道南国大道,0
100000,,上饶市,晶华美郡2栋3单元402,C,24,XCX,4,33.3,M,汉,4942,2,01,MATE,FRIENDS,1,70.0,江西省,CONSUME,01,,28.45102023654514,117.90407904730903,ANDROID,,江西省上饶市广信区罗桥街道吉阳西路82号-1栋-101,0
100000,,广州市,区绮冰个人工作室,Z,90,APP,2,46.2,F,汉,3421,4,01,MOTHER,SIBLING,1,70.0,广东省,CONSUME,01,,23.085716,113.534404,ANDROID,,广东省广州市黄埔区南岗街道鹿步东路,0
100000,105,保定市,李建钢个人工作室,Z,90,APP,2,48.6,M,汉,3234,2,01,MATE,COLLEAGUE,1,70.0,河北省,CONSUME,01,,39.289178,115.944568,ANDROID,,河北省保定市高碑店市方官镇,0
100000,105,内江市,四川比高企業管理咨詢,H,54,APP,4,38.6,F,汉,3263,3,01,FATHER,SIBLING,2,87.974,四川省,CONSUME,01,,30.594928593221753,104.05734121638794,ANDROID,,四川省成都市武侯区石羊街道益州大道北段,1
100000,103,宣城市,王波个人工作室,Z,90,APP,4,35.2,M,汉,7171,4,01,MATE,FATHER,1,90.494,安徽省,CONSUME,01,,30.60722112418333,119.68302448282843,ANDROID,,浙江省湖州市安吉县递铺街道递铺南路,0
100000,,阜阳市,朱桓庆个人工作室,Z,90,APP,3,23.2,M,汉,2717,2,01,FATHER,MOTHER,2,70.0,安徽省,CONSUME,01,,33.155838,115.626155,ANDROID,,安徽省阜阳市太和县城关镇S312(细阳路),0
100000,105,哈尔滨市,秀笼商场,H,54,APP,2,48.4,M,满,329,4,01,MATE,FRIENDS,1,70.0,黑龙江省,CONSUME,01,,45.773984,126.63799,ANDROID,,黑龙江省哈尔滨市道外区南马街道南平街56号,0
100000,,阜阳市,朱桓庆个人工作室,Z,90,APP,3,23.2,M,汉,2717,2,01,FATHER,MOTHER,2,70.0,安徽省,CONSUME,01,,33.155838,115.626155,ANDROID,,安徽省阜阳市太和县城关镇S312(细阳路),0
100000,102,郑州市,亚阁小卖部,H,54,APP,2,33.3,M,汉,7006,4,01,RELATIVES,FATHER,2,70.0,河南省,CONSUME,01,,34.68018875786246,114.12378211388772,ANDROID,,河南省郑州市中牟县官渡镇S25(贾鲁河大桥),0
100000,105,延安市,洛川富百家果业有限责任公司,Z,90,APP,2,48.1,M,汉,3152,2,01,MATE,MOTHER,1,75.287636,陕西省,CONSUME,01,,35.77521420107021,109.44830333674833,ANDROID,,陕西省延安市洛川县凤栖街道,1
100000,104,嘉兴市,海盐中通快递,F,17,APP,2,30.8,M,汉,5687,2,01,FRIENDS,FRIENDS,2,90.624,浙江省,CONSUME,01,,30.524295424516358,120.94106867175799,ANDROID,,浙江省嘉兴市海盐县武原街道城北西路139号,0
100000,105,保定市,河北众纪创骐文化传播有限公司,R,17,APP,3,36.1,M,汉,3902,4,01,FATHER,SIBLING,1,77.89176,河北省,CONSUME,01,,38.8367150407342,115.50284138784044,ANDROID,,河北省保定市莲池区联盟街道凌云街,0
100000,102,广州市,华为上海研究所,M,11,APP,4,30.7,M,汉,5683,4,01,MATE,RELATIVES,2,88.783,广东省,CONSUME,01,,31.24826714756693,121.46197777000258,ANDROID,,上海市静安区北站街道交通路,0
100000,105,长治市,山西鑫煜锦工贸有限公司,C,24,XCX,3,43.1,M,汉,3605,4,01,RELATIVES,FATHER,1,70.0,山西省,CONSUME,01,,36.18715079503816,113.1196765667897,IOS,,山西省长治市潞州区太行东街街道新华街,0
100000,,驻马店市,河南省欣旭农牧家庭农场,A,27,XCX,2,29.5,M,汉,672,4,01,MATE,FRIENDS,1,70.0,河南省,CONSUME,01,,32.78554470486111,114.04016845703126,ANDROID,,河南省驻马店市确山县三里河街道S224,0
100000,105,沧州市,万客来辅食,H,54,APP,4,25.3,M,汉,613,4,01,FATHER,FRIENDS,2,70.0,河北省,CONSUME,01,,38.374561886247779,117.38342448461802,ANDROID,,河北省沧州市黄骅市黄骅镇渤海西路辅路,0
100000,102,济南市,暂未提供公司名称,Z,90,XCX,4,29.3,F,汉,7195,2,01,RELATIVES,FRIENDS,2,88.476,山东省,CONSUME,01,,36.58647344505519,116.96566220189804,IOS,,山东省济南市市中区七贤街道九曲庄路,0
100000,105,重庆市,重庆华文建设工程有限公司,E,24,APP,4,39.9,M,汉,5579,3,01,PARENTS,FRIENDS,2,70.0,重庆市,CONSUME,01,,29.365715426181624,103.83139396525893,ANDROID,,四川省乐山市五通桥区金粟镇,0
100000,,马鞍山市,马鞍山中捷通汽车技术服务有限公司,Z,90,APP,2,36.9,M,汉,6254,4,01,MATE,FRIENDS,1,70.0,安徽省,CONSUME,01,,31.642329038115589,118.49749074808666,ANDROID,,安徽省马鞍山市雨山区佳山乡阳湖路500号,0
100000,102,徐州市,江苏动铁人力资源有限公司,O,17,XCX,3,38.8,M,汉,3760,4,01,MATE,PARENTS,1,88.018,江苏省,CONSUME,01,,34.2883349609375,117.160625,ANDROID,,江苏省徐州市鼓楼区铜沛街道观宇路,0
100000,103,惠州市,惠州市六和科技有限公司,G,13,XCX,2,34.3,M,汉,5810,4,01,MATE,SIBLING,1,88.072,广东省,CONSUME,01,,22.83667357053549,114.81391339293082,ANDROID,,广东省惠州市惠东县稔山镇,0
100000,307,贺州市,锐航照明,H,54,APP,4,38.1,M,汉,4340,2,01,FATHER,COLLEAGUE,2,70.0,广西壮族自治区,CONSUME,01,,22.580401,113.221437,ANDROID,,广东省中山市横栏镇长安北路142号,0
100000,103,温州市,自由职业者,Z,90,XCX,2,43.2,F,汉,4112,2,01,RELATIVES,FRIENDS,1,70.0,浙江省,CONSUME,01,,31.128197,121.510925,ANDROID,,上海市浦东新区三林镇和佳路,0
100000,,六安市,虹定信息有限公司,Z,90,XCX,4,30.4,M,汉,1822,2,01,SIBLING,FRIENDS,2,70.0,安徽省,CONSUME,01,,31.870127,117.277807,ANDROID,,安徽省合肥市庐阳区三牌楼街道寿春路260号,0
100000,,遂宁市,四川云杉智慧新能源技术有限公司,Z,90,APP,3,46.3,M,汉,2864,3,01,MOTHER,FRIENDS,3,70.0,四川省,CONSUME,01,,30.559847496481458,103.98893884292298,ANDROID,,四川省成都市双流区西航港街道长城路一段,0
100000,,信阳市,服务行业,H,54,XCX,2,38.7,F,汉,3611,4,01,MATE,FRIENDS,1,70.0,河南省,CONSUME,01,,30.28903564453125,120.23272813585069,ANDROID,,浙江省杭州市上城区彭埠街道艮山东路335号,0
100000,403,清远市,黄建能个人工作室,K,17,APP,4,29.8,M,汉,1045,2,01,SIBLING,RELATIVES,2,70.0,广东省,CONSUME,01,,24.467257,112.643241,ANDROID,,广东省清远市阳山县阳城镇江滨东路辅路,0
100000,105,曲靖市,澜沧供电有限公司,Z,90,XCX,2,32.2,M,汉,5396,4,01,FRIENDS,SIBLING,1,87.945,云南省,CONSUME,01,,22.56020253962265,99.9410782962816,ANDROID,,云南省普洱市澜沧拉祜族自治县勐朗镇,0
100000,,平凉市,崆峒区张天鹏建筑工程服务部,Z,90,XCX,2,45.7,M,汉,5460,2,01,PARENTS,COLLEAGUE,1,93.26,甘肃省,CONSUME,01,,35.540905985055818,106.69073840477756,ANDROID,,甘肃省平凉市崆峒区东关街道S216(崆峒大道中路),0
100000,,平凉市,崆峒区张天鹏建筑工程服务部,Z,90,XCX,2,45.7,M,汉,5460,2,01,PARENTS,COLLEAGUE,1,93.26,甘肃省,CONSUME,01,,35.540905985055818,106.69073840477756,ANDROID,,甘肃省平凉市崆峒区东关街道S216(崆峒大道中路),0
100000,,南京市,华龙物业管理有限公司,Z,90,XCX,3,32.7,M,汉,4878,2,01,SIBLING,FRIENDS,1,70.0,江苏省,CONSUME,01,,31.980169270833333,118.77978841145833,ANDROID,,江苏省南京市雨花台区雨花街道软件大道,0
100000,,驻马店市,驻马店市荣华建筑物拆除有限公司,H,24,XCX,3,27.4,M,汉,814,4,01,FRIENDS,FRIENDS,2,70.0,河南省,CONSUME,01,,33.018147,114.013594,ANDROID,,河南省驻马店市驿城区关王庙乡骏马路,0
100000,302,杭州市,浙江金湖机电有线公司,G,13,APP,3,24.7,M,汉,1758,2,01,FRIENDS,FRIENDS,2,88.208,浙江省,CONSUME,01,,30.29239119522732,120.10135260454743,ANDROID,,浙江省杭州市西湖区古荡街道丰潭路171-1,0
100000,305,忻州市,太原永明恒动源有限责任公司,Z,90,APP,3,34.1,F,汉,5280,2,01,FATHER,COLLEAGUE,2,70.0,山西省,CONSUME,01,,37.934891,112.50342,ANDROID,,山西省太原市尖草坪区柴村街道滨河西路辅路,0
100000,102,亳州市,自媒体电商,G,13,XCX,3,28.5,F,汉,618,4,01,MOTHER,FATHER,2,70.0,安徽省,CONSUME,01,,30.32531032866518,120.29880652291583,ANDROID,,浙江省杭州市钱塘区下沙街道德胜东路2535,0
100000,,南京市,华龙物业管理有限公司,Z,90,XCX,3,32.7,M,汉,4878,2,01,SIBLING,FRIENDS,1,70.0,江苏省,CONSUME,01,,31.980169270833333,118.77978841145833,ANDROID,,江苏省南京市雨花台区雨花街道软件大道,0
100000,,保山市,永德县崇岗乡中心完小,Z,90,APP,4,27.4,F,汉,1025,2,01,MATE,FRIENDS,1,70.0,云南省,CONSUME,01,,23.910584625430503,100.0955284477452,ANDROID,,云南省临沧市临翔区忙畔街道西河北路,0
100000,105,娄底市,中网华通设计咨询有限公司,L,17,APP,3,28.1,M,汉,520,4,01,RELATIVES,OTHER,2,89.11,湖南省,CONSUME,01,,26.970814147739895,112.40553592233396,ANDROID,,湖南省衡阳市衡阳县西渡镇人和路,0
100000,403,成都市,郑尚玉个人工作室,Z,90,APP,2,31.5,M,汉,11,2,,MATE,FATHER,1,86.462,四川省,CONSUME,01,,30.253462,103.215071,ANDROID,,四川省成都市邛崃市夹关镇,0
100000,,大理白族自治州,拼多多物流,Z,90,XCX,2,23.4,M,汉,1920,2,01,FRIENDS,SIBLING,2,70.0,云南省,CONSUME,01,,23.32524982800811,112.87878742109516,ANDROID,,广东省佛山市三水区乐平镇,0
100000,302,大连市,石磊个人工作室,Z,90,XCX,4,39.8,F,汉,4452,2,01,SIBLING,PARENTS,1,70.0,辽宁省,CONSUME,01,,39.0992708972087,121.74762190655915,ANDROID,,辽宁省大连市金州区光中街道,0
100000,105,菏泽市,孙振个人工作室,Z,90,APP,2,41.1,M,汉,3291,4,01,MATE,COLLEAGUE,1,70.0,山东省,CONSUME,01,,34.615911985931,115.55684394466559,ANDROID,,山东省菏泽市曹县梁堤头镇牡丹北路,0
100000,302,大连市,石磊个人工作室,Z,90,XCX,4,39.8,F,汉,4452,2,01,SIBLING,PARENTS,1,70.0,辽宁省,CONSUME,01,,39.0992708972087,121.74762190655915,ANDROID,,辽宁省大连市金州区光中街道,0
100000,,绍兴市,上海宝龙商业管理有限公司,Z,90,XCX,3,28.4,M,汉,598,2,01,PARENTS,COLLEAGUE,2,89.481,浙江省,CONSUME,01,,30.106997201685329,120.52330178150423,ANDROID,,浙江省绍兴市柯桥区齐贤街道西一路,0
100000,104,长沙市,万科物业,L,17,XCX,3,22.9,M,汉,2650,2,01,RELATIVES,SIBLING,2,70.0,湖南省,CONSUME,01,,22.54950409164871,113.9546372267406,ANDROID,,广东省深圳市南山区粤海街道沙河西路2011-2号,0
100000,102,潮州市,中育电脑培训教育机构,P,13,APP,3,44.9,M,汉,4602,4,01,MATE,MOTHER,1,93.392,广东省,CONSUME,01,,23.44712591362392,116.68850350569969,ANDROID,,广东省潮州市潮安区庵埠镇兰畹路,0
100000,102,扬州市,宝应长春大药房,H,54,XCX,2,35.9,F,汉,5590,4,,COLLEAGUE,MATE,1,70.362,江苏省,CONSUME,01,,31.998213536068794,118.8853602480062,ANDROID,,江苏省南京市江宁区东山街道,0
100000,104,天津市,天津市思宇浓商贸有限公司,H,54,XCX,3,34.4,F,汉,4928,2,,FRIENDS,MATE,2,82.239,天津市,CONSUME,01,,39.13342291076978,117.32936753120304,ANDROID,,天津市东丽区新立街道一号路,0
100000,,绍兴市,绍兴鼎新科技有限公司,Z,90,XCX,3,37.8,M,汉,5693,3,01,MOTHER,FRIENDS,2,70.0,浙江省,CONSUME,01,,30.096695529822225,120.51971951763979,ANDROID,,浙江省绍兴市柯桥区齐贤街道镜水北路,1
100000,,宁波市,戚建平个人工作室,Z,90,XCX,2,46.8,M,汉,280,4,01,MATE,FRIENDS,1,70.0,浙江省,CONSUME,01,,30.161552846877507,121.01812621755475,ANDROID,,浙江省宁波市余姚市泗门镇共济南路,0
100000,103,眉山市,邹建鹏个人工作室,Z,90,APP,2,38.2,M,汉,5516,4,01,MATE,FATHER,1,70.0,四川省,CONSUME,01,,29.843752969575296,103.85585903598374,ANDROID,,四川省眉山市青神县青城镇青城路,0
100000,,襄阳市,光明高尔夫球会,C,24,XCX,2,31.3,F,汉,690,4,01,PARENTS,RELATIVES,2,70.0,湖北省,CONSUME,01,,22.766063368055555,113.94231906467014,ANDROID,,广东省深圳市光明区光明街道光翠路北6,1
100000,103,钦州市,四季大酒楼,I,54,APP,2,32.1,M,汉,6505,2,01,SIBLING,COLLEAGUE,2,88.34,广西壮族自治区,CONSUME,01,,22.92612,113.65721,ANDROID,,广东省东莞市厚街镇107国道桥头国道西路7号,0
100000,105,上海市,华峰铝业有限公司,C,24,XCX,3,29.4,M,汉,1282,2,01,PARENTS,FRIENDS,1,70.0,上海市,CONSUME,01,,30.732145453559028,121.28931423611111,ANDROID,,上海市金山区金山卫镇新卫公路辅路,0
100000,,汕头市,广州市蓝睛琳化妆品有限公司,C,24,XCX,2,48.0,M,汉,267,2,01,MATE,FRIENDS,1,70.0,广东省,CONSUME,01,,23.163130967881944,116.47908474392361,ANDROID,,广东省汕头市潮南区成田镇陈沙公路辅路,0
100000,105,襄阳市,星洲能源,D,17,APP,2,38.2,M,汉,5097,4,01,MATE,FRIENDS,1,70.0,湖北省,CONSUME,01,,28.00976135371442,120.7280747918351,ANDROID,,浙江省温州市鹿城区滨江街道七都大桥,0
100000,105,襄阳市,星洲能源,D,17,XCX,2,38.2,M,汉,5097,4,01,MATE,FRIENDS,1,70.0,湖北省,CONSUME,01,,28.00976135371442,120.7280747918351,ANDROID,,浙江省温州市鹿城区滨江街道七都大桥,0
100000,104,邵阳市,中冶建工集团,E,24,APP,2,42.1,M,汉,3128,2,01,PARENTS,FRIENDS,1,70.0,湖南省,CONSUME,01,,23.02467028423895,113.92552860934441,ANDROID,,广东省东莞市东坑镇103号路,1
100000,102,丹东市,南京蓝天集团,H,54,APP,4,27.3,F,汉,802,4,01,PARENTS,FRIENDS,2,70.0,辽宁省,CONSUME,01,,25.021275861101154,102.72470397663033,ANDROID,,云南省昆明市官渡区太和街道春城路250-附2,0
100000,,余姚市,宁波宁兴新宇汽车销售服务有限公司,H,54,XCX,3,26.7,M,汉,1527,2,01,FATHER,FRIENDS,2,70.0,浙江省,CONSUME,01,,30.08784884982639,121.16115261501736,ANDROID,,浙江省宁波市余姚市凤山街道永丰中路,0
100000,105,衡阳市,祁东县人社局,S,11,APP,4,30.5,M,汉,1426,4,01,FRIENDS,FRIENDS,1,86.01,湖南省,CONSUME,02,,26.784291,112.087226,ANDROID,,湖南省衡阳市祁东县洪桥街道南山大道,0
100000,102,荆州市,湖南城陵矶新港区管委会,S,11,XCX,4,35.0,M,汉,6673,3,01,MOTHER,FRIENDS,2,82.034,湖北省,CONSUME,01,,29.378493383086786,113.12330280685788,ANDROID,,湖南省岳阳市岳阳楼区站前街道站前路,0
100000,,上海市,新绎七修酒店管理有限公司,Z,90,APP,4,42.0,M,汉,3941,4,01,FATHER,MOTHER,3,70.0,上海市,CONSUME,01,,39.575834,116.771947,ANDROID,,河北省廊坊市广阳区河北廊坊广阳经济开发区金源道,0
100000,103,岳阳市,苏州裕同印刷有限公司,C,24,APP,3,41.2,M,汉,4782,3,01,FATHER,FATHER,1,70.0,湖南省,CONSUME,01,,31.26909166405158,121.02188481322571,ANDROID,,江苏省苏州市昆山市千灯镇Y509(联合路),0
100000,,郴州市,宁波池田,H,54,APP,2,24.9,M,汉,1855,2,01,SIBLING,COLLEAGUE,2,70.0,湖南省,CONSUME,01,,26.016383,119.353502,ANDROID,,福建省福州市仓山区城门镇桂阳路,0
100000,105,兰州市,甘肃老板电器,C,24,APP,4,36.8,F,汉,6868,2,01,MATE,FRIENDS,1,70.0,甘肃省,CONSUME,01,,36.103218,103.721083,ANDROID,,甘肃省兰州市安宁区培黎街道安宁西路290号,1
100000,104,保定市,李文锁城,H,54,XCX,2,33.6,M,汉,260,2,01,MATE,SIBLING,1,88.356,河北省,CONSUME,01,,39.481164,115.981462,ANDROID,,河北省保定市涿州市清凉寺街道长空路4,0
100000,,广州市,中通快递,Z,90,APP,3,29.3,M,汉,606,3,01,PARENTS,RELATIVES,1,70.0,广东省,CONSUME,01,,22.840965975912103,113.3434408185778,ANDROID,,广东省广州市南沙区榄核镇沙湾涌东街,0
100000,,宣城市,嘉宴精致客家菜,Z,90,APP,2,33.3,M,汉,5790,2,01,FATHER,MOTHER,2,70.0,安徽省,CONSUME,01,,31.301815,121.426118,ANDROID,,上海市静安区彭浦镇少年村路,0
100000,,图木舒克市,浙江汇能生物股份有限公司,Z,90,APP,4,34.1,M,汉,6702,3,01,MOTHER,FRIENDS,2,89.325,新疆维吾尔自治区,CONSUME,01,,22.521539,113.055962,ANDROID,,广东省江门市新会区会城街道灵镇东路,0
100000,103,苏州市,江苏省常熟市周行中心小学,P,13,XCX,4,41.6,M,汉,3896,3,01,MATE,MOTHER,1,90.386,江苏省,CONSUME,01,,31.669171820746527,120.77250678168403,ANDROID,,江苏省苏州市常熟市琴川街道闽江东路,0
100000,103,石家庄市,河北裕饶企业管理有限公司,C,24,APP,4,35.7,M,汉,4391,3,01,MOTHER,FRIENDS,2,70.0,河北省,CONSUME,01,,37.995064894786448,114.5532271742052,ANDROID,,河北省石家庄市裕华区裕强街道翟营南大街辅路,0
100000,,益阳市,岳阳三毛烧烤,Z,90,XCX,2,32.7,M,汉,5223,3,01,FATHER,MOTHER,2,70.0,湖南省,CONSUME,02,,28.262244,113.053496,ANDROID,,湖南省长沙市长沙县湘龙街道拓新路,0
100000,,许昌市,鄢陵县伟杰粮食仓储中心,Z,90,APP,4,35.5,M,汉,4507,3,01,MATE,FATHER,1,70.0,河南省,CONSUME,01,,22.594785252474634,113.26876920908907,ANDROID,,广东省中山市小榄镇永旭街,0
100000,102,成都市,爱迪阳光幼儿园,P,13,APP,3,24.1,F,汉,2062,2,01,FATHER,FRIENDS,2,70.0,四川省,CONSUME,01,,30.68512958760488,103.8229980698055,ANDROID,,四川省成都市温江区柳城街道南熏大道三段,0
100000,,沧州市,未知所在公司,Q,11,XCX,4,40.0,F,汉,4608,3,,RELATIVES,FRIENDS,,70.0,河北省,CONSUME,04,,38.08925691544578,116.5846280358124,IOS,,河北省沧州市泊头市泊镇,1
100000,102,邯郸市,武安市喜丰汽贸,O,17,APP,2,34.6,M,汉,5996,2,01,PARENTS,SIBLING,2,93.164,河北省,CONSUME,01,,36.72827997166064,113.92169753674905,ANDROID,,河北省邯郸市武安市阳邑镇,0
100000,,重庆市,饿了么外卖,I,54,APP,2,39.3,M,汉,3821,2,01,FATHER,FRIENDS,3,86.019,重庆市,CONSUME,01,,29.568025,106.605964,ANDROID,,重庆市南岸区涂山镇,0
100000,103,保定市,河北省保定市新华街,H,54,APP,3,39.9,F,汉,4395,2,01,FATHER,SIBLING,1,70.0,河北省,CONSUME,01,,39.06014680402874,115.86668901265772,ANDROID,,河北省保定市容城县容城镇金容北街,0
100000,,孝感市,金发科技股份有限公司,Z,90,APP,4,33.8,M,汉,4609,3,01,FATHER,COLLEAGUE,2,70.0,湖北省,CONSUME,01,,23.465373,113.379825,ANDROID,,广东省广州市花都区花东镇七星响水庄街,0
100000,104,云浮市,练艳玲个人工作室,Z,90,APP,2,44.0,F,汉,4045,2,01,FATHER,MATE,1,83.986,广东省,CONSUME,02,,23.241458,111.538233,ANDROID,,广东省云浮市郁南县都城镇大堤路,0
100000,,曲靖市,昆明西鼎清洁服务有限公司,O,17,APP,3,31.1,M,汉,6622,2,01,FATHER,SIBLING,1,91.862,云南省,CONSUME,01,,25.496455,103.161124,ANDROID,,云南省昆明市寻甸回族彝族自治县羊街镇,0
100000,103,北京市,青云店镇政府,S,11,APP,3,31.8,M,汉,856,3,01,MATE,FRIENDS,1,78.51056,北京市,CONSUME,01,,39.702496876950409,116.46233652759176,ANDROID,,北京市大兴区青云店镇Y104(垡泥路),0
100000,,襄阳市,光明高尔夫球会,C,24,XCX,2,31.3,F,汉,690,4,01,PARENTS,RELATIVES,2,70.0,湖北省,CONSUME,01,,22.766063368055555,113.94231906467014,ANDROID,,广东省深圳市光明区光明街道光翠路北6,0
100000,103,眉山地区,金牛区亦翔云照明,C,24,XCX,2,38.5,M,汉,4035,2,01,MATE,FRIENDS,1,78.388176,四川省,CONSUME,01,,30.71449500604727,104.04799429712824,ANDROID,,四川省成都市金牛区九里堤街道九里堤北路,0
100000,,湘西土家族苗族自治州,塞金指技术有限公司,Z,90,XCX,2,32.6,M,苗,6580,2,01,SIBLING,FRIENDS,2,70.0,湖南省,CONSUME,01,,30.503299817012374,114.6197878113886,ANDROID,,湖北省武汉市洪山区左岭街道,0
100000,,韶关市,邓茂昌个人工作室,Z,90,XCX,2,33.1,M,汉,5722,2,01,FRIENDS,FRIENDS,2,90.432,广东省,CONSUME,01,,22.540184733072916,114.12662353515626,ANDROID,,广东省深圳市罗湖区南湖街道文锦渡路,0
100000,103,武汉市,国网湖北电科院,P,13,APP,4,35.1,M,汉,5649,2,01,PARENTS,FRIENDS,2,70.0,湖北省,CONSUME,01,,30.588442458600974,114.36389284898653,ANDROID,,湖北省武汉市洪山区洪山街街道永乐路,0
100000,102,大庆市,宁波佳乘供应链管理有限公司,H,54,APP,4,29.4,M,汉,1222,2,,FATHER,FRIENDS,2,70.0,黑龙江省,CONSUME,02,,46.57615,125.147453,ANDROID,,黑龙江省大庆市龙凤区黎明街道兴化街,0
100000,,丽水市,杭州国涛电器有限公司,Z,90,APP,2,30.9,M,汉,835,3,01,MATE,MOTHER,1,83.057,浙江省,CONSUME,01,,30.153081,120.275564,ANDROID,,浙江省杭州市萧山区新塘街道育才路870号,0
100000,102,攀枝花市,成都铁路局西南物流有限公司,F,17,XCX,3,39.8,M,汉,2869,2,,FATHER,FRIENDS,3,70.0,四川省,CONSUME,01,,26.553667,101.695872,ANDROID,,四川省攀枝花市仁和区前进镇G227(金沙江大道西段),0
100000,,丽水市,杭州国涛电器有限公司,Z,90,APP,2,30.9,M,汉,835,3,01,MATE,MOTHER,1,83.057,浙江省,CONSUME,01,,30.153081,120.275564,ANDROID,,浙江省杭州市萧山区新塘街道育才路870号,0
100000,305,宁波市,红星美凯龙,Z,90,XCX,3,22.5,M,汉,2290,2,01,SIBLING,FATHER,2,70.0,浙江省,CONSUME,01,,31.24479949872037,121.32975990778587,ANDROID,,上海市嘉定区江桥镇勤丰路308,0
100000,102,阜阳市,南京涵田酒店,I,54,XCX,2,27.8,M,汉,920,3,01,MOTHER,FRIENDS,2,70.0,安徽省,CONSUME,01,,32.120160224288408,118.73883165069739,ANDROID,,江苏省南京市浦口区泰山街道,0
100000,,渭南市,周婷个人工作室,I,54,XCX,3,37.2,F,汉,3416,2,01,FATHER,FATHER,1,70.0,陕西省,CONSUME,01,,34.20637586805555,108.9650122070313,IOS,,陕西省西安市雁塔区长延堡街道庙坡头路,0
100000,105,重庆市,汪老弟宠物生活馆,O,17,APP,3,25.2,M,汉,2797,3,01,OTHER,OTHER,1,70.0,重庆市,CONSUME,01,,29.40012125747304,106.55858368490442,ANDROID,,重庆市巴南区南泉街道G75(兰海高速),0
100000,105,成都市,成都美树医疗器械设备有限公司,H,54,XCX,3,41.5,M,汉,3943,3,01,FRIENDS,RELATIVES,3,70.0,四川省,CONSUME,01,,30.410336850124556,103.44566925095512,ANDROID,,四川省成都市邛崃市文君街道热电新路,0
100000,103,丹东市,北京市凤岭养老中心,S,11,XCX,4,42.7,F,汉,3940,3,01,FATHER,FRIENDS,2,77.83148,辽宁省,CONSUME,01,,40.72493503649315,120.88255014172096,ANDROID,,辽宁省葫芦岛市龙港区连湾街道,1
100000,,保定市,河北省保定市东方造纸有限公司,E,24,XCX,2,39.2,M,汉,4692,3,01,FATHER,SIBLING,1,70.0,河北省,CONSUME,01,,39.171993815104166,115.80320231119792,ANDROID,,河北省保定市定兴县杨村镇南拒马河特大桥,0
100000,,内江市,刘大川个人工作室,Z,90,APP,3,39.2,M,汉,4292,4,01,FRIENDS,FRIENDS,3,70.0,四川省,CONSUME,01,,29.616930754462748,105.04773111864488,ANDROID,,四川省内江市东兴区西林街道玉屏街,0
100000,102,安康市,恒大人寿,J,13,XCX,3,34.2,F,汉,4580,4,01,MATE,FATHER,1,85.21,陕西省,CONSUME,01,,32.76698436701841,108.8209649946142,ANDROID,,陕西省安康市汉滨区恒口镇,0
100000,,屯昌县,墨瑟门窗,H,54,XCX,2,30.5,M,汉,270,2,,FRIENDS,COLLEAGUE,2,88.479,海南省,CONSUME,04,,18.279515245225696,109.52891710069444,ANDROID,,海南省三亚市吉阳区,0
100000,,许昌市,桐柏盛源超市,Z,90,APP,2,41.7,F,汉,2674,4,01,SIBLING,MATE,1,70.0,河南省,CONSUME,01,,32.36330349392361,113.40740858289931,ANDROID,,河南省南阳市桐柏县城关镇,0
100000,104,泰州市,南京奈雪餐饮管理有限公司,I,54,APP,3,31.9,M,汉,5173,2,01,MATE,FRIENDS,2,70.0,江苏省,CONSUME,01,,32.51398356696454,120.15607502119949,ANDROID,,江苏省泰州市姜堰区罗塘街道东海南路辅路,0
100000,,开封市,中国人民财产保险股份有限公司,Z,90,XCX,4,39.2,M,汉,3647,2,01,FRIENDS,FRIENDS,2,70.0,河南省,CONSUME,01,,34.77837836371528,114.2992458767361,IOS,,河南省开封市龙亭区金耀街道魏都路109,0
100000,102,普洱市,云南普洱至盛物业公司,Z,90,APP,3,46.9,M,汉,993,4,01,OTHER,OTHER,2,70.0,云南省,CONSUME,01,,22.834175971898099,100.98321121207955,ANDROID,,云南省普洱市思茅区思茅街道X164(G213(旧)),0
100000,103,宣城市,鸠江区白茆镇爱心亲子园母婴用品店,H,54,APP,4,34.8,F,汉,4761,3,01,RELATIVES,FRIENDS,2,70.0,安徽省,CONSUME,01,,30.928212689005546,118.75006018862517,ANDROID,,安徽省宣城市宣州区鳌峰街道,0
100000,102,蚌埠市,合肥粤静然再生资源有限公司,M,11,APP,3,44.0,M,回,1242,4,01,MATE,FRIENDS,1,70.0,安徽省,CONSUME,01,,23.311915560178816,116.20480042460875,ANDROID,,广东省揭阳市普宁市流沙东街道北二环大道辅路,0
100000,,雅安市,金川县气象局,S,11,APP,3,39.0,M,汉,3543,4,01,MATE,FATHER,1,70.0,四川省,CONSUME,02,,31.473590858272615,102.071645465474788,ANDROID,,四川省阿坝藏族羌族自治州金川县勒乌镇G248(临江路),0
100000,,雅安市,金川县气象局,S,11,APP,3,39.0,M,汉,3543,4,01,MATE,FATHER,1,70.0,四川省,CONSUME,02,,31.473590858272615,102.071645465474788,ANDROID,,四川省阿坝藏族羌族自治州金川县勒乌镇G248(临江路),0
100000,102,北京市,远景领航北京咨询有限公司,L,17,APP,4,49.2,M,汉,99999,4,01,MATE,FRIENDS,1,91.537,北京市,CONSUME,01,,39.92552848584543,116.50935077629767,ANDROID,,北京市朝阳区平房(地区)乡青年路,1
100000,104,邢台市,邢台乐旭建筑工程装饰有限公司,E,24,APP,3,38.6,M,汉,4965,3,01,FRIENDS,FRIENDS,1,70.0,河北省,CONSUME,01,,37.07076188912365,115.05199021788603,ANDROID,,河北省邢台市平乡县中华路街道G340(东子线),0
100000,105,烟台市,周大生珠宝,H,54,APP,2,38.0,F,汉,4829,4,01,FATHER,MATE,1,70.0,山东省,CONSUME,01,,37.38312533881762,121.62165402581555,ANDROID,,山东省烟台市牟平区大窑街道,0
100000,102,重庆市,重庆建工集团,Z,90,APP,2,33.2,M,汉,4928,2,01,FRIENDS,MATE,1,89.835,重庆市,CONSUME,01,,29.587407002044174,106.310055376866330,ANDROID,,重庆市沙坪坝区香炉山街道学善路,0
100000,105,抚州市,吴建国个人工作室,H,54,APP,2,49.1,M,汉,1450,4,01,MOTHER,MATE,1,70.0,江西省,CONSUME,01,,27.622647421991393,116.68073986030221,ANDROID,,江西省抚州市南城县徐家镇,0
100000,,淄博市,德州市人民医院,Z,90,APP,4,26.5,M,汉,7161,3,01,RELATIVES,RELATIVES,2,70.0,山东省,CONSUME,01,,37.440887,116.416611,ANDROID,,山东省德州市德城区袁桥镇崇德四大道,1
100000,403,信阳市,李永富个人工作室,Z,90,XCX,2,24.0,M,汉,2233,4,01,CHILDREN,SIBLING,2,70.0,河南省,CONSUME,01,,31.596620212138889,115.34815927931695,ANDROID,,河南省信阳市商城县达权店镇,0
100000,105,淮南市,上海浦升混泥土有限公司,Z,90,XCX,2,34.1,M,汉,6344,4,01,PARENTS,FRIENDS,2,90.103,安徽省,CONSUME,01,,32.22112016698366,116.58319551711085,ANDROID,,安徽省淮南市寿县张李乡,0
100000,102,南京市,中兴通讯股份有限公司,G,13,XCX,4,36.7,M,汉,3715,3,01,RELATIVES,FRIENDS,1,70.0,江苏省,CONSUME,01,,31.997858805465648,118.78544536405718,ANDROID,,江苏省南京市雨花台区雨花街道雨花东路,0
100000,104,阜阳市,喜欢服装店,I,54,APP,3,33.4,F,汉,5267,2,01,MOTHER,FRIENDS,1,70.0,安徽省,CONSUME,01,,31.28624136437927,117.93484514780006,ANDROID,,安徽省芜湖市无为市无城镇幸福路,0
100000,103,吉安市,铭瑞五金有限公司,C,24,APP,2,42.3,M,汉,4096,2,01,RELATIVES,FRIENDS,1,70.0,江西省,CONSUME,01,,22.789723,113.807197,ANDROID,,广东省东莞市长安镇锦隆路,0
100000,105,焦作市,河南天香面业有限公司,Z,90,XCX,2,46.2,M,汉,52,2,01,MATE,PARENTS,1,70.0,河南省,CONSUME,01,,35.76760669683319,109.44086245185503,ANDROID,,陕西省延安市洛川县凤栖街道东风路,0
100000,,台州市,温岭市九龙学校,Z,90,XCX,4,37.6,F,汉,4158,2,01,FATHER,FRIENDS,1,70.0,浙江省,CONSUME,01,,0.0000,0.0000,IOS,,[],1
100000,105,焦作市,河南天香面业有限公司,Z,90,XCX,2,46.2,M,汉,52,2,01,MATE,PARENTS,1,70.0,河南省,CONSUME,01,,35.76760669683319,109.44086245185503,ANDROID,,陕西省延安市洛川县凤栖街道东风路,0
100000,105,哈尔滨市,李宝宝个人工作室,Z,90,XCX,2,34.5,M,汉,5628,4,01,MATE,FATHER,1,70.0,黑龙江省,CONSUME,01,,46.215056116072819,126.97686800483024,ANDROID,,黑龙江省哈尔滨市呼兰区康金街道,0
100000,102,中山市,小榄镇联丰流管站,Z,90,XCX,2,36.1,M,汉,3660,4,01,SIBLING,FRIENDS,1,70.0,广东省,CONSUME,02,,22.608534697162115,113.24401692428356,ANDROID,,广东省中山市小榄镇安悦南路,0
100000,,廊坊市,嗨乐烧烤涮,I,54,APP,2,38.5,M,汉,5496,2,01,MATE,RELATIVES,1,95.0,河北省,CONSUME,01,,38.71085864002598,116.66040917846469,ANDROID,,河北省廊坊市大城县南赵扶镇,0
100000,,安庆市,富卓汽车零部件有限公司,C,24,APP,3,24.7,M,汉,572,2,01,FATHER,FRIENDS,2,70.0,安徽省,CONSUME,01,,30.557636,117.178644,ANDROID,,安徽省安庆市迎江区老峰镇安风路,0
100000,102,安庆市,北京云衣时代科技有限公司,G,13,APP,3,44.6,M,汉,1589,3,01,MATE,COLLEAGUE,1,78.7972,安徽省,CONSUME,01,,31.78453392084218,117.34746991763679,ANDROID,,安徽省合肥市包河区淝河镇延安路,1
100000,,松原市,福马运通,Z,90,XCX,2,34.9,M,汉,5711,2,01,FATHER,MOTHER,1,70.0,吉林省,CONSUME,01,,40.118633,116.789685,IOS,,北京市顺义区杨镇(地区)镇Y275(环库路),0
100000,,济南市,山东省淘掌柜有限公司,Z,90,APP,4,22.2,M,汉,1428,2,01,FATHER,FATHER,2,82.28,山东省,CONSUME,01,,37.32479479324229,117.16105064935238,ANDROID,,山东省济南市商河县许商街道,0
100000,102,长春市,时代小镇购物广场,H,54,APP,4,37.2,F,汉,6421,4,01,PARENTS,FRIENDS,1,70.0,吉林省,CONSUME,01,,36.074740050372998,120.38960962006797,ANDROID,,山东省青岛市市南区八大湖街道江西路82A栋1302室,0
100000,102,苏州市,苏州嘉缘祥实业投资有限公司,J,13,XCX,4,49.9,M,汉,121,4,01,MATE,SIBLING,1,70.0,江苏省,CONSUME,01,,31.282819639087923,120.58344698993878,ANDROID,,江苏省苏州市姑苏区吴门桥街道西环路99号-1,0
100000,,上海市,太保科技有限公司,Z,90,XCX,4,42.8,M,汉,3281,4,01,MATE,MOTHER,1,70.0,上海市,CONSUME,01,,31.39451144748264,121.4461767578125,ANDROID,,上海市宝山区杨行镇友谊路1555号,0
100000,103,宝鸡市,西安杰之作包装有限公司,C,24,APP,3,42.8,M,汉,4307,2,01,MATE,COLLEAGUE,1,70.0,陕西省,CONSUME,01,,34.246180103009489,108.85849583563334,ANDROID,,陕西省西安市雁塔区漳浒寨街道睦邻路,0
100000,105,佛山市,百得装饰有限公司,E,24,XCX,4,35.4,M,汉,3985,4,01,OTHER,OTHER,2,75.72371,广东省,CONSUME,01,,23.441947533025755,112.94385429602569,ANDROID,,广东省佛山市三水区大塘镇兴唐路,1
100000,102,沈阳市,水务集团,D,17,APP,3,23.5,M,锡伯,1294,4,01,FRIENDS,FRIENDS,2,83.999,辽宁省,CONSUME,01,,42.0127519780019,123.2775411814963,ANDROID,,辽宁省沈阳市于洪区平罗街道新双线,0
100000,103,榆林市,陕西省榆林市府谷县养鹿场,Z,90,XCX,2,34.3,F,汉,6002,4,01,RELATIVES,FRIENDS,1,70.0,陕西省,CONSUME,01,,39.2452783203125,110.7805712890625,ANDROID,,陕西省榆林市府谷县庙沟门镇,0
100000,403,周口市,常文贺个人工作室,Z,90,APP,2,26.5,M,汉,890,2,01,FATHER,MATE,1,70.0,河南省,CONSUME,01,,29.299212,120.228145,ANDROID,,浙江省金华市东阳市江北街道广福西街,0
100000,105,聊城市,冠州集团有限公司,H,54,APP,4,24.9,M,汉,1624,3,01,COLLEAGUE,FRIENDS,2,70.0,山东省,CONSUME,01,,37.44646883215941,121.5815734914758,ANDROID,,山东省烟台市牟平区养马岛街道环岛路,0
100000,102,杭州市,杭州市西湖风景名胜区子鸿茶叶店,H,54,APP,4,39.8,F,汉,3669,4,01,MATE,SIBLING,1,76.03766,浙江省,CONSUME,01,,29.579170165977954,106.54606025076163,ANDROID,,重庆市江北区五里店街道刘家台隧道,1
100000,,监利县,佛山市金浪机械制造有限公司,C,24,XCX,2,37.1,M,汉,4484,3,01,MOTHER,COLLEAGUE,2,70.0,湖北省,CONSUME,01,,23.043135308159723,112.9677671983507,ANDROID,,广东省佛山市南海区丹灶镇村前大街,0
100000,105,重庆市,四川通盛钻探有限公司,M,11,XCX,4,33.3,M,汉,5246,4,01,PARENTS,SIBLING,2,87.662,重庆市,CONSUME,01,,30.600904032605635,108.04951825366732,ANDROID,,重庆市万州区分水镇,0
100000,,吉安市,江西省嘉和物业有限公司吉安分公司,L,17,APP,3,48.0,M,汉,347,4,01,FRIENDS,FRIENDS,1,70.0,江西省,CONSUME,02,,26.462043,114.79487,ANDROID,,江西省吉安市万安县芙蓉镇电站路,0
100000,105,上海市,管崟杉个人工作室,H,54,APP,4,33.0,M,汉,851,3,01,OTHER,COLLEAGUE,2,78.441284,上海市,CONSUME,01,,34.30715540029474,108.99774955734563,ANDROID,,陕西省西安市未央区辛家庙街道北辰东路辅路,0
100000,103,上海市,森马服饰,H,54,APP,2,35.6,F,汉,47,4,01,CHILDREN,FRIENDS,2,70.0,上海市,CONSUME,01,,31.625568411514128,121.4037764017622,ANDROID,,上海市崇明区城桥镇湄洲路302号,0
100000,103,潍坊市,尹玉梅个人工作室,Z,90,XCX,3,26.2,F,汉,250,4,01,FATHER,FRIENDS,2,84.721,山东省,CONSUME,01,,39.106956207478727,117.20218938642951,IOS,,天津市河西区桃园街道爱丽舍路,0
100000,,楚雄彝族自治州,张芹个人工作室,Z,90,XCX,4,35.4,F,汉,4178,4,01,MATE,COLLEAGUE,1,84.199,云南省,CONSUME,01,,25.006586371527778,101.55827094184028,ANDROID,,云南省楚雄彝族自治州楚雄市鹿城镇茶花大道,0
100000,105,株洲市,芦淞区萌小调童装工作室,Z,90,APP,2,38.7,F,汉,3226,4,01,MOTHER,FRIENDS,1,70.0,湖南省,CONSUME,01,,27.834324,113.136696,ANDROID,,湖南省株洲市天元区泰山路街道滨江南路,0
100000,105,齐齐哈尔市,平安普惠,H,54,XCX,3,28.0,F,汉,577,4,01,FRIENDS,FRIENDS,2,70.0,黑龙江省,CONSUME,01,,39.06134457668566,121.75453549027195,ANDROID,,辽宁省大连市金州区马桥子街道松江路6号,0
100000,103,西安市,陕西长安旅游汽车服务有限公司,O,17,XCX,3,44.8,M,汉,1765,3,01,RELATIVES,FRIENDS,1,90.227,陕西省,CONSUME,01,,34.498464,108.928996,ANDROID,,陕西省咸阳市泾阳县崇文镇泾河大道东段辅路,0
100000,,衡水市,张瑞民个人工作室,Z,90,APP,4,24.4,M,汉,1007,2,01,FATHER,SIBLING,1,70.0,河北省,CONSUME,01,,37.562641,116.08144,ANDROID,,河北省衡水市景县青兰镇,0
100000,105,泉州市,泉州宝捷电子有限公司,G,13,APP,2,31.5,M,汉,6873,4,01,MATE,FATHER,1,88.582,福建省,CONSUME,01,,24.95804476613216,118.55826095269893,ANDROID,,福建省泉州市丰泽区北峰街道丰美路,0
100000,102,南宁市,赢火虫软件科技(上海)有限公司,G,13,APP,4,28.4,M,壮,2045,3,01,FATHER,MOTHER,2,74.749,广西壮族自治区,CONSUME,01,,30.363213835139925,120.08857763845109,ANDROID,,浙江省杭州市余杭区良渚街道棕榈路辅路,0
100000,102,内江市,美团众包,Z,90,APP,4,23.8,M,汉,822,2,01,PARENTS,FRIENDS,2,70.0,四川省,CONSUME,01,,30.50638907136783,104.04251973283339,ANDROID,,四川省成都市双流区华阳街道南湖北路,0
100000,,上饶市,鑫源地产有限公司,Z,90,XCX,4,41.1,M,汉,2324,4,01,PARENTS,FRIENDS,1,70.0,江西省,CONSUME,01,,28.575137460531637,118.15105265441625,ANDROID,,江西省上饶市广丰区壶峤镇东阳村健走步道,0
100000,103,丹东市,康师傅沈阳饮品有限公司,C,24,APP,3,43.1,M,满,1450,3,01,OTHER,OTHER,1,91.417,辽宁省,CONSUME,01,,40.73069461038342,124.79906420310174,ANDROID,,辽宁省丹东市宽甸满族自治县宽甸镇阮国长大街,0
100000,102,内江市,美团众包,Z,90,XCX,4,23.8,M,汉,822,2,01,PARENTS,FRIENDS,2,70.0,四川省,CONSUME,01,,30.50638907136783,104.04251973283339,ANDROID,,四川省成都市双流区华阳街道南湖北路,0
100000,102,北京市,北京金源信通科技有限公司,G,13,APP,3,38.2,M,汉,4168,2,01,MATE,SIBLING,1,91.095,北京市,CONSUME,01,,39.915409836255758,116.32631293096397,ANDROID,,北京市海淀区甘家口街道三里河路,0
100000,105,日照市,山东光华建设有限公司,E,24,XCX,2,34.9,M,汉,5306,2,01,FRIENDS,MATE,2,87.498,山东省,CONSUME,01,,35.11749947725661,119.38431410143412,IOS,,山东省日照市岚山区前三岛乡岚中十五路,0
100000,,马鞍山市,自由职业,Z,90,XCX,3,29.4,M,汉,465,2,01,FATHER,FATHER,2,70.0,安徽省,CONSUME,01,,31.146572,121.30874,ANDROID,,上海市松江区九里亭街道九杜路350弄-215号,0
100000,105,日照市,山东光华建设有限公司,E,24,XCX,2,34.9,M,汉,5306,2,01,FRIENDS,MATE,2,87.498,山东省,CONSUME,01,,35.11749947725661,119.38431410143412,IOS,,山东省日照市岚山区前三岛乡岚中十五路,0
100000,,重庆市,重庆荣昌高新区管委会,S,11,XCX,3,38.8,M,汉,3876,2,01,FRIENDS,COLLEAGUE,3,90.43,重庆市,CONSUME,01,,29.413590505743234,105.59458782809719,ANDROID,,重庆市荣昌区昌州街道海棠大道110号-附5,0
100000,,汕头市,恒新建材有限公司,Z,90,APP,2,42.4,F,汉,6715,4,01,MOTHER,FATHER,3,83.17,广东省,CONSUME,01,,23.514718912116845,116.77624845442237,ANDROID,,广东省汕头市澄海区莲上镇莲南工业道,0
100000,,哈尔滨市,安琦个人工作室,Z,90,APP,4,23.8,F,汉,3635,2,01,FATHER,FRIENDS,2,70.0,黑龙江省,CONSUME,01,,45.711647,126.577952,ANDROID,,黑龙江省哈尔滨市南岗区哈西街道铁顺街,0
100000,105,丹东市,济宁盛煌会议会展有限公司,L,17,APP,3,31.8,F,汉,5732,3,01,RELATIVES,PARENTS,2,80.065,辽宁省,CONSUME,01,,36.12155896333061,120.4028307092741,ANDROID,,山东省青岛市市北区合肥路街道保张路19号,1
100000,302,石家庄市,桥西区洲宸饭店,I,54,XCX,4,45.5,M,汉,666,2,01,PARENTS,FRIENDS,1,70.0,河北省,CONSUME,01,,38.05783370543538,114.3668178891551,ANDROID,,河北省石家庄市鹿泉区河北鹿泉经济开发区昌盛大街58号,0
100000,,承德市,承德应用技术职业学院,Z,90,XCX,4,38.0,M,汉,3972,2,01,MATE,FATHER,1,70.0,河北省,CONSUME,01,,40.972642,117.921691,ANDROID,,河北省承德市双桥区石洞子沟街道温家沟路,0
100000,,承德市,承德应用技术职业学院,Z,90,XCX,4,38.0,M,汉,3972,2,01,MATE,FATHER,1,70.0,河北省,CONSUME,01,,40.972642,117.921691,ANDROID,,河北省承德市双桥区石洞子沟街道温家沟路,0
100000,,保定市,神州租车,Z,90,APP,4,25.7,F,汉,567,4,01,FATHER,COLLEAGUE,2,70.0,河北省,CONSUME,01,,27.754403,112.002411,ANDROID,,湖南省娄底市娄星区花山街道红旗街,0
100000,302,临沧市,云南大理交通运输集团公司,F,17,APP,4,26.1,M,汉,1437,2,01,MOTHER,RELATIVES,2,86.291,云南省,CONSUME,01,,24.951581432176977,102.83529147400319,ANDROID,,云南省昆明市呈贡区洛羊街道辰逸路,0
100000,103,菏泽市,筑巢装修设计,E,24,APP,3,34.8,M,汉,58,2,01,RELATIVES,COLLEAGUE,1,70.0,山东省,CONSUME,01,,37.4903025340686,121.45924623402756,ANDROID,,山东省烟台市莱山区,0
100000,102,抚顺市,上海瀚砾国际贸易有限公司,C,24,APP,3,34.4,M,满,5123,4,01,FATHER,FRIENDS,2,94.399,辽宁省,CONSUME,02,,22.999843,113.220784,ANDROID,,广东省佛山市南海区桂城街道林岳大道,0
100000,103,深圳市,深圳市方亮货运代理有限公司,O,17,XCX,3,43.0,F,汉,4997,4,01,RELATIVES,RELATIVES,1,70.0,广东省,CONSUME,01,,3,114.1391487630208,IOS,,"Belaga, Sarawak, Malaysia",1
100000,,成都市,臻品皮革,C,24,APP,3,46.6,M,汉,3899,3,01,FATHER,FRIENDS,1,70.0,四川省,CONSUME,01,,30.601907942104778,103.93662569267687,ANDROID,,四川省成都市双流区东升街道航港路,1
100000,103,盐城市,东台市凯杰道路运输服务站,F,17,APP,2,34.6,M,汉,4979,4,01,FATHER,MATE,1,92.427,江苏省,CONSUME,01,,33.097168620598669,120.55327268025126,ANDROID,,江苏省盐城市大丰区南阳镇,0
100000,,巴中市,响滩镇中心卫生院,Z,90,APP,3,43.1,M,汉,6278,2,01,MATE,COLLEAGUE,1,70.0,四川省,CONSUME,01,,31.585996,107.089135,ANDROID,,四川省巴中市平昌县江口街道龙潭东街,0
100000,,巴中市,响滩镇中心卫生院,Z,90,APP,3,43.1,M,汉,6278,2,01,MATE,COLLEAGUE,1,70.0,四川省,CONSUME,01,,31.585996,107.089135,ANDROID,,四川省巴中市平昌县江口街道龙潭东街,0
100000,304,西安市,中铁十五局一公司,E,24,XCX,4,45.7,F,汉,2586,4,01,PARENTS,SIBLING,1,86.974,陕西省,CONSUME,01,,34.353847196445268,108.94183607064253,ANDROID,,陕西省西安市未央区徐家湾街道凤城十路辅路,0
100000,105,黔南布依族苗族自治州,瓮福达州化工有限责任公司,C,24,XCX,4,30.7,M,汉,6957,2,01,FATHER,FRIENDS,1,79.657,贵州省,CONSUME,01,,31.23420274461211,107.47255071622424,IOS,,四川省达州市通川区朝阳街道塔石路,0
100000,403,宁波市,浙江省舟山市通达塑料机械有限公司,C,24,APP,4,36.9,M,汉,3558,4,01,PARENTS,MOTHER,1,70.0,浙江省,CONSUME,01,,30.062517588740194,121.90437294663927,ANDROID,,浙江省舟山市定海区金塘镇,0
100000,102,武汉市,文化旅游小区,Z,90,XCX,4,29.7,F,汉,6502,4,01,FATHER,FRIENDS,2,88.683,湖北省,CONSUME,01,,30.362117638973819,114.36150534237257,IOS,,湖北省武汉市江夏区武汉江夏经济开发区庙山高新技术产业园,0
100000,,九江市,中国人寿保险股份有限公司九江市濂溪区支公司,Z,90,XCX,4,43.7,M,汉,5123,3,01,MOTHER,FRIENDS,1,70.0,江西省,CONSUME,01,,29.713662134541143,115.95488432740271,ANDROID,,江西省九江市浔阳区滨兴街道G351(浔阳西路),0
100000,105,巴中市,海口美兰国际机场,F,17,APP,3,31.4,M,汉,556,2,01,FATHER,COLLEAGUE,2,70.0,四川省,CONSUME,01,,19.944492197606967,110.4738838886962,ANDROID,,海南省海口市美兰区演丰镇美兰机场路,0
100000,308,孝感市,武汉恒志投资公司,J,13,APP,3,29.9,M,汉,463,4,01,SIBLING,MATE,1,70.0,湖北省,CONSUME,01,,37.887205939335078,112.60202747230557,ANDROID,,山西省太原市杏花岭区杨家峪街道剪子湾路,0
100000,,咸阳市,陈嘉阳个人工作室,H,54,XCX,2,27.4,F,汉,1177,4,01,PARENTS,FRIENDS,2,70.0,陕西省,CONSUME,01,,35.166922369009,108.19834630157918,ANDROID,,陕西省咸阳市彬州市新民镇,0
100000,,保定市,雄县龙彪红薯,C,24,APP,2,34.4,M,汉,4689,2,01,CHILDREN,COLLEAGUE,1,70.0,河北省,CONSUME,01,,39.099358,116.259746,ANDROID,,河北省保定市雄县双堂乡,0
100000,103,商丘市,博大化工有限公司,C,24,XCX,2,44.5,M,汉,3695,4,01,MATE,RELATIVES,1,86,河南省,CONSUME,01,,34.09871320491345,116.46663641555176,ANDROID,,河南省商丘市永城市薛湖镇,0
100000,,邵阳市,惠州市鑫明峰科技有限公司,Z,90,APP,2,43.8,M,汉,836,4,01,MATE,SIBLING,1,70.0,湖南省,CONSUME,01,,22.980198,114.285285,ANDROID,,广东省惠州市惠城区陈江街道,0
100000,104,威海市,滨海消防救援大队,S,11,XCX,2,28.2,M,汉,2251,2,01,FATHER,COLLEAGUE,2,76.241,山东省,CONSUME,01,,37.12057875890121,119.12215207535498,ANDROID,,山东省潍坊市寒亭区大家洼街道,0
100000,,天水市,张鹏亮个人工作室,Z,90,XCX,4,22.1,M,汉,3272,4,01,MATE,FRIENDS,1,89.032,甘肃省,CONSUME,01,,39.72800225177534,98.54857290451744,ANDROID,,甘肃省酒泉市肃州区泉湖镇,0
100000,105,哈尔滨市,徐明个人工作室,H,54,XCX,3,32.0,M,满,6339,2,,OTHER,OTHER,2,86.494,黑龙江省,CONSUME,01,,36.335687662760414,120.3883957248264,ANDROID,,山东省青岛市即墨区通济街道云海路,0
100000,,石家庄市,河北顺丰速运有限公司,Z,90,APP,4,36.8,M,汉,4677,3,01,PARENTS,FRIENDS,2,70.0,河北省,CONSUME,01,,38.084907505028038,114.52949467092702,ANDROID,,河北省石家庄市长安区高营镇体育北大街,0
100000,103,三门峡市,灵宝市烟草专卖局,S,11,APP,3,43.1,M,汉,4943,4,01,MATE,FRIENDS,1,70.0,河南省,CONSUME,01,,34.51340613637192,110.89433563279992,ANDROID,,河南省三门峡市灵宝市涧东区车站路,0
100000,102,郑州市,志华家居,H,54,APP,4,35.2,M,汉,6330,3,01,MATE,FATHER,1,70.0,河南省,CONSUME,01,,34.705116276692,113.626350406347,ANDROID,,河南省郑州市二七区嵩山路街道兴华南街169号,1
100000,,石家庄市,河北顺丰速运有限公司,Z,90,APP,4,36.8,M,汉,4677,3,01,PARENTS,FRIENDS,2,70.0,河北省,CONSUME,01,,38.084907505028038,114.52949467092702,ANDROID,,河北省石家庄市长安区高营镇体育北大街,0
100000,105,徐州市,徐州市金盾押运护卫中心,O,17,APP,3,35.7,M,汉,4836,4,01,MOTHER,PARENTS,2,70.0,江苏省,CONSUME,02,,34.27419504758729,117.1662581838119,ANDROID,,江苏省徐州市泉山区和平街道黄河南路55号,0
100000,105,漯河市,欧珀通讯商行,H,54,APP,2,37.6,F,汉,4980,4,01,MOTHER,FRIENDS,2,70.0,河南省,CONSUME,01,,33.93579033051655,113.85966381538364,ANDROID,,河南省漯河市临颍县石桥乡,1
100000,103,黔西南布依族苗族自治州,周同星个人工作室,Z,90,XCX,4,24.1,M,布依,1942,3,01,FATHER,SIBLING,2,70.0,贵州省,CONSUME,01,,22.774815538194446,114.06651557074653,ANDROID,,广东省东莞市塘厦镇银渠街6,0
100000,302,合肥市,安徽佳盛装饰工程有限公司,E,24,APP,3,30.3,M,汉,6275,4,,FATHER,FRIENDS,2,72.878,安徽省,CONSUME,04,,31.894111204951533,117.34898553426587,ANDROID,,安徽省合肥市瑶海区七里塘街道新海大道11号,0
100000,,宝鸡市,安徽珲红智能科技有限公司,Z,90,APP,4,22.5,M,汉,1785,4,01,FATHER,FRIENDS,2,89.802,陕西省,CONSUME,01,,18.339569,109.555339,ANDROID,,海南省三亚市吉阳区书信路,0
100000,,临沂市,莒南远通汽车超市,Z,90,XCX,4,26.0,M,汉,1349,3,01,FATHER,MOTHER,2,83.523,山东省,CONSUME,01,,35.216465657552085,118.81557508680555,ANDROID,,山东省临沂市莒南县十字路街道兴海路,0
100000,103,福州市,浙江中筑建筑技术有限公司,E,24,APP,4,23.2,M,汉,1814,4,01,COLLEAGUE,FRIENDS,2,70.0,福建省,CONSUME,01,,26.06773988215964,118.78988183739135,ANDROID,,福建省福州市闽清县塔庄镇,0
100000,102,聊城市,聊城昌润物业管理有限公司,L,17,APP,3,25.2,M,汉,294,2,01,PARENTS,FRIENDS,2,70.0,山东省,CONSUME,01,,36.24135287313785,115.68045219354416,ANDROID,,山东省聊城市莘县东鲁街道甘泉路辅路,0
100000,,金华市,义乌市劳动保障管理中心,S,11,XCX,4,34.7,M,汉,4274,4,01,MOTHER,OTHER,2,70.0,浙江省,CONSUME,01,,29.314592,120.064867,IOS,,浙江省金华市义乌市北苑街道世俊路,0
100000,,临沂市,莒南远通汽车超市,Z,90,XCX,4,26.0,M,汉,1349,3,01,FATHER,MOTHER,2,83.523,山东省,CONSUME,01,,35.216465657552085,118.81557508680555,ANDROID,,山东省临沂市莒南县十字路街道兴海路,0
100000,104,邢台市,邢台县建金公路工程有限责任公司,E,24,APP,3,33.0,M,汉,6498,4,01,FATHER,RELATIVES,1,87.353,河北省,CONSUME,01,,37.248753517366548,114.78754646386976,ANDROID,,河北省邢台市任泽区邢家湾镇S324,0
100000,102,临沂市,临沂市宏星商贸有限公司,Z,90,APP,3,43.8,M,汉,3850,2,01,PARENTS,FRIENDS,3,70.0,山东省,CONSUME,01,,35.046049608896598,118.33433431043952,ANDROID,,山东省临沂市兰山区金雀山街道八一路,0
100000,103,上海市,安吉物流,F,17,APP,4,41.8,M,汉,3478,4,01,MATE,FRIENDS,1,90.62,上海市,CONSUME,01,,30.90103562767826,121.81729199814505,IOS,,上海市浦东新区泥城镇南镜湖路,0
100000,103,株洲市,湖南太子化工涂料有限公司,C,24,APP,3,47.0,M,汉,4707,4,01,MATE,FRIENDS,1,95.072,湖南省,CONSUME,01,,27.20236719765326,113.42828723227471,ANDROID,,湖南省株洲市攸县网岭镇,0
100000,103,娄底市,天津励拓机电工程有限公司,Z,90,XCX,2,38.8,M,汉,6245,3,01,RELATIVES,COLLEAGUE,1,70.0,湖南省,CONSUME,01,,38.81341,114.636162,ANDROID,,河北省保定市曲阳县灵山镇S31(涞曲高速),0
100000,,西安市,沙河实业有限公司,C,24,APP,2,35.2,M,汉,4532,2,01,MATE,COLLEAGUE,1,83.368,陕西省,CONSUME,01,,34.154899,108.215135,ANDROID,,陕西省西安市周至县二曲街道新仁义南巷,0
100000,105,重庆市,重庆顺阳有限公司,Z,90,APP,3,44.1,F,汉,4145,2,01,MATE,FRIENDS,1,89.3,重庆市,CONSUME,01,,29.872403575480424,107.74575792684638,ANDROID,,重庆市丰都县三合街道S203,0
100000,,武汉市,宜昌奇浩商贸有限公司,H,54,APP,3,42.5,M,汉,2726,2,01,FATHER,FRIENDS,1,72.302,湖北省,CONSUME,01,,30.760575900607638,111.32898084852431,ANDROID,,湖北省宜昌市夷陵区小溪塔街道文兴路,0
100000,102,福州市,闽家小舍,Z,90,APP,2,45.5,M,汉,657,3,01,MATE,FRIENDS,1,70.0,福建省,CONSUME,01,,26.117621,119.132097,ANDROID,,福建省福州市闽侯县竹岐乡,0
100000,102,六安市,船舶运输,F,17,APP,2,31.3,M,汉,3160,2,01,FATHER,RELATIVES,2,89.923,安徽省,CONSUME,01,,31.99928,120.770244,ANDROID,,江苏省苏州市张家港市乐余镇通沙汽渡,0
100000,,烟台市,正海磁材股份有限公司,Z,90,APP,3,29.1,M,汉,6670,3,01,RELATIVES,FRIENDS,2,70.0,山东省,CONSUME,01,,37.601031,121.14293,ANDROID,,山东省烟台市福山区古现街道海滨路,0
100000,,上海市,飒拉商业上海,H,54,XCX,4,43.1,F,汉,4000,4,01,MOTHER,FATHER,2,70.0,上海市,CONSUME,01,,31.19974066840278,121.42937852647569,ANDROID,,上海市徐汇区徐家汇街道广元西路,1
100000,,南昌市,乐爱豆便利店,Z,90,XCX,3,22.7,F,汉,2803,4,01,FATHER,MOTHER,2,70.0,江西省,CONSUME,01,,28.670451,116.022667,ANDROID,,江西省南昌市南昌县昌东镇艾溪湖南路,0
100000,104,镇江市,张祥个人工作室,H,54,APP,2,31.3,M,汉,5875,4,,MATE,FATHER,2,70.0,江苏省,CONSUME,01,,31.674338339582915,119.05866735037694,ANDROID,,江苏省南京市溧水区永阳街道润溧路4号,0
100000,103,嘉兴市,海宁市硖石街道奇经养生馆,O,17,APP,3,42.9,F,汉,4440,4,01,MATE,FATHER,1,70.0,浙江省,CONSUME,01,,30.479872631336759,120.61617784909727,ANDROID,,浙江省嘉兴市海宁市斜桥镇,0
100000,,上海市,上方园艺,Z,90,APP,4,24.6,M,汉,530,3,01,PARENTS,MOTHER,2,92.031,上海市,CONSUME,01,,31.02539171942655,121.40013075104732,ANDROID,,上海市闵行区颛桥镇中春路2号,1
100000,102,随州市,湖北农家菜批发商行,H,54,APP,2,41.0,M,汉,2388,3,01,MOTHER,MATE,1,80.023,湖北省,CONSUME,01,,22.735302,113.811909,ANDROID,,广东省深圳市宝安区沙井街道新沙路448号,0
100000,102,湘潭市,运达有限责任公司,Z,90,APP,3,36.6,F,汉,6753,4,01,MATE,SIBLING,1,70.0,湖南省,CONSUME,01,,28.209797752879337,112.99774842633009,ANDROID,,湖南省长沙市开福区清水塘街道年嘉湖隧道,1
100000,102,德阳市,四川創能電力工程有限公司,G,13,XCX,2,39.8,F,汉,4280,2,01,MATE,FATHER,1,83.834,四川省,CONSUME,01,,31.09544326088493,104.360515298419,IOS,,四川省德阳市旌阳区工农街道衡山路,0
100000,102,天水市,国网秦安县供电公司,D,17,APP,4,30.3,M,汉,1970,2,01,FATHER,FRIENDS,2,90.313,甘肃省,CONSUME,01,,34.88560500687815,105.68665396904103,ANDROID,,甘肃省天水市秦安县王窑镇,0
100000,102,宿州市,薛阿娜个人工作室,Z,90,APP,3,45.7,F,汉,5236,4,01,RELATIVES,RELATIVES,1,70.0,安徽省,CONSUME,01,,33.64026912362229,117.02027188128662,IOS,,安徽省宿州市埇桥区城东街道,0
100000,105,滨州市,初三信息科技有限公司,G,13,APP,3,25.5,M,汉,714,4,01,MATE,SIBLING,2,88.627,山东省,CONSUME,01,,36.73988743924372,117.16250661315944,ANDROID,,山东省济南市历城区鲍山街道望华北街,0
100000,104,潍坊市,张华勋个人工作室,Z,90,XCX,2,45.6,M,汉,3950,4,01,FATHER,MATE,1,70.0,山东省,CONSUME,01,,36.00211616317775,119.46134489248331,ANDROID,,山东省潍坊市诸城市密州街道,0
100000,102,阜阳市,杭州乾昇运输有限公司,H,54,APP,3,27.3,F,汉,1967,2,01,FRIENDS,FATHER,1,70.0,安徽省,CONSUME,01,,30.176420055889005,120.31948091707086,ANDROID,,浙江省杭州市萧山区新塘街道东瑞一路,0
100000,105,淮安市,宋广飞个人工作室,Z,90,APP,2,38.3,M,汉,3538,3,01,MATE,COLLEAGUE,1,70.0,江苏省,CONSUME,01,,22.511575,113.890802,ANDROID,,广东省深圳市南山区南山街道前湾四路,0
100000,,南充市,杜猛个人工作室,Z,90,XCX,3,29.2,M,汉,1750,3,01,PARENTS,RELATIVES,2,70.0,四川省,CONSUME,01,,40.00220357692289,116.23363016350678,ANDROID,,北京市海淀区青龙桥街道娘娘府路,0
100000,104,岳阳市,仁康医院,Q,11,APP,3,32.1,F,汉,738,4,01,MATE,MOTHER,1,70.0,湖南省,CONSUME,01,,29.398342646107943,113.17694059774934,ANDROID,,湖南省岳阳市岳阳楼区洛王街道花果畈路,0
100000,103,合肥市,安徽高速石化有限公司,C,24,XCX,4,39.3,M,汉,3789,2,01,MATE,SIBLING,1,91.291,安徽省,CONSUME,01,,30.946818930364154,118.80277768160535,IOS,,安徽省宣城市宣州区济川街道G50(沪渝高速),0
100000,102,广州市,广州莱迪光电股份有限公司,G,13,XCX,4,44.3,M,汉,4467,4,01,PARENTS,FRIENDS,1,70.0,广东省,CONSUME,01,,23.2184382778356,113.53375155498867,ANDROID,,广东省广州市黄埔区永和街道,1
100000,102,遂宁市,广州谢瑞麟珠宝有限公司,C,24,XCX,3,32.5,F,汉,5075,2,01,PARENTS,FRIENDS,2,70.0,四川省,CONSUME,01,,30.657423905604284,104.08899252107612,ANDROID,,四川省成都市成华区猛追湾街道布坝子街2号-附5号,0
100000,103,泰州市,华东正大,H,54,APP,2,33.8,F,汉,4742,4,01,MATE,RELATIVES,1,81.799,江苏省,CONSUME,01,,32.07246604888197,120.3921490297096,ANDROID,,江苏省泰州市靖江市西来镇S336(江平线),0
100000,105,合肥市,合肥沐影次元传媒有限公司,Z,90,APP,2,32.8,F,汉,7271,4,01,PARENTS,MOTHER,1,88.838,安徽省,CONSUME,01,,31.878803,117.276174,ANDROID,,安徽省合肥市庐阳区双岗街道五河路218号,0
100000,102,武汉市,华工后勤,L,17,XCX,2,47.7,M,汉,154,4,,SIBLING,SIBLING,1,70.0,湖北省,CONSUME,01,,30.55219320087889,114.12595306911533,ANDROID,,湖北省武汉市蔡甸区蔡甸街道新天大道辅路,0
100000,102,成都市,四川旭泉环境科技有限公司,G,13,APP,3,37.4,M,汉,4399,4,01,FATHER,SIBLING,1,99.0,四川省,CONSUME,01,,30.412332165045429,104.54552797931966,ANDROID,,四川省成都市简阳市石桥街道人民路,0
100000,105,吉安市,刘军个人工作室,Z,90,XCX,3,39.2,M,汉,2569,4,01,FATHER,SIBLING,1,70.0,江西省,CONSUME,01,,27.378635690408779,114.6158492041535,ANDROID,,江西省吉安市安福县平都镇文化路,0
100000,105,临汾市,蒲县华阳驾驶员培训有限公司,P,13,APP,3,33.2,M,汉,4879,4,01,MATE,FRIENDS,1,70.0,山西省,CONSUME,01,,36.41537573663826,111.11872397640232,ANDROID,,山西省临汾市蒲县蒲城镇,0
100000,103,临沂市,兰山区观月饭店,I,54,APP,4,28.7,M,汉,1270,4,01,FATHER,FRIENDS,2,88.478,山东省,CONSUME,01,,35.28046030458203,118.01644881744999,ANDROID,,山东省临沂市费县费城街道,0
100000,105,益阳市,沅江市泗鑫渔具经营有限公司,H,54,XCX,3,47.7,M,汉,2583,3,01,COLLEAGUE,COLLEAGUE,1,70.0,湖南省,CONSUME,01,,28.557319261603259,112.36148567825313,ANDROID,,湖南省益阳市赫山区朝阳街道,0
100000,102,邯郸市,北京滴滴出行租赁有限,L,17,APP,3,45.2,M,汉,3877,2,01,FATHER,FRIENDS,1,70.0,河北省,CONSUME,01,,39.97279205181717,116.67209282219214,ANDROID,,北京市通州区宋庄镇Y013(宋通路),0
100000,,连云港市,徐光静个人工作室,Z,90,APP,2,37.7,F,汉,6591,4,01,MATE,COLLEAGUE,1,88.608,江苏省,CONSUME,01,,34.843187,119.168255,ANDROID,,江苏省连云港市赣榆区青口镇文化东路,0
100000,105,本溪市,明星体育,R,17,APP,4,30.2,M,满,6311,2,01,FATHER,FRIENDS,2,89.382,辽宁省,CONSUME,01,,41.71960842141233,123.42308795144409,IOS,,辽宁省沈阳市浑南区浑河站东街道,0
100000,,昆明市,盘龙区奕朗茶叶经营部,Z,90,APP,4,48.2,M,汉,3054,4,01,SIBLING,COLLEAGUE,3,70.0,云南省,CONSUME,01,,24.99505185069433,102.74516569973523,ANDROID,,云南省昆明市官渡区关上街道和美路,0
100000,103,温州市,浙江华光汽车内饰股份有限公司,Z,90,APP,3,37.0,M,汉,5502,4,01,MOTHER,MATE,2,70.0,浙江省,CONSUME,01,,27.837342692220397,120.75001921646718,ANDROID,,浙江省温州市龙湾区海城街道G330辅路,0
100000,102,重庆市,福建省晶海工程服务有限公司,E,24,APP,3,31.5,F,汉,6650,4,01,MATE,FATHER,1,70.0,重庆市,CONSUME,01,,29.960086099882259,106.30792883081877,ANDROID,,重庆市合川区盐井街道G75(兰海高速),0
100000,103,重庆市,乖娃娃母婴用品,C,24,APP,2,32.6,M,汉,263,2,01,SIBLING,FRIENDS,1,70.0,重庆市,CONSUME,01,,30.800611038466557,108.41662575553026,ANDROID,,重庆市万州区陈家坝街道,0
100000,102,咸阳市,陕西华凯物业公司,Z,90,XCX,3,29.5,F,汉,6651,4,01,MATE,FRIENDS,1,83.375,陕西省,CONSUME,01,,34.34707358437836,108.70608016055259,ANDROID,,陕西省咸阳市秦都区吴家堡街道便民巷,0
100000,105,南京市,金苹果教育,P,13,XCX,4,31.3,M,汉,707,4,01,PARENTS,FATHER,2,70.0,江苏省,CONSUME,01,,32.045639057404638,118.76376489531968,ANDROID,,江苏省南京市鼓楼区华侨路街道汉中路278号,0
100000,102,常州市,常州市冉威金属制品有限公司,C,24,APP,2,48.7,M,汉,99999,4,01,MATE,SIBLING,1,70.0,江苏省,CONSUME,01,,31.68535354175126,120.06188619271107,ANDROID,,江苏省常州市武进区遥观镇,0
100000,,红河哈尼族彝族自治州,红河州委办公室,Z,90,APP,4,35.9,M,汉,4810,3,01,MATE,FRIENDS,1,70.0,云南省,CONSUME,01,,23.378549,103.360314,ANDROID,,云南省红河哈尼族彝族自治州蒙自市观澜街道护国路辅路,0
100000,103,达州市,达州凤凰职业技术学校,P,13,APP,4,24.8,F,汉,2061,2,01,FATHER,FRIENDS,2,77.89105,四川省,CONSUME,01,,31.188703735795685,107.51593991571763,ANDROID,,四川省达州市达川区三里坪街道G65(包茂高速),0
100000,103,汉中市,广东众智检验检测有限公司,L,17,APP,3,37.6,M,汉,5444,3,01,RELATIVES,FRIENDS,1,70.0,陕西省,CONSUME,01,,22.726671168613647,114.23560999550812,ANDROID,,广东省深圳市龙岗区龙城街道龙潭路219,0
100000,,吉安市,刘超华个人工作室,Z,90,XCX,3,38.2,M,汉,3954,4,01,MATE,SIBLING,1,70.0,江西省,CONSUME,01,,27.664295310910377,115.36326393497969,ANDROID,,江西省吉安市新干县沂江乡,0
100000,102,荆门市,浩瑞玻璃厂有限公司。,C,24,APP,2,37.6,M,土家,4059,3,,MATE,SIBLING,1,70.0,湖北省,CONSUME,01,,30.784118654305,121.060966493147,ANDROID,,浙江省嘉兴市平湖市新埭镇洁城路,0
100000,105,石首市,美雕仿家具厂,C,24,APP,2,40.2,F,汉,4437,4,01,CHILDREN,COLLEAGUE,1,70.0,湖北省,CONSUME,01,,32.549987,120.554047,ANDROID,,江苏省南通市海安市城东镇环城线,0
100000,307,惠州市,惠州市惠州区协兴注塑厂,C,24,APP,2,48.0,M,汉,1035,3,,MATE,FRIENDS,1,94.173,广东省,CONSUME,01,,23.107264219430605,114.42657606515486,ANDROID,,广东省惠州市惠城区江北街道同福路,0
100000,102,北京市,北京锦腾商贸有限公司,H,54,APP,3,37.8,M,汉,5814,4,01,SIBLING,FATHER,2,86.986,北京市,CONSUME,01,,39.90783854166666,116.32100965711805,ANDROID,,北京市海淀区羊坊店街道茂林居西路,0
100000,,阜阳市,莉众享美,Z,90,APP,4,34.1,F,汉,6244,2,01,SIBLING,FRIENDS,1,70.0,安徽省,CONSUME,01,,33.03413307655687,115.30468341294713,ANDROID,,安徽省阜阳市临泉县邢塘街道外环东路,0
100000,105,安康市,东莞市诚明光电制造有限公司,G,13,APP,2,45.3,M,汉,489,2,01,MATE,FRIENDS,1,88.834,陕西省,CONSUME,01,,22.93053267370469,113.97170901645296,ANDROID,,广东省东莞市大朗镇南门街16巷-5号,0
100000,104,肇庆市,曾可颖个人工作室,Z,90,APP,2,30.5,M,汉,6316,4,01,FATHER,FRIENDS,2,89.399,广东省,CONSUME,01,,23.021727301374228,112.47632392143082,IOS,,广东省肇庆市高要区南岸街道,0
100000,,连云港市,连云港聚协机电,G,13,XCX,2,28.6,M,汉,547,2,01,RELATIVES,FRIENDS,2,70.0,江苏省,CONSUME,01,,34.307575,119.225649,ANDROID,,江苏省连云港市灌云县伊山镇,0
100000,,咸阳市,杨凌区环卫责任有限公司,Z,90,APP,3,33.9,M,汉,6133,2,01,RELATIVES,COLLEAGUE,1,70.0,陕西省,CONSUME,01,,34.25235,108.052126,ANDROID,,陕西省咸阳市杨陵区李台街道有邰路,0
100000,,襄阳市,湖北省宜城市人民医院,Q,11,APP,3,33.6,M,汉,6127,2,,FATHER,FRIENDS,1,73.23291,湖北省,CONSUME,02,,31.70571086026638,112.26019842603897,ANDROID,,湖北省襄阳市宜城市鄢城街道南街,0
100000,,潍坊市,潍柴雷沃智慧农业科技股份有限公司,A,27,APP,3,26.9,M,汉,817,4,01,RELATIVES,RELATIVES,1,70.0,山东省,CONSUME,01,,36.649289,119.145189,ANDROID,,山东省潍坊市坊子区凤凰街道虞舜路,0
100000,,大理白族自治州,拼多多物流,Z,90,XCX,2,23.4,M,汉,1920,2,01,FRIENDS,SIBLING,2,70.0,云南省,CONSUME,01,,23.32524982800811,112.87878742109516,ANDROID,,广东省佛山市三水区乐平镇,0
100000,,安庆市,重庆新远达星商业管理有限公司,H,54,APP,4,32.4,M,汉,6525,3,01,RELATIVES,FRIENDS,2,88.746,安徽省,CONSUME,01,,29.575073,106.576522,ANDROID,,重庆市江北区江北城街道江北正街,0
100000,103,常德市,常德武陵区万达广场三号楼HM专卖店,Z,90,APP,2,35.1,F,汉,4173,4,01,PARENTS,COLLEAGUE,1,70.0,湖南省,CONSUME,01,,27.90026930312122,113.12908762078027,ANDROID,,湖南省株洲市石峰区井龙街道,0
100000,102,烟台市,博鳌一龄生命养护中心,Z,90,APP,3,29.7,F,汉,1125,4,01,MATE,FRIENDS,1,70.0,山东省,CONSUME,01,,37.46860119617897,121.23878790130404,ANDROID,,山东省烟台市福山区东厅街道G18(荣乌高速),0
100000,302,大连市,石磊个人工作室,Z,90,APP,4,39.8,F,汉,4452,2,01,SIBLING,PARENTS,1,70.0,辽宁省,CONSUME,01,,39.0992708972087,121.74762190655915,ANDROID,,辽宁省大连市金州区光中街道,0
100000,104,长沙市,万科物业,L,17,APP,3,22.9,M,汉,2650,2,01,RELATIVES,SIBLING,2,70.0,湖南省,CONSUME,01,,22.54950409164871,113.9546372267406,ANDROID,,广东省深圳市南山区粤海街道沙河西路2011-2号,0
100000,102,烟台市,博鳌一龄生命养护中心,Z,90,XCX,3,29.7,F,汉,1125,4,01,MATE,FRIENDS,1,70.0,山东省,CONSUME,01,,37.46860119617897,121.23878790130404,ANDROID,,山东省烟台市福山区东厅街道G18(荣乌高速),0
100000,103,济南市,济南比亚迪汽车有限公司,C,24,APP,2,22.5,M,汉,2293,2,01,FATHER,COLLEAGUE,2,91.876,山东省,CONSUME,01,,36.88136830885817,117.10008331199771,ANDROID,,山东省济南市济阳区崔寨街道张欧街,0
100000,102,鸡西市,北京元六鸿远电子科技股份有限公司,G,13,XCX,3,40.1,F,汉,4503,3,01,PARENTS,FRIENDS,2,81.388,黑龙江省,CONSUME,01,,39.69746395926825,116.31842457551658,ANDROID,,北京市大兴区天宫院街道双源桥,1
100000,,襄阳市,蓝微电子有限公司,G,13,XCX,2,32.3,M,汉,189,2,01,PARENTS,FRIENDS,2,70.0,湖北省,CONSUME,01,,23.08972597254434,114.38949004961869,ANDROID,,广东省惠州市惠城区江南街道黄塘路118号,0
100000,,北京市,上海上药信谊药厂有限公司,O,17,XCX,4,27.5,M,汉,1005,2,01,FATHER,FRIENDS,2,92.57426,北京市,CONSUME,01,,31.259315707336797,121.62710396175963,IOS,,上海市浦东新区金桥镇鲁桥路199号,0
100000,105,北京市,北京波波思奈普文化艺术工作室,R,17,XCX,4,36.7,F,汉,4103,3,01,PARENTS,COLLEAGUE,3,70.0,北京市,CONSUME,01,,39.93784572017952,116.51372667169284,ANDROID,,北京市朝阳区平房(地区)乡姚家园路甲1号-6,1
100000,102,广州市,宝赞利服装机械有限公司,C,24,XCX,2,26.0,F,汉,367,4,01,FRIENDS,FRIENDS,2,70.0,广东省,CONSUME,01,,23.091917,113.261224,ANDROID,,广东省广州市海珠区沙园街道西基东83号,0
100000,310,镇江市,张啸啸个人工作室,Z,90,APP,4,33.2,M,汉,5460,3,01,MOTHER,FRIENDS,2,85.72875,江苏省,CONSUME,01,,31.140197712622667,120.60045207426274,ANDROID,,江苏省苏州市吴江区松陵街道春兰街,0
100000,,宁波市,戚建平个人工作室,Z,90,XCX,2,46.8,M,汉,280,4,01,MATE,FRIENDS,1,70.0,浙江省,CONSUME,01,,30.161552846877507,121.01812621755475,ANDROID,,浙江省宁波市余姚市泗门镇共济南路,0
100000,403,梅州市,蓝运财个人工作室,Z,90,APP,2,42.0,M,汉,4326,4,01,MATE,FATHER,1,70.0,广东省,CONSUME,01,,24.063511195016113,116.2851331505477,ANDROID,,广东省梅州市丰顺县大龙华镇,0
100000,103,亳州市,农科种业有限公司,A,27,APP,2,31.6,F,汉,6257,4,01,MOTHER,SIBLING,1,70.0,安徽省,CONSUME,01,,33.85615912714375,116.03220337618369,ANDROID,,安徽省亳州市谯城区观堂镇,0
100000,105,广元市,英盖工具,H,54,APP,2,36.2,M,汉,4285,2,01,RELATIVES,FRIENDS,1,70.0,四川省,CONSUME,01,,32.77516845703125,105.43317084418403,ANDROID,,甘肃省陇南市文县中庙镇G212(兰渝线),0
100000,403,连云港市,无无无无无,G,13,APP,2,36.9,F,汉,3524,2,01,SIBLING,MATE,1,70.0,江苏省,CONSUME,01,,31.710351987259356,119.97495999791387,IOS,,江苏省常州市武进区湖塘镇菊花路,1
100000,105,日照市,日照经纬电子科技有限公司,G,13,APP,2,36.0,M,汉,6327,2,01,RELATIVES,FRIENDS,2,83.668,山东省,CONSUME,01,,35.714356884102929,119.36648453900973,ANDROID,,山东省日照市五莲县户部乡Y204,0
100000,105,自贡市,黑豆花美蛙鱼头,I,54,XCX,2,31.1,M,汉,5579,4,01,MATE,SIBLING,1,70.0,四川省,CONSUME,01,,29.631472835295566,106.660872267255,ANDROID,,重庆市江北区铁山坪街道港城东路,0
100000,,泰州市,泰州友润电子有限公司,Z,90,APP,3,22.7,F,汉,2781,2,01,PARENTS,SIBLING,2,70.0,江苏省,CONSUME,01,,32.35022960836153,119.93244119880464,ANDROID,,江苏省泰州市高港区许庄街道兴国路,0
100000,103,楚雄彝族自治州,大姚县湾碧中心卫生院,Q,11,XCX,3,40.2,M,彝,4747,2,01,RELATIVES,FRIENDS,1,70.0,云南省,CONSUME,01,,25.719427,101.320147,ANDROID,,云南省楚雄彝族自治州大姚县金碧镇金河路,0
100000,,东营市,山东远新轮胎,Z,90,XCX,4,42.5,F,汉,3881,2,01,MATE,FRIENDS,1,70.0,山东省,CONSUME,01,,37.21880689477527,118.38593773256879,ANDROID,,山东省东营市广饶县花官镇,0
100000,,大同市,马杰个人工作室,Z,90,XCX,4,30.0,M,汉,252,4,01,FATHER,FRIENDS,2,70.0,山西省,CONSUME,01,,40.05156953732972,113.28227818759916,ANDROID,,山西省大同市平城区开源街道魏都大道59号,0
100000,102,上海市,徐浦清洁服务有限公司,C,24,APP,4,33.7,M,汉,5078,3,01,OTHER,FRIENDS,2,85.127,上海市,CONSUME,01,,31.14289586386125,121.4305810365279,ANDROID,,上海市徐汇区长桥街道嘉川路,0
100000,,绍兴市,绍兴鼎新科技有限公司,Z,90,APP,3,37.8,M,汉,5693,3,01,MOTHER,FRIENDS,2,70.0,浙江省,CONSUME,01,,30.096695529822225,120.51971951763979,ANDROID,,浙江省绍兴市柯桥区齐贤街道镜水北路,0
100000,,安庆市,上海昭朔特种线缆有限公司,Z,90,APP,2,30.7,M,汉,1083,2,01,MOTHER,COLLEAGUE,2,70.0,安徽省,CONSUME,01,,30.924274,121.56016,ANDROID,,上海市奉贤区青村镇品星路,1
100000,103,海口市,未知所在公司,L,17,APP,4,35.8,M,壮,3781,3,01,FRIENDS,RELATIVES,,88.519,海南省,CONSUME,01,,20.016961428662549,110.31931118140878,ANDROID,,海南省海口市龙华区大同街道海秀中路70-2号,0
100000,,朝阳市,喀左县公营子镇霖艺废品收购站,G,13,APP,4,36.8,F,蒙古,4402,4,01,MATE,COLLEAGUE,2,70.0,辽宁省,CONSUME,02,,31.563894331575328,118.84825263955107,ANDROID,,安徽省马鞍山市博望区博望镇新合路,0
100000,105,贵阳市,金兆鸿服饰有限公司,C,24,XCX,4,44.5,M,汉,4514,3,01,MATE,SIBLING,1,70.0,贵州省,CONSUME,01,,23.08022673753149,113.28207569399986,ANDROID,,广东省广州市海珠区凤阳街道西畔里后街1号,0
100000,,丽江市,永胜县永北镇读书郎专卖店,Z,90,APP,3,38.5,F,汉,6153,3,01,MATE,COLLEAGUE,1,90.666,云南省,CONSUME,01,,26.672296,100.750515,ANDROID,,云南省丽江市永胜县永北镇G353(凤鸣路),0
100000,,朝阳市,喀左县公营子镇霖艺废品收购站,G,13,APP,4,36.8,F,蒙古,4402,4,01,MATE,COLLEAGUE,2,70.0,辽宁省,CONSUME,02,,31.563894331575328,118.84825263955107,ANDROID,,安徽省马鞍山市博望区博望镇新合路,0
100000,102,沈阳市,沈阳市铁西区农民工维权中心,S,11,APP,4,33.1,M,汉,6776,4,01,FRIENDS,FATHER,2,70.0,辽宁省,CONSUME,01,,41.732298,123.236988,ANDROID,,辽宁省沈阳市铁西区翟家街道工大西街,0
100000,103,合肥市,合肥李晓峰医疗健康管理有限公司,Z,90,APP,4,41.9,M,汉,1626,4,01,MOTHER,FRIENDS,1,79.749,安徽省,CONSUME,01,,31.87233,117.375414,ANDROID,,安徽省合肥市瑶海区磨店街道戚继光路,0
100000,105,安庆市,上海昭朔特种线缆有限公司,Z,90,APP,2,30.7,M,汉,1083,2,01,MOTHER,COLLEAGUE,2,70.0,安徽省,CONSUME,01,,30.924274,121.56016,ANDROID,,上海市奉贤区青村镇品星路,0
100000,,宣城市,嘉宴精致客家菜,Z,90,APP,2,33.3,M,汉,5790,2,01,FATHER,MOTHER,2,70.0,安徽省,CONSUME,01,,31.301815,121.426118,ANDROID,,上海市静安区彭浦镇少年村路,0
100000,103,遵义市,熠城五金,Z,90,XCX,4,30.4,M,汉,223,4,01,MATE,FRIENDS,1,70.0,贵州省,CONSUME,01,,23.067742,113.140643,ANDROID,,广东省佛山市南海区桂城街道南七路18号,0
100000,103,宁波市,学数教育,P,13,XCX,3,41.6,F,汉,3858,4,01,FATHER,MOTHER,1,70.0,浙江省,CONSUME,01,,29.45122036598553,121.91783836930155,IOS,,浙江省宁波市象山县丹东街道巨鹰路辅路,1
100000,102,西安市,西安市阎良区典禾寄卖行,H,54,APP,4,30.4,F,汉,2034,2,01,FATHER,FRIENDS,1,85.663,陕西省,CONSUME,01,,34.66569656206787,109.2321711454171,IOS,,陕西省西安市阎良区新华路街道前进东路,0
100000,102,冷水江市,瑶妹食品,H,54,XCX,3,37.6,F,汉,5728,3,01,RELATIVES,RELATIVES,3,70.0,湖南省,CONSUME,01,,27.76344780815972,111.80473687065972,ANDROID,,湖南省娄底市涟源市湖泉镇,0
100000,,广州市,中通快递,Z,90,APP,3,29.3,M,汉,606,3,01,PARENTS,RELATIVES,1,70.0,广东省,CONSUME,01,,22.83799831814236,113.33148735894098,ANDROID,,广东省广州市南沙区榄核镇民生路98-、100-、102号,0
100000,105,惠州市,东莞鞋业有限公司,Z,90,APP,4,34.2,M,汉,567,4,01,COLLEAGUE,FRIENDS,1,79.318,广东省,CONSUME,01,,23.176614873648578,114.28813889261559,ANDROID,,广东省惠州市博罗县罗阳街道福昆线辅路,1
100000,403,商丘市,郑州市妇幼保健院二院,Q,11,APP,2,37.0,F,汉,5616,2,01,MOTHER,FRIENDS,1,81.423,河南省,CONSUME,01,,33.84197135067604,116.18671022252548,ANDROID,,河南省商丘市永城市裴桥镇,0
100000,103,保定市,景垣医学实验室,M,11,XCX,2,27.1,M,汉,2413,4,01,RELATIVES,RELATIVES,1,70.0,河北省,CONSUME,01,,34.256816,117.102557,ANDROID,,江苏省徐州市泉山区火花街道星雨路,0
100000,,盐城市,耀宁新能源,Z,90,XCX,2,36.8,M,汉,4102,2,01,MATE,MOTHER,1,70.0,江苏省,CONSUME,01,,33.52467,120.038519,ANDROID,,江苏省盐城市建湖县上冈镇,0
100000,,盐城市,耀宁新能源,Z,90,XCX,2,36.8,M,汉,4102,2,01,MATE,MOTHER,1,70.0,江苏省,CONSUME,01,,33.52467,120.038519,ANDROID,,江苏省盐城市建湖县上冈镇,0
100000,,上海市,南京明辉建设有限公司,E,24,APP,4,42.6,M,汉,5684,4,01,MATE,FATHER,1,70.0,上海市,CONSUME,01,,41.60704,121.724058,ANDROID,,辽宁省锦州市北镇市富屯街道,0
100000,103,南充市,欧维大药房连锁有限公司雅观村分店,H,54,XCX,3,44.0,M,汉,2032,4,01,RELATIVES,RELATIVES,1,70.0,四川省,CONSUME,01,,30.326607230384484,119.7907890426156,ANDROID,,浙江省杭州市临安区青山湖街道长西线,0
100000,105,张家界市,长沙迈科斯机器人有限公司,Z,90,APP,4,28.8,M,汉,280,4,01,FATHER,SIBLING,2,90.495,湖南省,CONSUME,01,,30.27539956856019,120.11610300509942,ANDROID,,浙江省杭州市西湖区翠苑街道古翠路10-2号,0
100000,102,亳州市,戴鹏超个人工作室,Z,90,APP,2,36.3,M,汉,6267,4,01,RELATIVES,RELATIVES,1,70.0,安徽省,CONSUME,01,,31.38611280073806,121.37355648773309,ANDROID,,上海市宝山区罗店镇积福西路,0
100000,301,天津市,天津君悦天下国际旅行社,Z,90,XCX,3,29.7,F,汉,361,2,01,PARENTS,MATE,2,70.0,天津市,CONSUME,01,,38.98349548092988,117.4293898977447,ANDROID,,天津市津南区双桥河镇祥福路,0
100000,104,常德市,常德市梦圆物业服务有限公司,L,17,APP,3,37.3,F,汉,4805,3,01,MOTHER,SIBLING,1,91.062,湖南省,CONSUME,02,,29.068933234189264,111.73651447904487,ANDROID,,湖南省常德市武陵区柳叶湖旅游渡假区环湖路,0
100000,105,张家口市,禾泽生产资料有限公司,Z,90,APP,4,32.0,M,汉,6982,4,01,MATE,FATHER,1,70.0,河北省,CONSUME,01,,41.315279,114.112985,ANDROID,,河北省张家口市尚义县大青沟镇S241,0
100000,105,东莞市,叶健辉个人工作室,O,17,APP,4,47.0,M,汉,4812,3,01,MATE,MOTHER,1,70.0,广东省,CONSUME,02,,23.018452108482085,113.73841933388842,ANDROID,,广东省东莞市南城街道鸿福路63号,0
100000,,朔州市,刘志刚个人工作室,Z,90,APP,2,33.1,M,汉,422,2,01,MATE,SIBLING,1,70.0,山西省,CONSUME,01,,40.031873345967969,112.75255718404714,ANDROID,,山西省大同市左云县张家场乡,0
100000,,朔州市,刘志刚个人工作室,Z,90,XCX,2,33.1,M,汉,422,2,01,MATE,SIBLING,1,70.0,山西省,CONSUME,01,,40.031873345967969,112.75255718404714,ANDROID,,山西省大同市左云县张家场乡,0
100000,102,宁波市,潘火中升服装商行,Z,90,XCX,3,26.1,M,汉,1647,4,01,PARENTS,MATE,1,70.0,浙江省,CONSUME,01,,29.79776312934028,121.5465842013889,ANDROID,,浙江省宁波市鄞州区首南街道茶桃路38,0
100000,102,宁波市,慈溪市周巷华阳轮胎店,O,17,APP,2,33.7,M,汉,6495,2,01,MOTHER,FRIENDS,1,70.0,浙江省,CONSUME,01,,30.24893580508351,121.0928490144787,ANDROID,,浙江省宁波市慈溪市周巷镇,0
100000,,九江市,江西省电力设计院,M,11,APP,4,27.8,M,汉,1403,2,01,MATE,FRIENDS,1,92.0,江西省,CONSUME,01,,29.262352150699856,115.10744177398515,ANDROID,,江西省九江市武宁县新宁镇翠园路,0
100000,,九江市,江西省电力设计院,M,11,APP,4,27.8,M,汉,1403,2,01,MATE,FRIENDS,1,92.0,江西省,CONSUME,01,,29.262352150699856,115.10744177398515,ANDROID,,江西省九江市武宁县新宁镇翠园路,0
100000,301,南充市,四川彤庆阳通讯有限公司,G,13,APP,2,32.1,F,汉,6125,2,,SIBLING,FRIENDS,2,89.471,四川省,CONSUME,02,,30.53251639235601,104.09276717787403,ANDROID,,四川省成都市双流区中和街道观东二街,1
100000,105,自贡市,四川省久大盐业公司,C,24,APP,3,44.7,F,汉,3139,2,01,SIBLING,COLLEAGUE,1,70.0,四川省,CONSUME,01,,29.359788,104.758734,ANDROID,,四川省自贡市自流井区五星街街道智雅路,0
100000,,六安市,合肥重力房屋拆除工程有限公司,Z,90,XCX,2,40.6,M,汉,5532,4,01,FATHER,FRIENDS,1,70.0,安徽省,CONSUME,01,,40.231467,116.139578,IOS,,北京市昌平区南口(地区)镇南龙路,0
100000,105,潮州市,远东五金,H,54,XCX,3,35.7,F,汉,4280,2,01,MATE,FRIENDS,1,70.0,广东省,CONSUME,01,,23.496381185796396,116.6600170524849,ANDROID,,广东省潮州市潮安区彩塘镇西畔市路,0
100000,105,自贡市,四川省久大盐业公司,C,24,APP,3,44.7,F,汉,3139,2,01,SIBLING,COLLEAGUE,1,70.0,四川省,CONSUME,01,,29.359788,104.758734,ANDROID,,四川省自贡市自流井区五星街街道智雅路,0
100000,105,鞍山市,高新区实验学校,P,13,XCX,4,31.4,F,汉,1445,4,01,MATE,FRIENDS,1,81.147,辽宁省,CONSUME,01,,22.79739470352166,115.30399382832732,IOS,,广东省汕尾市城区马宫街道X142辅路,1
100000,105,张家界市,玛雅美术教育,R,17,XCX,4,32.3,F,土家,6106,2,01,MOTHER,FRIENDS,1,90.443,湖南省,CONSUME,01,,27.86849743046485,112.97771663561066,IOS,,湖南省湘潭市岳塘区板塘街道花卉路,0
100000,,沧州市,未知所在公司,Q,11,XCX,4,40.0,F,汉,4608,3,,RELATIVES,FRIENDS,,70.0,河北省,CONSUME,04,,38.08925691544578,116.5846280358124,IOS,,河北省沧州市泊头市泊镇,0
100000,102,驻马店市,砂石运输,F,17,XCX,2,35.5,M,汉,6797,2,01,RELATIVES,FRIENDS,1,70.0,河南省,CONSUME,01,,33.103893884277059,113.96809066609689,ANDROID,,河南省驻马店市遂平县褚堂街道,0
100000,102,七台河市,暖和一一,H,54,APP,3,27.8,M,汉,1317,2,01,MOTHER,FRIENDS,2,70.0,黑龙江省,CONSUME,01,,45.746411,130.567917,ANDROID,,黑龙江省七台河市勃利县城西街道顺天街52号,0
100000,104,铜陵市,安徽乐然园林,E,24,APP,3,36.4,M,汉,4641,3,01,MATE,FATHER,1,90.629,安徽省,CONSUME,01,,27.479095713626195,99.05129588632525,ANDROID,,云南省迪庆藏族自治州维西傈僳族自治县白济汛乡,0
100000,105,上海市,畅联物流,F,17,XCX,2,38.6,M,汉,2912,4,01,MATE,FRIENDS,1,70.0,上海市,CONSUME,01,,31.35276112258113,121.58049299414836,IOS,,上海市浦东新区高桥镇花山路1174号,0
100000,103,淮安市,常熟市莫城街道益彩念服饰商行,H,54,APP,3,35.7,M,汉,4830,4,01,PARENTS,FRIENDS,1,87.098,江苏省,CONSUME,01,,33.998913571575979,119.2143349256055,ANDROID,,江苏省淮安市涟水县高沟镇,0
100000,104,聊城市,东阿县诚信有限责任公司,Z,90,XCX,4,31.1,F,汉,599,4,01,PARENTS,RELATIVES,1,70.0,山东省,CONSUME,01,,36.33720630712171,116.26468509314616,ANDROID,,山东省聊城市东阿县陈集镇曙光街辅路,0
100000,103,杭州市,杭州凯瑞大酒店,I,54,APP,2,49.2,F,汉,1900,2,01,MATE,FRIENDS,1,90.0,浙江省,CONSUME,02,,30.301727760029939,120.39263498928756,ANDROID,,浙江省杭州市钱塘区白杨街道,1
100000,301,苏州市,苏州链家地产,K,17,APP,3,30.4,M,汉,6824,4,01,PARENTS,MOTHER,1,83.299,江苏省,CONSUME,01,,31.326431439534706,120.75981634977826,ANDROID,,江苏省苏州市苏州工业园区斜塘街道钟园路,0
100000,102,连云港市,恒愉建筑安装有限公司,E,24,APP,2,37.1,M,汉,3724,4,01,RELATIVES,FRIENDS,1,70.0,江苏省,CONSUME,01,,34.51320998601657,119.27657291328788,ANDROID,,江苏省连云港市海州区宁海街道,0
100000,403,济宁市,中铁十四局,E,24,APP,2,48.6,M,汉,2485,2,01,MATE,SIBLING,1,70.0,山东省,CONSUME,01,,36.73693794770783,117.2105667115956,ANDROID,,山东省济南市历城区郭店街道,0
100000,105,济宁市,北京金茂恒兴商贸有限公司,H,54,APP,2,38.8,F,汉,5253,4,01,MATE,RELATIVES,1,97.464195,山东省,CONSUME,01,,40.01042690494961,116.3830507525636,ANDROID,,北京市朝阳区奥运村街道科荟路,0
100000,,湖州市,北苑私厨,H,54,XCX,3,32.5,M,汉,1221,2,01,FATHER,FRIENDS,1,70.0,浙江省,CONSUME,01,,30.64514919704861,119.68377604166666,ANDROID,,浙江省湖州市安吉县递铺街道石佛路139,0
100000,,大连市,高新区喜之宥便利店,H,54,XCX,4,31.2,F,汉,7149,4,01,MATE,MOTHER,1,70.0,辽宁省,CONSUME,01,,38.843649,121.381636,IOS,,辽宁省大连市旅顺口区龙王塘街道G201(旅顺南路),0
100000,103,常德市,没有公司,Z,90,APP,3,46.2,F,汉,1938,2,01,RELATIVES,FRIENDS,1,70.0,湖南省,CONSUME,01,,29.64889472656577,111.7753902355181,ANDROID,,湖南省常德市澧县澧浦街道甘家台路,0
100000,103,北京市,北京北曹营兴达汽车运输户,C,24,APP,2,47.5,M,汉,4997,4,01,MATE,FATHER,1,70.0,北京市,CONSUME,01,,40.388906942338469,115.90018717309792,ANDROID,,北京市延庆区康庄镇S217(康张路),0
100000,,宁波市,宁波北仑优达轮胎有限公司,Z,90,XCX,3,33.1,M,汉,5665,4,01,MATE,FRIENDS,1,70.0,浙江省,CONSUME,01,,29.91047030562441,121.8624244285398,ANDROID,,浙江省宁波市北仑区新碶街道明州路1157,0
100000,,鞍山市,鞍山客运站,Z,90,XCX,3,40.3,F,汉,3914,4,01,PARENTS,OTHER,2,70.0,辽宁省,CONSUME,01,,41.119948,123.065023,ANDROID,,辽宁省鞍山市立山区千山街道紫竹街,0
100000,,鞍山市,鞍山客运站,Z,90,XCX,3,40.3,F,汉,3914,4,01,PARENTS,OTHER,2,70.0,辽宁省,CONSUME,01,,41.119948,123.065023,ANDROID,,辽宁省鞍山市立山区千山街道紫竹街,0
100000,104,盐城市,上海纵亿标牌制作有限公司,C,24,XCX,3,33.5,M,汉,5245,3,01,MATE,FRIENDS,1,70.0,江苏省,CONSUME,01,,31.24587560375951,121.2315239712788,ANDROID,,上海市青浦区华新镇华强街118弄-37号,1
100000,103,嘉兴市,11111,H,54,XCX,4,22.9,M,汉,1272,2,01,PARENTS,PARENTS,2,70.0,浙江省,CONSUME,01,,30.185640367675576,120.82637693488292,ANDROID,,浙江省绍兴市上虞区杭州湾精细化工园区康阳大道辅路,0
100000,,广元市,魏新沂个人工作室,Z,90,XCX,4,25.7,M,汉,2897,2,01,FATHER,FRIENDS,2,70.0,四川省,CONSUME,01,,32.279391818576386,105.52638726128473,ANDROID,,四川省广元市剑阁县下寺镇G108(京昆线),0
100000,105,天水市,任亚文个人工作室,Z,90,APP,3,30.4,M,汉,1132,4,01,FATHER,SIBLING,2,70.0,甘肃省,CONSUME,01,,35.04303,105.926495,ANDROID,,甘肃省天水市秦安县五营镇,0
100000,307,绵阳市,创业个体业主,Z,90,APP,3,23.2,F,汉,2382,2,01,MOTHER,FRIENDS,2,70.0,四川省,CONSUME,01,,30.673820207509395,104.01278806240404,ANDROID,,四川省成都市青羊区府南街道清江中路35-27号,0
100000,,深圳市,恒达茶酒烟商行,Z,90,XCX,4,25.0,F,汉,1905,4,01,PARENTS,PARENTS,2,70.0,广东省,CONSUME,01,,22.690290604755285,114.08885696424969,ANDROID,,广东省深圳市龙华区观湖街道,0
100000,301,无锡市,健鼎电子,G,13,APP,2,26.4,F,汉,1296,4,01,MATE,FRIENDS,1,70.0,江苏省,CONSUME,01,,31.579799335211285,120.51764005797964,ANDROID,,江苏省无锡市锡山区厚桥街道锡山大道,0
100000,,宿迁市,江苏省泗阳县临河镇张记凉皮店,H,54,XCX,2,45.8,M,汉,468,3,01,MATE,SIBLING,1,70.0,江苏省,CONSUME,02,,33.72568603515625,118.54698540581597,ANDROID,,江苏省宿迁市泗阳县临河镇S325(徐淮路),0
100000,,阜新市,大商新玛特购物广场,H,54,APP,2,46.6,F,蒙古,2415,4,01,FATHER,SIBLING,2,70.0,辽宁省,CONSUME,01,,42.014455,121.624713,ANDROID,,辽宁省阜新市细河区四合镇四合大街361,0
100000,104,忻州市,山西省保德县盐业公司,H,54,APP,4,37.3,M,汉,5333,2,01,FATHER,FRIENDS,1,70.0,山西省,CONSUME,01,,38.426612355120429,112.70823997711212,ANDROID,,山西省忻州市忻府区长征街街道慕山南路,0
100000,104,上海市,上海市宝江公司,Z,90,APP,3,39.9,M,汉,3324,2,01,RELATIVES,FRIENDS,2,70.0,上海市,CONSUME,01,,31.31954234389504,121.46360013237013,ANDROID,,上海市宝山区高境镇江杨南路516号,1
100000,102,宿州市,浙江晶科能源有限公司,D,17,APP,2,38.1,M,汉,4606,2,01,SIBLING,SIBLING,1,70.0,安徽省,CONSUME,01,,30.42250595107428,120.78816257836536,ANDROID,,浙江省嘉兴市海宁市袁花镇G1522(常台高速),0
100000,105,重庆市,重庆耀烁科技有限公司,G,13,XCX,3,42.1,F,汉,4459,4,01,OTHER,OTHER,1,70.0,重庆市,CONSUME,01,,29.58489529079861,106.54527316623263,ANDROID,,重庆市江北区五里店街道洋河东路一巷81号,1
100000,,荆门市,浦江县玉尔龙饰品厂,C,24,XCX,3,45.2,M,汉,896,2,01,FRIENDS,FRIENDS,1,70.0,湖北省,CONSUME,01,,29.44961968315972,120.0092277018229,IOS,,浙江省金华市浦江县黄宅镇兴工路1号,0
100000,103,安康市,天元无纺科技,G,13,XCX,2,36.3,M,汉,4894,3,01,RELATIVES,FRIENDS,1,70.0,陕西省,CONSUME,01,,31.583294803620107,120.98101117830587,ANDROID,,江苏省苏州市常熟市支塘镇G204(烟沪线),0
100000,,淄博市,个体工商户,Z,90,APP,4,33.7,M,汉,539,2,01,FATHER,FATHER,1,70.0,山东省,CONSUME,01,,36.824079,118.061541,ANDROID,,山东省淄博市张店区体育场街道金晶大道辅路,1
100000,105,曲靖市,云南职天下企业管理有限公司,L,17,XCX,3,30.1,M,汉,702,4,01,RELATIVES,FRIENDS,1,70.0,云南省,CONSUME,01,,25.514929873647448,103.7839209866917,ANDROID,,云南省曲靖市麒麟区建宁街道三江大道,0
100000,,鄂州市,湖北振扬化工有限公司,Z,90,XCX,3,46.5,M,汉,6714,4,01,FATHER,FATHER,1,70.0,湖北省,CONSUME,01,,30.534876,114.30068,ANDROID,,湖北省武汉市武昌区紫阳街道工程营,0
100000,403,安庆市,光晋科技,G,13,XCX,4,31.7,M,汉,6434,2,01,SIBLING,FRIENDS,2,80.28,安徽省,CONSUME,01,,31.886101874673956,117.30010300427942,ANDROID,,安徽省合肥市瑶海区长淮街道临泉路辅路,0
100000,105,泉州市,泉州众鑫新材料科技有限公司,G,13,APP,2,37.9,M,汉,5480,4,01,FATHER,FRIENDS,1,70.0,福建省,CONSUME,01,,24.938681953183825,118.5537937812668,ANDROID,,福建省泉州市鲤城区浮桥街道江滨南路,0
100000,310,聊城市,张广博个人工作室,Z,90,APP,2,45.8,M,汉,4926,4,01,MATE,FRIENDS,1,70.0,山东省,CONSUME,01,,36.46058667543904,116.04616966612653,ANDROID,,山东省聊城市东昌府区东城街道兴业街,0
100000,,上海市,上海东来广告文化传媒有限公司,Z,90,XCX,4,24.4,F,汉,2750,3,01,PARENTS,FRIENDS,2,70.0,上海市,CONSUME,01,,31.246445610459046,121.45009715576775,ANDROID,,上海市静安区天目西路街道恒丰路487号,0
100000,,达州市,京粤顺餐饮,Z,90,APP,3,44.4,F,汉,933,2,01,MATE,OTHER,1,70.0,四川省,CONSUME,01,,39.860907,116.467058,ANDROID,,北京市朝阳区十八里店(地区)乡弘燕南二路,0
100000,104,成都市,四川信诺科技有限公司,G,13,APP,3,41.2,F,汉,4643,3,01,MOTHER,FRIENDS,1,70.0,四川省,CONSUME,01,,30.639217,104.007718,ANDROID,,四川省成都市武侯区晋阳街道晋吉南路12号,0
100000,103,成都市,蒲江县锐达金属成套设备制造厂,C,24,APP,3,33.8,M,汉,4813,4,01,PARENTS,FRIENDS,1,70.0,四川省,CONSUME,01,,30.203977557998888,103.5285126622479,ANDROID,,四川省成都市蒲江县鹤山街道蒲江立交桥,0
100000,105,深圳市,宝贝菲童装店,H,54,APP,3,38.1,F,汉,3393,3,01,CHILDREN,COLLEAGUE,1,70.0,广东省,CONSUME,01,,22.49347877783104,113.93494463598633,ANDROID,,广东省深圳市南山区蛇口街道后海滨路,0
100000,,潍坊市,潍坊程茗吊装设备租赁有限公司,L,17,XCX,3,34.1,M,汉,6456,4,01,MATE,FRIENDS,1,70.0,山东省,CONSUME,01,,36.59388997395833,119.16569797092014,ANDROID,,山东省潍坊市坊子区坊城街道安丘街,0
100000,102,宜春市,江西乾图装饰设计有限公司,E,24,APP,2,34.9,M,汉,4502,2,01,RELATIVES,RELATIVES,1,70.0,江西省,CONSUME,01,,28.046255355636004,115.55599216885155,ANDROID,,江西省宜春市樟树市淦阳街道,0
100000,104,平顶山市,杏花源陌宴,H,54,APP,2,23.9,M,汉,2504,2,01,FATHER,SIBLING,2,70.0,河南省,CONSUME,01,,33.83640082465278,113.22413899739583,ANDROID,,河南省平顶山市宝丰县闹店镇,0
100000,103,萍乡市,顺丰快递,Z,90,APP,4,48.2,M,汉,373,4,01,MATE,FRIENDS,1,88.532,江西省,CONSUME,01,,28.19749675207799,113.01658751664434,ANDROID,,湖南省长沙市芙蓉区荷花园街道东荷街110号,0
100000,309,上海市,兴业证券,J,13,XCX,4,46.7,F,汉,1726,4,01,FATHER,RELATIVES,1,81.435,上海市,CONSUME,01,,31.318884464602914,121.54163378570728,ANDROID,,上海市杨浦区殷行街道军工路1800,0
100000,105,温州市,永嘉黄田嘉盛塑料厂,C,24,XCX,4,29.8,M,汉,6400,4,01,MATE,FRIENDS,2,89.686,浙江省,CONSUME,01,,31.865071591949069,106.77986099621042,IOS,,四川省巴中市巴州区大茅坪镇天星路,0
100000,403,徐州市,图歌门窗,H,54,APP,2,33.7,M,汉,6188,2,01,PARENTS,MATE,1,75.403,江苏省,CONSUME,01,,34.18228981506458,117.3922752234925,ANDROID,,江苏省徐州市铜山区张集镇,0
100000,102,萍乡市,萍乡市鑫峰源建筑安装有限公司,P,13,APP,3,49.7,M,汉,1716,4,01,MATE,COLLEAGUE,1,70.0,江西省,CONSUME,01,,27.8535791015625,113.77179144965278,ANDROID,,江西省萍乡市上栗县上栗镇S89(萍洪高速),0
100000,105,襄阳市,中铁四局集团市政工程有限公司,E,24,XCX,4,29.7,M,汉,6307,4,01,MOTHER,COLLEAGUE,2,70.0,湖北省,CONSUME,01,,20.01221325660322,110.41182760097486,ANDROID,,海南省海口市美兰区灵山镇儒林路,0
100000,,沧州市,河北金彭车业,Z,90,APP,3,31.3,M,汉,6358,2,01,FATHER,FATHER,1,70.0,河北省,CONSUME,01,,38.57942,116.889308,ANDROID,,河北省沧州市青县清州镇新华东路,0
100000,103,济南市,章丘市星斗智能设备有限公司,C,24,APP,2,42.8,M,汉,2572,4,01,MATE,FATHER,1,70.0,山东省,CONSUME,01,,36.71048529075935,117.57072754115869,ANDROID,,山东省济南市章丘区明水街道学校大街,1
100000,102,江门市,秋叶面包,I,54,APP,3,29.1,M,汉,256,2,01,MATE,FRIENDS,2,87.513,广东省,CONSUME,01,,22.60638675140151,113.26690729642132,ANDROID,,广东省中山市小榄镇同德街,0
100000,105,永州市,深圳精博德科技有限公司,G,13,APP,3,27.0,M,汉,7024,2,01,COLLEAGUE,FRIENDS,2,88.693,湖南省,CONSUME,01,,23.393988,113.183622,ANDROID,,广东省广州市花都区新华街道S110(广清高速),0
100000,104,盐城市,中电大丰风力发电有限公司,D,17,APP,3,39.5,M,汉,2751,4,01,SIBLING,FRIENDS,1,89.783,江苏省,CONSUME,01,,33.20272008343414,120.4954275021031,ANDROID,,江苏省盐城市大丰区大中街道健康东路,1
100000,403,烟台市,刘震个人工作室,Z,90,XCX,2,28.4,M,汉,625,4,01,MOTHER,FRIENDS,1,70.0,山东省,CONSUME,01,,37.649619343268579,120.9507855534742,ANDROID,,山东省烟台市蓬莱区潮水镇,0
100000,104,晋中市,山西阳煤集团寺家庄煤业有限责任公司,C,24,APP,2,40.6,M,汉,4497,2,,FATHER,FRIENDS,3,70.0,山西省,CONSUME,01,,37.594909,113.703571,ANDROID,,山西省晋中市昔阳县乐平镇G207(松溪大道),0
100000,,监利县,佛山市金浪机械制造有限公司,C,24,XCX,2,37.1,M,汉,4484,3,01,MOTHER,COLLEAGUE,2,70.0,湖北省,CONSUME,01,,23.043135308159723,112.9677671983507,ANDROID,,广东省佛山市南海区丹灶镇村前大街,0
100000,,东营市,可可百货商店,H,54,APP,2,42.6,M,汉,3578,3,01,MATE,FRIENDS,1,70.0,山东省,CONSUME,02,,37.451634,118.489956,ANDROID,,山东省东营市东营区黄河路街道朝阳街,0
100000,103,连云港市,江苏峻力户外用品有限公司,C,24,XCX,3,32.3,F,汉,6604,4,01,MATE,FRIENDS,1,77.561,江苏省,CONSUME,01,,34.95986898885,119.20108449727369,IOS,,江苏省连云港市赣榆区海头镇,0
100000,,朔州市,杭州康飞电子科技有限公司,Z,90,APP,2,30.0,M,汉,6670,2,01,COLLEAGUE,COLLEAGUE,1,89.276,山西省,CONSUME,01,,30.340943,120.070224,ANDROID,,浙江省杭州市西湖区三墩镇金蓬街,0
100000,102,宁德市,福清市捷好汽车服务有限公司,O,17,APP,2,33.2,M,汉,5025,4,01,FRIENDS,MATE,1,99.0,福建省,CONSUME,01,,25.75138360520127,119.39199202939307,ANDROID,,福建省福州市福清市阳下街道清繁大道,0
100000,,吕梁市,山西云鹭化妆品有限公司,C,24,XCX,3,27.5,M,汉,764,2,01,MATE,RELATIVES,1,70.0,山西省,CONSUME,01,,37.255123,111.77094,ANDROID,,山西省吕梁市汾阳市文峰街道汾州大道,0
100000,103,西安市,周至县玉祥天然气公司,C,24,APP,3,36.2,M,汉,4389,4,01,FATHER,FRIENDS,2,70.0,陕西省,CONSUME,01,,34.178514034344818,108.13081759927316,ANDROID,,陕西省西安市周至县四屯镇,0
100000,105,龙岩市,泉州以利沙品牌管理有限公司,H,54,APP,3,42.6,M,汉,4098,4,01,MATE,FRIENDS,1,94.0,福建省,CONSUME,01,,24.722441523662615,118.61374277920929,ANDROID,,福建省泉州市石狮市灵秀镇百灵街,0
100000,102,宜昌市,宜昌安顺达商品砼有限公司,E,24,APP,3,41.0,F,汉,4914,4,01,MATE,FRIENDS,2,70.0,湖北省,CONSUME,01,,30.684240223610766,111.31965564231352,ANDROID,,湖北省宜昌市西陵区宜昌开发区城东大道东段,0
100000,105,湛江市,东莞市君源铂尔曼酒店有限公司,I,54,XCX,4,35.3,M,汉,3965,4,01,OTHER,OTHER,2,77.630516,广东省,CONSUME,01,,22.78126917353241,113.77664444969538,ANDROID,,广东省东莞市长安镇步步高路215,0
100000,102,黄山市,浙江杭州环优建筑有限公司,E,24,APP,2,43.1,M,汉,4943,4,01,FRIENDS,SIBLING,3,70.0,安徽省,CONSUME,01,,30.249646003483265,120.29258623132307,ANDROID,,浙江省杭州市萧山区宁围街道思成路,0
100000,104,芜湖市,芜湖市欧文帝智能制造有限公司,M,11,APP,3,30.1,M,汉,1996,3,01,SIBLING,COLLEAGUE,2,70.0,安徽省,CONSUME,01,,31.078104,118.188679,ANDROID,,安徽省芜湖市繁昌区繁阳镇迎春西路,0
100000,102,曲靖市,湘源石化有限公司,C,24,XCX,3,39.6,M,汉,3062,2,01,MATE,SIBLING,1,70.0,云南省,CONSUME,01,,25.482108093514147,103.80298090363185,ANDROID,,云南省曲靖市麒麟区南宁街道G326(紫云南路),0
100000,105,兰溪市,建筑工地,H,54,XCX,2,33.9,M,汉,4769,3,01,FRIENDS,FATHER,2,76.932,浙江省,CONSUME,02,,34.456122,115.56989,ANDROID,,河南省商丘市梁园区王楼镇陇海路,0
100000,403,滁州市,李洋个人工作室,Z,90,XCX,3,31.2,M,汉,6428,3,01,FRIENDS,OTHER,2,70.0,安徽省,CONSUME,01,,32.95109646267361,117.44999376085069,ANDROID,,安徽省蚌埠市龙子湖区长淮卫镇纬五路,0
100000,102,龙岩市,金碧猪肉店,I,54,APP,2,46.1,M,汉,4738,2,01,MATE,SIBLING,1,70.0,福建省,CONSUME,01,,25.667650893464584,116.32864154761799,ANDROID,,福建省龙岩市长汀县河田镇,0
100000,103,滁州市,中正房产,K,17,APP,4,35.4,M,汉,4983,4,01,FATHER,MOTHER,2,70.0,安徽省,CONSUME,01,,32.20450427401259,118.6058234421011,ANDROID,,江苏省南京市浦口区永宁街道北埂路,0
100000,,廊坊市,鑫阳建筑有限公司,Z,90,XCX,4,36.8,M,汉,4669,3,01,OTHER,OTHER,1,70.0,河北省,CONSUME,01,,39.913326,117.042910,ANDROID,,河北省廊坊市三河市杨庄镇,0
100000,105,潍坊市,大理鳌润融来汽车贸易有限公司,C,24,APP,4,39.1,M,汉,3300,4,01,MATE,RELATIVES,1,95.0,山东省,CONSUME,01,,36.01184384873055,119.40554248000929,ANDROID,,山东省潍坊市诸城市密州街道天龙街,0
100000,102,长沙市,长沙市殡葬事务中心,O,17,APP,3,33.3,M,汉,6054,3,01,MATE,FRIENDS,1,81.569,湖南省,CONSUME,01,,28.10449968588175,113.07138270343644,ANDROID,,湖南省长沙市雨花区跳马镇柳树塘路,0
100000,105,渭南市,中广核达胜加速器技术有限公司,Z,90,APP,3,29.5,M,汉,6356,2,01,RELATIVES,FRIENDS,1,70.0,陕西省,CONSUME,01,,35.18711166238156,109.97033779614019,ANDROID,,陕西省渭南市澄城县庄头镇S20(澄商高速),0
100000,,马鞍山市,自由职业,Z,90,XCX,3,29.4,M,汉,465,2,01,FATHER,FATHER,2,70.0,安徽省,CONSUME,01,,31.146572,121.30874,ANDROID,,上海市松江区九里亭街道九杜路350弄-215号,0
100000,,宿州市,宁波康联服饰有限公司,C,24,APP,2,29.0,F,汉,1443,3,01,FATHER,SIBLING,1,87.227,安徽省,CONSUME,01,,29.437754,121.894138,ANDROID,,浙江省宁波市象山县丹西街道会源路,0
100000,105,潍坊市,潍坊鸿视达眼镜有限公司,C,24,APP,3,25.9,M,汉,1662,3,01,FATHER,SIBLING,2,88.072,山东省,CONSUME,01,,36.66088185406116,119.19111691134701,ANDROID,,山东省潍坊市奎文区清池街道凤元街,1
100000,104,肇庆市,瀚诚广告策划有限公司,Z,90,XCX,2,28.8,M,汉,1527,4,01,MATE,FRIENDS,1,70.0,广东省,CONSUME,01,,23.43586061273824,112.53761949733657,ANDROID,,广东省肇庆市四会市黄田镇四会服务区,0
100000,105,茂名市,湛江恒兴饲料厂,Z,90,XCX,2,38.8,M,汉,5511,2,01,SIBLING,MOTHER,1,90.507,广东省,CONSUME,01,,21.528958593867511,111.031637292238202,ANDROID,,广东省茂名市电白区水东镇海堤路,0
100000,,泉州市,泉州城建集团,E,24,XCX,4,25.7,M,汉,862,3,01,SIBLING,SIBLING,2,70.0,福建省,CONSUME,01,,31.18973822699653,121.42219482421875,ANDROID,,上海市徐汇区徐家汇街道凯旋路2280-19号,0
100000,403,龙岩市,钟利运输,F,17,APP,2,44.6,M,汉,3768,2,01,MATE,FRIENDS,1,70.0,福建省,CONSUME,01,,25.542091,117.600265,ANDROID,,福建省龙岩市漳平市新桥镇,0
100000,309,南平市,福建优力特材料科技有限公司,G,13,APP,3,26.9,F,汉,2409,4,01,MOTHER,FRIENDS,2,80.985,福建省,CONSUME,01,,26.96780374672596,117.77723637035946,IOS,,福建省南平市顺昌县大干镇,0
100000,102,鸡西市,燕子冷面,H,54,APP,3,42.8,F,朝鲜,3157,2,01,OTHER,OTHER,2,70.0,黑龙江省,CONSUME,01,,45.763171728403317,126.71187991348372,ANDROID,,黑龙江省哈尔滨市道外区南直路街道先锋路132-18号,0
100000,,台州市,玉环双益阀门厂,Z,90,XCX,2,24.7,M,汉,952,2,01,SIBLING,FRIENDS,2,80.582,浙江省,CONSUME,01,,28.25174566126414,121.29414632761312,ANDROID,,浙江省台州市玉环市清港镇兴福路,0
100000,,青岛市,张孝宇个人工作室,Z,90,APP,3,28.9,M,汉,1011,4,01,MOTHER,MATE,1,70.0,山东省,CONSUME,01,,39.11855457783171,117.17274101759813,ANDROID,,天津市南开区万兴街道卫津路20,0
100000,,南通市,海门远东,H,54,XCX,3,30.9,F,汉,1227,2,,FATHER,FRIENDS,2,85.087,江苏省,CONSUME,01,,31.895380045572917,121.26328423394098,ANDROID,,江苏省南通市海门区三厂街道厂海路,0
100000,,青岛市,青岛海融兴达商业管理有限公司,Z,90,XCX,4,38.4,F,汉,5161,3,01,MOTHER,SIBLING,1,70.0,山东省,CONSUME,01,,35.96521898356028,120.22358604313702,ANDROID,,山东省青岛市黄岛区薛家岛街道长江东路305,0
100000,104,济宁市,21世纪不动产,K,17,APP,2,35.0,M,汉,3635,3,01,FATHER,FRIENDS,2,84.656,山东省,CONSUME,01,,35.45803239394028,116.60976806423166,ANDROID,,山东省济宁市任城区李营街道任顺路,0
100000,103,徐州市,物流有限公司,Z,90,APP,4,47.6,M,汉,3142,2,01,FRIENDS,RELATIVES,,75.0244,江苏省,CONSUME,01,,34.19428210922416,117.28600701189299,ANDROID,,江苏省徐州市云龙区大龙湖街道明祥路,1
100000,,运城市,湖北工品消防工程有限公司运城分公司,R,17,XCX,2,44.1,M,汉,1792,2,01,MATE,RELATIVES,1,70.0,山西省,CONSUME,01,,34.8323635709958,111.22084125437594,ANDROID,,山西省运城市平陆县圣人涧镇,0
100000,,重庆市,谭小松个人工作室,Z,90,XCX,2,37.3,M,蒙古,5656,2,,MATE,COLLEAGUE,1,70.0,重庆市,CONSUME,01,,22.763687879774306,113.58350206163195,ANDROID,,广东省广州市南沙区南沙街道云岭大街,0
100000,,丽江市,昆明百事可乐有限责任公司,H,54,XCX,3,37.8,M,纳西,4731,4,01,MATE,FRIENDS,1,70.0,云南,CONSUME,01,,26.872224,100.211265,ANDROID,,云南省丽江市古城区束河街道尚义街尚义巷,0
100000,,张家界市,中国移动营业厅,Z,90,XCX,3,44.0,M,土家,1861,4,01,MATE,FRIENDS,1,70.0,湖南省,CONSUME,01,,29.28234296255181,110.79021091650316,ANDROID,,湖南省张家界市慈利县甘堰土家族乡,0
100000,301,徐州市,徐州市体育运动学校,S,11,APP,4,39.3,M,汉,3156,4,01,FATHER,SIBLING,1,90.476,江苏省,CONSUME,01,,33.95656349281957,117.701933212276,ANDROID,,江苏省徐州市睢宁县岚山镇,0
100000,,汕头市,乾记针车行,H,54,XCX,2,43.0,F,汉,4486,4,01,CHILDREN,FRIENDS,1,70.0,广东省,CONSUME,01,,23.007749837239583,116.44342095269097,ANDROID,,广东省揭阳市惠来县周田镇,0
100000,403,南阳市,万军个人工作室,Z,90,APP,3,34.2,M,汉,6103,2,01,FRIENDS,FATHER,2,87.596,河南省,CONSUME,01,,32.897318660763499,112.58889298985655,ANDROID,,河南省南阳市宛城区溧河乡,0
100000,105,延安市,黄陵县店头镇白石电厂,Z,90,APP,2,34.6,M,汉,5855,4,01,PARENTS,MOTHER,1,70.0,陕西省,CONSUME,01,,35.5966273622825,109.24581102056502,ANDROID,,陕西省延安市黄陵县桥山街道,0
100000,,佳木斯市,私营业主,Z,90,APP,2,35.3,F,汉,6840,4,01,MATE,FRIENDS,1,70.0,黑龙江省,CONSUME,01,,46.525457356770836,133.02172336154513,ANDROID,,黑龙江省双鸭山市宝清县八五三农场,0
100000,,泰安市,山予摄影,Z,90,XCX,3,28.9,F,汉,1478,4,01,FATHER,MATE,1,95.25,山东省,CONSUME,01,,36.17863486586933,117.00165100779545,ANDROID,,山东省泰安市岱岳区天平街道S330(泰山大街),0
100000,,杭州市,自由个体,Q,11,XCX,2,40.3,F,汉,2803,2,01,FATHER,FATHER,1,70.0,浙江省,CONSUME,01,,29.93057861328125,119.43974826388889,ANDROID,,浙江省杭州市桐庐县分水镇东门大道边,0
100000,,泰安市,山予摄影,Z,90,XCX,3,28.9,F,汉,1478,4,01,FATHER,MATE,1,95.25,山东省,CONSUME,01,,36.17863486586933,117.00165100779545,ANDROID,,山东省泰安市岱岳区天平街道S330(泰山大街),0
100000,,亳州市,太和县丰雪烟花爆竹批发零售,H,54,XCX,4,30.7,F,汉,1355,3,,MOTHER,MATE,1,70.0,安徽省,CONSUME,01,,23.62024603949653,116.5741796875,ANDROID,,广东省潮州市潮安区凤塘镇兴东一路,0
100000,103,泉州市,豪扬门业,R,17,APP,2,39.3,M,汉,2521,3,01,RELATIVES,FATHER,1,89.77,福建省,CONSUME,01,,23.309323191703386,116.18649102463167,ANDROID,,广东省揭阳市普宁市流沙东街道东环大道辅路,0
100000,,潮州市,汇新玩具厂,C,24,XCX,2,45.9,M,汉,1163,2,01,SIBLING,RELATIVES,3,70.0,广东省,CONSUME,01,,23.658789806119669,116.91350134823387,ANDROID,,广东省潮州市饶平县钱东镇G228(福昆线),0
100000,105,德州市,黛休个人工作室,Z,90,XCX,2,23.4,F,汉,2397,3,01,FRIENDS,FRIENDS,2,70.0,山东省,CONSUME,01,,37.268055716205569,116.16552887864876,ANDROID,,山东省德州市武城县武城镇X025,0
100000,,长垣市,亿创电器有限公司,C,24,XCX,2,36.3,M,汉,6520,2,01,FATHER,RELATIVES,2,83.06,河南省,CONSUME,01,,23.258294,113.229086,ANDROID,,广东省广州市白云区白云湖街道龙塘路8号,0
100000,,信阳市,叶海军个人工作室,Z,90,APP,2,41.5,M,汉,4102,3,01,MATE,PARENTS,1,70.0,河南省,CONSUME,01,,30.3441104524462,120.1038329369914,ANDROID,,浙江省杭州市余杭区良渚街道上园路,0
100000,103,青岛市,青岛明珠路达市政工程有限公司,E,24,XCX,2,44.2,M,汉,6468,4,01,FATHER,FRIENDS,1,89.891,山东省,CONSUME,01,,36.743333440525919,119.93404796095338,ANDROID,,山东省青岛市平度市同和街道秀水河东路,0
100000,105,岳阳市,嘉达自行车有限公司,H,54,APP,3,37.8,M,汉,5214,4,01,FATHER,MATE,1,70.0,湖南省,CONSUME,01,,28.248830919715237,113.09673627326413,ANDROID,,湖南省长沙市长沙县星沙街道东四路,0
100000,105,绵阳市,蜀建装饰,E,24,APP,2,32.2,M,汉,108,2,01,SIBLING,SIBLING,2,70.0,四川省,CONSUME,01,,31.320081,104.955229,ANDROID,,四川省绵阳市三台县永明镇,0
100000,102,恩施土家族苗族自治州,三岔镇卫生医院,Q,11,XCX,4,35.5,F,汉,6686,2,01,MATE,MOTHER,1,82.82,湖北省,CONSUME,02,,30.27314019097222,109.62722791883681,ANDROID,,湖北省恩施土家族苗族自治州恩施市三岔镇S232,0
100000,102,岳阳市,有喜屋板前烧鸟,C,24,APP,2,23.9,M,汉,2219,4,01,RELATIVES,SIBLING,2,70.0,湖南省,CONSUME,01,,31.221338605874718,121.39255816895818,ANDROID,,上海市普陀区长风新村街道大渡河路160号,0
100000,309,安顺市,池店镇钱头村的沃鞋服有限公司,H,54,XCX,4,31.9,M,汉,6589,2,01,FATHER,RELATIVES,1,81.606,贵州省,CONSUME,03,,24.84674587673611,118.60040364583334,ANDROID,,福建省泉州市晋江市陈埭镇崇德桥,0
100000,,黄山市,浙江省湖州市吴兴区织里镇长江家具厂,Z,90,XCX,4,49.0,M,汉,464,3,01,FATHER,FRIENDS,1,91.935,安徽省,CONSUME,01,,30.913891,120.286988,ANDROID,,浙江省湖州市吴兴区织里镇,0
100000,103,扬州市,广州库洛福膜新材料科技有限公司,G,13,APP,2,49.5,M,汉,1987,4,01,OTHER,OTHER,1,76.513275,江苏省,CONSUME,01,,23.371630995385688,113.26641508752458,ANDROID,,广东省广州市花都区新雅街道迎宾大道,0
100000,105,六安市,六安荣锋商贸有限公司,H,54,XCX,3,35.8,M,汉,4049,2,01,RELATIVES,COLLEAGUE,2,70.0,安徽省,CONSUME,01,,31.68675,116.413359,ANDROID,,安徽省六安市裕安区韩摆渡镇G35(济广高速),0
100000,102,新乡市,飞猪加工厂,Z,90,APP,2,27.4,M,汉,1859,2,,FATHER,FRIENDS,1,70.0,河南省,CONSUME,02,,39.748021,116.603173,ANDROID,,北京市通州区马驹桥镇,0
100000,102,青岛市,中国太平保险有限公司,J,13,XCX,4,35.8,F,汉,4504,3,01,PARENTS,FRIENDS,1,70.0,山东省,CONSUME,01,,35.87658210353374,120.05450362059331,ANDROID,,山东省青岛市黄岛区隐珠街道大卢河景观桥,0
100000,,中山市,顺雄水产,Z,90,XCX,4,48.8,M,汉,359,2,01,MATE,FRIENDS,1,70.0,广东省,CONSUME,01,,22.622685008091037,113.47631921894467,ANDROID,,广东省中山市民众街道G228(民众立交桥),0
100000,,宿州市,邓艳艳个人工作室,Z,90,XCX,2,24.0,F,汉,1763,4,01,MATE,FATHER,2,70.0,安徽省,CONSUME,01,,33.385356002620067,117.895054554436,ANDROID,,安徽省宿州市泗县大路口镇X057,0
100000,,上饶市,江西宜瑞塑业有限公司,Z,90,APP,3,27.6,M,汉,7224,2,01,MOTHER,RELATIVES,2,90.246,江西省,CONSUME,01,,27.585203,116.271266,ANDROID,,江西省抚州市宜黄县桃陂镇,0
100000,104,马鞍山市,御美翠本草美容,O,17,APP,3,32.1,F,汉,5349,2,01,MATE,FRIENDS,1,70.0,安徽省,CONSUME,01,,31.709811595047716,118.52746691455474,ANDROID,,安徽省马鞍山市花山区慈湖乡慈湖河路,1
100000,102,沈阳市,秦嘉临个人工作室,Z,90,APP,4,29.9,F,汉,7077,2,01,FATHER,RELATIVES,1,84.22,辽宁省,CONSUME,01,,41.81107978389174,123.54478189340048,IOS,,辽宁省沈阳市沈河区东陵街道沿子河街,0
100000,105,大同市,山西唯净汇有限责任公司,Z,90,XCX,4,30.1,F,汉,6082,2,01,FRIENDS,FRIENDS,1,70.0,山西省,CONSUME,01,,40.32393960579713,114.12580517525999,ANDROID,,山西省大同市天镇县米薪关镇,0
100000,102,达州市,未知公司,Z,90,APP,2,36.8,M,汉,6854,2,01,FATHER,FRIENDS,2,92.043,四川省,CONSUME,01,,23.06052780801382,113.8984742598653,ANDROID,,广东省东莞市茶山镇走马路,0
100000,102,上饶市,江西宜瑞塑业有限公司,Z,90,APP,3,27.6,M,汉,7224,2,01,MOTHER,RELATIVES,2,90.246,江西省,CONSUME,01,,27.585203,116.271266,ANDROID,,江西省抚州市宜黄县桃陂镇,0
100000,102,石家庄市,河北初得信息咨询有限公司,J,13,APP,3,45.0,F,汉,721,4,01,FRIENDS,FRIENDS,1,70.0,河北省,CONSUME,01,,38.10483829918168,114.51695769192989,ANDROID,,河北省石家庄市长安区桃园镇柳林南路3号,0
100000,102,衡水市,衡水徳臻教育咨询有限公司,H,54,APP,3,28.2,M,汉,2133,2,01,FATHER,SIBLING,2,88.692,河北省,CONSUME,01,,38.01363619509482,114.53769766927167,ANDROID,,河北省石家庄市裕华区裕兴街道东岗路,0
100000,301,威海市,威海市建设集团有限公司,E,24,XCX,3,45.1,M,汉,590,3,01,SIBLING,MATE,1,82.192,山东省,CONSUME,01,,37.51020186325054,121.08126723687161,ANDROID,,山东省烟台市福山区高疃镇磁兴街,0
100000,102,渭南市,西安佳客来居酒店管理有限公司,I,54,APP,3,27.0,F,汉,2718,4,01,FATHER,COLLEAGUE,2,88.744,陕西省,CONSUME,01,,34.25595756253242,108.90669912105256,ANDROID,,陕西省西安市莲湖区西关街道草阳巷,0
100000,104,池州市,中国人民财产保险股份有限公司,J,13,APP,3,36.1,M,汉,4123,4,01,MATE,SIBLING,1,70.0,安徽省,CONSUME,02,,30.653046,117.469127,ANDROID,,安徽省池州市贵池区池阳街道翠微西路450号,0
100000,104,宿迁市,淮南天成汽车运输有限公司,F,17,APP,2,34.0,M,汉,465,2,01,FATHER,FRIENDS,1,87.806,江苏省,CONSUME,01,,22.292578,113.31761,ANDROID,,广东省珠海市斗门区白蕉镇X767,0
100000,,梅州市,货车交通运输,Z,90,XCX,2,31.0,M,汉,5589,4,01,RELATIVES,RELATIVES,2,70.0,广东省,CONSUME,01,,2,113.694801,ANDROID,,"Kapit, Sarawak, Malaysia",0
100000,105,阜阳市,田玉平个人工作室,Z,90,XCX,4,45.4,F,汉,756,4,01,MATE,MOTHER,2,70.0,安徽省,CONSUME,01,,32.9065158164696,115.80255910696988,ANDROID,,安徽省阜阳市颍州区鼓楼街道西城墙路,0
100000,305,周口市,河南谨行传媒有限公司,Z,90,XCX,3,35.6,F,汉,4480,4,01,MOTHER,FATHER,1,70.0,河南省,CONSUME,01,,34.71065185546875,113.6695068359375,ANDROID,,河南省郑州市二七区京广路街道长江路辅路,0
100000,102,定西市,李睿个人工作室,Z,90,XCX,4,31.6,F,汉,6481,2,01,FATHER,FRIENDS,2,92.037,甘肃省,CONSUME,01,,36.076346481647778,103.78684255448671,IOS,,甘肃省兰州市城关区靖远路街道金城路,0
100000,105,连云港市,常州市星宇车灯股份有限公司,C,24,APP,2,25.4,M,汉,1962,2,01,FATHER,RELATIVES,2,70.0,江苏省,CONSUME,01,,31.799459,119.937504,ANDROID,,江苏省常州市钟楼区五星街道新农商业街016,0
100000,403,内江市,无锡市技达机械有限公司,C,24,APP,2,40.5,M,汉,4626,3,01,MATE,FRIENDS,1,95.0,四川省,CONSUME,02,,31.628597480750228,120.25678021741963,ANDROID,,江苏省无锡市惠山区洛社镇,0
100000,102,漯河市,召陵区迷途炸鸡店,H,54,APP,3,35.5,M,汉,3870,2,01,PARENTS,FRIENDS,1,70.0,河南省,CONSUME,01,,33.590057,114.091626,ANDROID,,河南省漯河市召陵区姬石镇滦河路,1
100000,,铜陵市,上海丰诚物业管理有限公司,Z,90,APP,3,38.7,M,汉,4103,2,01,MATE,RELATIVES,1,88.773,安徽省,CONSUME,01,,31.243687,121.470849,ANDROID,,上海市静安区北站街道北苏州路910号,0
100000,103,吉安市,吉安和谐驾校,P,13,APP,3,39.1,M,汉,6049,4,01,CHILDREN,COLLEAGUE,3,70.0,江西省,CONSUME,01,,27.14785880066656,115.01086004450673,ANDROID,,江西省吉安市吉州区吉州区工业园小区,0
100000,105,六安市,合肥源德物流运输有限公司,Z,90,APP,2,32.6,M,汉,7024,2,01,RELATIVES,FRIENDS,1,70.0,安徽省,CONSUME,01,,31.761743,117.085096,ANDROID,,安徽省合肥市肥西县紫蓬镇苏家埠路,0
100000,104,达州市,开江县新宁社区卫生服务中心,Q,11,APP,4,34.3,F,汉,5593,3,01,RELATIVES,FRIENDS,1,70.0,四川省,CONSUME,01,,31.086034,107.858179,ANDROID,,四川省达州市开江县新宁镇清河路,0
100000,302,宿迁市,高亮个人工作室,H,54,APP,3,36.1,M,汉,4801,4,01,COLLEAGUE,PARENTS,2,90.992424,江苏省,CONSUME,01,,30.90786769619315,121.20480218727777,ANDROID,,上海市金山区朱泾镇塘字路,0
100000,103,合肥市,安徽高速石化有限公司,C,24,XCX,4,39.3,M,汉,3789,2,01,MATE,SIBLING,1,91.291,安徽省,CONSUME,01,,30.946818930364154,118.80277768160535,IOS,,安徽省宣城市宣州区济川街道G50(沪渝高速),0
100000,302,宿迁市,高亮个人工作室,H,54,APP,3,36.1,M,汉,4801,4,01,COLLEAGUE,PARENTS,2,90.992424,江苏省,CONSUME,01,,30.90786769619315,121.20480218727777,ANDROID,,上海市金山区朱泾镇塘字路,0
100000,103,宁波市,浙江省宁波市象山县公路运输有限责任公司,F,17,XCX,2,49.8,M,汉,99999,3,01,MATE,COLLEAGUE,1,89.966,浙江省,CONSUME,01,,30.316414586050255,120.29011102643521,ANDROID,,浙江省杭州市钱塘区下沙街道东湖南路,1
100000,102,金昌市,区应急局,S,11,APP,3,40.3,M,汉,2289,2,01,MOTHER,FRIENDS,1,85.44,甘肃省,CONSUME,01,,38.54025630898028,102.1759302717546,ANDROID,,甘肃省金昌市金川区宁远堡镇昆明路,0
100000,,东方市,三亚铁路投资建设有限公司,G,13,XCX,3,42.7,M,汉,3289,3,01,MATE,RELATIVES,2,70.0,海南省,CONSUME,01,,31.435416925766046,120.56476085887674,ANDROID,,江苏省苏州市相城区黄埭镇兴龙街34号,0
100000,104,南京市,江苏省建,H,54,APP,4,34.0,F,汉,5306,4,01,RELATIVES,FRIENDS,2,90.783,江苏省,CONSUME,01,,32.02551337598738,118.79315954060009,ANDROID,,江苏省南京市秦淮区大光路街道钓鱼巷,0
100000,105,鞍山市,金和矿业,C,24,XCX,4,37.6,M,汉,4620,4,01,MATE,FRIENDS,1,70.0,辽宁省,CONSUME,01,,40.22629147314844,122.29300473461545,ANDROID,,辽宁省营口市盖州市双台镇,0
100000,105,黑河市,哈尔滨联科机械制造有限公司,C,24,APP,3,32.4,M,汉,5195,2,,FATHER,MOTHER,2,76.796,黑龙江省,CONSUME,01,,45.700905,126.706715,ANDROID,,黑龙江省哈尔滨市香坊区通乡街道红星路,1
100000,104,盐城市,盐城市荣南机械制造有限公司,Z,90,APP,3,39.1,M,汉,6082,3,01,MATE,FRIENDS,1,70.0,江苏省,CONSUME,01,,33.28001,120.067582,ANDROID,,江苏省盐城市盐都区郭猛镇,1
100000,103,阜阳市,灵活用工人士,F,17,XCX,2,35.3,M,汉,5022,2,01,RELATIVES,FRIENDS,1,70.0,安徽省,CONSUME,01,,32.659028468804397,116.26347689904284,ANDROID,,安徽省阜阳市颍上县慎城镇滨水北路,0
100000,102,信阳市,胡如生个人工作室,H,54,XCX,3,24.4,M,汉,1200,2,01,COLLEAGUE,COLLEAGUE,2,70.0,河南省,CONSUME,01,,30.326581179239854,120.33565840161451,IOS,,浙江省杭州市钱塘区下沙街道松乔街,0
100000,103,宁波市,浙江省宁波市象山县公路运输有限责任公司,F,17,XCX,2,49.8,M,汉,99999,3,01,MATE,COLLEAGUE,1,89.966,浙江省,CONSUME,01,,30.316414586050255,120.29011102643521,ANDROID,,浙江省杭州市钱塘区下沙街道东湖南路,0
100000,102,石家庄市,孟铎良个人工作室,Z,90,APP,4,22.9,M,汉,1671,4,01,MOTHER,SIBLING,2,81.968,河北省,CONSUME,01,,24.441114408447278,118.1294090065707,ANDROID,,福建省厦门市思明区滨海街道Y021(龙虎北路),0
100000,403,上饶市,贝莱胜电子（厦门）有限公司,Z,90,XCX,2,30.3,M,汉,120,2,01,FRIENDS,MOTHER,2,70.0,江西省,CONSUME,01,,29.196199544270833,120.0191148546007,ANDROID,,浙江省金华市义乌市佛堂镇朝阳路158号,0
100000,105,吉安市,刘军个人工作室,Z,90,APP,3,39.2,M,汉,2569,4,01,FATHER,SIBLING,1,70.0,江西省,CONSUME,01,,27.378635690408779,114.6158492041535,ANDROID,,江西省吉安市安福县平都镇文化路,0
100000,102,上海市,上海畅弘交通设施工程有限公司,E,24,XCX,3,43.9,F,汉,3727,4,01,PARENTS,FRIENDS,1,70.0,上海市,CONSUME,01,,31.10891811222241,121.36975406927407,ANDROID,,上海市闵行区莘庄镇莘松路262号,1
100000,,赣州市,亿企赢网络科技有限公司广东分公司,G,13,APP,4,26.9,M,汉,1186,3,01,FATHER,SIBLING,2,70.0,江西省,CONSUME,01,,22.616956,113.083485,ANDROID,,广东省江门市蓬江区环市街道发展大道87-105号,0
100000,103,运城地区,笔头书法教育,P,13,XCX,4,29.9,F,汉,6476,2,01,MOTHER,FRIENDS,1,85.187,山西省,CONSUME,01,,35.05721357814184,111.07321240254294,IOS,,山西省运城市盐湖区安邑街道,0
100000,105,鞍山市,鞍山冶金工程实业有限公司,C,24,APP,4,23.0,M,汉,2291,2,01,FATHER,SIBLING,2,88.963,辽宁省,CONSUME,01,,41.14107010925528,123.0523142707683,ANDROID,,辽宁省鞍山市立山区曙光街道莘华路,0
100000,103,宿迁市,上海臻络投资管理有限公司,J,13,APP,2,30.0,M,汉,6643,4,01,MOTHER,MATE,1,70.0,江苏省,CONSUME,01,,31.543352748959476,120.69013778735044,ANDROID,,江苏省苏州市常熟市辛庄镇周家宅基路,0
100000,102,长春市,北京泰德制药股份有限公司,M,11,XCX,4,29.2,F,汉,7245,3,01,MOTHER,FRIENDS,2,70.0,吉林省,CONSUME,01,,39.82328410823842,116.47790197512184,ANDROID,,北京市朝阳区小红门(地区)乡小红门东路,0
100000,105,石家庄市,石家庄鸿赓医疗器械有限公司,H,54,APP,4,35.7,M,汉,6175,4,01,FATHER,MOTHER,1,91.70816,河北省,CONSUME,01,,38.1691293932319,114.58229057075057,ANDROID,,河北省石家庄市正定县正定镇晨旭路,1
100000,307,深圳市,深圳全棉时代科技有限公司,G,13,APP,4,32.1,F,汉,5590,4,01,OTHER,OTHER,1,78.63769,广东省,CONSUME,01,,23.50348138294342,116.79297810165983,ANDROID,,广东省汕头市澄海区莲下镇校东路,1
100000,,鞍山市,华图教育,Z,90,APP,4,33.0,M,汉,6575,3,01,FATHER,MATE,1,70.0,辽宁省,CONSUME,01,,41.093199,122.9909,ANDROID,,辽宁省鞍山市铁东区园林街道安乐街53-10,0
100000,102,西安市,公交五公司,O,17,APP,3,31.2,M,汉,7178,4,01,RELATIVES,FRIENDS,2,70.0,陕西省,CONSUME,01,,34.227432,108.921604,ANDROID,,陕西省西安市雁塔区小寨路街道永松路,0
100000,304,天津市,天津市滨海新区汉美手工编织工作室,C,24,APP,3,48.3,F,汉,2620,4,01,SIBLING,RELATIVES,1,87.077,天津市,CONSUME,01,,39.03676789609776,117.6194202991381,ANDROID,,天津市滨海新区新河街道G103(津塘公路),1
100000,302,深圳市,深圳市鸿讯通电子科技有限公司,G,13,APP,4,34.0,F,汉,6587,4,01,MATE,FRIENDS,1,77.111885,广东省,CONSUME,01,,22.566847015907475,113.90587994061956,ANDROID,,广东省深圳市宝安区新安街道新圳东路77-5,0
100000,,凉山彝族自治州,喜德县市场监督管理局,A,27,XCX,3,32.7,M,彝,1131,4,01,RELATIVES,FRIENDS,2,70.0,四川省,CONSUME,01,,28.309398816294434,102.42206110959796,ANDROID,,四川省凉山彝族自治州喜德县贺波洛乡,1
100000,103,德阳市,北京希格蒙教育科技发展中心,G,13,XCX,2,43.4,F,汉,6252,4,01,MATE,PARENTS,1,100.0,四川省,CONSUME,01,,39.912922419302727,116.70661214343218,ANDROID,,北京市通州区潞源街道G4501(东六环路),0
100000,105,上饶市,绿野户外俱乐部,R,17,APP,2,42.4,F,汉,1765,4,01,SIBLING,FRIENDS,1,70.0,江西省,CONSUME,01,,28.64162892433074,115.93906556483381,IOS,,江西省南昌市青云谱区青云谱镇博学路,0
100000,105,毕节市,郭军个人工作室,Z,90,XCX,3,45.2,M,汉,3747,2,01,MATE,OTHER,1,70.0,贵州省,CONSUME,01,,25.223141688619216,117.89155289036492,ANDROID,,福建省泉州市安溪县长卿镇,0
100000,103,钦州市,中山小榄镇同磊热保护器厂,C,24,APP,2,40.0,F,汉,3732,2,01,MATE,SIBLING,1,70.0,广西壮族自治区,CONSUME,02,,22.628554,113.262575,ANDROID,,广东省中山市小榄镇长和路73,0
100000,102,苏州市,中国邮政速递物流股份有限公司苏州市分公司,F,17,XCX,3,39.4,F,汉,3787,2,01,PARENTS,MATE,1,70.0,江苏省,CONSUME,01,,31.369481435223937,120.61339428580236,ANDROID,,江苏省苏州市相城区元和街道陆慕街,0
100000,,重庆市,甜拉拉建筑装饰公司,Z,90,APP,2,47.1,M,汉,468,3,01,FRIENDS,RELATIVES,2,70.0,重庆市,CONSUME,01,,25.576404,119.409311,ANDROID,,福建省福州市福清市江镜镇,0
100000,,重庆市,甜拉拉建筑装饰公司,Z,90,APP,2,47.1,M,汉,468,3,01,FRIENDS,RELATIVES,2,70.0,重庆市,CONSUME,01,,25.576404,119.409311,ANDROID,,福建省福州市福清市江镜镇,0
100000,102,深圳市,皓天策略顾问投资(深圳)有限公司,L,17,APP,3,45.7,F,汉,3465,2,01,PARENTS,COLLEAGUE,1,70.0,广东省,CONSUME,01,,22.569563393288197,113.96553539252538,ANDROID,,广东省深圳市南山区桃源街道龙珠大道100号,0
100000,103,上饶市,佛山市朝嘉数控机械有限公司,C,24,APP,2,37.2,M,汉,5917,4,01,FRIENDS,MATE,1,70.0,江西省,CONSUME,01,,29.152665869592018,116.75282629469258,ANDROID,,江西省上饶市鄱阳县高家岭镇,0
100000,102,洛阳市,洛阳市志祥机械设备有限公司,C,24,APP,2,48.0,F,汉,6161,2,01,RELATIVES,FRIENDS,1,70.0,河南省,CONSUME,01,,34.59788531279314,112.34289891136776,ANDROID,,河南省洛阳市涧西区辛店镇东顺路,0
100000,,凉山彝族自治州,喜德县市场监督管理局,A,27,XCX,3,32.7,M,彝,1131,4,01,RELATIVES,FRIENDS,2,70.0,四川省,CONSUME,01,,28.309398816294434,102.42206110959796,ANDROID,,四川省凉山彝族自治州喜德县贺波洛乡,0
100000,,无锡市,江阴市城区铛铛家美容养生馆,O,17,XCX,3,39.3,M,汉,3732,4,01,MATE,FRIENDS,1,70.0,江苏省,CONSUME,01,,31.914450141059028,120.2389963107639,ANDROID,,江苏省无锡市江阴市澄江街道澄西路,0
100000,103,台州市,周小燕个人工作室,Z,90,APP,2,28.6,F,汉,469,4,,MATE,RELATIVES,1,70.0,浙江省,CONSUME,01,,28.753237,121.516188,ANDROID,,浙江省台州市临海市杜桥镇,1
100000,,荆州市,华中科技大学同济医学院附属同济医院,Z,90,XCX,4,32.6,F,汉,5676,4,01,MOTHER,COLLEAGUE,2,70.0,湖北省,CONSUME,01,,30.61834255642361,114.18824924045138,ANDROID,,湖北省武汉市硚口区长丰街道丰硕路,0
100000,,榆林市,潘俊智个人工作室,Z,90,APP,2,38.4,M,汉,4082,3,,MATE,COLLEAGUE,1,83.921,陕西省,CONSUME,04,,37.609947,107.607915,ANDROID,,陕西省榆林市定边县定边街道东环路,0
100000,,大连市,于莉个人工作室,Z,90,APP,2,31.0,F,汉,6481,2,01,FATHER,SIBLING,2,75.613,辽宁省,CONSUME,01,,39.043597,121.754703,ANDROID,,辽宁省大连市金州区马桥子街道鞍山街8号,0
100000,,榆林市,潘俊智个人工作室,Z,90,APP,2,38.4,M,汉,4082,3,,MATE,COLLEAGUE,1,83.921,陕西省,CONSUME,04,,37.609947,107.607915,ANDROID,,陕西省榆林市定边县定边街道东环路,0
100000,103,宜春市,江西农业工程职业学院,Z,90,APP,4,35.2,M,汉,4262,3,01,MATE,FATHER,1,70.0,江西省,CONSUME,01,,28.404807942708334,115.37384412977431,ANDROID,,江西省宜春市高安市筠阳街道锦惠南路,1
100000,,潍坊市,潍柴雷沃智慧农业科技股份有限公司,A,27,APP,3,26.9,M,汉,817,4,01,RELATIVES,RELATIVES,1,70.0,山东省,CONSUME,01,,36.649289,119.145189,ANDROID,,山东省潍坊市坊子区凤凰街道虞舜路,1
100000,,江门市,连续创业人士,Z,90,XCX,2,49.6,F,汉,133,4,01,FATHER,FRIENDS,1,70.0,广东省,CONSUME,01,,23.12216219630984,113.29503081833512,IOS,,广东省广州市越秀区东山街道保安南街14号,0
100000,,大庆市,王月个人工作室,Z,90,APP,4,32.3,F,汉,5736,3,01,MATE,FRIENDS,1,70.0,黑龙江省,CONSUME,01,,32.63575,116.227464,ANDROID,,安徽省阜阳市颍上县十八里铺镇,0
100000,,徐州市,徐州美驰车桥有限公司,C,24,APP,4,35.8,M,汉,4140,3,01,FRIENDS,FRIENDS,1,70.0,江苏省,CONSUME,01,,34.02147,117.054778,ANDROID,,安徽省宿州市萧县官桥镇,0
100000,403,南京市,童颜童趣儿童摄影,H,54,XCX,2,39.9,M,汉,2260,4,01,FATHER,COLLEAGUE,1,70.0,江苏省,CONSUME,01,,32.02998113470093,118.60766874606166,ANDROID,,江苏省南京市浦口区顶山街道慧成街,0
100000,,清远市,广州乐金显示有限公司,G,13,XCX,3,37.5,M,汉,3472,3,,COLLEAGUE,FRIENDS,2,70.0,广东省,CONSUME,02,,23.10860812717014,113.54537787543403,ANDROID,,广东省广州市黄埔区南岗街道康南路,0
100000,105,上海市,华峰铝业有限公司,C,24,XCX,3,29.4,M,汉,1282,2,01,PARENTS,FRIENDS,1,70.0,上海市,CONSUME,01,,30.732145453559028,121.28931423611111,ANDROID,,上海市金山区金山卫镇新卫公路辅路,0
100000,,黄冈市,上海芯率智能科技有限公司,Z,90,XCX,4,32.1,M,汉,5428,3,01,FATHER,FATHER,2,70.0,湖北省,CONSUME,01,,31.18343614366319,121.4955433485243,IOS,,上海市浦东新区周家渡街道浦东南路4501号-15层,0
100000,105,龙岩市,长汀县酒中天酒类经营部,C,24,XCX,4,38.4,M,汉,4654,3,01,COLLEAGUE,COLLEAGUE,1,70.0,福建省,CONSUME,01,,25.852165,116.359128,ANDROID,,福建省龙岩市长汀县大同镇腾飞一路,0
100000,307,广州市,海能达通信股份有限公司,G,13,APP,4,42.0,M,汉,3941,4,01,FRIENDS,FRIENDS,1,70.0,广东省,CONSUME,01,,22.671050651157889,114.03199428050849,ANDROID,,广东省深圳市龙华区龙华街道龙华和平路,0
100000,,揭阳市,陈浩财个人工作室,Z,90,XCX,2,45.1,M,汉,519,2,01,MOTHER,MATE,1,70.0,广东省,CONSUME,01,,23.498789605034723,116.27297390407986,ANDROID,,广东省揭阳市普宁市南溪镇,0
100000,104,张家口市,张家口嘉颖广告有限公司,R,17,APP,4,35.9,F,汉,4153,2,01,FRIENDS,FRIENDS,2,70.0,河北省,CONSUME,02,,40.0001840217838,116.79137799850949,ANDROID,,河北省廊坊市三河市燕顺路街道西经一路,0
100000,103,南京市,义乌市燊森建材有限公司,E,24,XCX,2,41.3,M,汉,4850,3,01,MATE,COLLEAGUE,1,75.69791,江苏省,CONSUME,01,,29.339303186152109,120.07959719229177,ANDROID,,浙江省金华市义乌市稠城街道西城北路77号,0
100000,,泉州市,悦宗门窗行,H,54,APP,2,43.3,M,汉,4026,3,,MATE,FRIENDS,1,70.0,福建省,CONSUME,04,,25.056626,118.84345,ANDROID,,福建省泉州市惠安县辋川镇,0
100000,103,北京市,怡然智慧家,H,54,APP,2,49.1,F,汉,398,4,01,MATE,SIBLING,1,70.0,北京市,CONSUME,01,,40.0508284850039,116.42383809128615,ANDROID,,北京市朝阳区来广营(地区)乡水岸南街,0
100000,,济宁市,山东博文建筑劳务有限公司,Z,90,XCX,3,43.0,M,汉,3254,3,01,COLLEAGUE,SIBLING,1,70.0,山东省,CONSUME,01,,36.61756004443661,116.95412558873405,ANDROID,,山东省济南市市中区七贤街道大学路,0
100000,105,贵阳市,金兆鸿服饰有限公司,C,24,XCX,4,44.5,M,汉,4514,3,01,MATE,SIBLING,1,70.0,贵州省,CONSUME,01,,23.08022673753149,113.28207569399986,ANDROID,,广东省广州市海珠区凤阳街道西畔里后街1号,0
100000,102,商洛市,派克汉尼汾,Z,90,APP,2,31.5,M,汉,6321,4,01,PARENTS,SIBLING,2,95.83,陕西省,CONSUME,01,,31.59796,120.379669,ANDROID,,江苏省无锡市锡山区云林街道春云路,0
100000,,济宁市,山东博文建筑劳务有限公司,Z,90,XCX,3,43.0,M,汉,3254,3,01,COLLEAGUE,SIBLING,1,70.0,山东省,CONSUME,01,,36.61756004443661,116.95412558873405,ANDROID,,山东省济南市市中区七贤街道大学路,0
100000,102,商洛市,派克汉尼汾,Z,90,APP,2,31.5,M,汉,6321,4,01,PARENTS,SIBLING,2,95.83,陕西省,CONSUME,01,,31.59796,120.379669,ANDROID,,江苏省无锡市锡山区云林街道春云路,0
100000,,深圳市,丰顺县培英电声有限公司,G,13,XCX,3,30.2,M,汉,6835,2,01,RELATIVES,FRIENDS,2,70.0,广东省,CONSUME,01,,22.556888,113.984686,IOS,,广东省深圳市南山区沙河街道深云立交桥,0
100000,103,邢台市,赵麻村村委,S,11,APP,3,43.5,M,汉,4417,3,01,MATE,FRIENDS,1,77.98204,河北省,CONSUME,01,,37.066230051610229,114.62339045332823,ANDROID,,河北省邢台市南和区贾宋镇,0
100000,309,绥化市,川洋家私有限公司,C,24,APP,3,42.8,M,汉,4152,3,01,FRIENDS,COLLEAGUE,2,90.593,黑龙江省,CONSUME,01,,30.452038802883555,120.57259546961333,ANDROID,,浙江省嘉兴市海宁市盐官镇园区五路,0
100000,104,天津市,莎莎化妆品（中国）有限公司,C,24,APP,3,30.7,F,汉,7100,4,,FATHER,SIBLING,1,85.012,天津市,CONSUME,01,,39.182604427756448,117.38910091694507,ANDROID,,天津市东丽区华明街道,0
100000,,昆明市,丽江水利水电有限公司,D,17,APP,2,30.9,M,回,6708,2,01,PARENTS,FRIENDS,2,89.267,云南省,CONSUME,01,,25.332256,103.04521,ANDROID,,云南省昆明市嵩明县嵩阳街道G85(杭瑞高速),0
100000,,余姚市,宁波宁兴新宇汽车销售服务有限公司,H,54,XCX,3,26.7,M,汉,1527,2,01,FATHER,FRIENDS,2,70.0,浙江省,CONSUME,01,,30.08784884982639,121.16115261501736,ANDROID,,浙江省宁波市余姚市凤山街道永丰中路,0
100000,105,长沙市,湖南柠乐品牌管理有限公司,H,54,APP,3,27.6,M,汉,2411,2,01,MOTHER,FRIENDS,2,70.0,湖南省,CONSUME,01,,28.669981,115.892319,ANDROID,,江西省南昌市西湖区九洲街道友竹路36号,0
100000,,北京市,自己创业,Z,90,XCX,4,46.0,F,汉,3285,2,01,MOTHER,FRIENDS,1,70.0,北京市,CONSUME,01,,39.94302506054917,116.28453048528022,ANDROID,,北京市海淀区曙光街道曙光花园东路,0
100000,,宝鸡市,陕西大数信息技术有限公司,G,13,APP,4,38.4,F,汉,4147,2,01,MOTHER,FRIENDS,1,70.0,陕西省,CONSUME,02,,34.293108952911918,108.86679546376665,ANDROID,,陕西省西安市未央区未央宫街道邓六路,1
100000,309,南京市,南京皓众企业咨询管理有限公司,L,17,APP,4,28.8,M,汉,7101,4,01,MATE,FATHER,1,70.0,江苏省,CONSUME,01,,32.07766733647952,118.64079688711016,ANDROID,,江苏省南京市浦口区顶山街道G312(沪霍线),0
100000,,益阳市,岳阳三毛烧烤,Z,90,XCX,2,32.7,M,汉,5223,3,01,FATHER,MOTHER,2,70.0,湖南省,CONSUME,02,,28.262244,113.053496,ANDROID,,湖南省长沙市长沙县湘龙街道拓新路,0
100000,102,邯郸市,武安市喜丰汽贸,O,17,APP,2,34.6,M,汉,5996,2,01,PARENTS,SIBLING,2,93.164,河北省,CONSUME,01,,36.72827997166064,113.92169753674905,ANDROID,,河北省邯郸市武安市阳邑镇,0
100000,102,沧州市,沧州旭阳化工有限公司,C,24,XCX,3,24.2,M,汉,2451,2,01,FRIENDS,FRIENDS,2,70.0,河北省,CONSUME,01,,37.891151,116.537905,ANDROID,,河北省沧州市东光县东光镇青年路,0
100000,103,南充市,欧维大药房连锁有限公司雅观村分店,H,54,XCX,3,44.0,M,汉,2032,4,01,RELATIVES,RELATIVES,1,70.0,四川省,CONSUME,01,,30.326607230384484,119.7907890426156,ANDROID,,浙江省杭州市临安区青山湖街道长西线,0
100000,102,延安市,延安市安塞区信访局,S,11,APP,4,41.1,M,汉,4766,2,01,FATHER,MATE,1,70.0,陕西省,CONSUME,01,,36.68515,109.139699,ANDROID,,陕西省延安市安塞区砖窑湾镇G341(胶海线),0
100000,105,赣州市,上海德筑,H,54,XCX,4,30.5,F,汉,5703,3,01,MOTHER,FRIENDS,2,70.0,江西省,CONSUME,01,,23.102646780413687,113.35465872085919,ANDROID,,广东省广州市海珠区琶洲街道展场南路,0
100000,103,许昌市,株洲保利大剧院管理有限公司,S,11,APP,3,35.9,M,汉,5495,4,01,FATHER,COLLEAGUE,1,83.664,河南省,CONSUME,02,,27.816221,113.123132,ANDROID,,湖南省株洲市天元区泰山路街道黄山路209号,1
100000,,孝感市,金发科技股份有限公司,Z,90,APP,4,33.8,M,汉,4609,3,01,FATHER,COLLEAGUE,2,70.0,湖北省,CONSUME,01,,23.465373,113.379825,ANDROID,,广东省广州市花都区花东镇七星响水庄街,0
100000,102,泰州市,福兴祥大酒店,I,54,APP,2,41.4,F,汉,4214,4,01,MATE,FATHER,1,82.849,江苏省,CONSUME,01,,32.136234075964789,120.00230282691834,ANDROID,,江苏省泰州市泰兴市延令街道S334,0
100000,102,攀枝花市,成都铁路局西南物流有限公司,F,17,APP,3,39.8,M,汉,2869,2,,FATHER,FRIENDS,3,70.0,四川省,CONSUME,01,,26.553667,101.695872,ANDROID,,四川省攀枝花市仁和区前进镇G227(金沙江大道西段),1
100000,103,荆州市,小崔大蒜生姜批发,H,54,XCX,2,33.0,M,汉,6323,4,01,MATE,FRIENDS,1,87.643,湖北省,CONSUME,01,,30.28309993141394,112.32887214429269,ANDROID,,湖北省荆州市沙市区联合乡,0
100000,105,商丘市,温诗金个人工作室,Z,90,XCX,2,41.9,M,汉,4887,4,01,MATE,FATHER,1,70.0,河南省,CONSUME,01,,34.23568112176645,115.58786626566874,ANDROID,,河南省商丘市睢阳区李口镇,0
100000,,湘西土家族苗族自治州,塞金指技术有限公司,Z,90,XCX,2,32.6,M,苗,6580,2,01,SIBLING,FRIENDS,2,70.0,湖南省,CONSUME,01,,30.503299817012374,114.6197878113886,ANDROID,,湖北省武汉市洪山区左岭街道,0
100000,302,天津市,谷川联行有限公司,Z,90,XCX,4,29.1,M,汉,6397,3,,FATHER,COLLEAGUE,2,86.257,天津市,CONSUME,01,,39.13572781032986,117.09389621310764,ANDROID,,天津市西青区中北镇S113(外环西路),0
100000,,明光市,南京永华玻璃有限公司,C,24,XCX,3,30.4,M,汉,1032,4,01,FATHER,FRIENDS,2,70.0,安徽省,CONSUME,01,,32.12050103081597,119.03725016276042,ANDROID,,江苏省镇江市句容市宝华镇射乌山路,0
100000,103,汕头市,佛山市富森行纺织品有限公司,C,24,APP,3,32.4,M,汉,6558,4,01,OTHER,OTHER,2,70.0,广东省,CONSUME,01,,23.219560594976686,116.38711517568264,IOS,,广东省汕头市潮南区两英镇东英路,0
100000,,邢台市,梁衡山个人工作室,Z,90,APP,3,40.4,M,汉,5320,4,01,FATHER,FATHER,1,70.0,河北省,CONSUME,01,,38.03857,116.336273,ANDROID,,河北省沧州市泊头市交河镇G338(海天线),0
100000,102,大庆市,宁波佳乘供应链管理有限公司,H,54,APP,4,29.4,M,汉,1222,2,,FATHER,FRIENDS,2,70.0,黑龙江省,CONSUME,02,,46.57615,125.147453,ANDROID,,黑龙江省大庆市龙凤区黎明街道兴化街,0
100000,301,邯郸市,康迪餐饮,I,54,APP,2,42.8,F,汉,4299,4,01,RELATIVES,FRIENDS,1,70.0,河北省,CONSUME,01,,34.77797695333377,113.71412286571929,ANDROID,,河南省郑州市金水区祭城路街道商务外环路13号,0
100000,103,镇江市,京口区大明熬面馆,I,54,APP,2,48.0,M,汉,2236,3,01,RELATIVES,RELATIVES,1,90.996,江苏省,CONSUME,01,,32.226006,119.482437,ANDROID,,江苏省镇江市京口区象山街道焦山路,0
100000,103,亳州市,马艳艳个人工作室,Z,90,APP,4,32.8,F,汉,4971,2,01,MATE,COLLEAGUE,1,70.0,安徽省,CONSUME,01,,33.15273785798899,116.21702964970435,ANDROID,,安徽省亳州市利辛县城关镇S245辅路,0
100000,,广州市,广州市炳胜饮食管理有限公司,L,17,XCX,4,39.5,M,汉,3790,4,01,FATHER,RELATIVES,1,70.0,广东省,CONSUME,01,,23.097100455278743,113.2806655230799,ANDROID,,广东省广州市海珠区新港街道新港西路25号,1
100000,102,沧州市,成城机电,G,13,APP,3,42.5,M,汉,2556,2,01,MATE,SIBLING,1,70.0,河北省,CONSUME,01,,38.79893734624356,116.32825731707081,ANDROID,,河北省沧州市任丘市梁召镇闫五街,0
100000,103,辽阳市,辽阳济仁医院,Q,11,XCX,4,35.4,F,汉,3930,4,01,MOTHER,FRIENDS,1,70.0,辽宁省,CONSUME,01,,41.24887071397569,123.18162516276041,ANDROID,,辽宁省辽阳市白塔区南门街道兴华路,0
100000,103,辽阳市,辽阳济仁医院,Q,11,XCX,4,35.4,F,汉,3930,4,01,MOTHER,FRIENDS,1,70.0,辽宁省,CONSUME,01,,41.24887071397569,123.18162516276041,ANDROID,,辽宁省辽阳市白塔区南门街道兴华路,0
100000,102,上海市,上海妍盛贸易有限公司,C,24,APP,3,40.6,F,汉,4938,2,01,COLLEAGUE,MATE,1,70.0,上海市,CONSUME,02,,32.849518,130.757837,ANDROID,,"Kumamoto, Japan",0
100000,310,南宁市,健民肉菜配送,F,17,XCX,2,38.8,F,汉,3493,2,,MATE,FRIENDS,1,70.0,广西壮族自治区,CONSUME,04,,22.07637478298611,113.39243733723958,ANDROID,,广东省珠海市金湾区三灶镇S272(金海东路),0
100000,103,许昌市,株洲保利大剧院管理有限公司,S,11,APP,3,35.9,M,汉,5495,4,01,FATHER,COLLEAGUE,1,83.664,河南省,CONSUME,02,,27.816221,113.123132,ANDROID,,湖南省株洲市天元区泰山路街道黄山路209号,0
100000,,成都市,链家有限公司,Z,90,XCX,4,24.5,M,汉,2525,2,01,FRIENDS,MOTHER,2,70.0,四川省,CONSUME,01,,34.774322,113.618103,IOS,,河南省郑州市中原区桐柏路街道朱屯大街20号,0
100000,105,连云港市,苏州梦想人软件科技有限公司,G,13,APP,3,32.5,M,汉,631,4,01,MATE,FRIENDS,1,70.0,江苏省,CONSUME,01,,21.01817143096454,110.50681869032697,ANDROID,,广东省湛江市麻章区东简街道东海大道,0
100000,103,丹东市,北京市凤岭养老中心,S,11,XCX,4,42.7,F,汉,3940,3,01,FATHER,FRIENDS,2,78.59722,辽宁省,CONSUME,01,,40.72493503649315,120.88255014172096,ANDROID,,辽宁省葫芦岛市龙港区连湾街道,0
100000,105,天津市,天津市外国企业专家服务有限公司,H,54,XCX,4,49.6,M,汉,99999,4,01,FATHER,MATE,2,88.667,天津市,CONSUME,01,,39.106608793400528,117.19327394710025,ANDROID,,天津市和平区五大道街道大理道70号,1
100000,,屯昌县,墨瑟门窗,H,54,XCX,2,30.5,M,汉,270,2,,FRIENDS,COLLEAGUE,2,88.479,海南省,CONSUME,04,,18.279515245225696,109.52891710069444,ANDROID,,海南省三亚市吉阳区,0
100000,103,绍兴市,私营业主,Z,90,APP,2,41.4,M,汉,1912,3,01,MATE,FRIENDS,1,91.0,浙江省,CONSUME,01,,29.71830995832061,120.22249344810261,ANDROID,,浙江省绍兴市诸暨市暨阳街道关王路,0
100000,102,泰安市,山东海天鑫燕游艇科技有限公司,C,24,APP,4,44.2,F,汉,3062,3,01,RELATIVES,FRIENDS,1,70.0,山东省,CONSUME,01,,35.955052,116.28449,ANDROID,,山东省泰安市东平县老湖镇,0
100000,,开封市,中国人民财产保险股份有限公司,Z,90,XCX,4,39.2,M,汉,3647,2,01,FRIENDS,FRIENDS,2,70.0,河南省,CONSUME,01,,34.77837836371528,114.2992458767361,IOS,,河南省开封市龙亭区金耀街道魏都路109,0
100000,103,枣庄市,滕州市巨星新型建材有限公司,Z,90,APP,3,48.6,M,汉,525,3,01,FRIENDS,FRIENDS,1,70.0,山东省,CONSUME,01,,35.063033528410027,117.19086466667199,ANDROID,,山东省枣庄市滕州市龙泉街道S321(龙泉路),0
100000,,抚州市,四季水果店,Z,90,APP,2,37.0,M,汉,5313,3,01,MATE,MOTHER,1,85.808,江西省,CONSUME,01,,26.839975,116.320065,ANDROID,,江西省抚州市广昌县旴江镇解放南路190号,0
100000,,宿迁市,江苏省泗阳县临河镇张记凉皮店,H,54,XCX,2,45.8,M,汉,468,3,01,MATE,SIBLING,1,70.0,江苏省,CONSUME,02,,33.72568603515625,118.54698540581597,ANDROID,,江苏省宿迁市泗阳县临河镇S325(徐淮路),0
100000,,扬州市,仪征市新集永福通信,Z,90,APP,2,45.8,M,汉,773,4,01,RELATIVES,FRIENDS,1,70.0,江苏省,CONSUME,01,,32.279514,119.214464,ANDROID,,江苏省扬州市仪征市新城镇,0
100000,,周口市,元素视觉婚纱摄影,Z,90,APP,4,30.1,M,汉,43,2,01,MATE,FRIENDS,2,70.0,河南省,CONSUME,01,,23.13826160433543,113.3538462936149,ANDROID,,广东省广州市天河区棠下街道粤生街48,0
100000,,六安市,合肥舜禹效果图设计有限公司,H,54,XCX,4,35.5,F,汉,130,2,01,FATHER,FATHER,1,70.0,安徽省,CONSUME,01,,32.35897623697917,116.2985270182292,IOS,,安徽省六安市霍邱县新店镇新店路,0
100000,301,常州市,苏州倍咏医疗科技有限公司,M,11,APP,3,26.3,M,汉,1670,3,01,FATHER,COLLEAGUE,2,85.98,江苏省,CONSUME,01,,31.81626157965399,120.01764328845485,IOS,,江苏省常州市天宁区青龙街道虹阳路,0
100000,103,济宁市,青岛经济技术开发区海尔热水器有限公司,C,24,APP,4,37.1,M,汉,4025,3,01,FRIENDS,FRIENDS,1,70.0,山东省,CONSUME,02,,36.072992,120.073567,ANDROID,,山东省青岛市黄岛区红石崖街道云顶山路,0
100000,,鄂州市,湖北振扬化工有限公司,Z,90,XCX,3,46.5,M,汉,6714,4,01,FATHER,FATHER,1,70.0,湖北省,CONSUME,01,,30.534876,114.30068,ANDROID,,湖北省武汉市武昌区紫阳街道工程营,0
100000,,淮南市,淮南皖淮科技有限公司,G,13,APP,4,38.8,F,汉,3898,2,01,MOTHER,FATHER,3,70.0,安徽省,CONSUME,01,,32.477375217013886,117.14041531032986,ANDROID,,安徽省合肥市长丰县水湖镇S102(繁湖大道),0
100000,104,泸州市,泸州云龙机场集团有限公司,F,17,APP,3,27.9,M,汉,6768,4,01,RELATIVES,COLLEAGUE,2,90.51,四川省,CONSUME,02,,28.922695,105.459202,ANDROID,,四川省泸州市龙马潭区鱼塘街道希望大道88号,0
100000,102,重庆市,重庆建工集团,Z,90,APP,2,33.2,M,汉,4928,2,01,FRIENDS,MATE,1,89.835,重庆市,CONSUME,01,,29.587407002044174,106.310055376866330,ANDROID,,重庆市沙坪坝区香炉山街道学善路,0
100000,105,淮南市,上海浦升混泥土有限公司,Z,90,XCX,2,34.1,M,汉,6344,4,01,PARENTS,FRIENDS,2,90.103,安徽省,CONSUME,01,,32.22112016698366,116.58319551711085,ANDROID,,安徽省淮南市寿县张李乡,0
100000,104,平顶山市,杏花源陌宴,H,54,APP,2,23.9,M,汉,2504,2,01,FATHER,SIBLING,2,70.0,河南省,CONSUME,01,,33.83640082465278,113.22413899739583,ANDROID,,河南省平顶山市宝丰县闹店镇,0
100000,403,大理白族自治州,中通服项目管理咨询有限公司,L,17,APP,3,34.2,M,汉,4800,4,01,MATE,FATHER,1,70.0,云南省,CONSUME,01,,23.9339996136682,100.1202459877661,ANDROID,,云南省临沧市临翔区忙畔街道G5615(天猴高速),0
100000,102,淄博市,淄博明君商贸有限公司,H,54,APP,4,37.3,M,汉,5670,4,01,MATE,SIBLING,1,70.0,山东省,CONSUME,02,,36.842581,118.067485,ANDROID,,山东省淄博市张店区四宝山街道金晶大道186号,0
100000,105,黄冈市,上海市松江区新生态酒店,I,54,APP,2,48.6,M,汉,1573,2,01,FRIENDS,SIBLING,3,70.0,湖北省,CONSUME,01,,24.824351165213004,118.60192988688996,ANDROID,,福建省泉州市晋江市陈埭镇汾江西路,0
100000,102,邢台市,中算科技,G,13,APP,4,32.3,M,汉,1011,2,01,FATHER,MOTHER,2,94.114,河北省,CONSUME,01,,37.10759307874033,114.49025322310361,ANDROID,,河北省邢台市襄都区泉东街道向阳街,0
100000,102,萍乡市,萍乡市鑫峰源建筑安装有限公司,P,13,APP,3,49.7,M,汉,1716,4,01,MATE,COLLEAGUE,1,70.0,江西省,CONSUME,01,,27.85676535400002,113.78433608623259,ANDROID,,江西省萍乡市上栗县上栗镇迎宾大道,0
100000,105,梅州市,梅州市梅县区辉泰装饰服务部,E,24,APP,2,49.9,M,汉,176,4,01,FATHER,MATE,1,88.608,广东省,CONSUME,01,,24.302471843880804,116.1007049539013,ANDROID,,广东省梅州市梅江区西郊街道广梅路82-之2-5,0
100000,,晋中市,寿阳亨元煤业有限公司,Z,90,XCX,3,30.3,M,汉,6799,4,01,FATHER,MOTHER,2,70.0,山西省,CONSUME,01,,37.98660210503472,113.16946397569444,ANDROID,,山西省晋中市寿阳县解愁乡,0
100000,105,温州市,瑞安市逸兴鞋业有限公司,C,24,APP,2,34.2,M,汉,4514,4,01,MATE,FRIENDS,1,89.764,浙江省,CONSUME,01,,27.786877888698699,120.55892370345502,ANDROID,,浙江省温州市瑞安市仙降街道仙云路,0
100000,103,大理白族自治州,兰林阁酒店,I,54,APP,2,35.5,M,白,4553,4,01,PARENTS,FRIENDS,1,70.0,云南省,CONSUME,01,,25.698224494669249,100.16878495515697,ANDROID,,云南省大理白族自治州大理市大理镇人民路,0
100000,,青岛市,青岛海融兴达商业管理有限公司,Z,90,XCX,4,38.4,F,汉,5161,3,01,MOTHER,SIBLING,1,70.0,山东省,CONSUME,01,,35.96521898356028,120.22358604313702,ANDROID,,山东省青岛市黄岛区薛家岛街道长江东路305,1
100000,,临汾市,王润荣个人工作室,Z,90,XCX,3,24.1,F,汉,2066,2,01,FRIENDS,FRIENDS,2,70.0,山西省,CONSUME,01,,38.41064921433971,112.76197735792367,ANDROID,,山西省忻州市忻府区长征街街道,0
100000,,朔州市,杭州康飞电子科技有限公司,Z,90,APP,2,30.0,M,汉,6670,2,01,COLLEAGUE,COLLEAGUE,1,89.276,山西省,CONSUME,01,,30.340943,120.070224,ANDROID,,浙江省杭州市西湖区三墩镇金蓬街,0
100000,403,北京市,北京华夏监理公司,E,24,APP,4,38.2,F,汉,3688,3,01,FRIENDS,FRIENDS,2,70.0,北京市,CONSUME,01,,39.717828,116.122794,ANDROID,,北京市房山区西潞街道金光南街2号,0
100000,102,新郑市,新郑市金帝商贸城惠展服装店,H,54,XCX,2,39.8,F,汉,3975,4,01,MATE,SIBLING,1,79.246,河南省,CONSUME,01,,34.63852134460489,113.73299329488839,IOS,,河南省郑州市管城回族区南曹街道,0
100000,103,潍坊市,尹玉梅个人工作室,Z,90,XCX,3,26.2,F,汉,250,4,01,FATHER,FRIENDS,2,84.721,山东省,CONSUME,01,,39.106956207478727,117.20218938642951,IOS,,天津市河西区桃园街道爱丽舍路,0
100000,103,西安市,陕西长安旅游汽车服务有限公司,O,17,XCX,3,44.8,M,汉,1765,3,01,RELATIVES,FRIENDS,1,90.227,陕西省,CONSUME,01,,34.498464,108.928996,ANDROID,,陕西省咸阳市泾阳县崇文镇泾河大道东段辅路,0
100000,104,莆田市,武汉市武昌区高升铝制品厂,C,24,APP,2,35.3,M,汉,4102,2,01,MATE,COLLEAGUE,1,70.0,福建省,CONSUME,01,,37.407555,122.153786,ANDROID,,山东省威海市环翠区凤林街道桐兴路,0
100000,104,杭州市,青禧医美,H,54,APP,3,27.6,F,汉,1751,2,01,RELATIVES,FRIENDS,2,90.626,浙江省,CONSUME,01,,41.792632,123.409968,ANDROID,,辽宁省沈阳市和平区太原街街道和平北大街68号,0
100000,103,潍坊市,尹玉梅个人工作室,Z,90,XCX,3,26.2,F,汉,250,4,01,FATHER,FRIENDS,2,84.721,山东省,CONSUME,01,,39.106956207478727,117.20218938642951,IOS,,天津市河西区桃园街道爱丽舍路,0
100000,102,陇南市,王彦彦个人工作室,Z,90,XCX,2,31.1,F,汉,171,4,01,MATE,FATHER,1,70.0,甘肃省,CONSUME,01,,33.949414692963667,105.33057468134608,ANDROID,,甘肃省陇南市西和县十里镇,0
100000,,上海市,金彦个人工作室,S,11,APP,4,45.0,F,汉,3970,4,01,RELATIVES,RELATIVES,3,70.0,上海市,CONSUME,01,,30.323906481329118,120.17485185637688,ANDROID,,浙江省杭州市拱墅区东新街道长浜路,0
100000,105,广安市,中国航发商用航空发动机制造有限责任公司,M,11,APP,4,26.2,M,汉,1641,2,01,FATHER,FATHER,2,90.467,四川省,CONSUME,01,,31.043882109328125,121.45169670571554,ANDROID,,上海市闵行区吴泾镇永德路360弄-13号,0
100000,,厦门市,深圳市恒裕实业有限公司,C,24,XCX,3,37.7,F,汉,4522,3,01,FATHER,FRIENDS,1,70.0,福建省,CONSUME,01,,22.538500195784385,113.93653916925259,ANDROID,,广东省深圳市南山区粤海街道科技南三路7-西门,0
100000,102,达州市,成都市如元软件有限责任公司,G,13,APP,3,31.5,M,汉,1619,4,01,FATHER,FRIENDS,2,70.0,四川省,CONSUME,01,,30.426425907271299,103.82030092732578,ANDROID,,四川省成都市新津区五津街道瑞东路,0
100000,105,潍坊市,创业大厦,Z,90,XCX,4,28.5,F,汉,6413,4,01,PARENTS,PARENTS,2,79.549,山东省,CONSUME,01,,36.515335320158907,118.52623295363458,ANDROID,,山东省潍坊市临朐县城关街道龙泉路24号,1
100000,105,石家庄市,欧派厨卫,H,54,APP,3,38.4,F,汉,4326,4,01,FATHER,FATHER,1,70.0,河北省,CONSUME,01,,37.871883,114.672622,ANDROID,,河北省石家庄市栾城区栾城镇新开路,0
100000,102,泰安市,山东鲁盛电子科技有限公司,G,13,APP,2,49.0,M,汉,3935,4,,SIBLING,COLLEAGUE,1,70.0,山东省,CONSUME,01,,35.738289,116.84292,ANDROID,,山东省泰安市宁阳县乡饮乡,0
100000,,东莞市,广东省广播电视网络股份有限公司东莞分公司,Z,90,XCX,3,37.9,F,汉,5359,4,01,FATHER,FATHER,2,70.0,广东省,CONSUME,01,,22.933992,113.941025,ANDROID,,广东省东莞市大朗镇富华南路226号,0
100000,,菏泽市,雷秋军个人工作室,Z,90,XCX,3,44.1,M,汉,861,2,01,MATE,FRIENDS,1,86.995,山东省,CONSUME,01,,39.14915554470486,117.06866509331597,ANDROID,,天津市西青区中北镇西青道辅路,0
100000,104,六安市,杭州市大屋有限公司,Z,90,XCX,2,38.7,F,汉,4885,2,,CHILDREN,FATHER,1,98.0,安徽省,CONSUME,02,,30.30563908712765,120.21075339586531,IOS,,浙江省杭州市上城区笕桥街道机场路172-36号,0
100000,306,佛山市,广东顺德创喜邦盛家居有限公司,C,24,APP,4,41.0,M,汉,3489,4,,MATE,SIBLING,1,70.0,广东省,CONSUME,01,,22.912131,113.252647,ANDROID,,广东省佛山市顺德区北滘镇顺德快速辅路,0
100000,103,丹东市,丹东市韵森生态种植专业合作社,A,27,APP,4,30.6,F,满,792,2,,FATHER,FRIENDS,2,91.33303,辽宁省,CONSUME,01,,40.12412996333435,124.37587274919435,IOS,,辽宁省丹东市振兴区临江街道振八街,0
100000,105,潍坊市,创业大厦,Z,90,XCX,4,28.5,F,汉,6413,4,01,PARENTS,PARENTS,2,79.549,山东省,CONSUME,01,,36.515335320158907,118.52623295363458,ANDROID,,山东省潍坊市临朐县城关街道龙泉路24号,0
100000,102,汕头市,马苏滨个人工作室,Z,90,XCX,2,37.5,M,汉,6672,4,01,MATE,FATHER,1,70.0,广东省,CONSUME,01,,23.257332810240717,116.4867562119271,ANDROID,,广东省汕头市潮阳区和平镇,0
100000,103,沧州市,小馋嘴鸭货,I,54,XCX,2,38.1,F,汉,4556,2,01,RELATIVES,FRIENDS,1,70.0,河北省,CONSUME,01,,38.388491768978749,116.61087696204517,ANDROID,,河北省沧州市沧县大官厅乡G105(京澳线),1
100000,105,日照市,山东光华建设有限公司,E,24,XCX,2,34.9,M,汉,5306,2,01,FRIENDS,MATE,2,87.498,山东省,CONSUME,01,,35.11749947725661,119.38431410143412,IOS,,山东省日照市岚山区前三岛乡岚中十五路,0
100000,104,烟台市,小农水果店,H,54,APP,2,33.9,M,汉,4969,2,01,MOTHER,FRIENDS,1,70.0,山东省,CONSUME,01,,36.771408,121.166971,ANDROID,,山东省烟台市海阳市东村街道文山街,1
100000,103,铜陵市,未知所在公司,Z,90,XCX,3,36.3,F,汉,5614,4,01,RELATIVES,FRIENDS,1,88.213,安徽省,CONSUME,01,,30.83754373870353,117.41333112809679,ANDROID,,安徽省铜陵市枞阳县金社镇,0
100000,105,菏泽市,圣贤艺术培训,P,13,XCX,4,27.9,F,汉,1268,2,01,CHILDREN,RELATIVES,2,87.146,山东省,CONSUME,01,,35.3008302771033,116.04152114821263,IOS,,山东省菏泽市巨野县大义镇S242,0
100000,102,宁德市,佳惠便利店,H,54,APP,2,46.2,F,汉,6225,4,01,FATHER,SIBLING,1,70.0,福建省,CONSUME,01,,26.888832107369095,120.04554367092739,ANDROID,,福建省宁德市霞浦县松港街道,0
100000,105,温州市,天华印刷厂,C,24,APP,2,43.6,F,汉,4252,4,01,FATHER,FRIENDS,1,70.0,浙江省,CONSUME,02,,27.443107982695439,120.62039613706615,ANDROID,,浙江省温州市苍南县金乡镇吴兴桥,1
100000,105,济宁市,济宁迪尔集团有限公司,H,54,XCX,2,37.3,M,汉,3422,3,01,MATE,FRIENDS,1,70.0,山东省,CONSUME,01,,35.226052,116.796065,ANDROID,,山东省济宁市邹城市郭里镇经济园区路,0
100000,105,阳江市,广东粤运朗日股份有限公司,Z,90,APP,4,49.3,M,汉,1450,4,01,FATHER,FATHER,1,90.141,广东省,CONSUME,01,,21.881293087443415,111.99565383632903,ANDROID,,广东省阳江市江城区岗列街道金山路8号,0
100000,103,无锡市,无锡市正协机械制造有限公司,C,24,APP,2,45.2,M,汉,3773,2,01,MATE,FATHER,1,78.76357,江苏省,CONSUME,01,,31.507713717286408,120.50430125705657,ANDROID,,江苏省无锡市新吴区鸿山街道环鸿北路,1
100000,102,长沙市,陈志乾个人工作室,H,54,XCX,4,40.3,M,汉,2130,4,01,MATE,SIBLING,1,94.0,湖南省,CONSUME,01,,28.118726621562386,113.00881747785971,ANDROID,,湖南省长沙市雨花区井湾子街道井莲路,0
100000,,六安市,中铁上海工程局集团建筑工程有限公司,E,24,XCX,4,26.5,M,汉,891,3,,RELATIVES,COLLEAGUE,2,70.0,安徽省,CONSUME,03,,31.622309,120.280507,ANDROID,,江苏省无锡市梁溪区黄巷街道广石西路804号,0
100000,,连云港市,宏瑞服饰,H,54,XCX,2,36.2,F,汉,6854,3,01,FATHER,FATHER,2,70.0,江苏省,CONSUME,01,,34.075667,118.79106,ANDROID,,江苏省宿迁市沭阳县十字街道G205辅路,0
100000,,北京市,北京宇艺凡文化传媒有限公司,R,17,XCX,2,34.5,F,汉,5692,2,01,MATE,FRIENDS,2,70.0,北京市,CONSUME,01,,28.134825,112.986365,ANDROID,,湖南省长沙市天心区文源街道青园路163号,0
100000,,宿州市,安徽贯城知识产权代理有限公司,O,17,APP,2,26.1,M,汉,2594,2,01,FATHER,FRIENDS,2,70.0,安徽省,CONSUME,01,,33.647712,116.980484,ANDROID,,安徽省宿州市埇桥区北关街道沱河西路73,0
100000,104,聊城市,山东宏业发展集团有限公司,H,54,XCX,2,40.9,M,汉,3087,4,01,OTHER,OTHER,1,76.14171,山东省,CONSUME,01,,36.723811907491,117.18172246116126,ANDROID,,山东省济南市历城区鲍山街道凤鸣北路,0
100000,104,白银市,西北铅锌冶炼厂,C,24,APP,4,35.9,F,汉,3894,2,01,PARENTS,MATE,1,76.555,甘肃省,CONSUME,01,,36.56295721534215,104.17272083415851,ANDROID,,甘肃省白银市白银区工农路街道北环路辅路,0
100000,,信阳市,琥正电子,Z,90,APP,3,40.2,F,汉,6782,3,01,MATE,CHILDREN,1,70.0,河南省,CONSUME,01,,31.817128168698529,119.96645505841789,ANDROID,,江苏省常州市新北区三井街道惠国路,0
100000,403,徐州市,祺铭阁珠宝,H,54,APP,2,31.7,M,汉,6331,4,01,FRIENDS,FRIENDS,1,84.631,江苏省,CONSUME,01,,34.52386832219783,118.7828090021111,ANDROID,,江苏省连云港市东海县牛山街道和平路,0
100000,102,宝鸡市,天成一站式服务,H,54,APP,2,32.4,M,汉,6791,2,01,FATHER,FRIENDS,2,80.035,陕西省,CONSUME,01,,34.34720283392995,107.12645983025344,ANDROID,,陕西省宝鸡市渭滨区清姜街道,0
100000,,漯河市,九兴庄茶业,Z,90,APP,2,34.4,F,汉,5445,3,,MOTHER,FRIENDS,1,70.0,河南省,CONSUME,01,,34.825166532659938,113.7714010769924,ANDROID,,河南省郑州市金水区祭城路街道G30(连霍高速),1
100000,,咸阳市,悦和中餐厅,Z,90,XCX,2,26.9,M,汉,1025,4,01,RELATIVES,FRIENDS,2,70.0,陕西省,CONSUME,01,,34.21544315628215,108.88751053884376,IOS,,陕西省西安市雁塔区丈八沟街道高新路88号,1
100000,,秦皇岛市,学高少儿教育,P,13,XCX,4,38.7,F,满,5300,2,01,MATE,FRIENDS,1,70.0,河北省,CONSUME,01,,39.952489149305556,119.634013671875,ANDROID,,河北省秦皇岛市海港区东环路街道燕山大街东段,0
100000,403,上海市,上海市建设工程监理咨询有限公司,E,24,XCX,3,35.5,M,汉,6302,4,,PARENTS,FRIENDS,2,70.0,上海市,CONSUME,01,,31.27295412886355,121.60263660498609,IOS,,上海市浦东新区金桥镇佳林路53号,0
100000,,常德市,源和新材料科技有限公司,Z,90,XCX,2,39.6,M,汉,4102,3,01,MATE,RELATIVES,1,70.0,湖南省,CONSUME,01,,22.978872208623405,114.10678303474509,ANDROID,,广东省东莞市谢岗镇规划横一路,0
100000,102,宁波市,余姚市通利家电维修服务部,O,17,XCX,2,44.0,M,汉,1291,4,01,RELATIVES,FRIENDS,1,70.0,浙江省,CONSUME,01,,30.037001657515526,121.16915041785886,ANDROID,,浙江省宁波市余姚市梨洲街道世南东路,0
100000,,天水市,张鹏亮个人工作室,Z,90,XCX,4,22.1,M,汉,3272,4,01,MATE,FRIENDS,1,89.032,甘肃省,CONSUME,01,,39.72800225177534,98.54857290451744,ANDROID,,甘肃省酒泉市肃州区泉湖镇,0
100000,105,徐州市,温州季忆教育科技有限公司,G,13,APP,4,36.9,M,汉,5599,4,01,MATE,COLLEAGUE,1,70.0,江苏省,CONSUME,01,,27.987713,120.721485,ANDROID,,浙江省温州市龙湾区蒲州街道九峰山路3号,0
100000,,连州市,黎江众诚劳务有限公司,O,17,XCX,2,38.5,F,汉,4297,4,01,PARENTS,FRIENDS,2,70.0,广东省,CONSUME,01,,24.773025066728203,112.39159077402168,ANDROID,,广东省清远市连州市连州镇南津路,0
100000,102,南充市,蓬安兴旺摩配,F,17,APP,2,31.8,M,汉,5252,2,01,MATE,FATHER,1,85.05,四川省,CONSUME,01,,31.035162446172595,106.4107717360423,ANDROID,,四川省南充市蓬安县相如街道嘉陵中路177号,0
100000,,株洲市,株洲阿波罗宠物医院,R,17,XCX,3,47.7,M,汉,5865,3,01,MATE,FRIENDS,1,70.0,湖南省,CONSUME,01,,27.880610811115177,113.16086987860031,ANDROID,,湖南省株洲市荷塘区桂花街道水支03路,0
100000,105,襄阳市,郭艳虎个人工作室,Z,90,APP,3,42.7,M,汉,2984,2,01,MOTHER,SIBLING,2,70.0,湖北省,CONSUME,01,,32.18749846481508,112.39535677552016,ANDROID,,湖北省襄阳市襄州区双沟镇东风路,0
100000,,成都市,鄢建刚个人工作室,Z,90,APP,3,49.1,M,汉,3612,2,01,FRIENDS,RELATIVES,1,70.0,四川省,CONSUME,01,,30.567391,104.258408,ANDROID,,四川省成都市龙泉驿区龙泉街道卧龙街99,0
100000,103,扬州市,王军个人工作室,Z,90,APP,3,47.9,M,汉,70,4,01,RELATIVES,RELATIVES,1,70.0,江苏省,CONSUME,01,,34.90057947892918,108.95118342039344,ANDROID,,陕西省铜川市耀州区正阳路街道长丰南路,0
100000,102,咸阳市,陕西君安设备检验检测有限公司,L,17,APP,2,39.7,M,汉,4159,2,01,MATE,FRIENDS,1,95.072,陕西省,CONSUME,01,,34.36536211419008,108.76738284426163,ANDROID,,陕西省咸阳市渭城区渭阳街道朝阳四路,0
100000,,遵义市,乐惠多超市,H,54,XCX,2,26.6,F,汉,3388,2,01,FRIENDS,MATE,2,84.999,贵州省,CONSUME,01,,23.352355461298396,113.31227563828831,ANDROID,,广东省广州市白云区人和镇飞扬大道,0
100000,103,延安市,冯晓林个人工作室,Z,90,APP,3,48.2,M,汉,506,4,01,CHILDREN,FRIENDS,3,70.0,陕西省,CONSUME,01,,37.009179,109.82543,ANDROID,,陕西省延安市延川县永坪镇利民巷,0
100000,104,南通市,久正人体工学,C,24,APP,3,23.9,M,汉,1360,4,01,OTHER,FRIENDS,2,70.0,江苏省,CONSUME,01,,31.814348783316587,121.63232233811498,ANDROID,,江苏省南通市启东市汇龙镇集贤路,0
100000,,延安市,延安锦蓉置业有限公司,K,17,XCX,3,36.3,M,汉,6281,4,01,MOTHER,MATE,1,70.0,陕西省,CONSUME,01,,36.645358072916665,109.49067084418402,ANDROID,,陕西省延安市宝塔区新城街道瑞金街,0
100000,,阜阳市,周斌个人工作室,Z,90,APP,2,30.2,M,汉,1429,2,01,CHILDREN,FRIENDS,2,70.0,安徽省,CONSUME,01,,32.768455,115.452857,ANDROID,,安徽省阜阳市临泉县土陂乡,0
100000,,宜昌市,枝江市奥美医疗股份有限公司,Z,90,XCX,2,34.7,F,汉,6574,2,01,OTHER,OTHER,1,70.0,湖北省,CONSUME,01,,30.444353103637695,111.77519989013672,ANDROID,,湖北省宜昌市枝江市仙女镇当枝松高速,0
100000,,九江市,星火有机硅创新研究院,K,17,XCX,4,28.2,M,汉,2114,2,01,MATE,SIBLING,1,70.0,江西省,CONSUME,01,,29.139083116319444,115.85637315538195,ANDROID,,江西省九江市永修县恒丰企业集团蓝天大道,1
100000,,杭州市,自由个体,Q,11,APP,2,40.3,F,汉,2803,2,01,FATHER,FATHER,1,70.0,浙江省,CONSUME,01,,29.93057861328125,119.43974826388889,ANDROID,,浙江省杭州市桐庐县分水镇东门大道边,0
100000,403,南阳市,万军个人工作室,Z,90,APP,3,34.2,M,汉,6103,2,01,FRIENDS,FATHER,2,87.596,河南省,CONSUME,01,,32.897318660763499,112.58889298985655,ANDROID,,河南省南阳市宛城区溧河乡,0
100000,103,常州市,无锡闽泰建筑劳务有限公司,O,17,APP,3,46.8,M,汉,3772,3,01,MATE,RELATIVES,1,70.0,江苏省,CONSUME,01,,32.112689,119.954699,ANDROID,,江苏省泰州市泰兴市滨江镇院士路,1
100000,,河源市,河源市源城区东江新区星启航教育机构,P,13,XCX,2,41.3,F,汉,4052,2,01,FATHER,FATHER,1,70.0,广东省,CONSUME,01,,23.72522,114.721745,IOS,,广东省河源市源城区源南镇Y284,0
100000,103,宜春市,丝贝朗养生养发馆,H,54,APP,3,32.4,M,汉,5928,4,01,FATHER,MOTHER,2,82.55,江西省,CONSUME,01,,27.868059472289397,114.41925489684577,ANDROID,,江西省宜春市袁州区三阳镇,0
100000,,广元市,江苏安乃达科技有限公司,G,13,APP,2,40.1,F,汉,5419,2,01,MATE,RELATIVES,1,70.0,四川省,CONSUME,01,,31.313392740885416,120.49928521050347,ANDROID,,江苏省苏州市虎丘区枫桥街道Y306(华山路),0
100000,105,甘南藏族自治州,甘肃首席装饰有限公司,E,24,APP,3,39.2,M,汉,5621,3,01,MATE,MOTHER,1,70.0,甘肃省,CONSUME,01,,33.393356874755379,104.93395250641098,ANDROID,,甘肃省陇南市武都区城关镇,0
100000,104,锦州市,李潇个人工作室,Z,90,XCX,4,27.2,F,汉,1244,4,,MOTHER,SIBLING,2,70.0,辽宁省,CONSUME,01,,41.090408008960938,121.11649059803094,ANDROID,,辽宁省锦州市太和区营盘街道科技路,0
100000,,成都市,成都博新奥驰汽车科技有限公司,Z,90,XCX,3,40.5,M,汉,4868,2,01,MOTHER,MATE,1,70.0,四川省,CONSUME,01,,30.705184476532506,103.87772703428745,ANDROID,,四川省成都市温江区公平街道芙蓉大道,0
100000,,哈尔滨市,纪淞译个人工作室,Z,90,APP,3,27.7,M,汉,2878,2,01,MOTHER,COLLEAGUE,2,83.774,黑龙江省,CONSUME,01,,45.758059,126.65582,ANDROID,,黑龙江省哈尔滨市南岗区大成街道建新街59-9,0
100000,102,岳阳市,有喜屋板前烧鸟,C,24,APP,2,23.9,M,汉,2219,4,01,RELATIVES,SIBLING,2,70.0,湖南省,CONSUME,01,,31.221338605874718,121.39255816895818,ANDROID,,上海市普陀区长风新村街道大渡河路160号,0
100000,,乌兰察布市,河北煜纳商贸有限公司,Z,90,APP,3,30.5,M,汉,7271,2,01,FATHER,FRIENDS,2,86.691,内蒙古自治区,CONSUME,01,,36.167369,116.469505,ANDROID,,山东省济南市平阴县孔村镇万瑞路,0
100000,105,合肥市,安徽三信环保科技有限公司,M,11,APP,3,45.3,M,汉,3612,3,,MATE,FRIENDS,1,70.0,安徽省,CONSUME,01,,31.69926531620912,117.2605806845881,ANDROID,,安徽省合肥市包河区烟墩街道贵阳路,1
100000,102,南充市,王小利个人工作室,Z,90,XCX,2,44.1,F,汉,4053,4,01,MATE,FRIENDS,1,70.0,四川省,CONSUME,02,,35.53454372829861,118.73890869140625,ANDROID,,山东省日照市莒县刘官庄镇,0
100000,,西安市,沙河实业有限公司,C,24,APP,2,35.2,M,汉,4532,2,01,MATE,COLLEAGUE,1,83.368,陕西省,CONSUME,01,,34.154899,108.215135,ANDROID,,陕西省西安市周至县二曲街道新仁义南巷,0
100000,105,宜兴市,路通出租有限责任公司,O,17,XCX,2,38.9,F,汉,4164,2,01,RELATIVES,FRIENDS,1,70.0,江苏省,CONSUME,01,,31.377994520399305,119.83568196614583,ANDROID,,江苏省无锡市宜兴市宜城街道惠兴南路,0
100000,105,宜兴市,路通出租有限责任公司,O,17,XCX,2,38.9,F,汉,4164,2,01,RELATIVES,FRIENDS,1,70.0,江苏省,CONSUME,01,,31.377994520399305,119.83568196614583,ANDROID,,江苏省无锡市宜兴市宜城街道惠兴南路,0
100000,104,廊坊市,跨越国际物流,F,17,XCX,3,28.5,F,汉,7091,4,01,PARENTS,FRIENDS,2,88.786,河北省,CONSUME,01,,39.490191786024305,116.68916015625,ANDROID,,河北省廊坊市安次区杨税务镇南龙道,0
100000,104,齐齐哈尔市,哈尔滨假期酒店,I,54,XCX,4,24.5,F,汉,2080,2,01,FATHER,FRIENDS,2,78.232155,黑龙江省,CONSUME,01,,47.22185531453198,123.63898694372573,ANDROID,,黑龙江省齐齐哈尔市富拉尔基区铁北街道,0
100000,104,衢州市,浙江万坤建设有限公司,E,24,APP,2,45.1,M,汉,2799,2,01,RELATIVES,FRIENDS,1,70.0,浙江省,CONSUME,01,,29.032119261373034,119.18215716709593,ANDROID,,浙江省衢州市龙游县东华街道学士路,0
100000,,抚州市,江成龟鳖养殖合作社,A,27,XCX,4,40.4,M,汉,3303,4,01,RELATIVES,FRIENDS,1,70.0,江西省,CONSUME,01,,27.22889829474002,116.53736151988753,IOS,,江西省抚州市南丰县琴城镇沙港路,0
100000,105,大同市,山西唯净汇有限责任公司,Z,90,XCX,4,30.1,F,汉,6082,2,01,FRIENDS,FRIENDS,1,70.0,山西省,CONSUME,01,,40.32393960579713,114.12580517525999,ANDROID,,山西省大同市天镇县米薪关镇,0
100000,103,扬州市,简爱服装店,H,54,APP,2,34.2,F,汉,6062,4,01,FATHER,MOTHER,1,89.491,江苏省,CONSUME,01,,33.24605073625556,119.37780449132379,ANDROID,,江苏省扬州市宝应县望直港镇望亭路,0
100000,301,重庆市,重庆重百新世纪百货连锁分公司,H,54,APP,3,46.7,F,汉,5557,2,01,MATE,SIBLING,1,90.982,重庆市,CONSUME,01,,29.595557642136688,106.5434312757258,ANDROID,,重庆市渝北区龙塔街道尚品路38号,0
100000,,揭阳市,惠来县明德古建筑有限公司,Z,90,XCX,2,30.4,M,汉,7106,4,01,MATE,RELATIVES,1,89.688,广东省,CONSUME,01,,22.864373643663196,116.0963170030382,ANDROID,,广东省汕尾市陆丰市甲东镇,0
100000,105,无锡市,远景能源,Z,90,XCX,2,35.0,M,汉,6922,2,01,RELATIVES,FATHER,3,70.0,江苏省,CONSUME,01,,31.892117,120.12963,ANDROID,,江苏省无锡市江阴市申港街道申新路389号,0
100000,105,重庆市,大足区浩轩汽车修理中心,O,17,APP,2,31.6,M,汉,6849,2,01,RELATIVES,FRIENDS,1,70.0,重庆市,CONSUME,01,,29.5580098361068,105.84806008664495,ANDROID,,重庆市大足区玉龙镇XB05(平玉路),0
100000,403,景德镇市,鄱阳县聚发再生资源有限公司,M,11,XCX,4,49.0,M,汉,4446,4,01,FATHER,OTHER,3,70.0,江西省,CONSUME,01,,30.627717788014114,120.65628354796367,ANDROID,,浙江省嘉兴市秀洲区洪合镇,0
100000,,汕头市,翊腾咨询有限公司,Z,90,XCX,3,45.6,M,汉,2123,4,01,PARENTS,SIBLING,1,70.0,广东省,CONSUME,01,,23.416405404719137,116.72060598454375,ANDROID,,广东省汕头市龙湖区龙祥街道泰山中路辅路,0
100000,102,大连市,中国电信,G,13,APP,4,35.2,M,满,5700,3,01,MATE,RELATIVES,1,79.09615,辽宁省,CONSUME,01,,39.09373561772288,121.74854377869211,ANDROID,,辽宁省大连市金州区先进街道,0
100000,104,承德市,十指扣美甲美睫,O,17,APP,2,34.1,F,蒙古,4434,3,01,FRIENDS,MOTHER,2,70.0,河北省,CONSUME,01,,23.231012715612694,113.31447754003534,ANDROID,,广东省广州市白云区永平街道,1
100000,104,广州市,皇后服装店,H,54,XCX,2,39.9,M,汉,3674,2,01,MATE,FRIENDS,1,70.0,广东省,CONSUME,01,,22.986447301470084,113.32503113911858,ANDROID,,广东省广州市番禺区钟村街道兴业大道西,0
100000,102,沧州市,付裕个人工作室,Z,90,XCX,3,28.1,M,汉,1541,4,01,RELATIVES,RELATIVES,2,70.0,河北省,CONSUME,01,,26.03286328191263,119.29043331979145,ANDROID,,福建省福州市仓山区上渡街道,1
100000,,大庆市,陆达龙林轮胎大全,C,24,XCX,2,45.6,F,汉,510,3,01,MATE,COLLEAGUE,1,70.0,黑龙江省,CONSUME,01,,47.25071418695155,132.03073866671157,ANDROID,,黑龙江省佳木斯市富锦市富锦镇步行街8号,0
100000,,大庆市,陆达龙林轮胎大全,C,24,XCX,2,45.6,F,汉,510,3,01,MATE,COLLEAGUE,1,70.0,黑龙江省,CONSUME,01,,47.25071418695155,132.03073866671157,ANDROID,,黑龙江省佳木斯市富锦市富锦镇步行街8号,0
100000,103,齐齐哈尔市,私人厂子,Z,90,APP,2,44.5,F,满,3808,2,01,MATE,FATHER,1,95.0,黑龙江省,CONSUME,01,,36.94756869790781,122.3858023342426,ANDROID,,山东省威海市荣成市斥山街道双山路,0
100000,,湛江市,郑小妹个人工作室,Z,90,XCX,3,39.1,F,汉,3954,4,01,PARENTS,FRIENDS,1,70.0,广东省,CONSUME,01,,22.97335693359375,113.06941677517361,ANDROID,,广东省佛山市顺德区乐从镇上华工业大道,0
100000,,哈尔滨市,哈尔滨市龙发市政工程建筑有限公司,Z,90,APP,3,33.7,M,汉,5687,2,01,PARENTS,RELATIVES,1,70.0,黑龙江省,CONSUME,01,,45.8337926918363,126.62776903625208,ANDROID,,黑龙江省哈尔滨市松北区松浦街道中源大道辅路,0
100000,102,天门市,个体经营,L,17,XCX,2,44.9,M,汉,401,3,01,MATE,FRIENDS,1,70.0,湖北省,CONSUME,01,,31.106085056728106,114.46906933267238,ANDROID,,湖北省武汉市黄陂区木兰乡仙鹤路,0
100000,307,上海市,朱红个人工作室,Z,90,APP,3,32.9,F,汉,845,4,01,MATE,MOTHER,1,89.172,上海市,CONSUME,01,,30.894678416310833,121.66256697013756,ANDROID,,上海市奉贤区奉城镇X405(奉干公路),0
100000,,营口市,金润市场管理有限公司,L,17,XCX,2,46.0,M,汉,4424,2,01,MATE,FRIENDS,1,70.0,辽宁省,CONSUME,01,,39.08825439453125,121.7354701063368,ANDROID,,辽宁省大连市金州区先进街道五一路424号,0
100000,103,宿迁市,江苏花乡饮品有限公司,I,54,APP,2,48.5,M,汉,3963,4,01,FRIENDS,FRIENDS,3,93.64,江苏省,CONSUME,01,,34.130674669644658,118.78335420053176,ANDROID,,江苏省宿迁市沭阳县沭城街道学府路4031号,0
100000,103,漳州市,广鲸消防,Z,90,APP,2,22.1,M,汉,2654,2,01,FATHER,SIBLING,2,91.81,福建省,CONSUME,01,,24.988148,118.370402,ANDROID,,福建省泉州市南安市美林街道,0
100000,,常德市,李方玲个人工作室,Z,90,XCX,4,24.8,F,汉,1687,2,01,FATHER,FRIENDS,2,83.084,湖南省,CONSUME,01,,28.130020838069578,112.99560259533735,IOS,,湖南省长沙市天心区青园街道木莲西路,0
100000,102,苏州市,苏州库凌科高分子新材料有限公司,C,24,XCX,3,39.1,F,汉,6706,2,,FRIENDS,FRIENDS,2,70.0,江苏省,CONSUME,01,,31.356959092881944,120.79712999131945,ANDROID,,江苏省苏州市苏州工业园区唯亭街道唯胜路,0
100000,,焦作市,左边零食,H,54,XCX,2,39.1,F,汉,4887,2,01,SIBLING,FRIENDS,2,70.0,河南省,CONSUME,01,,30.872798,120.432484,ANDROID,,浙江省湖州市南浔区南浔镇虹阳路506号-、508号-、510号,0
100000,,延安市,延安市坤腾建筑工程有限公司,Z,90,APP,4,45.1,M,汉,2626,3,01,MOTHER,FRIENDS,1,70.0,陕西省,CONSUME,01,,36.58491338267607,109.46420518893625,ANDROID,,陕西省延安市宝塔区南市街道,0
100000,,忻州市,诚信不锈钢,H,54,XCX,4,32.3,M,汉,5728,2,01,FATHER,SIBLING,2,70.0,山西省,CONSUME,01,,37.836689026832079,112.5053450115759,ANDROID,,山西省太原市万柏林区长风西街街道和平南路辅路,0
100000,104,青岛市,北京俄博展览有限责任公司,R,17,APP,3,43.3,M,汉,3746,3,01,PARENTS,RELATIVES,1,70.0,山东省,CONSUME,01,,28.223842728477999,112.88746350154182,ANDROID,,湖南省长沙市岳麓区麓谷街道麓天路,0
100000,,达州市,邓光敏个人工作室,Z,90,XCX,3,31.1,F,汉,6513,2,01,PARENTS,FRIENDS,2,70.0,四川省,CONSUME,01,,30.75843981846577,103.99942539107518,ANDROID,,四川省成都市金牛区西华街道西华大道,0
100000,105,张家口市,河北省张家口市怀来县瑞云观乡陆家坡村东坡街9号,C,24,XCX,4,44.4,F,汉,5757,4,01,PARENTS,FRIENDS,1,70.0,河北省,CONSUME,01,,40.442052175299128,116.03556358607045,ANDROID,,北京市延庆区大榆树镇Y606(司连路),0
100000,104,长沙市,花木社区卫生服务中心,Q,11,APP,4,25.4,F,汉,1717,2,01,FATHER,FRIENDS,2,90.144,湖南省,CONSUME,01,,31.20632770855243,121.56169702264111,ANDROID,,上海市浦东新区花木街道X637(龙阳路),0
100000,,运城市,大运机车有限公司,C,24,APP,4,33.4,M,汉,5196,2,01,FATHER,FRIENDS,2,70.0,山西省,CONSUME,01,,34.918035,110.744433,ANDROID,,山西省运城市永济市卿头镇,0
100000,305,哈尔滨市,手机连锁,F,17,APP,4,24.0,F,汉,2304,2,,FATHER,SIBLING,2,70.0,黑龙江省,CONSUME,01,,45.728904,126.575003,ANDROID,,黑龙江省哈尔滨市道里区城乡路街道职工街44号,0
100000,,晋城市,立臻科技,Z,90,APP,2,36.0,F,汉,5405,2,01,MATE,SIBLING,1,70.0,山西省,CONSUME,01,,31.298691,121.019713,ANDROID,,江苏省苏州市昆山市陆家镇水仙路,0
100000,,福州市,兰珍个人工作室,Z,90,APP,4,43.6,F,畲,6314,3,01,SIBLING,RELATIVES,1,88.415,福建省,CONSUME,01,,28.590981,115.935165,ANDROID,,江西省南昌市南昌县莲塘镇,0
100000,102,池州市,青阳县移动公司,Z,90,APP,3,40.4,F,汉,4165,4,01,RELATIVES,FRIENDS,1,70.0,安徽省,CONSUME,01,,30.646180861177365,117.88172199388747,ANDROID,,安徽省池州市青阳县蓉城镇九子路,0
100000,104,海口市,陈文贤个人工作室,Z,90,APP,3,45.7,M,汉,4131,2,01,FATHER,FRIENDS,1,70.0,海南省,CONSUME,02,,20.004573,110.312039,ANDROID,,海南省海口市龙华区金宇街道金垦路39号,0
100000,105,淄博市,淄博天星置业有限公司,Z,90,APP,4,38.3,M,汉,3588,2,01,SIBLING,FRIENDS,2,70.0,山东省,CONSUME,01,,36.956722,118.081871,ANDROID,,山东省淄博市桓台县少海街道中心大街辅路,1
100000,102,成都市,曾文彬个人工作室,H,54,APP,2,49.7,M,汉,1014,2,01,FATHER,FATHER,1,70.0,四川省,CONSUME,01,,22.912011835485847,113.66366143598174,ANDROID,,广东省东莞市厚街镇桥南路90号,0
100000,,大理白族自治州,慧鑫便利店,H,54,XCX,2,31.0,F,汉,5548,4,01,MATE,RELATIVES,1,97.94104,云南省,CONSUME,01,,26.08257635569274,100.39306161178321,ANDROID,,云南省大理白族自治州鹤庆县黄坪镇,0
100000,103,周口市,北京意宣有限公司,Z,90,APP,2,23.8,F,汉,2742,2,01,MOTHER,FRIENDS,2,70.0,河南省,CONSUME,01,,31.16529844891458,121.19268725335727,ANDROID,,上海市青浦区赵巷镇盈港东路,0
100000,,衡水市,衡水大众橡塑,Z,90,APP,3,32.1,M,汉,5192,2,01,MATE,PARENTS,1,70.0,河北省,CONSUME,01,,37.73751720445169,115.64446512987742,ANDROID,,河北省衡水市桃城区何家庄乡宝云大街,0
100000,,昆明市,呈贡百先汇通讯,Z,90,APP,3,37.5,F,汉,3907,4,01,FATHER,FRIENDS,1,70.0,云南省,CONSUME,01,,24.867497178749429,102.8142265435345,ANDROID,,云南省昆明市呈贡区乌龙街道,0
100000,103,怀化市,浙江销巴电子商务有限公司,G,13,XCX,3,37.8,M,侗,3748,3,01,RELATIVES,COLLEAGUE,1,70.0,湖南省,CONSUME,01,,30.023501,120.575933,ANDROID,,浙江省绍兴市越城区灵芝街道大滩路,0
100000,103,济宁市,张海青个人工作室,Z,90,APP,2,35.5,M,汉,3927,4,01,MATE,SIBLING,1,89.562,山东省,CONSUME,01,,35.734748441011458,116.16859472700969,ANDROID,,山东省济宁市梁山县梁山街道滨河大道,0
100000,102,临汾市,泵铁熊猫健身,R,17,APP,4,43.8,F,汉,1228,4,01,MATE,COLLEAGUE,1,100.0,山西省,CONSUME,01,,36.09000733142174,111.5454326257259,ANDROID,,山西省临汾市尧都区铁路东街道康庄南路,1
100000,,忻州市,中国唯品会,G,13,APP,4,29.8,M,汉,6434,3,01,FRIENDS,FRIENDS,2,70.0,山西省,CONSUME,01,,37.737898,112.603845,ANDROID,,山西省太原市小店区西温庄乡马练营路,0
100000,102,滁州市,米悦皮肤管理中心,S,11,APP,3,39.8,F,汉,3762,3,01,SIBLING,FRIENDS,1,85.585,安徽省,CONSUME,02,,31.837639145535446,117.25924144273529,ANDROID,,安徽省合肥市蜀山区稻香村街道金寨路71号,0
100000,403,玉林市,随缘烫画加工厂,C,24,APP,3,24.1,M,汉,2645,3,,MOTHER,FRIENDS,2,70.0,广西壮族自治区,CONSUME,02,,23.038289,113.211924,ANDROID,,广东省佛山市南海区桂城街道环岛西路,0
100000,,南充市,上海建工,Z,90,XCX,4,36.1,M,汉,5460,4,01,MATE,SIBLING,1,70.0,四川省,CONSUME,01,,30.547131958551764,104.10407012025186,ANDROID,,四川省成都市双流区中和街道中和三街,0
100000,105,常德市,梅州市百顺建设工程有限公司,E,24,APP,2,32.7,M,汉,830,2,01,FRIENDS,FRIENDS,2,70.0,湖南省,CONSUME,01,,22.906689,112.003199,ANDROID,,广东省云浮市云城区云城街道环市路,0
100000,102,上饶市,付晨飞个人工作室,Z,90,XCX,2,35.8,M,汉,4616,2,01,FATHER,FRIENDS,3,82.61,江西省,CONSUME,01,,28.60029,118.330783,ANDROID,,江西省上饶市玉山县六都乡,0
100000,102,临汾市,翼城县隆化镇浇底完小,Z,90,APP,4,44.8,M,汉,2185,4,01,MATE,FATHER,1,70.0,山西省,CONSUME,01,,35.74060486297069,111.72359473134813,ANDROID,,山西省临汾市翼城县唐兴镇,1
100000,310,忻州地区,太原同城速印广告有限公司,R,17,APP,4,37.6,M,汉,4220,2,01,MATE,FRIENDS,1,91.751,山西省,CONSUME,01,,37.82201541337357,112.48883608661042,ANDROID,,山西省太原市晋源区义井街道长风西街,0
100000,105,武汉市,湖北仙服供应链有限公司,F,17,APP,4,33.8,M,汉,735,4,01,FATHER,MATE,1,87.937,湖北省,CONSUME,01,,30.469938429013508,114.49520072640189,ANDROID,,湖北省武汉市洪山区九峰街道云台街,0
100000,104,邢台市,瑞华事务所,L,17,APP,4,27.6,F,汉,1044,4,01,PARENTS,PARENTS,2,70.0,河北省,CONSUME,01,,37.17174404011704,115.29962361556959,ANDROID,,河北省邢台市威县张家营乡,0
100000,403,景德镇市,鄱阳县聚发再生资源有限公司,M,11,XCX,4,49.0,M,汉,4446,4,01,FATHER,OTHER,3,70.0,江西省,CONSUME,01,,30.627717788014114,120.65628354796367,ANDROID,,浙江省嘉兴市秀洲区洪合镇,0
100000,102,张家口市,长江房地产开发有限公司,K,17,APP,4,32.2,M,蒙古,5042,4,01,MATE,FRIENDS,1,90.00288,河北省,CONSUME,01,,18.334621668486205,109.48287909953987,ANDROID,,海南省三亚市天涯区艺苑路,0
100000,,吕梁市,河口乡人民政府,Z,90,XCX,3,41.7,F,汉,2026,4,01,MOTHER,FRIENDS,1,70.0,山西省,CONSUME,01,,38.28630226140409,111.68020915266203,ANDROID,,山西省吕梁市岚县东村镇G209(苏北线),0
100000,,重庆市,重庆市开州区燃气公司,Z,90,APP,3,45.2,F,汉,2123,3,01,MATE,CHILDREN,1,70.0,重庆市,CONSUME,01,,31.160414,108.378872,ANDROID,,重庆市开州区云枫街道花仙路,0
100000,,上饶市,千金公主,H,54,XCX,2,37.1,M,汉,6700,3,01,RELATIVES,FRIENDS,2,70.0,江西省,CONSUME,01,,27.960465766059027,120.67314371744791,ANDROID,,浙江省温州市瓯海区南白象街道龙霞南路,0
100000,,吕梁市,河口乡人民政府,Z,90,XCX,3,41.7,F,汉,2026,4,01,MOTHER,FRIENDS,1,70.0,山西省,CONSUME,01,,38.28630226140409,111.68020915266203,ANDROID,,山西省吕梁市岚县东村镇G209(苏北线),0
100000,102,丽江市,王维源个人工作室,Z,90,APP,3,24.2,M,汉,2451,4,01,MOTHER,SIBLING,2,75.958,云南省,CONSUME,01,,26.444698,101.455572,ANDROID,,云南省丽江市华坪县石龙坝镇,0
100000,304,海口市,深圳市佳运达物业管理有限公司,L,17,APP,2,46.4,M,汉,6186,4,01,CHILDREN,COLLEAGUE,3,95.988,海南省,CONSUME,02,,22.564460898371313,113.91128455909709,ANDROID,,广东省深圳市南山区南头街道边检路,0
100000,,渭南市,韩城市合力煤焦有限责任公司,C,24,XCX,3,33.1,M,汉,5386,2,01,PARENTS,COLLEAGUE,2,70.0,陕西省,CONSUME,01,,35.634236111111115,110.5862513563368,ANDROID,,陕西省渭南市韩城市龙门镇,0
100000,,渭南市,韩城市合力煤焦有限责任公司,C,24,XCX,3,33.1,M,汉,5386,2,01,PARENTS,COLLEAGUE,2,70.0,陕西省,CONSUME,01,,35.634236111111115,110.5862513563368,ANDROID,,陕西省渭南市韩城市龙门镇,0
100000,,淄博市,淄博理光办公设备有限公司,Z,90,APP,3,38.1,M,汉,4174,2,01,MOTHER,FRIENDS,2,80.578,山东省,CONSUME,01,,36.773347,118.03649,ANDROID,,山东省淄博市张店区南定镇山泉路79号,0
100000,,淄博市,淄博理光办公设备有限公司,Z,90,APP,3,38.1,M,汉,4174,2,01,MOTHER,FRIENDS,2,80.578,山东省,CONSUME,01,,36.773347,118.03649,ANDROID,,山东省淄博市张店区南定镇山泉路79号,0
100000,,秦皇岛市,个体经营,Q,11,XCX,3,31.6,F,汉,6145,2,01,MOTHER,FRIENDS,2,70.0,河北省,CONSUME,01,,39.961536458333335,119.53619493272569,ANDROID,,河北省秦皇岛市海港区海阳镇,1
100000,103,武汉市,彭刘涛个人工作室,H,54,APP,2,47.2,M,汉,5434,4,01,FRIENDS,MATE,1,73.286,湖北省,CONSUME,01,,30.61998434627244,114.22009456349852,ANDROID,,湖北省武汉市硚口区长丰街道园博大道,0
100000,104,云浮市,广州市莫生气科技有限公司,Z,90,XCX,3,24.3,M,汉,2251,2,01,FATHER,COLLEAGUE,2,70.0,广东省,CONSUME,01,,23.104292,113.563674,IOS,,广东省广州市增城区新塘镇环保一路,0
100000,103,商丘市,陈慧慧个人工作室,Z,90,APP,3,40.0,F,汉,4287,4,01,CHILDREN,FRIENDS,1,70.0,河南省,CONSUME,01,,34.67973973434678,113.70254474351225,ANDROID,,河南省郑州市管城回族区十八里河街道求知路,0
100000,,焦作市,左边零食,H,54,XCX,2,39.1,F,汉,4887,2,01,SIBLING,FRIENDS,2,70.0,河南省,CONSUME,01,,30.872798,120.432484,ANDROID,,浙江省湖州市南浔区南浔镇虹阳路506号-、508号-、510号,0
100000,,常德市,李方玲个人工作室,Z,90,XCX,4,24.8,F,汉,1687,2,01,FATHER,FRIENDS,2,83.084,湖南省,CONSUME,01,,28.130020838069578,112.99560259533735,IOS,,湖南省长沙市天心区青园街道木莲西路,0
100000,103,成都市,都江堰市聚源镇中心卫生院,Q,11,XCX,3,43.9,F,汉,4211,4,01,RELATIVES,OTHER,2,70.0,四川省,CONSUME,01,,30.921258399766498,103.73784757146233,IOS,,四川省成都市都江堰市聚源镇罗桂路,0
100000,,滁州市,安徽瑞尔沃仪表有限公司,Z,90,XCX,3,35.7,M,汉,6161,4,01,MOTHER,FRIENDS,1,70.0,安徽省,CONSUME,01,,32.67906732258658,119.02828402307788,ANDROID,,安徽省滁州市天长市广陵街道秦栏路,0
100000,103,南京市,杭州吉创建材有限公司,E,24,APP,3,34.1,M,汉,4362,2,01,SIBLING,FRIENDS,1,70.0,江苏省,CONSUME,02,,32.32862931023908,118.82054061585177,ANDROID,,江苏省南京市六合区雄州街道旭光路,0
100000,104,哈尔滨市,养之阁健康管理中心,Q,11,APP,3,34.8,F,汉,6838,3,01,CHILDREN,COLLEAGUE,1,81.018,黑龙江省,CONSUME,01,,31.89079,121.174702,ANDROID,,江苏省南通市海门区海门街道越秀路,0
100000,,承德市,唐山大唐鑫兰成套电气设备制造有限公司,D,17,XCX,4,40.2,M,汉,4094,3,01,MOTHER,FRIENDS,1,70.0,河北省,CONSUME,01,,36.30713650173611,120.3759361436632,ANDROID,,山东省青岛市城阳区城阳街道正阳中路305,0
100000,102,绥化市,三亚中瑞酒店管理职业学院,P,13,APP,3,23.2,F,汉,1870,2,01,FATHER,SIBLING,2,70.0,黑龙江省,CONSUME,01,,32.08454447561135,118.84285335102959,ANDROID,,江苏省南京市玄武区玄武湖街道,1
100000,,达州市,邓光敏个人工作室,Z,90,XCX,3,31.1,F,汉,6513,2,01,PARENTS,FRIENDS,2,70.0,四川省,CONSUME,01,,30.75843981846577,103.99942539107518,ANDROID,,四川省成都市金牛区西华街道西华大道,0
100000,,岳阳市,湖南鑫瑞消防科技有限公司,G,13,XCX,4,40.3,M,汉,4348,2,01,FATHER,SIBLING,1,70.0,湖南省,CONSUME,01,,28.286475423177084,112.9316810438368,ANDROID,,湖南省长沙市望城区月亮岛街道王家湾路,0
100000,,扬州市,中国石化江苏分公司,Z,90,XCX,3,34.2,M,汉,5431,3,01,PARENTS,COLLEAGUE,2,70.0,江苏省,CONSUME,01,,32.61998272581628,119.60200712345612,ANDROID,,江苏省扬州市江都区真武镇真颜线,0
100000,102,泸州市,杨爽个人工作室,Z,90,XCX,2,22.6,M,汉,1258,2,01,FRIENDS,FRIENDS,2,87.522,四川省,CONSUME,01,,30.85558799638821,105.38461774698115,ANDROID,,四川省遂宁市射洪市武安镇武安河西路,0
100000,105,衢州市,衢州市双港街道荷五路君味堂饭店,I,54,APP,2,43.6,M,汉,3930,3,01,RELATIVES,FRIENDS,1,70.0,浙江省,CONSUME,01,,28.926738049999288,118.91863376732361,ANDROID,,浙江省衢州市柯城区石室乡,0
100000,,湘潭市,曹浪个人工作室,Z,90,XCX,2,24.9,M,汉,1739,2,01,PARENTS,PARENTS,2,91.731,湖南省,CONSUME,01,,27.864735450952268,112.91451784616939,ANDROID,,湖南省湘潭市雨湖区城正街街道瞻岳门路,0
100000,104,抚州市,禄龙纸简加工厂,C,24,XCX,2,41.0,M,汉,4139,4,01,CHILDREN,MATE,1,70.0,江西省,CONSUME,01,,27.967324105692894,116.3768562200638,ANDROID,,江西省抚州市临川区青云街道文昌大道1678,0
100000,103,乐山市,云岩区速美口腔,H,54,XCX,4,27.1,M,汉,3200,2,01,MATE,FRIENDS,2,84.713,四川省,CONSUME,01,,29.591626295494277,103.77175198344767,IOS,,四川省乐山市市中区牟子镇S104(碧山路),0
100000,105,临沂市,山东幕道品牌营销策划有限公司,R,17,APP,4,40.1,M,汉,5144,4,01,SIBLING,COLLEAGUE,3,70.0,山东省,CONSUME,01,,35.127026383548479,118.36737248842157,ANDROID,,山东省临沂市兰山区柳青街道汤河路,0
100000,103,昆明市,赵芝丽个人工作室,Z,90,APP,2,32.8,F,汉,5956,4,01,MATE,FATHER,1,70.0,云南省,CONSUME,01,,25.53716981621326,103.84172238249986,ANDROID,,云南省曲靖市麒麟区沿江街道Y027,0
100000,,广元市,成都欧派衣柜,C,24,APP,3,29.8,M,汉,6650,4,01,MOTHER,FRIENDS,2,77.74,四川省,CONSUME,01,,30.673304,104.014867,ANDROID,,四川省成都市青羊区府南街道清江中路35,0
100000,104,上饶市,黄益琴个人工作室,Z,90,APP,2,40.2,F,汉,5950,4,01,MATE,MOTHER,2,70.0,江西省,CONSUME,01,,30.330069751588508,120.18892712228726,ANDROID,,浙江省杭州市拱墅区石桥街道石桥路307-7号,0
100000,,焦作市,焦作千业水泥有限责任公司,C,24,APP,4,42.4,M,汉,3769,2,01,FATHER,FRIENDS,1,70.0,河南省,CONSUME,01,,35.314746,113.346086,ANDROID,,河南省焦作市马村区安阳城街道,1
100000,102,杭州市,杭州在杭服饰有限公司,C,24,APP,3,33.4,F,汉,878,4,01,FATHER,MOTHER,1,85.735,浙江省,CONSUME,01,,30.330383460198808,120.09112125399162,ANDROID,,浙江省杭州市拱墅区祥符街道丰庆路701,0
100000,,广州市,氪金科技有限公司,Z,90,XCX,4,23.1,M,汉,2719,3,01,PARENTS,FRIENDS,2,70.0,广东省,CONSUME,01,,23.192614001213653,113.48739774644864,ANDROID,,广东省广州市黄埔区长岭街道萝岗立交,0
100000,,渭南市,西卓煤矿,Z,90,XCX,4,30.4,F,汉,6930,4,01,MOTHER,COLLEAGUE,1,70.0,陕西省,CONSUME,01,,35.244277463255517,110.15956929098313,ANDROID,,陕西省渭南市合阳县城关街道凤凰北路辅路,0
100000,104,广州市,广州要玩娱乐有限公司,R,17,APP,4,35.1,M,汉,5593,4,01,MATE,FATHER,2,70.0,广东省,CONSUME,01,,23.113750554576087,113.37862754797094,ANDROID,,广东省广州市天河区员村街道员村五横路自编4号,1
100000,103,烟台市,山东汇泰海洋科技有限公司,G,13,APP,3,48.9,M,汉,2633,3,01,MATE,FRIENDS,1,70.0,山东省,CONSUME,01,,36.980916257128587,120.74478983512782,ANDROID,,山东省烟台市莱阳市城厢街道,1
100000,104,成都市,重庆烟草公司,Z,90,APP,3,26.3,M,汉,1687,3,01,RELATIVES,SIBLING,2,91.955,四川省,CONSUME,01,,29.484867133558699,106.5714852942147,ANDROID,,重庆市南岸区海棠溪街道,0
100000,,临汾市,舒凯凯个人工作室,Z,90,APP,2,35.3,M,汉,4455,2,01,FRIENDS,FRIENDS,1,70.0,山西省,CONSUME,01,,35.641781,111.318561,ANDROID,,山西省临汾市侯马市张村街道大上线,0
100000,102,秦皇岛市,河北诚知电子科技有限公司,G,13,APP,3,44.2,M,汉,1246,2,01,MATE,COLLEAGUE,1,76.70023,河北省,CONSUME,01,,38.079691997288978,114.53390962317845,ANDROID,,河北省石家庄市长安区高营镇新月街,1
100000,,盐城市,南京博礼文化发展有限公司,Z,90,APP,4,29.2,M,汉,955,3,01,MOTHER,FRIENDS,2,70.0,江苏省,CONSUME,02,,32.10090819829771,118.87043243140629,ANDROID,,江苏省南京市玄武区玄武湖街道G36(宁洛高速),0
100000,,新乡市,河南多矿医疗器械有限公司,Z,90,XCX,4,32.8,M,汉,6272,3,01,PARENTS,PARENTS,1,70.0,河南省,CONSUME,01,,33.026815223410199,119.03156313474159,ANDROID,,江苏省淮安市金湖县黎城街道新港路,0
100000,,开封市,初成长童装,H,54,XCX,3,30.0,F,汉,1281,4,01,MOTHER,FRIENDS,1,70.0,河南省,CONSUME,01,,34.81070223769336,114.23078113004303,ANDROID,,河南省开封市龙亭区开封经济开发区九大街,0
100000,103,临沂市,千惠服饰有限公司,Z,90,APP,2,35.0,F,汉,5714,4,01,MOTHER,FRIENDS,2,70.0,山东省,CONSUME,01,,35.68370156486927,118.46308315301828,ANDROID,,山东省临沂市沂水县院东头镇,0
100000,102,福州市,黄石电焊店,H,54,APP,2,33.9,M,汉,6803,4,01,PARENTS,PARENTS,1,78.795,福建省,CONSUME,01,,26.032477103316773,119.25476045741827,ANDROID,,福建省福州市仓山区建新镇建新南路,0
100000,,银川市,孔德禧个人工作室,Z,90,XCX,4,24.6,M,汉,1135,2,01,COLLEAGUE,FRIENDS,2,94.29,宁夏回族自治区,CONSUME,01,,36.593300729722489,116.9331491940127,ANDROID,,山东省济南市市中区陡沟街道小北山路辅路,0
100000,102,金华市,金华天拓企业管理咨询有限公司,L,17,APP,3,39.8,M,汉,2637,2,01,FATHER,SIBLING,1,70.0,浙江省,CONSUME,01,,29.070061,119.613728,ANDROID,,浙江省金华市婺城区秋滨街道秋涛街,0
100000,305,青岛市,青岛源润家居有限公司,C,24,XCX,4,44.1,M,汉,3641,3,01,MATE,FATHER,1,70.0,山东省,CONSUME,01,,36.076995335540889,120.32179173992836,ANDROID,,山东省青岛市市北区即墨路街道德平路50号,0
100000,103,南通市,江苏通能电缆有限公司,G,13,APP,4,34.2,M,汉,6106,2,01,PARENTS,FRIENDS,1,82.412,江苏省,CONSUME,01,,31.89676048033015,121.20471407879775,ANDROID,,江苏省南通市海门区海门街道解放东路1087号,0
100000,104,南通市,如皋市慧兰服饰,C,24,APP,4,48.0,F,汉,598,3,01,MATE,COLLEAGUE,1,92.048,江苏省,CONSUME,01,,32.393170230144288,120.5745456141774,IOS,,江苏省南通市如皋市如城街道育贤路699号,1
100000,102,鞍山市,北京大国国际旅游咨询有限公司,L,17,APP,4,45.1,F,汉,609,4,01,FATHER,FATHER,2,79.2731,辽宁省,CONSUME,01,,39.948038367192207,116.45648907448956,ANDROID,,北京市朝阳区麦子店街道亮马桥路50号,0
100000,,晋城市,鼎宏诺格商贸有限公司,H,54,XCX,4,36.4,M,汉,4250,2,01,MATE,PARENTS,1,70.0,山西省,CONSUME,01,,35.47400770399305,112.84224907769097,ANDROID,,山西省晋城市城区钟家庄街道白水西街,0
100000,,岳阳市,天岳中学,Z,90,XCX,4,47.3,M,汉,3612,2,01,MATE,CHILDREN,1,70.0,湖南省,CONSUME,01,,28.693446,113.593599,ANDROID,,湖南省岳阳市平江县汉昌街道道子岭路,0
100000,105,洛阳市,富士康第团,G,13,APP,2,30.3,M,汉,7155,2,01,MOTHER,MATE,1,87.873,河南省,CONSUME,01,,34.34103671974725,112.40171112617473,ANDROID,,河南省洛阳市汝阳县蔡店乡,0
100000,102,衡水市,衡水顺捷物流有限公司,Z,90,APP,2,43.2,F,汉,3630,4,01,MATE,COLLEAGUE,1,70.0,河北省,CONSUME,01,,37.72010338102757,115.71421119513019,ANDROID,,河北省衡水市桃城区河东街道S040(京衡南大街),0
100000,104,广州市,广州市翔顺畜牧设备有限公司,C,24,APP,4,42.5,M,汉,4405,4,01,OTHER,OTHER,1,78.23564,广东省,CONSUME,01,,23.567619454638039,113.56428719854077,ANDROID,,广东省广州市从化区城郊街道Y603(职教路),0
100000,302,淮南市,南京邦德中医院,Z,90,XCX,3,43.6,F,汉,4073,2,01,MATE,COLLEAGUE,1,70.0,安徽省,CONSUME,01,,32.12307210286458,118.85769965277778,ANDROID,,江苏省南京市栖霞区燕子矶街道G36(宁洛高速),0
100000,105,湛江市,湛江市佳品物业服务有限公司,C,24,APP,3,41.9,M,汉,3758,4,01,FATHER,FRIENDS,1,90.193,广东省,CONSUME,01,,21.212845,110.39037,ANDROID,,广东省湛江市霞山区新兴街道椹川大道东三路49号,1
100000,104,淄博市,个体工商户,Z,90,APP,3,24.7,M,汉,488,2,01,FRIENDS,FRIENDS,2,70.0,山东省,CONSUME,01,,36.859463708140349,117.87693063249607,ANDROID,,山东省淄博市周村区北郊镇同济路,0
100000,,广州市,广州文嘉晟网络技术有限公司,Z,90,XCX,3,34.2,F,汉,590,3,01,MATE,FRIENDS,1,70.0,广东省,CONSUME,01,,23.22533009923102,113.29690022644854,ANDROID,,广东省广州市白云区永平街道同泰路83号,0
100000,,赣州市,惠东县吉隆隆科胶粒厂,Z,90,XCX,4,49.5,M,汉,99999,4,01,FRIENDS,MATE,1,76.298,江西省,CONSUME,01,,22.796582216021844,114.9234896304112,ANDROID,,广东省惠州市惠东县黄埠镇沿河西下路,0
100000,102,汕尾市,褚载津个人工作室,Z,90,APP,2,27.2,M,汉,1080,4,01,MATE,FATHER,2,86.518,广东省,CONSUME,01,,22.66533445439563,114.23242083859889,ANDROID,,广东省深圳市龙岗区园山街道S301(南坪快速),0
100000,104,衢州市,创典广告,R,17,APP,3,23.7,F,汉,2261,2,01,SIBLING,SIBLING,2,70.0,浙江省,CONSUME,01,,28.565398906096289,118.43975701756429,ANDROID,,浙江省衢州市江山市凤林镇,0
100000,105,郴州市,芳香世家皮肤管理检测中心,L,17,APP,4,32.7,M,汉,5020,4,01,MOTHER,COLLEAGUE,2,75.44331,湖南省,CONSUME,01,,25.772443340833737,113.03438041305879,ANDROID,,湖南省郴州市苏仙区白鹿洞街道青年大道,0
100000,,云浮市,梁宗宁个人工作室,Z,90,XCX,2,34.3,M,汉,5886,4,01,MOTHER,SIBLING,2,70.0,广东省,CONSUME,01,,22.600461954135523,112.2320333900699,ANDROID,,广东省云浮市新兴县六祖镇,0
100000,102,南阳市,秦凯个人工作室,Z,90,APP,3,24.2,M,汉,2138,4,01,MATE,FATHER,2,70.0,河南省,CONSUME,01,,33.00135642352663,112.53722048673869,ANDROID,,河南省南阳市宛城区东关街道共和街,0
100000,,达州市,宏创工厂,Z,90,APP,2,27.2,M,汉,576,2,01,SIBLING,SIBLING,1,70.0,四川省,CONSUME,01,,22.947838487110837,113.94769455037152,ANDROID,,广东省东莞市大朗镇美景东路,0
100000,102,徐州市,李冉个人工作室,Z,90,APP,4,27.7,F,汉,1116,4,01,COLLEAGUE,FRIENDS,1,82.16873,江苏省,CONSUME,01,,34.259200283370109,117.15986926611162,ANDROID,,江苏省徐州市泉山区永安街道建国西路127号,0
100000,,高邮市,扬州永兴置业有限公司波司登大酒店,I,54,XCX,2,36.8,F,汉,3837,2,01,MATE,RELATIVES,1,70.0,江苏省,CONSUME,01,,32.788419053819446,119.45966851128472,ANDROID,,江苏省扬州市高邮市高邮街道花湾路,1
100000,105,南昌市,湖北省盛辰馨建设有限公司,M,11,APP,2,33.6,F,汉,5273,2,01,SIBLING,MATE,1,70.0,江西省,CONSUME,01,,30.545704195594163,114.20752704205114,IOS,,湖北省武汉市汉阳区永丰街道芳草路,0
100000,301,淮南市,平安驾校,P,13,APP,3,47.3,M,汉,160,2,01,PARENTS,MATE,1,70.0,安徽省,CONSUME,01,,32.6516947138836,117.01396840797905,ANDROID,,安徽省淮南市田家庵区新淮街道人民北路29号,0
100000,102,青岛市,王冰个人工作室,Z,90,APP,2,24.2,F,汉,2307,4,01,MOTHER,SIBLING,2,90.461,山东省,CONSUME,01,,36.281658965307929,119.98912144401251,ANDROID,,山东省青岛市胶州市中云街道东宋路,0
100000,104,梧州市,藤县海通船务有限公司,F,17,APP,2,31.3,M,汉,79,2,01,FATHER,RELATIVES,2,70.0,广西壮族自治区,CONSUME,01,,23.096696,112.549083,ANDROID,,广东省肇庆市高要区金渡镇,0
100000,105,重庆市,中国石油集团东方地球物理勘探有限责任公司,C,24,XCX,4,35.7,M,汉,5697,4,01,PARENTS,RELATIVES,2,89.783,重庆市,CONSUME,01,,29.488416942535975,106.49223101070685,ANDROID,,重庆市大渡口区跃进村街道钢铁路,0
100000,,茂名市,上海宏英智能科技股份有限公司,G,13,XCX,3,26.0,M,汉,1202,2,01,FATHER,FRIENDS,2,70.0,广东省,CONSUME,01,,23.30452419704861,113.35665988498263,ANDROID,,广东省广州市白云区太和镇荫兰东路,0
100000,,曲靖市,曲靖志晖园美食文化传播有限公司,R,17,XCX,2,25.5,F,汉,1263,4,01,PARENTS,FRIENDS,2,70.0,云南省,CONSUME,01,,25.147691276953407,104.24171053404737,ANDROID,,云南省曲靖市罗平县马街镇钻块线,0
100000,105,兰州市,景泰工业集中区,C,24,XCX,4,41.7,F,汉,1813,3,01,FATHER,FRIENDS,2,70.0,甘肃省,CONSUME,01,,37.28395230910033,117.34527496367756,IOS,,山东省济南市商河县郑路镇S14(高商高速),0
100000,309,天津市,天津市津门驾校,P,13,XCX,2,37.1,F,汉,5044,4,01,OTHER,OTHER,1,75.81559,天津市,CONSUME,01,,39.237582664635748,117.1543073008656,ANDROID,,天津市北辰区北仓镇中铁四局路,0
100000,,忻州市,武栋个人工作室,Z,90,XCX,3,33.6,M,汉,2,2,01,MATE,MOTHER,1,70.0,山西省,CONSUME,01,,38.801288105252989,113.83892722988738,ANDROID,,河北省保定市阜平县夏庄乡,0
100000,104,阳江市,广东百创源科技股份有限公司,Z,90,XCX,2,26.3,M,汉,1585,4,01,PARENTS,RELATIVES,2,70.0,广东省,CONSUME,01,,22.03852783203125,111.61101779513889,ANDROID,,广东省阳江市阳春市潭水镇S278,0
100000,,南京市,南京哈姆特奶茶有限公司,Z,90,XCX,4,22.9,F,回,2750,3,,FATHER,FRIENDS,2,70.0,江苏省,CONSUME,04,,32.06152072482639,118.7859605577257,ANDROID,,江苏省南京市玄武区玄武门街道北京东路辅路,0
100000,104,大连市,大连众智科技有限公司,G,13,XCX,3,30.4,F,汉,894,4,01,SIBLING,SIBLING,2,70.0,辽宁省,CONSUME,01,,39.677630181641703,123.029170055348416,ANDROID,,辽宁省大连市庄河市兰店乡磨蛤线,0
100000,,攀枝花市,米易四中,Z,90,XCX,4,42.2,M,彝,3628,2,01,COLLEAGUE,FRIENDS,3,70.0,四川省,CONSUME,01,,26.894676920572916,102.11509792751735,ANDROID,,四川省攀枝花市米易县攀莲镇顺墙北街102号,0
100000,105,遂宁市,中铁二十三局,E,24,XCX,2,36.1,F,汉,4543,2,,PARENTS,SIBLING,1,89.498,四川省,CONSUME,02,,30.66129367404514,104.01709282769097,ANDROID,,四川省成都市青羊区光华街道清风街,0
100000,103,沧州市,远方运输车队,O,17,APP,3,39.2,M,回,4243,4,01,FATHER,SIBLING,1,70.0,河北省,CONSUME,01,,38.802689901915659,116.49647953965509,ANDROID,,河北省廊坊市文安县孙氏镇兴祖线,0
100000,301,梧州市,广州市天河区思倪贸易商行（个人独资）,Z,90,XCX,2,26.7,M,汉,410,4,01,RELATIVES,COLLEAGUE,2,70.0,广西壮族自治区,CONSUME,01,,23.166932237413196,113.27161783854167,ANDROID,,广东省广州市白云区景泰街道景云路88号-1-2,0
100000,103,绵阳市,四川青画装饰工程有限公司,Z,90,XCX,3,36.2,M,羌,4593,2,01,PARENTS,MOTHER,1,89.754,四川省,CONSUME,01,,31.491946328515039,104.78883183003863,ANDROID,,四川省绵阳市游仙区游仙街道仙建路,0
100000,301,梧州市,广州市天河区思倪贸易商行（个人独资）,Z,90,XCX,2,26.7,M,汉,410,4,01,RELATIVES,COLLEAGUE,2,70.0,广西壮族自治区,CONSUME,01,,23.166932237413196,113.27161783854167,ANDROID,,广东省广州市白云区景泰街道景云路88号-1-2,0
100000,103,佛山市,乐善塑料五金厂,C,24,XCX,2,34.4,F,汉,4368,4,01,MATE,COLLEAGUE,1,92.357,广东省,CONSUME,01,,22.77298006805014,113.36707993890114,ANDROID,,广东省广州市南沙区大岗镇,0
100000,105,宿迁市,宿迁市东方水环境建设发展有限公司,E,24,XCX,4,36.1,M,汉,6456,4,01,MATE,COLLEAGUE,1,70.0,江苏省,CONSUME,01,,33.95924259286683,118.26726794593952,ANDROID,,江苏省宿迁市宿城区古城街道太湖路267号,0
100000,102,常州市,常州润浠电子科技有限公司,G,13,APP,3,37.5,M,汉,4042,4,01,MATE,MOTHER,1,90.947,江苏省,CONSUME,01,,31.79114596939842,119.96406112649834,ANDROID,,江苏省常州市天宁区红梅街道永宁路,0
100000,,龙岩市,李晋锋个人工作室,Z,90,XCX,3,23.1,M,汉,2789,4,01,RELATIVES,FRIENDS,2,70.0,福建省,CONSUME,01,,24.823559027777776,118.58053602430556,ANDROID,,福建省泉州市晋江市梅岭街道泉安中路902号,0
100000,305,深圳市,中原地产代理（深圳）有限公司,O,17,APP,2,42.1,M,汉,4782,3,01,MATE,FRIENDS,1,95.467,广东省,CONSUME,01,,22.60485264593078,114.14607150767941,ANDROID,,广东省深圳市龙岗区南湾街道南和路,0
100000,104,驻马店市,爱尔集新能源（南京）有限公司,Z,90,XCX,3,37.7,M,汉,4791,4,01,MATE,SIBLING,1,91.571,河南省,CONSUME,01,,33.15896496379858,114.0132925129949,ANDROID,,河南省驻马店市遂平县瞿阳街道富强路,0
100000,102,岳阳市,岳阳市农业农村事务中心,A,27,XCX,4,37.2,M,汉,4196,4,01,MATE,FRIENDS,1,75.13405,湖南省,CONSUME,01,,29.33139971054858,113.15668682916393,ANDROID,,湖南省岳阳市岳阳楼区奇家岭街道,1
100000,103,汕头市,大图服饰有限公司,C,24,XCX,2,28.5,M,汉,6405,4,01,MATE,FATHER,2,70.0,广东省,CONSUME,01,,23.11710697558005,113.26735199968823,ANDROID,,广东省广州市越秀区珠光街道S2航线(天字码头-大元帅府),0
100000,403,常州市,黄雪英个人工作室,E,24,XCX,4,39.5,F,汉,3921,2,01,FATHER,FRIENDS,1,90.066,江苏省,CONSUME,01,,28.55747682782449,112.36163430569684,IOS,,湖南省益阳市赫山区朝阳街道,0
100000,102,中山市,中山顺丰速运有限公司,F,17,XCX,2,44.0,M,汉,5035,4,01,MATE,FATHER,1,88.98,广东省,CONSUME,01,,22.669022730381334,113.3581480092091,ANDROID,,广东省中山市阜沙镇兴旺街,0
100000,305,眉山市,四川中微汇智信息技术有限公司,G,13,APP,4,27.0,M,汉,277,3,01,MATE,FRIENDS,2,70.0,四川省,CONSUME,01,,30.488848,104.091246,ANDROID,,四川省成都市双流区万安街道万东南路,0
100000,102,广州市,恩平市国扬房地产开发有限公司,Z,90,XCX,3,45.3,M,汉,3775,3,01,FRIENDS,MOTHER,1,70.0,广东省,CONSUME,01,,23.129229383500758,113.28780036251908,ANDROID,,广东省广州市越秀区农林街道执信南路52号,0
100000,103,驻马店市,东莞市诚可成印刷设备有限公司,Z,90,XCX,4,23.0,M,汉,1185,4,01,FATHER,FRIENDS,2,90.123,河南省,CONSUME,01,,22.84251351401201,114.16190583605364,IOS,,广东省东莞市清溪镇凰文路西八巷6号,0
100000,105,安庆市,北京上北智信科技有限公司,G,13,XCX,4,33.7,M,汉,4955,3,01,RELATIVES,FRIENDS,2,70.0,安徽省,CONSUME,01,,40.066054,116.43197,ANDROID,,北京市昌平区天通苑南街道白坊路,0
100000,102,石家庄市,壁恋水漆有限公司,Z,90,APP,2,47.1,M,汉,4405,4,01,MATE,CHILDREN,1,70.0,河北省,CONSUME,01,,37.94463964861758,115.25328961096627,ANDROID,,河北省石家庄市辛集市辛集镇六前公路辅路,0
100000,102,泸州市,王禄叶个人工作室,Z,90,APP,4,25.6,F,汉,3025,4,01,FATHER,FRIENDS,2,85.455,四川省,CONSUME,01,,27.909761763749338,106.06835588595716,ANDROID,,四川省泸州市古蔺县皇华镇,0
100000,105,嘉兴市,奥乐纺织有限公司,C,24,XCX,2,35.8,M,汉,3929,2,01,SIBLING,MATE,1,70.0,浙江省,CONSUME,01,,30.466200692554819,120.39898954188273,ANDROID,,浙江省嘉兴市海宁市许村镇环镇路,0
100000,105,攀枝花市,攀钢钒钛,H,54,XCX,3,46.6,F,汉,1591,2,01,SIBLING,FRIENDS,1,70.0,四川省,CONSUME,02,,26.595327690972223,101.7383656141493,ANDROID,,四川省攀枝花市东区瓜子坪街道隆庆路234号,0
100000,403,营口市,黄岩个人工作室,H,54,XCX,3,38.1,F,汉,4318,2,01,MATE,COLLEAGUE,1,70.0,辽宁省,CONSUME,01,,40.691206,122.28146,ANDROID,,辽宁省营口市站前区东兴街道辽河大街东22,0
100000,,济南市,山东师范大学,C,24,XCX,4,39.7,M,汉,2986,3,01,COLLEAGUE,FRIENDS,1,76.586,山东省,CONSUME,01,,36.546689453125,116.83782958984375,ANDROID,,山东省济南市长清区崮云湖街道,1
100000,104,眉山市,徐泽兵个人工作室,Z,90,XCX,4,40.7,M,汉,4178,3,,MATE,RELATIVES,1,70.0,四川省,CONSUME,01,,30.05552041573616,103.8347283242861,ANDROID,,四川省眉山市东坡区大石桥街道平安巷18号,0
100000,105,茂名市,广州时代当妈科技有限公司,G,13,XCX,3,27.6,F,汉,1960,4,01,PARENTS,FRIENDS,2,72.162,广东省,CONSUME,01,,23.02688769060647,113.14617197629095,ANDROID,,广东省佛山市南海区桂城街道南新一路36号,0
100000,403,临沂市,美电贝尔,H,54,XCX,2,29.6,M,汉,6055,4,01,MATE,FATHER,1,70.0,山东省,CONSUME,01,,35.23811826333885,118.33164979067959,ANDROID,,山东省临沂市兰山区半程镇临滕高速,0
100000,103,哈尔滨市,利民天泰,H,54,XCX,2,35.4,F,满,5862,4,01,MOTHER,FRIENDS,3,70.0,黑龙江省,CONSUME,01,,45.889092497314788,126.60819634192075,ANDROID,,黑龙江省哈尔滨市呼兰区利业街道南京路辅路,0
100000,105,上海市,梅陇文化馆,Z,90,APP,3,30.7,M,汉,1468,3,01,SIBLING,FATHER,2,86.127,上海市,CONSUME,01,,31.235015462239584,121.47496120876735,ANDROID,,上海市黄浦区南京东路街道浙江中路156号,0
100000,,乐山市,国网乐山供电公司,D,17,APP,4,43.4,M,汉,1490,2,01,MATE,FRIENDS,1,70.0,四川省,CONSUME,01,,29.570333387586807,103.70442138671875,ANDROID,,四川省乐山市市中区水口镇G93(成渝环线高速),0
100000,104,吉安市,江西省吉安市遂川县金摇篮幼儿园,Z,90,XCX,3,38.0,F,汉,3059,2,01,FATHER,FATHER,2,70.0,江西省,CONSUME,01,,26.316671006944443,114.54097764756945,ANDROID,,江西省吉安市遂川县泉江镇环城南路,0
100000,,资阳市,智成广告有限公司,H,54,APP,2,28.7,M,汉,1190,2,01,PARENTS,MATE,1,70.0,四川省,CONSUME,01,,29.742587,106.648758,ANDROID,,重庆市渝北区两路街道机场北路,0
100000,105,永州市,兄弟货远,C,24,APP,2,44.7,M,汉,6426,2,01,MATE,SIBLING,1,70.0,湖南省,CONSUME,01,,23.468571,112.318058,ANDROID,,广东省肇庆市广宁县五和镇,0
100000,103,南充市,四川众合新材料有限公司,C,24,XCX,2,42.2,M,汉,4769,4,01,PARENTS,PARENTS,1,70.0,四川省,CONSUME,01,,30.94927140337212,104.25797700454608,ANDROID,,四川省德阳市广汉市汉州街道台北路,0
100000,,贵港市,华星电源科技有限公司,Z,90,XCX,2,37.2,M,汉,3615,3,,MATE,COLLEAGUE,1,94.939,广西壮族自治区,CONSUME,01,,22.546806630005059,113.48189234647909,ANDROID,,广东省中山市中山港街道港义路,0
100000,,揭阳市,吴锦鹏猪肉店,Z,90,XCX,2,29.1,M,汉,7233,4,01,FATHER,COLLEAGUE,1,89.545,广东省,CONSUME,01,,23.578316243489585,116.43882378472222,ANDROID,,广东省揭阳市揭东区曲溪街道陇德西六巷,0
100000,105,太原市,山西岚海国际旅行社,O,17,APP,3,31.1,M,汉,844,4,,PARENTS,PARENTS,2,70.0,山西省,CONSUME,01,,37.81789446726501,112.50184852721965,ANDROID,,山西省太原市万柏林区长风西街街道义井街北一巷,0
100000,,上饶市,李显发个人工作室,Z,90,XCX,2,24.8,M,汉,785,2,01,MATE,COLLEAGUE,1,70.0,江西省,CONSUME,01,,30.234868,121.382182,ANDROID,,浙江省宁波市慈溪市新浦镇五塘江东路,0
100000,,北京市,北京市水务局党校,Z,90,XCX,4,41.4,M,汉,4047,3,01,FRIENDS,FRIENDS,3,70.0,北京市,CONSUME,01,,39.91686870934263,116.31376185957922,ANDROID,,北京市海淀区甘家口街道中堤桥,0
100000,,沧州市,沧州四星玻璃,Z,90,XCX,4,26.1,F,汉,2628,4,01,MOTHER,FRIENDS,2,70.0,河北省,CONSUME,01,,38.25091389973959,116.98432345920139,ANDROID,,河北省沧州市沧县风化店乡,0
100000,403,驻马店市,河南玻嗨饮商贸行,H,54,APP,3,47.0,M,汉,5186,3,01,MATE,COLLEAGUE,1,93.148,河南省,CONSUME,01,,23.256446,116.601727,ANDROID,,广东省汕头市潮阳区文光街道钟厝地新路,1
100000,102,南京市,北京中关村银行,J,13,XCX,4,42.6,M,汉,5092,4,01,SIBLING,MATE,1,70.0,江苏省,CONSUME,01,,31.978037540458414,118.75172206144382,ANDROID,,江苏省南京市雨花台区铁心桥街道软件大道辅路,0
100000,403,广州市,花都港龙男科医疗门诊部,Q,11,APP,2,40.1,F,汉,2214,2,,SIBLING,MOTHER,1,70.0,广东省,CONSUME,01,,23.48673398372674,113.18188583058158,ANDROID,,广东省广州市花都区狮岭镇月亮湾一路,0
100000,,梅州市,世途喷锡电子厂,G,13,XCX,2,40.4,F,汉,4537,4,01,PARENTS,RELATIVES,1,70.0,广东省,CONSUME,01,,24.828331434461806,116.18607313368055,ANDROID,,广东省梅州市蕉岭县广福镇,0
100000,301,南京市,南京明发龙威建筑科技有限公司,E,24,XCX,4,35.5,M,汉,6486,4,01,FATHER,FRIENDS,2,88.627,江苏省,CONSUME,01,,32.17743516096452,118.69528606251119,ANDROID,,江苏省南京市浦口区沿江街道永安路,0
100000,103,上海市,上海广电电气有限公司,G,13,APP,2,49.7,F,汉,99999,3,01,FATHER,FRIENDS,3,82.054,上海市,CONSUME,01,,30.917402942853707,121.48756547974833,ANDROID,,上海市奉贤区南桥镇望园南路1518弄-61号,0
100000,105,牡丹江市,陈锐个人工作室,Z,90,APP,2,41.5,M,汉,2639,4,01,MOTHER,SIBLING,2,70.0,黑龙江省,CONSUME,01,,22.650437,114.075267,ANDROID,,广东省深圳市龙岗区坂田街道雪岗南路97号,0
100000,104,温州市,北京金宣农业科技有限公司,A,27,XCX,4,28.7,M,汉,443,4,01,PARENTS,FRIENDS,2,70.0,浙江省,CONSUME,01,,27.776402355403556,120.66660675285114,ANDROID,,浙江省温州市瑞安市莘塍街道河滨路,1
100000,403,太原市,山西绿优源农业科技有限公司,Z,90,APP,3,29.8,M,汉,6369,2,01,MOTHER,COLLEAGUE,2,95.23,山西省,CONSUME,01,,37.659325,112.563902,ANDROID,,山西省太原市小店区北格镇大运路,0
100000,105,本溪市,辽宁顺鑫公路,F,17,APP,4,26.6,M,汉,927,2,01,FATHER,FRIENDS,2,70.0,辽宁省,CONSUME,01,,41.31045756797802,123.80157238729008,ANDROID,,辽宁省本溪市明山区高台子街道S106(滨河南路),0
100000,105,合肥市,合肥新政家政服务有限公司,O,17,XCX,3,37.9,M,汉,4319,4,01,SIBLING,MATE,1,70.0,安徽省,CONSUME,01,,31.822413,117.242324,ANDROID,,安徽省合肥市蜀山区荷叶地街道茗香路,0
100000,,定西市,浙江豪邦保安服务有限公司,O,17,XCX,2,29.1,M,汉,1026,2,01,FATHER,FRIENDS,2,70.0,甘肃省,CONSUME,01,,30.317631022135416,120.25337348090278,ANDROID,,浙江省杭州市上城区九堡街道九盛路19号,0
100000,105,泰州市,江苏大新房地产资产评估测绘造价咨询有限公司泰州分公司,L,17,XCX,3,35.4,F,汉,3919,4,01,OTHER,COLLEAGUE,2,90.0,江苏省,CONSUME,01,,32.167067908039538,120.0169684954848,IOS,,江苏省泰州市泰兴市延令街道鼓楼南路103-9号,0
100000,105,龙岩市,石狮市阿海门面厂,C,24,XCX,2,43.0,M,汉,3796,2,01,RELATIVES,FRIENDS,1,70.0,福建省,CONSUME,01,,24.734786,118.655102,ANDROID,,福建省泉州市石狮市宝盖镇回兴路,0
100000,102,湖州市,银泰商业大厦,H,54,XCX,4,37.0,F,汉,3796,4,01,CHILDREN,FRIENDS,3,85.806,浙江省,CONSUME,01,,30.869767309510175,120.10900676553621,ANDROID,,浙江省湖州市吴兴区飞英街道外环东路147号,1
100000,,武汉市,武汉桥建物业发展有限公司,Z,90,XCX,3,32.9,F,汉,5561,2,01,MATE,COLLEAGUE,1,73.08,湖北省,CONSUME,01,,30.507119954427083,114.23019585503472,ANDROID,,湖北省武汉市汉阳区江堤街道国博天桥,0
100000,,宿迁市,石国浪蔬菜批发,Z,90,XCX,2,36.1,M,汉,3786,2,01,MOTHER,FRIENDS,1,70.0,江苏省,CONSUME,01,,31.560513891213597,121.27036600305955,ANDROID,,江苏省苏州市太仓市浮桥镇虹桥路,0
100000,102,保定市,保定市万晨商贸有限公司,H,54,APP,2,40.0,M,汉,5403,2,01,MOTHER,SIBLING,1,70.0,河北省,CONSUME,01,,38.871784,115.525714,ANDROID,,河北省保定市莲池区东金庄乡东苑街辅路,0
100000,,南昌市,江西工程职业学院,Z,90,APP,4,36.3,F,汉,5694,3,01,FRIENDS,CHILDREN,1,70.0,江西省,CONSUME,01,,28.63432692535053,115.83377600416114,ANDROID,,江西省南昌市红谷滩区红角洲管理区,1
100000,105,德阳市,广汉市众益建材经营部,H,54,APP,2,45.2,M,汉,3528,4,01,MATE,FRIENDS,1,96.0,四川省,CONSUME,01,,30.905853542672465,104.2406283964895,IOS,,四川省德阳市广汉市向阳镇东莞路二段,0
100000,,信阳市,叶雨商贸行,Z,90,XCX,3,36.8,M,汉,4084,2,01,MATE,SIBLING,1,70.0,河南省,CONSUME,01,,33.620922037760415,113.36375271267362,ANDROID,,河南省平顶山市叶县城关乡广场东街,0
100000,102,兴义市,唐光丽个人工作室,Z,90,XCX,2,40.9,F,彝,3452,3,,FRIENDS,CHILDREN,1,95.072,贵州省,CONSUME,04,,30.27341091579861,121.21998508029515,ANDROID,,浙江省宁波市慈溪市庵东镇镇北路,1
100000,103,曲靖市,云南省曲靖市会泽县宝俊花园浪漫嫁日高端婚礼策划,Z,90,XCX,2,31.5,M,彝,121,3,01,COLLEAGUE,MATE,1,70.0,云南省,CONSUME,01,,26.413829,103.274004,ANDROID,,云南省曲靖市会泽县金钟街道抚军街,0
100000,,保定市,寨南村钓友之家俱乐部,Z,90,XCX,2,37.7,M,汉,5069,4,01,MOTHER,FRIENDS,1,70.0,河北省,CONSUME,01,,38.90361057936839,116.00223690080301,ANDROID,,河北省保定市安新县安新镇,0
100000,105,枣庄市,张锋个人工作室,Z,90,APP,2,43.0,M,汉,3410,2,01,MATE,FRIENDS,1,70.0,山东省,CONSUME,02,,35.092853555991,117.064949047993,ANDROID,,山东省枣庄市滕州市姜屯镇S321,1
100000,105,凉山彝族自治州,普格县融媒体中心,R,17,XCX,4,36.3,M,汉,5444,3,01,FATHER,SIBLING,2,88.808,四川省,CONSUME,01,,27.378592262766844,102.5410214819312,ANDROID,,四川省凉山彝族自治州普格县普基镇新建南路107,0
100000,102,青岛市,青岛市勘察设计施工图审查公司,M,11,XCX,4,37.2,M,汉,3657,3,01,MATE,FATHER,1,70.0,山东省,CONSUME,01,,36.065223693847656,120.30238342285156,IOS,,山东省青岛市市南区云南路街道东平路41号,0
100000,,潍坊市,临朐绿城水郡便民餐饮中心,Z,90,APP,4,43.9,M,汉,4175,3,01,MATE,SIBLING,1,88.472,山东省,CONSUME,01,,36.515403,118.537944,ANDROID,,山东省潍坊市临朐县城关街道民主路126号,0
100000,102,衡水市,龙都国际,I,54,XCX,3,33.3,F,汉,5641,4,01,FATHER,FRIENDS,2,70.0,河北省,CONSUME,01,,37.99971935366133,114.48287823397854,ANDROID,,河北省石家庄市桥西区汇通街道阜安路43号,0
100000,,茂名市,曾燕玲个人工作室,H,54,XCX,2,33.6,F,汉,6395,2,01,MATE,FRIENDS,1,70.896,广东省,CONSUME,01,,21.519200575086806,111.1867640516493,ANDROID,,广东省茂名市电白区麻岗镇,0
100000,103,北京市,欧昊集团,H,54,APP,3,44.9,F,锡伯,3878,2,01,MOTHER,FRIENDS,2,77.400475,北京市,CONSUME,01,,40.00025255164286,116.44962329356301,ANDROID,,北京市朝阳区望京街道南湖西园北路,0
100000,102,蚌埠市,安徽章成劳务公司,C,24,APP,3,40.2,M,汉,3997,2,01,FRIENDS,FRIENDS,2,70.0,安徽省,CONSUME,01,,32.961556,117.303939,ANDROID,,安徽省蚌埠市淮上区小蚌埠镇,0
100000,104,凉山彝族自治州,四川盛春医药公司,Z,90,XCX,4,46.3,M,彝,4299,4,01,PARENTS,FRIENDS,1,86.104,四川省,CONSUME,01,,27.89183306308454,102.27437709155334,ANDROID,,四川省凉山彝族自治州西昌市东城街道土司路,0
100000,103,扬州市,江苏牧羊集团,H,54,XCX,4,37.1,F,汉,3876,3,01,SIBLING,FRIENDS,1,70.0,江苏省,CONSUME,01,,32.042772773666538,118.74768437097359,ANDROID,,江苏省南京市鼓楼区凤凰街道凤凰西街223号,0
100000,102,邯郸市,广州恒力,H,54,XCX,2,49.0,M,汉,453,4,01,RELATIVES,FRIENDS,1,70.0,河北省,CONSUME,01,,23.159768,113.395594,ANDROID,,广东省广州市天河区新塘街道沐陂东路,0
100000,103,合肥市,陶兵海个人工作室,Z,90,APP,3,46.1,M,汉,2542,4,01,RELATIVES,RELATIVES,1,70.0,安徽省,CONSUME,01,,31.999074545917453,117.53966133205516,ANDROID,,安徽省合肥市肥东县梁园镇,0
100000,105,惠州市,天津羽翼物流有限公司,F,17,XCX,4,38.5,F,汉,5516,4,01,MOTHER,SIBLING,2,88.998,广东省,CONSUME,02,,39.157343207465274,117.39021375868056,ANDROID,,天津市东丽区华明街道通和道,0
100000,103,市辖区,暴走熊豪车体验俱乐部,R,17,XCX,3,26.5,M,汉,1886,4,,FATHER,FATHER,2,79.91485,天津市,CONSUME,04,,38.89565690501676,116.98070554636525,ANDROID,,天津市静海区大丰堆镇长安路,0
100000,103,泰安市,中鸿餐饮服务中心,E,24,XCX,3,38.8,M,汉,6229,4,01,MATE,FRIENDS,1,90.953,山东省,CONSUME,01,,35.94953152126736,116.46549126519098,ANDROID,,山东省泰安市东平县州城街道地区,0
100000,,宁波市,晟合新材料科技（嘉兴）股份有限公司）,G,13,APP,4,41.8,M,汉,4579,3,01,MOTHER,FRIENDS,1,70.0,浙江省,CONSUME,02,,29.448071,121.895946,ANDROID,,浙江省宁波市象山县丹西街道殷夫路,0
100000,105,驻马店市,智达新能源,H,54,APP,2,33.8,M,汉,6020,2,01,FRIENDS,FRIENDS,2,86.999,河南省,CONSUME,01,,31.04099439263363,119.54400168307679,ANDROID,,安徽省宣城市广德市新杭镇,0
100000,105,厦门市,厦门中圣轩广告有限公司,R,17,APP,3,38.3,F,汉,3524,2,01,MATE,FRIENDS,1,70.0,福建省,CONSUME,01,,24.509078,118.138719,ANDROID,,福建省厦门市湖里区禾山街道枋湖西路,1
100000,103,驻马店市,个体经营,Z,90,APP,3,23.9,M,汉,1788,4,01,RELATIVES,FRIENDS,2,89.734,河南省,CONSUME,01,,29.517359193389529,121.8911315724124,ANDROID,,浙江省宁波市象山县大徐镇,0
100000,102,商丘市,谢开运个人工作室,Z,90,APP,2,31.1,M,汉,7132,2,01,MOTHER,COLLEAGUE,1,70.0,河南省,CONSUME,01,,28.660968,121.230541,ANDROID,,浙江省台州市黄岩区西城街道永宁江绿道,0
100000,,临汾市,山西中煤华晋韩咀煤业有限公司,C,24,APP,3,36.6,M,汉,3872,4,01,MATE,RELATIVES,1,70.0,山西省,CONSUME,01,,35.81403662154787,110.6743601516196,ANDROID,,山西省临汾市乡宁县枣岭乡,0
100000,102,上海市,上海市国际机场股份有限公司安检护卫保障部,F,17,APP,3,37.0,M,汉,5831,4,01,COLLEAGUE,MOTHER,2,89.069,上海市,CONSUME,01,,31.180867112345785,121.50912829370526,ANDROID,,上海市浦东新区周家渡街道昌里东路423号,0
100000,104,如皋市,恒科有限公司,Z,90,XCX,3,35.1,M,汉,6190,2,,MOTHER,FRIENDS,3,80.298,江苏省,CONSUME,01,,32.087285970052086,120.58128553602431,ANDROID,,江苏省南通市如皋市长江镇通城路,0
100000,102,湛江市,黄静个人工作室,Z,90,APP,2,26.2,F,汉,2962,2,01,FATHER,FRIENDS,2,74.25,广东省,CONSUME,01,,29.661348346543,121.41770172625,ANDROID,,浙江省宁波市奉化区岳林街道东升路14幢-101号,0
100000,105,临汾市,自由职业,Z,90,APP,3,27.5,M,汉,2468,4,01,SIBLING,MATE,2,70.0,山西省,CONSUME,01,,36.03665546996929,110.83961592261753,ANDROID,,山西省临汾市乡宁县昌宁镇,0
100000,,汕头市,裕发玩具有限公司,Z,90,APP,4,36.6,M,汉,3787,4,01,MOTHER,COLLEAGUE,1,70.0,广东省,CONSUME,01,,23.522723253038194,116.709697265625,ANDROID,,广东省汕头市澄海区上华镇X051(澄海公路),0
100000,,商丘市,山东路油油气管理有限公司,Z,90,XCX,4,26.6,M,汉,7169,4,01,FATHER,MATE,1,79.153,河南省,CONSUME,01,,34.34976592228169,115.92881464585742,ANDROID,,河南省商丘市虞城县郑集乡,0
100000,,北京市,劳动社会保障法学会,S,11,APP,4,44.7,F,汉,3522,4,01,FATHER,SIBLING,2,70.0,北京市,CONSUME,01,,39.87833740234375,116.30808539496527,ANDROID,,北京市丰台区太平桥街道西三环南路辅路,1
100000,403,宁德市,普陀山佛教协会,S,11,APP,2,35.4,M,汉,6000,3,,MATE,FRIENDS,1,78.07013,福建省,CONSUME,03,,29.988699816610909,122.39742862210967,ANDROID,,浙江省舟山市普陀区普陀山镇,0
100000,102,哈尔滨市,星烁传媒,H,54,XCX,2,32.2,F,汉,5928,2,01,PARENTS,SIBLING,1,92.254,黑龙江省,CONSUME,01,,40.159873416233057,124.39357498361446,ANDROID,,辽宁省丹东市元宝区金山镇幸福街,0
100000,103,葫芦岛市,辽宁省葫芦岛市连山区群英街2段47号楼3单元401室,Z,90,APP,4,40.0,M,汉,4451,4,01,MATE,SIBLING,1,70.0,辽宁省,CONSUME,01,,40.71696033515515,120.85088991695503,ANDROID,,辽宁省葫芦岛市龙港区双龙街道龙程街,0
100000,104,宿迁市,德邦快递,F,17,XCX,2,35.5,M,汉,6397,2,,FATHER,MOTHER,3,90.341,江苏省,CONSUME,02,,30.569363393160637,103.96131026002843,ANDROID,,四川省成都市双流区东升街道机场东二路,0
100000,102,徐州市,中国太平洋财险保险股份有限公司江苏分公司,J,13,APP,3,34.4,M,汉,4648,4,01,FATHER,PARENTS,2,70.0,江苏省,CONSUME,01,,34.19005820980688,117.17528043027457,ANDROID,,江苏省徐州市铜山区铜山街道南京路108号,0
100000,103,常州市,溧阳市血站,S,11,XCX,4,37.6,M,汉,3251,4,01,MATE,FATHER,1,70.0,江苏省,CONSUME,01,,31.31595976815792,119.49874925595218,ANDROID,,江苏省常州市溧阳市戴埠镇珠江东路,1
100000,,南充市,南充市顺庆区人民医院,Z,90,XCX,3,37.0,M,汉,3758,4,01,MATE,COLLEAGUE,1,70.0,四川省,CONSUME,01,,30.991334635416667,105.9032302517361,ANDROID,,四川省南充市西充县南台街道G212(环城大道三段),0
100000,,宿迁市,褚梦然个人工作室,Z,90,XCX,3,33.9,F,汉,73,4,01,MATE,FATHER,1,70.0,江苏省,CONSUME,01,,34.106469621660647,118.35858989928413,ANDROID,,江苏省宿迁市宿豫区来龙镇扬子路,0
100000,102,来宾市,哈金森汽车橡胶制品有限公司,H,54,APP,4,37.2,M,汉,4103,4,01,SIBLING,FRIENDS,3,70.0,广西壮族自治区,CONSUME,01,,30.34827,109.485283,ANDROID,,湖北省恩施土家族苗族自治州恩施市龙凤镇G209(施州大道),0
100000,,绵阳市,艾梦家纺,H,54,APP,3,40.1,F,羌,4087,3,01,COLLEAGUE,COLLEAGUE,1,70.0,四川省,CONSUME,01,,31.898901,121.06961,ANDROID,,江苏省南通市通州区张芝山镇宝通北路,0
100000,102,乐山市,洪雅县联华超市管理有限责任公司,H,54,APP,3,48.5,M,汉,2841,4,01,FATHER,COLLEAGUE,1,70.0,四川省,CONSUME,01,,29.904442,103.371384,ANDROID,,四川省眉山市洪雅县洪川镇天池南街一段,0
100000,,梅州市,东莞红蜻蜓专卖店,H,54,APP,2,48.3,F,汉,4102,2,01,MATE,FRIENDS,1,70.0,广东省,CONSUME,01,,23.017294,114.095635,ANDROID,,广东省东莞市桥头镇湖滨路6号,1
100000,105,恩施土家族苗族自治州,窗前时光,R,17,APP,2,37.0,F,土家,4640,3,01,RELATIVES,SIBLING,2,88.0,湖北省,CONSUME,01,,30.616925746824636,109.73990803552944,IOS,,湖北省恩施土家族苗族自治州建始县业州镇,0
100000,,泰安市,东顺时代,R,17,APP,2,36.4,M,汉,6351,4,01,PARENTS,FRIENDS,2,70.0,山东省,CONSUME,01,,26.190503,44.385697,ANDROID,,"Shmasiyah, Al Qaseem, Saudi Arabia",0
100000,,绵阳市,思源供水有限公司,Z,90,APP,4,32.3,M,汉,5474,2,01,FATHER,SIBLING,2,70.0,四川省,CONSUME,01,,31.475483,104.742671,ANDROID,,四川省绵阳市涪城区工区街道九虹巷,0
100000,,茂名市,横山建材经营部,Z,90,APP,2,34.5,M,汉,5844,4,01,MATE,SIBLING,1,87.523,广东省,CONSUME,01,,21.680803,110.821988,ANDROID,,广东省茂名市茂南区公馆镇,1
100000,303,蚌埠市,王春个人工作室,H,54,APP,2,38.7,M,回,3872,4,01,SIBLING,FATHER,2,94.114,安徽省,CONSUME,01,,32.93459271052338,117.3785773186445,ANDROID,,安徽省蚌埠市蚌山区胜利街道航华路,0
100000,,唐山市,唐山德龙钢铁有限公司,C,24,XCX,4,46.6,M,汉,4706,4,01,FATHER,FRIENDS,1,70.0,河北省,CONSUME,01,,32.027058,119.575406,ANDROID,,江苏省镇江市丹阳市曲阿街道长乐路,0
100000,,泰安市,泰山恒信有限公司,Z,90,XCX,3,35.1,M,汉,4486,2,01,FRIENDS,COLLEAGUE,2,70.0,山东省,CONSUME,01,,36.13465766059028,117.11150716145833,ANDROID,,山东省泰安市岱岳区北集坡街道北天门大街,0
100000,103,合肥市,庄墓镇杨湾村村民委员会,S,11,APP,4,36.6,M,汉,5642,4,01,PARENTS,FRIENDS,1,70.0,安徽省,CONSUME,01,,31.782744417820468,117.21571695925056,ANDROID,,安徽省合肥市蜀山区莲花社区G312(繁华大道),0
100000,,淄博市,东升集团,Z,90,XCX,2,32.8,F,汉,6666,4,01,PARENTS,FRIENDS,1,70.0,山东省,CONSUME,01,,36.63388970269097,117.97682644314236,ANDROID,,山东省淄博市淄川区般阳路街道淄矿路,0
100000,105,池州市,沙军个人工作室,Z,90,XCX,2,37.0,M,汉,5554,2,01,FATHER,FRIENDS,2,70.0,安徽省,CONSUME,01,,30.945944281684028,121.64578857421876,ANDROID,,上海市奉贤区奉城镇头桥东路255弄166,0
100000,103,清远市,广东兴佳食品有限公司,C,24,APP,2,48.7,M,汉,3898,4,01,RELATIVES,RELATIVES,1,76.22303,广东省,CONSUME,01,,23.65575088150451,113.05762148926921,ANDROID,,广东省清远市清城区清远市高新技术产业开发区窝田路,0
100000,102,抚州市,合肥市新测测绘服务有限公司,Z,90,APP,3,34.5,M,汉,4315,3,01,FATHER,MOTHER,1,79.917,江西省,CONSUME,01,,31.161127565433579,120.77643069596162,ANDROID,,江苏省苏州市吴江区同里镇,0
100000,105,双鸭山市,上海泛东工贸有限公司,C,24,APP,2,46.1,F,汉,974,4,01,MATE,FRIENDS,1,86.988,黑龙江省,CONSUME,01,,22.59507497669556,114.26606449986993,ANDROID,,广东省深圳市盐田区盐田街道,0
100000,,武汉市,中国国际旅行社,O,17,XCX,3,39.0,M,汉,6506,2,01,FATHER,FATHER,1,70.0,湖北省,CONSUME,01,,30.56992458767361,114.26502739800347,ANDROID,,湖北省武汉市硚口区汉正街道长堤街460号,0
100000,102,雅安市,名钨科技责任有限公司,G,13,XCX,3,35.2,M,汉,4508,2,01,FATHER,FRIENDS,2,70.0,四川省,CONSUME,01,,30.572755800846364,104.26072673289078,IOS,,四川省成都市龙泉驿区龙泉街道红岭路,0
100000,301,中山市,中山客气文化发展有限公司,R,17,APP,4,39.8,M,汉,3573,4,01,RELATIVES,FRIENDS,,90.005,广东省,CONSUME,01,,22.514434875523567,113.4627831019513,ANDROID,,广东省中山市中山港街道S384(南阳山隧道),0
100000,105,泉州市,鲤城区颐颐和餐饮店,I,54,APP,3,35.7,F,汉,4613,2,01,FATHER,FRIENDS,1,89.203,福建省,CONSUME,01,,24.908885760812237,118.61538308773173,ANDROID,,福建省泉州市丰泽区东湖街道灵山街,0
100000,,珠海市,维他奶有限公司,Z,90,APP,3,38.6,M,汉,7156,2,01,MATE,FRIENDS,1,70.0,广东省,CONSUME,01,,22.285114,113.572171,ANDROID,,广东省珠海市香洲区香湾街道乐园路44号,0
100000,102,泉州市,厦门士林电机,C,24,XCX,2,30.5,M,汉,164,2,,SIBLING,SIBLING,2,70.0,福建省,CONSUME,01,,25.07335015190972,118.22027235243056,ANDROID,,福建省泉州市安溪县参内镇万博路辅路,0
100000,,周口市,南通星月会娱乐有限公司,Z,90,APP,2,25.6,M,汉,1167,3,01,FATHER,FRIENDS,2,70.0,河南省,CONSUME,01,,31.92779,120.964364,ANDROID,,江苏省南通市崇川区竹行街道林翠路,0
100000,,十堰市,正博物流,Z,90,APP,3,36.1,M,汉,5933,3,01,PARENTS,SIBLING,2,70.0,湖北省,CONSUME,01,,36.77860921830824,118.14268937258508,ANDROID,,山东省淄博市张店区湖田街道,0
100000,102,鹤岗市,孙权个人工作室,Z,90,XCX,3,30.3,M,汉,6418,2,01,FATHER,FRIENDS,2,70.0,黑龙江省,CONSUME,01,,30.397303331163194,120.29663248697916,ANDROID,,浙江省杭州市临平区南苑街道望梅高架路,0
100000,,连云港市,丁蜀陶瓷城三羊陶艺,H,54,APP,3,42.0,M,汉,3907,3,01,MATE,COLLEAGUE,1,70.0,江苏省,CONSUME,01,,31.258834,119.838396,ANDROID,,江苏省无锡市宜兴市丁蜀镇解放东路,0
100000,105,南通市,浙江同安建设工程有限公司,E,24,APP,3,39.1,M,汉,4220,3,01,MATE,COLLEAGUE,1,99.0,江苏省,CONSUME,01,,32.35170271634596,120.79571751689501,IOS,,江苏省南通市如东县双甸镇双车蓬路,0
100000,102,吉安市,王鑫个人工作室,Z,90,APP,2,28.7,M,汉,766,4,01,MOTHER,FATHER,2,86.196,江西省,CONSUME,01,,27.133353517853356,114.98480194335738,ANDROID,,江西省吉安市吉州区北门街道吉州大道14号,0
100000,,福州市,承诺塑业公司,C,24,XCX,2,36.0,M,汉,4465,4,,FATHER,COLLEAGUE,1,70.0,福建省,CONSUME,01,,25.878008083767362,119.54691379123264,ANDROID,,福建省福州市长乐区古槐镇福北路,0
100000,,昆明市,千禾味业有限公司,Z,90,XCX,4,29.8,F,汉,6393,3,01,MATE,COLLEAGUE,1,70.0,云南省,CONSUME,01,,24.93608333794045,102.49485154528932,ANDROID,,云南省昆明市安宁市连然街道兴发路5,0
100000,308,广州市,广州地铁集团有限公司,Z,90,APP,3,42.2,M,汉,3915,2,01,FRIENDS,FRIENDS,1,70.0,广东省,CONSUME,01,,23.128428,113.403454,ANDROID,,广东省广州市天河区黄村街道荔苑路148号,0
100000,103,南通市,希迪制药,M,11,APP,2,32.9,M,汉,6179,2,01,FRIENDS,FRIENDS,2,88.661,江苏省,CONSUME,02,,32.06273410702673,120.72151627676753,ANDROID,,江苏省南通市通州区平潮镇新景路,0
100000,308,广州市,广州地铁集团有限公司,Z,90,APP,3,42.2,M,汉,3915,2,01,FRIENDS,FRIENDS,1,70.0,广东省,CONSUME,01,,23.128428,113.403454,ANDROID,,广东省广州市天河区黄村街道荔苑路148号,0
100000,103,咸阳市,华宏鼎泰市政有限公司,E,24,APP,2,37.5,M,汉,5302,2,01,MATE,OTHER,1,70.0,陕西省,CONSUME,01,,34.458070570457618,108.97675365430264,ANDROID,,陕西省西安市高陵区泾渭街道,0
100000,102,绥化市,华辉物流,Z,90,APP,4,42.7,M,汉,4498,4,01,MATE,SIBLING,1,70.0,黑龙江省,CONSUME,01,,46.837975,126.468606,ANDROID,,黑龙江省绥化市望奎县望奎镇花园街,0
100000,105,南京市,南京友谊船舶修造有限公司,C,24,XCX,3,40.0,M,回,3696,3,01,MATE,FRIENDS,1,70.0,江苏省,CONSUME,01,,32.11512098524305,118.76294379340278,ANDROID,,江苏省南京市鼓楼区宝塔桥街道燕江路,0
100000,,桐乡市,夏益个人工作室,Z,90,XCX,3,27.9,F,汉,1880,3,01,FRIENDS,PARENTS,2,70.0,浙江省,CONSUME,01,,30.533376576027547,120.44582947601052,ANDROID,,浙江省嘉兴市桐乡市崇福镇高崇线,0
100000,,合肥市,浙江龙芯电驱动科技有限公司,Z,90,APP,3,35.1,M,汉,4008,3,01,PARENTS,FRIENDS,1,70.0,安徽省,CONSUME,01,,31.475065283849408,116.96480546788489,ANDROID,,安徽省六安市舒城县城关镇鹿起北路,0
100000,104,苏州市,冯若琪个人工作室,Z,90,APP,3,24.1,F,汉,2271,4,01,MATE,MOTHER,2,70.0,江苏省,CONSUME,01,,31.38077010085086,120.6318295661089,ANDROID,,江苏省苏州市相城区澄阳街道S227(相城大道),0
100000,,重庆市,重庆首讯科技股份有限公司,Z,90,APP,4,24.2,M,汉,3196,2,01,COLLEAGUE,SIBLING,2,70.0,重庆市,CONSUME,01,,29.606429,106.568387,ANDROID,,重庆市江北区寸滩街道海尔路210号,0
100000,,成都市,四川中光防雷科技有限公司,G,13,APP,3,34.9,M,汉,4417,3,01,MOTHER,FRIENDS,1,70.0,四川省,CONSUME,02,,30.753703,103.952176,ANDROID,,四川省成都市郫都区犀浦街道百草路19号,0
100000,103,淮南市,轩旺房产经纪有限公司,O,17,APP,3,27.8,F,汉,1188,4,01,MATE,SIBLING,1,70.0,安徽省,CONSUME,01,,29.950549901133305,121.75194813385764,ANDROID,,浙江省宁波市北仑区戚家山街道鹰山路,0
100000,104,濮阳市,王少玲个人工作室,Z,90,APP,4,34.3,F,汉,5564,2,01,MATE,FRIENDS,1,70.0,河南省,CONSUME,01,,34.71026259633962,113.68998396004648,ANDROID,,河南省郑州市管城回族区十八里河街道紫东路,0
100000,403,徐州市,仝雷个人工作室,Z,90,APP,2,39.6,M,汉,4164,2,01,SIBLING,RELATIVES,1,95.785,江苏省,CONSUME,01,,34.212994207136649,117.14700947928773,ANDROID,,江苏省徐州市铜山区铜山街道大学路辅路,0
100000,105,太原市,山西省太原市海鑫特商贸有限公司,H,54,APP,2,40.2,M,汉,4374,4,01,MATE,FATHER,1,70.0,山西省,CONSUME,01,,37.85330184839727,112.62184823619868,ANDROID,,山西省太原市迎泽区郝庄镇X247(朝阳街),1
100000,104,濮阳市,王少玲个人工作室,Z,90,APP,4,34.3,F,汉,5564,2,01,MATE,FRIENDS,1,70.0,河南省,CONSUME,01,,34.71026259633962,113.68998396004648,ANDROID,,河南省郑州市管城回族区十八里河街道紫东路,0
100000,102,商丘市,陕西鸿运会展服务有限公司,L,17,APP,2,39.7,M,汉,4858,2,01,RELATIVES,FRIENDS,1,90.482,河南省,CONSUME,01,,33.24559524301894,107.59146023421408,ANDROID,,陕西省汉中市洋县洋州街道,0
100000,,嘉兴市,王嘉川个人工作室,Z,90,XCX,3,29.2,M,汉,6876,4,01,PARENTS,COLLEAGUE,2,70.0,浙江省,CONSUME,01,,28.67702966673549,116.03322969660776,ANDROID,,江西省南昌市南昌县昌东镇瑶湖西大道,0
100000,105,泰安市,泰安市钱柜经贸有限公司,H,54,XCX,3,46.4,F,汉,4774,2,01,MATE,FRIENDS,1,70.0,山东省,CONSUME,01,,36.203268778876459,117.13822153947244,IOS,,山东省泰安市泰山区泰前街道擂鼓石大街,1
100000,102,泉州市,雕卓文化传媒有限公司,Z,90,APP,2,36.0,M,汉,6388,2,01,FATHER,RELATIVES,2,70.0,福建省,CONSUME,01,,30.33797439017949,120.11705222648392,ANDROID,,浙江省杭州市拱墅区祥符街道北软桥,0
100000,,哈尔滨市,友乐棋牌馆,R,17,XCX,3,34.4,M,汉,4732,4,01,MATE,FRIENDS,1,70.0,黑龙江省,CONSUME,01,,45.743343370225695,127.80574435763889,ANDROID,,黑龙江省哈尔滨市宾县常安镇,0
100000,105,承德市,石家庄牧草集生物科技有限公司,P,13,XCX,3,28.4,M,满,1055,2,01,RELATIVES,FRIENDS,2,89.63,河北省,CONSUME,01,,38.035992788783179,114.42999935766221,IOS,,河北省石家庄市桥西区苑东街道西二环南路92号,0
100000,,运城市,大运机车有限公司,C,24,APP,4,33.4,M,汉,5196,2,01,FATHER,FRIENDS,2,70.0,山西省,CONSUME,01,,34.918035,110.744433,ANDROID,,山西省运城市永济市卿头镇,0
100000,104,哈尔滨市,养之阁健康管理中心,Q,11,APP,3,34.8,F,汉,6838,3,01,CHILDREN,COLLEAGUE,1,81.018,黑龙江省,CONSUME,01,,31.89079,121.174702,ANDROID,,江苏省南通市海门区海门街道越秀路,0
100000,103,辽阳市,养殖有限公司,A,27,APP,2,43.3,M,汉,4602,4,01,RELATIVES,FRIENDS,1,90.271,辽宁省,CONSUME,01,,39.73001813938492,112.15906522960442,ANDROID,,山西省朔州市平鲁区凤凰城镇,0
100000,302,淮南市,南京邦德中医院,Z,90,XCX,3,43.6,F,汉,4073,2,01,MATE,COLLEAGUE,1,70.0,安徽省,CONSUME,01,,32.12307210286458,118.85769965277778,ANDROID,,江苏省南京市栖霞区燕子矶街道G36(宁洛高速),1
100000,,邯郸市,深圳市法兰茜食品有限公司,C,24,APP,3,26.3,M,汉,1144,2,01,FATHER,COLLEAGUE,2,70.0,河北省,CONSUME,01,,29.329412706163193,120.01561414930555,ANDROID,,浙江省金华市义乌市北苑街道,0
100000,,承德市,唐山大唐鑫兰成套电气设备制造有限公司,D,17,XCX,4,40.2,M,汉,4094,3,01,MOTHER,FRIENDS,1,70.0,河北省,CONSUME,01,,36.30713650173611,120.3759361436632,ANDROID,,山东省青岛市城阳区城阳街道正阳中路305,0
100000,,扬州市,中国石化江苏分公司,Z,90,XCX,3,34.2,M,汉,5431,3,01,PARENTS,COLLEAGUE,2,70.0,江苏省,CONSUME,01,,32.61998272581628,119.60200712345612,ANDROID,,江苏省扬州市江都区真武镇真颜线,0
100000,102,达州市,个体运输,Z,90,APP,4,32.7,M,汉,5131,4,01,SIBLING,SIBLING,1,78.884,四川省,CONSUME,01,,31.544245008099975,104.82160509258347,ANDROID,,四川省绵阳市游仙区新桥镇G108(绵梓公路),0
100000,102,泸州市,杨爽个人工作室,Z,90,XCX,2,22.6,M,汉,1258,2,01,FRIENDS,FRIENDS,2,87.522,四川省,CONSUME,01,,30.85558799638821,105.38461774698115,ANDROID,,四川省遂宁市射洪市武安镇武安河西路,0
100000,103,绍兴市,上虞区章镇镇笕桥村股份经济合作社,Z,90,APP,4,49.1,F,汉,99999,3,01,MATE,COLLEAGUE,1,87.88,浙江省,CONSUME,01,,29.810327928574555,120.85636370697084,ANDROID,,浙江省绍兴市上虞区章镇镇文化路,0
100000,105,南昌市,蜂鸟骑士,H,54,XCX,2,49.4,M,汉,498,4,01,CHILDREN,FRIENDS,1,79.115,江西省,CONSUME,01,,28.655496961805557,115.92223063151042,ANDROID,,江西省南昌市青云谱区徐家坊街道塔子桥南路1号,0
100000,104,合肥市,安徽博鸿汽车有限公司,C,24,APP,3,27.6,M,汉,2985,4,01,MATE,PARENTS,1,89.475,安徽省,CONSUME,01,,31.865630931296086,117.31721110710359,ANDROID,,安徽省合肥市瑶海区三里街街道铜陵路303号,0
100000,,成都市,谭孝军个人工作室,J,13,XCX,2,27.4,M,汉,913,4,01,PARENTS,FRIENDS,2,70.0,四川省,CONSUME,01,,31.169290530250405,103.83919520757299,ANDROID,,四川省成都市彭州市通济镇,0
100000,105,固原市,宁夏修元健康管理咨询服务有限公司,Q,11,APP,3,44.6,M,回,1204,4,01,MATE,FRIENDS,1,79.572754,宁夏回族自治区,CONSUME,01,,36.054663653690749,103.91161773932731,ANDROID,,甘肃省兰州市城关区雁园街道雁峡路,0
100000,,鞍山市,鞍山市安卓幼儿园,Z,90,XCX,4,23.9,F,汉,2396,4,01,MOTHER,FRIENDS,1,70.0,辽宁省,CONSUME,01,,41.144779730902776,123.03348904079861,ANDROID,,辽宁省鞍山市立山区立山街道鞍千路辅路,0
100000,103,周口市,北京意宣有限公司,Z,90,APP,2,23.8,F,汉,2742,2,01,MOTHER,FRIENDS,2,70.0,河南省,CONSUME,01,,31.16529844891458,121.19268725335727,ANDROID,,上海市青浦区赵巷镇盈港东路,0
100000,,青岛市,青岛东李企业集团股份有限公司,Z,90,APP,3,39.2,M,汉,3642,3,01,MOTHER,SIBLING,1,70.0,山东省,CONSUME,01,,36.154936,120.439992,ANDROID,,山东省青岛市李沧区浮山路街道东李四支路,0
100000,,常州市,李随旻个人工作室,Z,90,XCX,4,36.8,F,汉,4077,2,01,MATE,FRIENDS,1,95.61557,江苏省,CONSUME,01,,31.771180780869604,119.99230579128268,IOS,,江苏省常州市天宁区青龙街道章东路,1
100000,,开封市,初成长童装,H,54,XCX,3,30.0,F,汉,1281,4,01,MOTHER,FRIENDS,1,70.0,河南省,CONSUME,01,,34.81070223769336,114.23078113004303,ANDROID,,河南省开封市龙亭区开封经济开发区九大街,0
100000,,衡水市,阜城赵鹏货运服务站,Z,90,APP,2,39.4,M,汉,3282,4,01,MATE,MOTHER,1,70.0,河北省,CONSUME,01,,37.892916,116.181774,ANDROID,,河北省衡水市阜城县阜城镇南东西路,0
100000,105,白城市,贝特瑞新材料集团股份有限公司,Z,90,XCX,2,38.1,M,汉,3170,2,01,FRIENDS,COLLEAGUE,2,70.0,吉林省,CONSUME,01,,31.703325286109988,119.65362005879484,ANDROID,,江苏省常州市金坛区尧塘街道,0
100000,,平凉市,万盛气贸,Z,90,XCX,2,33.6,F,汉,444,4,01,MATE,SIBLING,1,70.0,甘肃省,CONSUME,01,,35.21989623255502,106.65204209333172,ANDROID,,甘肃省平凉市华亭市东华街道东大街,0
100000,103,茂名市,广州旺盛工程地质勘察有限公司,Z,90,XCX,2,28.8,M,汉,2437,3,01,FATHER,FATHER,1,70.0,广东省,CONSUME,01,,23.12261395013135,113.38672953331964,ANDROID,,广东省广州市天河区车陂街道隆兴公大街20号,0
100000,,信阳市,深圳市同方电子新材料有限公司,Z,90,XCX,2,34.7,M,汉,6561,4,01,MATE,FRIENDS,1,70.0,河南省,CONSUME,01,,22.697106033497005,114.10392690267116,ANDROID,,广东省深圳市龙岗区平湖街道辅岐路273号,0
100000,,滁州市,龙鼎餐饮,Z,90,APP,2,35.2,M,汉,6196,3,01,FRIENDS,RELATIVES,2,85.661,安徽省,CONSUME,01,,31.545062,120.438569,ANDROID,,江苏省无锡市新吴区梅村街道泰伯大道辅路,0
100000,105,株洲市,万利芝个人工作室,Z,90,APP,2,41.1,F,汉,5875,4,01,MATE,SIBLING,1,70.0,湖南省,CONSUME,01,,27.742081357014123,113.13259925477833,ANDROID,,湖南省株洲市渌口区渌口镇Y019,0
100000,105,蚌埠市,安徽皖酒集团,C,24,XCX,2,45.7,F,汉,4351,2,01,MOTHER,RELATIVES,1,90.79,安徽省,CONSUME,01,,32.94132676368382,117.34455069143528,ANDROID,,安徽省蚌埠市禹会区禹会虚镇胜利西路55号,0
100000,103,长治市,私营业主,Z,90,APP,4,37.6,M,汉,5838,2,01,MATE,FRIENDS,1,85.0,山西省,CONSUME,01,,36.22216178649169,113.09807042080448,ANDROID,,山西省长治市潞州区长治市漳泽工业转型试验区化家庄西头巷,0
100000,103,深圳市,宋咏儿个人工作室,Z,90,APP,4,27.3,F,汉,1813,4,01,MATE,FATHER,2,70.0,广东省,CONSUME,01,,22.573181996828887,113.86148364915199,ANDROID,,广东省深圳市宝安区西乡街道劳动路24号,0
100000,103,玉溪市,峨山县塔甸镇罗帅鲜肉,H,54,XCX,2,26.2,M,彝,1095,4,01,FATHER,SIBLING,1,98.0,云南省,CONSUME,01,,24.202559973190167,102.37041093406075,ANDROID,,云南省玉溪市峨山彝族自治县双江街道G357,0
100000,,武威市,甘肃圆盛通速递有限公司,F,17,XCX,4,28.1,M,汉,647,2,01,FATHER,COLLEAGUE,2,78.724,甘肃省,CONSUME,01,,35.971249186197916,104.04633951822916,ANDROID,,甘肃省兰州市榆中县连搭镇纬六路,0
100000,,晋城市,鼎宏诺格商贸有限公司,H,54,XCX,4,36.4,M,汉,4250,2,01,MATE,PARENTS,1,70.0,山西省,CONSUME,01,,35.47400770399305,112.84224907769097,ANDROID,,山西省晋城市城区钟家庄街道白水西街,0
100000,102,温州市,平阳欧龙汽车有限公司,C,24,APP,3,29.1,M,汉,698,4,,RELATIVES,COLLEAGUE,1,70.0,浙江省,CONSUME,01,,27.536082,120.435558,ANDROID,,浙江省温州市苍南县灵溪镇建兴路,1
100000,,杭州市,浙江宋城演绎集团有限公司,Z,90,XCX,4,35.3,M,汉,6202,4,01,MOTHER,COLLEAGUE,1,70.0,浙江省,CONSUME,01,,30.308990178289418,120.17173192701208,ANDROID,,浙江省杭州市拱墅区东新街道东新路534号,0
100000,102,北京市,唐玉松个人工作室,Z,90,APP,2,46.3,M,汉,1771,4,01,FATHER,FRIENDS,1,89.411,北京市,CONSUME,02,,39.96260199576575,116.11343841659843,ANDROID,,北京市门头沟区龙泉(地区)镇秀府南路,1
100000,,岳阳市,天岳中学,Z,90,XCX,4,47.3,M,汉,3612,2,01,MATE,CHILDREN,1,70.0,湖南省,CONSUME,01,,28.693446,113.593599,ANDROID,,湖南省岳阳市平江县汉昌街道道子岭路,0
100000,,焦作市,焦作千业水泥有限责任公司,C,24,APP,4,42.4,M,汉,3769,2,01,FATHER,FRIENDS,1,70.0,河南省,CONSUME,01,,35.314746,113.346086,ANDROID,,河南省焦作市马村区安阳城街道,0
100000,105,昆明市,海嘎小学,P,13,APP,3,45.3,M,回,1192,4,01,MATE,CHILDREN,1,70.0,云南省,CONSUME,01,,25.758725362964634,103.44494420711911,ANDROID,,云南省昆明市寻甸回族彝族自治县河口镇,0
100000,403,渭南市,西安市金干线物流有限公司,F,17,APP,3,32.2,M,汉,743,2,01,RELATIVES,FRIENDS,2,70.0,陕西省,CONSUME,02,,34.34104853783079,108.98495735922864,ANDROID,,陕西省西安市未央区谭家街道御井路,0
100000,,宝鸡市,王飞龙个人工作室,Z,90,XCX,4,40.0,M,汉,4081,4,01,FATHER,SIBLING,1,70.0,陕西省,CONSUME,01,,34.44903521936701,107.77007825139168,ANDROID,,陕西省宝鸡市岐山县蒲村镇,0
100000,104,淮南市,淮南东华欧科矿山支护设备有限公司,C,24,APP,3,44.7,M,汉,3957,4,01,FATHER,MATE,1,89.342,安徽省,CONSUME,01,,32.65550024142548,116.84175029338155,ANDROID,,安徽省淮南市八公山区八公山镇,0
100000,104,重庆市,唐合个人工作室,Z,90,APP,2,38.1,M,汉,3748,2,01,OTHER,OTHER,1,88.775,重庆市,CONSUME,01,,29.597343738709879,106.23664264638052,IOS,,重庆市璧山区璧泉街道G244(璧青路),0
100000,103,广州市,广州云杉智行新能源汽车有限公司,C,24,APP,3,29.0,M,汉,2096,2,01,FATHER,RELATIVES,2,95.072,广东省,CONSUME,01,,23.0418858979379,113.44849614925008,ANDROID,,广东省广州市番禺区化龙镇龙源路151号,1
100000,,上饶市,山东华肯净化设备有限公司,Z,90,XCX,2,34.7,M,汉,6705,2,01,FATHER,COLLEAGUE,3,70.0,江西省,CONSUME,01,,35.18202,118.23457,IOS,,山东省临沂市兰山区枣园镇,0
100000,103,南充市,南充水灵子舞蹈艺术培训学校,P,13,APP,3,39.7,F,汉,3591,2,01,MATE,MOTHER,1,90.031,四川省,CONSUME,01,,28.114393657750804,113.03663467375182,ANDROID,,湖南省长沙市雨花区洞井街道丽井路,0
100000,103,潍坊市,至艾（广州）商贸有限公司,H,54,APP,4,43.3,M,汉,2318,4,,MATE,FRIENDS,1,70.0,山东省,CONSUME,01,,36.03222387532271,119.28814808676808,ANDROID,,山东省潍坊市诸城市舜王街道,0
100000,,南通市,南通丰梦服饰有限公司,C,24,APP,3,39.3,M,汉,3842,4,01,MATE,SIBLING,1,88.002,江苏省,CONSUME,01,,31.959988,121.11751,ANDROID,,江苏省南通市海门区三星镇益南路,0
100000,103,温州市,北京诺威丝生物科技有限公司,H,54,APP,2,46.0,M,汉,3639,4,01,FATHER,FATHER,1,89.287,浙江省,CONSUME,01,,39.82525025196784,116.43618572203063,ANDROID,,北京市大兴区旧宫(地区)镇通久路,0
100000,403,濮阳市,南乐县寺庄实惠快餐店,Z,90,APP,2,36.0,M,汉,3741,4,01,FATHER,MATE,1,70.0,河南省,CONSUME,01,,36.774633,118.671606,ANDROID,,山东省潍坊市寿光市孙家集街道G20(青银高速),0
100000,105,西安市,黛雨丝制衣,Z,90,APP,2,31.8,M,汉,276,2,01,FATHER,FRIENDS,2,70.0,陕西省,CONSUME,01,,34.07981,108.411715,ANDROID,,陕西省西安市周至县集贤镇,0
100000,,南阳市,王琳个人工作室,Z,90,APP,3,23.7,F,汉,2030,4,01,FATHER,MOTHER,2,70.0,河南省,CONSUME,01,,33.049734,111.843257,ANDROID,,河南省南阳市内乡县城关镇县衙路,0
100000,305,北京市,鑫荣懋果业科技有限公司,G,13,APP,3,42.8,F,汉,4605,3,01,COLLEAGUE,PARENTS,1,95.0,北京市,CONSUME,01,,39.943767631069849,116.1053183563785,ANDROID,,北京市门头沟区龙泉(地区)镇永堤西路,0
100000,103,北京市,本山传媒,R,17,APP,4,46.5,M,蒙古,6412,4,01,FATHER,RELATIVES,3,87.893,北京市,CONSUME,01,,39.90720403961373,116.49429637289596,ANDROID,,北京市朝阳区高碑店(地区)乡建国路,0
100000,104,赣州市,友林服務有限公司,Z,90,XCX,3,48.3,M,汉,4955,3,01,PARENTS,FRIENDS,1,70.0,江西省,CONSUME,01,,23.079467890969718,113.21011222634749,ANDROID,,广东省广州市荔湾区海龙街道龙溪东路8号,0
100000,105,合肥市,安x徽徽合台智能科技有限公司,G,13,XCX,3,40.6,M,汉,4246,2,01,MATE,COLLEAGUE,1,70.0,安徽省,CONSUME,01,,31.534639699974194,120.29154752615551,ANDROID,,江苏省无锡市梁溪区扬名街道蒋巷,0
100000,102,滨州市,兴瑞会计师事务所,Z,90,XCX,4,34.2,M,汉,4476,4,01,FATHER,FRIENDS,2,90.735,山东省,CONSUME,01,,32.07746701300388,118.63929402199196,IOS,,江苏省南京市浦口区顶山街道G312(沪霍线),0
100000,105,宿迁市,中通速递,F,17,APP,2,38.7,M,汉,3765,4,01,RELATIVES,FRIENDS,1,95.072,江苏省,CONSUME,01,,31.304203794862386,120.78523290313095,ANDROID,,江苏省苏州市苏州工业园区斜塘街道长阳街,0
100000,,达州市,宏创工厂,Z,90,XCX,2,27.2,M,汉,576,2,01,SIBLING,SIBLING,1,70.0,四川省,CONSUME,01,,22.947838487110837,113.94769455037152,ANDROID,,广东省东莞市大朗镇美景东路,0
100000,,信阳市,叶彩玉个人工作室,Z,90,XCX,2,29.2,M,汉,843,3,01,MATE,PARENTS,1,70.0,河南省,CONSUME,01,,30.374949001736113,120.11226969401042,ANDROID,,浙江省杭州市余杭区良渚街道杭行路,0
100000,,重庆市,卢元英个人工作室,H,54,XCX,3,39.5,F,汉,3024,4,01,RELATIVES,RELATIVES,1,70.0,重庆市,CONSUME,01,,3,107.672621,ANDROID,,[],0
100000,403,周口市,河南付特威电子科技有限公司,G,13,XCX,4,31.4,M,汉,5483,4,01,MATE,COLLEAGUE,1,87.58,河南省,CONSUME,01,,34.76081584445114,113.70417877483034,ANDROID,,河南省郑州市金水区未来路街道顺河路,0
100000,,天津市,智慧视通天津科技发展有限公司,Z,90,APP,3,39.7,M,汉,4550,4,01,MATE,SIBLING,1,70.0,天津市,CONSUME,01,,39.047457,117.205898,ANDROID,,天津市西青区津门湖街道,0
100000,105,长治市,山西建安永利建筑工程有限公司,E,24,APP,3,41.0,M,汉,6175,4,01,MATE,SIBLING,1,70.0,山西省,CONSUME,01,,36.884696,112.970071,ANDROID,,山西省长治市武乡县贾豁乡,0
100000,,贵阳市,晋欢个人工作室,Z,90,APP,2,27.1,F,汉,7013,2,01,FRIENDS,FRIENDS,2,70.0,贵州省,CONSUME,01,,32.312584451492018,118.43053824476199,ANDROID,,安徽省滁州市来安县水口镇G104辅路,0
100000,104,滁州市,中财管道,H,54,APP,3,24.4,M,汉,1323,2,01,RELATIVES,FRIENDS,2,70.0,安徽省,CONSUME,01,,31.7191523013341,117.29414454054403,ANDROID,,安徽省合肥市包河区大圩镇杭州路,0
100000,,贵阳市,晋欢个人工作室,Z,90,XCX,2,27.1,F,汉,7013,2,01,FRIENDS,FRIENDS,2,70.0,贵州省,CONSUME,01,,32.312584451492018,118.43053824476199,ANDROID,,安徽省滁州市来安县水口镇G104辅路,0
100000,105,南通市,神州数码（中国）有限公司,Z,90,APP,4,30.7,M,汉,6304,4,01,MATE,COLLEAGUE,2,70.0,江苏省,CONSUME,01,,32.027970453320339,120.91803702337329,ANDROID,,江苏省南通市崇川区观音山街道世伦路,0
100000,,上海市,静安城发集团,Z,90,XCX,3,32.2,M,汉,5125,3,01,MATE,MOTHER,1,89.106,上海市,CONSUME,01,,31.298885,121.448297,ANDROID,,上海市静安区大宁路街道云秀路,1
100000,,淮安市,江苏优职汇邦人力资源,Z,90,APP,3,31.2,F,汉,6127,4,01,MOTHER,RELATIVES,2,70.0,江苏省,CONSUME,01,,32.104958,118.830164,ANDROID,,江苏省南京市玄武区红山街道广贤路,0
100000,102,重庆市,重庆博治路通汽车销售有限公司,H,54,XCX,4,43.7,M,汉,1736,4,01,OTHER,OTHER,1,75.03343,重庆市,CONSUME,01,,28.213749912925029,112.88213529143084,ANDROID,,湖南省长沙市岳麓区麓谷街道文轩路,0
100000,102,延安市,延长油田,C,24,APP,3,36.3,M,汉,4123,2,01,OTHER,OTHER,1,70.0,陕西省,CONSUME,01,,36.60131353058831,109.50107384599046,ANDROID,,陕西省延安市宝塔区桥沟街道延河南路,0
100000,104,梧州市,藤县海通船务有限公司,F,17,APP,2,31.3,M,汉,79,2,01,FATHER,RELATIVES,2,70.0,广西壮族自治区,CONSUME,01,,23.096696,112.549083,ANDROID,,广东省肇庆市高要区金渡镇,0
100000,,蚌埠市,上海致玖企业服务有限公司,L,17,XCX,3,39.5,F,汉,4578,4,01,MATE,SIBLING,1,80.616,安徽省,CONSUME,01,,31.042307400173613,121.19404052734374,ANDROID,,上海市松江区方松街道龙源路99弄-41号,0
100000,,江门市,苏氏陈皮,Z,90,XCX,4,36.5,F,汉,6713,4,01,MOTHER,FRIENDS,1,75.673,广东省,CONSUME,01,,22.541347658793133,113.07612153630761,ANDROID,,广东省江门市江海区礼乐街道Y340,0
100000,,忻州市,武栋个人工作室,Z,90,XCX,3,33.6,M,汉,2,2,01,MATE,MOTHER,1,70.0,山西省,CONSUME,01,,38.801288105252989,113.83892722988738,ANDROID,,河北省保定市阜平县夏庄乡,0
100000,403,内江市,陈智个人工作室,Z,90,APP,2,29.9,M,汉,7017,2,01,SIBLING,SIBLING,2,70.0,四川省,CONSUME,01,,30.557191,104.144718,ANDROID,,四川省成都市双流区新兴街道S3(天府国际机场高速),0
100000,102,吕梁市,太原西客站,H,54,APP,4,31.6,M,汉,6061,3,01,FATHER,FRIENDS,2,80.932,山西省,CONSUME,01,,37.80633953059286,112.6250438654066,ANDROID,,山西省太原市小店区北营街道东峰路,0
100000,,临安市,临安康泽劳务有限公司,O,17,XCX,2,30.8,M,汉,226,4,01,PARENTS,FRIENDS,2,70.0,浙江省,CONSUME,01,,30.179879557291667,119.40202555338541,ANDROID,,浙江省杭州市临安区於潜镇G56(杭瑞高速),0
100000,102,广州市,卡思优派,H,54,APP,4,25.8,F,汉,613,2,01,MATE,FRIENDS,2,92.963,广东省,CONSUME,01,,23.203078828578599,113.34095566293792,IOS,,广东省广州市白云区京溪街道,0
100000,302,长沙市,长沙安莱德汽车有限公司,Z,90,XCX,2,22.8,M,汉,1535,2,01,SIBLING,FATHER,2,95.072,湖南省,CONSUME,01,,28.235346403314595,113.0845981842108,ANDROID,,湖南省长沙市长沙县星沙街道G6021(杭长高速),0
100000,104,阳江市,广东百创源科技股份有限公司,Z,90,XCX,2,26.3,M,汉,1585,4,01,PARENTS,RELATIVES,2,70.0,广东省,CONSUME,01,,22.03852783203125,111.61101779513889,ANDROID,,广东省阳江市阳春市潭水镇S278,0
100000,105,揭阳市,深圳市龙中保物业管理有限公司,L,17,XCX,2,45.7,M,汉,5135,4,01,PARENTS,CHILDREN,1,70.0,广东省,CONSUME,01,,22.71180011460041,114.32406282064093,ANDROID,,广东省深圳市龙岗区宝龙街道坪兰路,0
100000,102,无锡市,无锡市苏威密封材料有限公司,C,24,XCX,4,40.9,M,汉,4480,4,01,MATE,FRIENDS,1,70.0,江苏省,CONSUME,01,,31.758041899857269,119.65191895718937,IOS,,江苏省常州市金坛区东城街道龙湖路,0
100000,102,铜陵市,铜陵市旭创科技有限公司,G,13,XCX,3,27.5,M,汉,2526,2,01,FATHER,SIBLING,1,70.0,安徽省,CONSUME,01,,31.33168511284722,121.08452094184028,ANDROID,,江苏省苏州市昆山市陆家镇星圃路,0
100000,105,六安市,南京市第十建筑工程有限公司,E,24,APP,3,34.0,M,汉,514,4,01,FRIENDS,FRIENDS,1,70.0,安徽省,CONSUME,01,,32.466924176117,116.01622567043728,ANDROID,,安徽省六安市霍邱县范桥镇,0
100000,105,珠海市,造贝股份合作公司,Z,90,APP,2,48.6,M,汉,99999,2,01,FATHER,FRIENDS,1,82.911,广东省,CONSUME,01,,22.249494427495198,113.52025858600823,ANDROID,,广东省珠海市香洲区前山街道逸仙路266号,0
100000,105,绵阳市,成都凯宏通讯器材有限公司绵阳分公司,G,13,XCX,3,31.2,M,汉,245,4,01,PARENTS,FRIENDS,1,70.0,四川省,CONSUME,01,,31.446207224755218,104.75817639307492,ANDROID,,四川省绵阳市涪城区南山街道长虹大道南段143号,0
100000,102,晋城市,阳城县城鼎优建材经销部,H,54,APP,2,45.0,M,汉,4318,4,01,PARENTS,FRIENDS,1,70.0,山西省,CONSUME,01,,28.114145637705698,113.03665711403345,ANDROID,,湖南省长沙市雨花区洞井街道丽井路,0
100000,,昆明市,昆明缘启建筑劳务有限公司,H,54,XCX,3,29.7,M,汉,1753,3,01,MOTHER,FRIENDS,1,70.0,云南省,CONSUME,01,,25.060367567274305,102.65167290581597,ANDROID,,云南省昆明市五华区黑林铺街道三家巷,0
100000,,南京市,南京普迪集团,H,54,XCX,4,30.6,M,汉,7231,3,,COLLEAGUE,COLLEAGUE,2,90.097,江苏省,CONSUME,01,,32.145176595052085,118.58641221788194,ANDROID,,江苏省南京市浦口区永宁街道永河路,0
100000,,绵阳市,益禾堂（广东）餐饮管理有限公司,G,13,XCX,3,25.1,M,汉,1604,2,01,FATHER,COLLEAGUE,2,70.0,四川省,CONSUME,01,,22.58865478515625,113.89547390407986,ANDROID,,广东省深圳市宝安区新安街道竹海路,0
100000,302,武汉市,武汉晨星人力资源服务有限责任公司,O,17,XCX,2,41.3,M,汉,4878,4,01,SIBLING,RELATIVES,1,82.793,湖北省,CONSUME,01,,30.633226399683,114.133247388931,ANDROID,,湖北省武汉市东西湖区吴家山街道吴北路91号,0
100000,,菏泽市,单县司法局,Z,90,XCX,4,33.4,M,汉,6232,3,01,FATHER,FATHER,1,70.0,山东省,CONSUME,01,,35.9428578016493,120.16145806206598,ANDROID,,山东省青岛市黄岛区长江路街道S329(长江西路),0
100000,302,武汉市,武汉晨星人力资源服务有限责任公司,O,17,XCX,2,41.3,M,汉,4878,4,01,SIBLING,RELATIVES,1,82.793,湖北省,CONSUME,01,,30.633226399683,114.133247388931,ANDROID,,湖北省武汉市东西湖区吴家山街道吴北路91号,0
100000,,沧州市,萍聚大酒店,I,54,XCX,2,50.0,F,汉,1085,4,01,MATE,SIBLING,1,70.0,河北省,CONSUME,01,,38.71281810846732,116.11211700196968,ANDROID,,河北省沧州市任丘市中华路街道燕山北道,0
100000,,黄冈市,武汉武钢绿色城市技术发展有限公司,Z,90,XCX,3,33.5,M,汉,6530,4,01,PARENTS,FRIENDS,1,70.0,湖北省,CONSUME,01,,30.773140594826545,115.74933129125422,ANDROID,,湖北省黄冈市英山县杨柳湾镇,0
100000,105,重庆市,个体工商户,Z,90,APP,3,33.2,F,汉,6464,3,01,MATE,FRIENDS,1,86.804,重庆市,CONSUME,01,,29.564238535818629,106.45896140859789,IOS,,重庆市沙坪坝区渝碚路街道沙南街16号-附1-5,0
100000,102,昭通市,云南顺丰快递,F,17,XCX,4,37.2,F,汉,4410,2,,MOTHER,FRIENDS,1,92.708,云南省,CONSUME,01,,25.019923979568398,102.70677636860786,IOS,,云南省昆明市西山区永昌街道老海埂路179号,1
100000,,黄冈市,武汉武钢绿色城市技术发展有限公司,Z,90,XCX,3,33.5,M,汉,6530,4,01,PARENTS,FRIENDS,1,70.0,湖北省,CONSUME,01,,30.773140594826545,115.74933129125422,ANDROID,,湖北省黄冈市英山县杨柳湾镇,0
100000,103,延安市,强森社区医疗股份有限公司,Q,11,XCX,3,31.9,F,汉,567,2,01,FRIENDS,SIBLING,2,82.896,陕西省,CONSUME,01,,35.58834912337253,109.8682166631092,ANDROID,,陕西省延安市黄龙县石堡镇,0
100000,,武安市,北京哆咪星城娱乐有限公司,R,17,XCX,3,34.0,M,汉,5312,3,01,COLLEAGUE,COLLEAGUE,1,81.812,河北省,CONSUME,01,,39.740619734859077,116.3521671236755,ANDROID,,北京市大兴区观音寺街道兴亦路,0
100000,102,扬州市,上海盛乐餐饮管理有限公司,I,54,APP,2,39.9,F,汉,5560,4,01,FATHER,FRIENDS,3,70.0,江苏省,CONSUME,01,,31.016935582777845,121.22831834995583,ANDROID,,上海市松江区岳阳街道乐都路252弄-12号,0
100000,308,太原市,太原市晋源区永源新技术材料销售处,H,54,XCX,3,43.9,M,汉,4100,2,01,MOTHER,FRIENDS,1,99.0,山西省,CONSUME,01,,37.83029115560279,112.58434336735533,ANDROID,,山西省太原市小店区营盘街道张家巷9号,0
100000,105,周口市,未知所在公司,Z,90,XCX,2,34.7,M,汉,5810,4,01,RELATIVES,FRIENDS,2,70.0,河南省,CONSUME,01,,39.72179915086964,116.13652336851885,IOS,,北京市房山区拱辰街道长虹东路6号,0
100000,,邵阳市,隆回县发展和改革局,Z,90,XCX,4,47.1,M,汉,2458,3,01,FATHER,FATHER,1,70.0,湖南省,CONSUME,01,,27.114117443134507,111.03719850209696,ANDROID,,湖南省邵阳市隆回县桃洪镇长吉巷,0
100000,104,杭州市,万科物业,I,54,XCX,3,31.7,M,汉,301,3,01,MATE,OTHER,2,71.539,浙江省,CONSUME,01,,30.178345545575579,120.28314050420626,IOS,,浙江省杭州市萧山区北干街道萧彩街,1
100000,,信阳市,再生资源回收,N,17,XCX,2,38.5,M,汉,4941,3,01,MATE,FRIENDS,1,70.0,河南省,CONSUME,01,,34.526463758680556,113.91992702907986,ANDROID,,河南省郑州市中牟县三官庙镇天英路,0
100000,105,衡水市,诚硕纯粮酒,H,54,XCX,3,38.8,M,汉,3801,2,01,FRIENDS,SIBLING,3,79.876,河北省,CONSUME,01,,37.74286856079894,115.70238633006449,ANDROID,,河北省衡水市桃城区河西街道问津北街,0
100000,,宜昌市,邹春燕个人工作室,Z,90,APP,2,42.2,F,汉,4094,4,01,SIBLING,CHILDREN,1,70.0,湖北省,CONSUME,01,,30.709367366631093,111.30316438671072,ANDROID,,湖北省宜昌市西陵区西陵街道锦绣路,0
100000,,荆州市,邢宏榆个人工作室,Z,90,XCX,4,35.1,M,汉,4188,3,01,MATE,RELATIVES,1,70.0,湖北省,CONSUME,01,,30.315553,112.254373,ANDROID,,湖北省荆州市沙市区胜利街道江汉路63,0
100000,,宜昌市,邹春燕个人工作室,Z,90,APP,2,42.2,F,汉,4094,4,01,SIBLING,CHILDREN,1,70.0,湖北省,CONSUME,01,,30.709367366631093,111.30316438671072,ANDROID,,湖北省宜昌市西陵区西陵街道锦绣路,0
100000,102,铁岭市,王子与公主,H,54,APP,2,40.0,F,汉,3605,4,01,PARENTS,FRIENDS,2,70.0,辽宁省,CONSUME,01,,42.74733602639136,124.73586708802985,ANDROID,,辽宁省铁岭市西丰县西丰镇S103(沈平线),0
100000,,南阳市,蜜雪冰城,Z,90,XCX,4,24.6,M,汉,1688,4,01,FATHER,SIBLING,2,94.29,河南省,CONSUME,01,,40.41958688816114,115.5289557496466,ANDROID,,河北省张家口市怀来县土木镇G110(迎宾东街),0
100000,,自贡市,成都合美流体机械密封制造有限公司,C,24,XCX,2,36.3,M,汉,5648,2,,RELATIVES,SIBLING,2,81.981,四川省,CONSUME,02,,30.801839463975693,104.2302454969618,ANDROID,,四川省成都市新都区新都街道幸福路,0
100000,102,郑州市,郑州博联科技,G,13,APP,3,28.9,F,汉,969,4,01,MATE,COLLEAGUE,2,85.519,河南省,CONSUME,01,,34.72062814600821,113.62250330578658,IOS,,河南省郑州市二七区嵩山路街道航海中路197号,0
100000,105,南阳市,兴福兴超市,Z,90,APP,2,32.5,M,汉,5781,3,01,SIBLING,COLLEAGUE,1,70.0,河南省,CONSUME,01,,33.24539143922649,113.0157362627266,ANDROID,,河南省南阳市方城县凤瑞街道S103,0
100000,102,灯塔市,高冰倩个人工作室,H,54,APP,3,27.9,F,满,2244,3,01,MATE,FRIENDS,1,89.998,辽宁省,CONSUME,01,,41.72976431464846,123.47232068356822,ANDROID,,辽宁省沈阳市浑南区五三街道远航中路辅路,0
100000,,云浮市,惠州市华阳多媒体电子有限公司,Z,90,APP,2,30.2,M,汉,178,2,01,MOTHER,FRIENDS,2,70.0,广东省,CONSUME,01,,23.120805,114.507823,ANDROID,,广东省惠州市惠城区水口街道上霞中路,0
100000,,榆林市,尚亚丽个人工作室,Z,90,XCX,2,30.9,F,汉,6348,2,01,MATE,MOTHER,1,70.33,陕西省,CONSUME,01,,37.58605922963215,107.6196299995545,ANDROID,,陕西省榆林市定边县定边街道,0
100000,306,锦州市,广东蓝色海岸休闲有限公司,Z,90,XCX,3,22.8,M,满,2340,4,01,FATHER,FRIENDS,2,70.0,辽宁省,CONSUME,01,,23.22084,113.218053,ANDROID,,广东省广州市白云区石门街道红星路17号,0
100000,403,重庆市,石莲个人工作室,Z,90,APP,2,35.1,F,汉,6748,2,01,MATE,FATHER,1,76.295,重庆市,CONSUME,01,,31.41975990540836,109.55978977618133,ANDROID,,重庆市巫溪县柏杨街道,0
100000,105,南阳市,兴福兴超市,Z,90,XCX,2,32.5,M,汉,5781,3,01,SIBLING,COLLEAGUE,1,70.0,河南省,CONSUME,01,,33.24539143922649,113.0157362627266,ANDROID,,河南省南阳市方城县凤瑞街道S103,0
100000,102,淮安市,淮安奇点网络科技有限公司,G,13,XCX,3,40.1,M,汉,5169,4,,FRIENDS,MATE,1,70.0,江苏省,CONSUME,01,,33.542040473090275,119.06692138671875,ANDROID,,江苏省淮安市清江浦区黄码乡通甫路,0
100000,103,泉州市,晋江市力奇精细材料有限公司,C,24,XCX,2,43.1,M,汉,1745,4,01,MATE,MOTHER,1,92.0,福建省,CONSUME,01,,24.705213534546649,118.51566619036074,ANDROID,,福建省泉州市晋江市安海镇大深路辅路,0
100000,103,荆州市,荆州市宇鑫装饰有限公司,E,24,APP,4,46.6,M,汉,387,3,01,RELATIVES,FRIENDS,1,70.0,湖北省,CONSUME,01,,30.35635671538969,112.20321834393893,ANDROID,,湖北省荆州市荆州区东城街道内环北路,0
100000,105,内江市,中铁工程装备集团技术服务有限公司,E,24,APP,3,25.3,M,汉,1969,3,01,FRIENDS,FRIENDS,2,70.0,四川省,CONSUME,01,,22.63704872564946,113.83945487100776,ANDROID,,广东省深圳市宝安区航城街道锦昌一路,0
100000,,铜仁市,宁波力劲科技有限公司,G,13,XCX,4,25.3,M,苗,1991,2,01,MOTHER,FRIENDS,2,87.83,贵州省,CONSUME,03,,29.707483995225694,121.32701958550348,ANDROID,,浙江省宁波市奉化区溪口镇S209,0
100000,103,汕头市,盛荣塑胶玩具厂,C,24,APP,2,47.9,M,汉,1589,2,01,MATE,FRIENDS,1,70.0,广东省,CONSUME,01,,23.4893366529349,116.81811715952819,ANDROID,,广东省汕头市澄海区莲下镇,0
100000,105,常州市,溧阳安顺燃气有限公司,D,17,APP,3,44.7,M,汉,1245,3,01,RELATIVES,FRIENDS,1,70.0,江苏省,CONSUME,02,,30.635177,118.981608,ANDROID,,安徽省宣城市宁国市西津街道东岸路a区-17号,0
100000,102,北京市,北京童趣飞扬文化有限公司,R,17,XCX,3,47.9,M,汉,788,4,01,MATE,FRIENDS,1,70.0,北京市,CONSUME,01,,39.88015483465447,116.4847158093087,ANDROID,,北京市朝阳区南磨房(地区)乡窑洼湖桥,1
100000,102,淮安市,淮安奇点网络科技有限公司,G,13,XCX,3,40.1,M,汉,5169,4,,FRIENDS,MATE,1,70.0,江苏省,CONSUME,01,,33.542040473090275,119.06692138671875,ANDROID,,江苏省淮安市清江浦区黄码乡通甫路,0
100000,102,宿州市,无锡豪莱坞美容美发有限公司,O,17,APP,2,37.2,F,汉,6083,4,01,FATHER,SIBLING,3,75.77528,安徽省,CONSUME,01,,31.50462341175037,120.3213122239063,ANDROID,,江苏省无锡市滨湖区华庄街道高浪快速路,0
100000,102,汕尾市,珠海市强制隔离戒毒所,S,11,XCX,3,37.7,M,汉,3984,2,01,SIBLING,FRIENDS,2,70.0,广东省,CONSUME,01,,22.37548714198143,113.50613258860044,ANDROID,,广东省珠海市香洲区唐家湾镇金环路,0
100000,105,宁德市,韩国新生活集团中国有限公司,H,54,XCX,2,39.3,F,汉,2578,4,,SIBLING,MATE,1,88.18,福建省,CONSUME,04,,23.183568793402777,113.24920600043403,ANDROID,,广东省广州市白云区棠景街道东新大街6号,0
100000,102,淮安市,淮安奇点网络科技有限公司,G,13,XCX,3,40.1,M,汉,5169,4,,FRIENDS,MATE,1,70.0,江苏省,CONSUME,01,,33.542040473090275,119.06692138671875,ANDROID,,江苏省淮安市清江浦区黄码乡通甫路,0
100000,105,常德市,毅雄音膜制造厂,Z,90,XCX,3,42.2,M,汉,2290,2,,MATE,RELATIVES,1,84.075,湖南省,CONSUME,03,,22.714185926649307,114.17383355034723,ANDROID,,广东省东莞市凤岗镇G220(龙平路跨线桥),0
100000,102,湖州市,浙江省长兴中学,P,13,APP,4,44.1,M,汉,973,3,01,PARENTS,COLLEAGUE,1,70.0,浙江省,CONSUME,02,,31.022097716513686,119.91464274082716,ANDROID,,浙江省湖州市长兴县太湖街道中央大道,0
100000,102,荆州市,红八号大酒店,I,54,XCX,2,46.1,F,汉,997,4,,CHILDREN,FRIENDS,1,70.0,湖北省,CONSUME,01,,30.064244551333933,112.22601889326409,ANDROID,,湖北省荆州市公安县斗湖堤镇横堤街25号,0
100000,102,荆州市,个体工商户,Q,11,APP,3,47.2,M,汉,2085,4,01,MATE,FRIENDS,2,70.0,湖北省,CONSUME,01,,27.295893209825949,120.250135804996,ANDROID,,福建省宁德市福鼎市桐城街道江滨大道,0
100000,105,桂林市,黎少辉个人工作室,G,13,XCX,2,37.3,M,汉,3815,2,01,MOTHER,FRIENDS,2,70.0,广西壮族自治区,CONSUME,01,,22.735502244735,114.055000319239,ANDROID,,广东省深圳市龙华区观澜街道桂花路248号,0
100000,302,无锡市,恒君财富管理有限公司无锡分公司,Z,90,XCX,3,49.1,M,汉,2295,4,01,FRIENDS,FATHER,1,70.0,江苏省,CONSUME,01,,31.553472317859279,120.28294995912983,ANDROID,,江苏省无锡市梁溪区扬名街道建筑路,0
100000,403,张家口市,祥云煤业,C,24,XCX,2,33.0,F,汉,5992,4,01,MATE,FATHER,1,70.0,河北省,CONSUME,01,,39.858835179738729,114.60337665919609,ANDROID,,河北省张家口市蔚县蔚州镇,0
100000,,赣州市,赣州华卓再生资源有限公司,Z,90,APP,2,27.0,M,汉,7075,2,01,PARENTS,RELATIVES,2,70.0,江西省,CONSUME,01,,24.912120058655053,114.833335156207,ANDROID,,江西省赣州市龙南市龙南镇东坑路,0
100000,104,东莞市,东莞市五味冠食品有限公司,C,24,APP,2,39.4,M,汉,3150,3,01,MATE,COLLEAGUE,1,76.85545,广东省,CONSUME,01,,23.024819910291169,113.85119598547023,ANDROID,,广东省东莞市寮步镇东部快速干线,0
100000,309,永州市,深圳日日佳显示技术有限公司,G,13,APP,4,41.0,M,汉,3681,3,01,OTHER,MATE,2,70.0,湖南省,CONSUME,01,,24.6536388572287,118.27806936622231,ANDROID,,福建省厦门市翔安区内厝镇内莲路,0
100000,,黔南布依族苗族自治州,黔南热线网络有限责任公司,G,13,XCX,4,26.8,M,汉,2794,4,01,FATHER,FRIENDS,2,70.0,贵州省,CONSUME,02,,40.249423,116.504433,IOS,,北京市顺义区北石槽镇Y903(北良路),0
100000,102,巴中市,莎蔓莉莎,R,17,APP,2,26.4,F,汉,2110,4,01,PARENTS,FRIENDS,2,70.0,四川省,CONSUME,01,,31.283989779923119,120.6493640273077,ANDROID,,江苏省苏州市苏州工业园区娄葑街道东南环立交,0
100000,102,陇南市,乐百佳超市,Z,90,XCX,3,41.9,F,汉,2750,4,01,MATE,FRIENDS,1,90.232,甘肃省,CONSUME,01,,33.77913138546832,106.09004276500038,ANDROID,,甘肃省陇南市徽县城关镇S219,0
100000,301,亳州市,苏州达辰建筑装饰工程有限公司,E,24,XCX,2,39.7,M,汉,4497,4,01,RELATIVES,RELATIVES,1,81.485,安徽省,CONSUME,01,,31.252046185345749,120.53994875520553,ANDROID,,江苏省苏州市吴中区木渎镇南枕江路,0
100000,105,宣城市,王淑贤个人工作室,Z,90,XCX,4,31.8,F,汉,5320,2,01,MATE,FRIENDS,2,76.11053,安徽省,CONSUME,01,,31.369577835477938,119.8319203872012,IOS,,江苏省无锡市宜兴市宜城街道阳羡东路辅路,0
100000,,陇南市,刘小飞个人工作室,C,24,APP,2,28.9,M,汉,1445,4,01,MATE,FATHER,1,70.0,甘肃省,CONSUME,01,,33.678536,105.569185,ANDROID,,甘肃省陇南市成县小川镇,0
100000,105,眉山市,暂未提供公司名称,I,54,APP,3,38.7,M,汉,4486,3,01,FRIENDS,FATHER,2,70.0,四川省,CONSUME,01,,29.681155876454957,103.0182845524742,ANDROID,,四川省眉山市洪雅县瓦屋山镇洪瓦路,0
100000,,南通市,吴星星个人工作室,Z,90,XCX,4,36.2,M,汉,3826,2,01,FATHER,FRIENDS,1,92.65594,江苏省,CONSUME,01,,32.34561380640553,120.42797300429476,IOS,,江苏省南通市如皋市搬经镇鞠王路,0
100000,310,运城市,苏兴混凝土,E,24,XCX,4,35.9,M,汉,5018,2,01,PARENTS,RELATIVES,1,70.0,山西省,CONSUME,01,,31.448907134210676,120.62941553073216,ANDROID,,江苏省苏州市相城区元和街道相城大道,0
100000,,邯郸市,北京常喜乐商贸店,H,54,APP,3,31.0,F,汉,1778,4,01,MATE,SIBLING,1,70.0,河北省,CONSUME,01,,36.69427463107639,114.21117404513889,ANDROID,,河北省邯郸市武安市武安镇同安街,0
100000,,揭阳市,深圳市龙华区绿康生活超市,H,54,XCX,3,25.6,M,汉,1240,3,01,FATHER,RELATIVES,2,86.687,广东省,CONSUME,01,,23.18469970703125,115.99931667751736,ANDROID,,广东省揭阳市普宁市高埔镇,0
100000,303,成都市,上海文峰美容美发,O,17,APP,2,36.6,M,汉,5004,4,01,PARENTS,FATHER,1,70.0,四川省,CONSUME,01,,30.562752751886774,104.06565723500775,ANDROID,,四川省成都市武侯区桂溪街道世纪城路56号,0
100000,105,文山壮族苗族自治州,王永翠个人工作室,Z,90,APP,2,33.3,F,汉,5174,2,01,MOTHER,RELATIVES,1,85.431,云南省,CONSUME,01,,24.03721465710504,105.07143378607724,ANDROID,,云南省文山壮族苗族自治州广南县莲城镇,0
100000,105,上海市,安徽誉秀农业科技有限公司上海营销中心,Z,90,APP,2,49.5,F,汉,99999,2,01,PARENTS,SIBLING,3,86.102,上海市,CONSUME,01,,31.149137,121.418976,ANDROID,,上海市徐汇区凌云路街道勤奋路,0
100000,,淄博市,瑞阳制药股份有限公司,Z,90,XCX,3,29.3,M,汉,883,3,01,PARENTS,FRIENDS,2,70.0,山东省,CONSUME,01,,28.171294044875503,113.06758790364946,ANDROID,,湖南省长沙市雨花区黎托街道雨花大道,0
100000,,邯郸市,北京三快在线科技有限公司,Z,90,APP,3,23.1,M,汉,3524,4,01,PARENTS,FRIENDS,2,70.0,河北省,CONSUME,01,,39.873724842163017,116.4727648553691,ANDROID,,北京市朝阳区南磨房(地区)乡科学楼西路,0
100000,103,乐山市,韦晓芳美容店,O,17,APP,4,33.7,F,汉,6285,4,01,MATE,FATHER,1,81.83563,四川省,CONSUME,01,,29.608630413531139,103.75987182552857,IOS,,四川省乐山市市中区牟子镇翡翠路,0
100000,,中山市,华骏二手车市场,H,54,XCX,2,34.5,M,汉,6114,3,01,FATHER,FRIENDS,1,70.0,广东省,CONSUME,01,,22.56789279513889,113.33259006076389,ANDROID,,广东省中山市西区街道合兴大街,0
100000,,三门峡市,义乌市如画保洁服务有限公司,Z,90,XCX,3,41.4,M,汉,5608,2,01,FATHER,FATHER,1,70.0,河南省,CONSUME,01,,29.273723602294922,120.05591583251953,IOS,,浙江省金华市义乌市江东街道黎明湖路,0
100000,,嘉兴市,杭州金贝母健康管理服务有限公司,Q,11,XCX,2,47.0,F,汉,359,3,,MOTHER,SIBLING,1,70.0,浙江省,CONSUME,01,,30.394254557291667,120.3043248155382,ANDROID,,浙江省杭州市临平区南苑街道永乐街,0
100000,,济宁市,太阳纸业股份有限公司,C,24,XCX,4,24.9,M,汉,1300,2,01,FATHER,FRIENDS,2,76.295,山东省,CONSUME,01,,35.947047639668038,126.68740341329904,ANDROID,,"Gunsan, North Jeolla, South Korea",0
100000,,晋中市,鑫运二区,H,54,APP,2,40.9,M,汉,4271,4,01,PARENTS,FRIENDS,2,70.0,山西省,CONSUME,01,,34.83819,111.209845,ANDROID,,山西省运城市平陆县圣人涧镇圣人大街11号,0
100000,103,济宁市,金乡源泰商贸有限公司,H,54,APP,4,39.3,M,汉,4193,3,01,MATE,FRIENDS,1,82.489,山东省,CONSUME,01,,35.066641419486128,116.31233315248109,ANDROID,,山东省济宁市金乡县金乡街道荷香街,0
100000,105,延边朝鲜族自治州,方娜个人工作室,Z,90,APP,2,25.4,F,朝鲜,2991,4,01,MATE,FATHER,2,70.0,吉林省,CONSUME,01,,18.290394328269167,109.46615721667631,ANDROID,,海南省三亚市天涯区G225辅路,0
100000,,银川市,兰州拉面,H,54,XCX,4,42.0,F,汉,4915,3,01,SIBLING,FRIENDS,2,70.0,宁夏回族自治区,CONSUME,01,,30.0448828125,120.83930609809028,ANDROID,,浙江省绍兴市上虞区崧厦街道虞舜大道北段辅路,0
100000,,北京市,中国信息通信研究院,Z,90,XCX,4,32.6,M,汉,5288,3,01,MOTHER,COLLEAGUE,2,70.0,北京市,CONSUME,02,,39.889514973958335,116.50535183376736,ANDROID,,北京市朝阳区王四营(地区)乡广渠路2号,0
100000,,淮安市,德耀不动产,Z,90,XCX,2,30.1,F,汉,6827,2,01,MOTHER,SIBLING,1,70.0,江苏省,CONSUME,01,,31.6311732509583,120.49296832655372,ANDROID,,江苏省无锡市锡山区厚桥街道胶山路,0
100000,,淮安市,德耀不动产,Z,90,XCX,2,30.1,F,汉,6827,2,01,MOTHER,SIBLING,1,70.0,江苏省,CONSUME,01,,31.6311732509583,120.49296832655372,ANDROID,,江苏省无锡市锡山区厚桥街道胶山路,0
100000,105,泉州市,龙泉国际广厂,E,24,XCX,3,36.0,M,汉,3761,4,01,MATE,RELATIVES,1,89.74,福建省,CONSUME,01,,25.006148383615927,118.82415718263964,ANDROID,,福建省泉州市惠安县涂寨镇,0
100000,105,双鸭山市,中核二三,I,54,XCX,2,45.8,M,汉,597,3,01,MOTHER,FRIENDS,1,70.0,黑龙江省,CONSUME,01,,46.600405248945779,131.34588393065219,ANDROID,,黑龙江省双鸭山市四方台区振兴中路街道,0
100000,103,曲靖市,云南省曲靖市会泽县宝俊花园浪漫嫁日高端婚礼策划,Z,90,XCX,2,31.5,M,彝,121,3,01,COLLEAGUE,MATE,1,70.0,云南省,CONSUME,01,,26.413829,103.274004,ANDROID,,云南省曲靖市会泽县金钟街道抚军街,0
100000,102,陇南市,成县沙坝学校,P,13,XCX,4,35.7,M,回,5113,4,01,PARENTS,FRIENDS,1,70.0,甘肃省,CONSUME,01,,33.75303686386416,105.74839481471592,ANDROID,,甘肃省陇南市成县城关镇青岛路,0
100000,105,南阳市,南阳市汉府秀水餐饮管理服务有限公司,I,54,APP,2,34.9,M,汉,5838,2,01,FATHER,COLLEAGUE,2,70.0,河南省,CONSUME,01,,33.008795,112.562088,ANDROID,,河南省南阳市宛城区仲景街道独山大道中段,1
100000,105,济南市,上海金同达企业服务管理有限公司,H,54,XCX,3,31.7,M,汉,5474,4,01,FATHER,FRIENDS,2,90.001,山东省,CONSUME,01,,36.67164541913274,116.99135286831111,ANDROID,,山东省济南市天桥区纬北路街道天成路66号,0
100000,105,东营市,科德化工,H,54,APP,3,23.5,M,汉,1492,4,01,MATE,COLLEAGUE,1,70.0,山东省,CONSUME,01,,37.557566233664108,118.50228093443289,IOS,,山东省东营市垦利区胜坨镇,0
100000,,赣州市,福建泉州宝睿科技有限公司,Z,90,XCX,3,37.7,M,汉,4103,3,01,COLLEAGUE,MATE,1,70.0,江西省,CONSUME,01,,24.81555007905456,118.62287661737034,ANDROID,,福建省泉州市晋江市陈埭镇晋新路,0
100000,103,日照市,青岛海纳高科新能源科技有限公司,G,13,XCX,3,38.3,M,汉,4599,4,01,RELATIVES,FATHER,1,70.0,山东省,CONSUME,01,,36.05131752619551,119.37970841217988,ANDROID,,山东省潍坊市诸城市诸城经济开发区站前西街,0
100000,104,绍兴市,诸暨中财酒店有限公司,Z,90,XCX,2,29.9,M,汉,197,4,,FRIENDS,MOTHER,2,70.0,浙江省,CONSUME,01,,29.68954318576389,120.15446723090278,ANDROID,,浙江省绍兴市诸暨市大唐街道金龙西路317号,0
100000,105,淮南市,淮南锅炉厂,Z,90,XCX,2,36.4,M,汉,3974,4,01,SIBLING,SIBLING,1,70.0,安徽省,CONSUME,01,,31.94957180244144,117.2018210533977,ANDROID,,安徽省合肥市长丰县岗集镇,0
100000,,岳阳市,宏发国际酒店二楼餐饮部,Z,90,XCX,2,40.2,F,汉,3962,4,01,FATHER,FATHER,1,70.0,湖南省,CONSUME,01,,29.534662,112.57529,ANDROID,,湖南省岳阳市华容县章华镇李陵路,0
100000,103,延安市,陕西腾雄路桥建筑工程有限公司,Z,90,XCX,3,35.3,M,汉,3954,3,01,MATE,PARENTS,1,79.187,陕西省,CONSUME,01,,37.15282945258806,109.70675133725688,ANDROID,,陕西省延安市子长市瓦窑堡街道,0
100000,102,潮州市,乐居不锈钢,H,54,XCX,2,27.0,M,汉,6952,3,,FATHER,FRIENDS,2,87.587,广东省,CONSUME,01,,23.517037648364476,116.64092123328232,ANDROID,,广东省潮州市潮安区彩塘镇S233(潮汕路),0
100000,105,绍兴市,诸暨市信岚建材经营部,Z,90,APP,2,48.3,M,汉,134,4,01,MATE,FRIENDS,1,70.0,浙江省,CONSUME,01,,29.69905,120.27393,ANDROID,,浙江省绍兴市诸暨市浣东街道新曙路,0
100000,102,泰安市,山东经典集团,H,54,XCX,2,38.1,M,汉,3424,4,01,SIBLING,COLLEAGUE,1,70.0,山东省,CONSUME,01,,35.6897698824022,116.77513294100372,IOS,,山东省泰安市宁阳县泗店镇,0
100000,,汕头市,荣记有限公司,Z,90,APP,2,37.7,M,汉,5678,4,01,FATHER,SIBLING,1,78.91,广东省,CONSUME,01,,23.240625,116.469888,ANDROID,,广东省汕头市潮阳区和平镇S237(新和惠路),0
100000,303,三亚市,龙泉集团,H,54,APP,2,40.4,F,汉,3646,4,01,MATE,SIBLING,1,91.182,海南省,CONSUME,01,,18.276065205104957,109.50111604076268,ANDROID,,海南省三亚市吉阳区子悦巷,0
100000,403,重庆市,四川鸿华盛建筑劳务有限公司,O,17,APP,3,36.9,M,汉,4427,3,01,SIBLING,FRIENDS,2,94.022,重庆市,CONSUME,01,,29.720018376624993,106.58167462282219,ANDROID,,重庆市渝北区仙桃街道兰桂大道,0
100000,102,郴州市,东庭轩酒店,I,54,APP,2,32.5,F,汉,5908,3,01,SIBLING,MATE,2,86.095,湖南省,CONSUME,01,,28.151763850654697,113.03686747558563,ANDROID,,湖南省长沙市雨花区圭塘街道沙湾路,0
100000,105,连云港市,上海中诚物业有限公司,L,17,APP,3,31.7,M,汉,6733,3,,MOTHER,FRIENDS,2,70.0,江苏省,CONSUME,04,,31.210181,121.424078,ANDROID,,上海市长宁区新华路街道番禺路106号,0
100000,102,淮南市,齐美口腔,H,54,XCX,4,36.1,M,汉,3787,4,01,SIBLING,FRIENDS,1,87.0313,安徽省,CONSUME,01,,32.59454448628002,117.01571546422511,ANDROID,,安徽省淮南市田家庵区三和镇民裕大街,0
100000,102,商丘市,谢开运个人工作室,Z,90,APP,2,31.1,M,汉,7132,2,01,MOTHER,COLLEAGUE,1,70.0,河南省,CONSUME,01,,28.660968,121.230541,ANDROID,,浙江省台州市黄岩区西城街道永宁江绿道,0
100000,,吉安市,山里人湘赣土菜馆,Z,90,APP,2,30.3,M,汉,1241,2,01,MOTHER,FRIENDS,2,87.019,江西省,CONSUME,01,,22.653272,114.077804,ANDROID,,广东省深圳市龙岗区坂田街道后山东五巷,0
100000,105,榆林市,榆林市博华水务有限公司,D,17,APP,4,32.5,M,汉,5763,2,,MATE,FRIENDS,1,85.349,陕西省,CONSUME,01,,38.22180074524948,109.51926185305669,ANDROID,,陕西省榆林市榆阳区芹河镇,0
100000,103,盐城市,建湖大润发商业有限公司,Z,90,APP,4,41.7,M,汉,3249,2,01,RELATIVES,RELATIVES,1,70.0,江苏省,CONSUME,01,,31.799955512152778,121.66535617404514,ANDROID,,江苏省南通市启东市汇龙镇建设中路398号,0
100000,104,咸阳市,赵朋飞个人工作室,H,54,APP,2,31.2,M,汉,7041,4,01,MATE,FATHER,2,95.072,陕西省,CONSUME,01,,35.2333888762107,108.38978679389658,ANDROID,,陕西省咸阳市旬邑县职田镇G342,0
100000,102,上海市,上海米渡文化传播有限公司,R,17,APP,3,39.4,M,汉,3817,4,01,SIBLING,MOTHER,1,70.0,上海市,CONSUME,01,,31.11671191434945,121.27121148779394,ANDROID,,上海市松江区泗泾镇文化路140号,0
100000,,温州市,周锡伟个人工作室,Z,90,XCX,2,27.6,M,汉,72,2,,FATHER,COLLEAGUE,2,70.0,浙江省,CONSUME,01,,27.783805067274304,120.46001410590277,ANDROID,,浙江省温州市瑞安市马屿镇三马东路,0
100000,,温州市,周锡伟个人工作室,Z,90,XCX,2,27.6,M,汉,72,2,,FATHER,COLLEAGUE,2,70.0,浙江省,CONSUME,01,,27.783805067274304,120.46001410590277,ANDROID,,浙江省温州市瑞安市马屿镇三马东路,0
100000,,长沙市,王一实业集团精彩生活超市有限公司,H,54,APP,2,48.1,M,汉,3795,4,01,MOTHER,FRIENDS,2,70.0,湖南省,CONSUME,01,,28.16499,113.006503,ANDROID,,湖南省长沙市雨花区左家塘街道车站南路,0
100000,,汕头市,裕发玩具有限公司,Z,90,APP,4,36.6,M,汉,3787,4,01,MOTHER,COLLEAGUE,1,70.0,广东省,CONSUME,01,,23.525878978074677,116.72079188776718,ANDROID,,广东省汕头市澄海区上华镇湖心大道,0
100000,102,无锡市,九洲环宇大酒店,Z,90,XCX,2,36.8,F,汉,5917,4,01,CHILDREN,FATHER,1,70.0,江苏省,CONSUME,01,,31.785558641141834,119.99618954170384,ANDROID,,江苏省常州市天宁区红梅街道三丰路,0
100000,102,湛江市,黄静个人工作室,Z,90,APP,2,26.2,F,汉,2962,2,01,FATHER,FRIENDS,2,74.25,广东省,CONSUME,01,,29.661348346543,121.41770172625,ANDROID,,浙江省宁波市奉化区岳林街道东升路14幢-101号,0
100000,102,泉州市,中国京冶工程有限公司,E,24,APP,3,33.7,M,汉,763,4,01,MATE,FATHER,2,70.0,福建省,CONSUME,01,,24.868462887915105,118.66476602971942,ANDROID,,福建省泉州市丰泽区东海街道东海大街辅路,0
100000,303,哈尔滨市,黑龙江北鱼渔业集团,A,27,APP,4,37.2,M,汉,4117,3,01,FATHER,FRIENDS,2,70.0,黑龙江省,CONSUME,01,,45.70402119548055,126.6017250208998,ANDROID,,黑龙江省哈尔滨市南岗区哈西街道服装三道街,1
100000,,哈尔滨市,张丽红个人工作室,Z,90,XCX,2,33.2,F,汉,5950,4,01,MATE,FATHER,1,70.0,黑龙江省,CONSUME,01,,46.16397477984182,127.29235173213931,ANDROID,,黑龙江省哈尔滨市巴彦县巴彦镇,0
100000,306,成都市,武侯区印象电子产品经营部,H,54,APP,4,41.9,M,汉,3677,2,01,MATE,FRIENDS,1,83.92009,四川省,CONSUME,01,,30.62931209710788,104.0351057810723,ANDROID,,四川省成都市武侯区肖家河街道科园一路12号,0
100000,103,扬州市,扬州宝宝熊餐饮店,I,54,APP,2,39.0,M,汉,3757,4,01,SIBLING,FATHER,1,70.0,江苏省,CONSUME,01,,32.354710027181379,119.46994447522553,ANDROID,,江苏省扬州市广陵区汤汪街道汤汪路,0
100000,,重庆市,AM帽子店,H,54,XCX,2,35.0,M,汉,4038,3,01,MATE,FRIENDS,1,70.0,重庆市,CONSUME,01,,29.45174099392361,106.36469211154514,ANDROID,,重庆市九龙坡区白市驿镇农科大道,0
100000,302,杭州市,杭州数智政通科技有限公司,G,13,APP,3,36.5,M,汉,5473,4,01,SIBLING,SIBLING,2,86.176,浙江省,CONSUME,02,,30.276615128816297,120.02744862990029,ANDROID,,浙江省杭州市余杭区闲林街道聚橙路,0
100000,,昭通市,刘应情个人工作室,Z,90,APP,2,26.1,F,汉,3239,2,01,MOTHER,SIBLING,1,70.0,云南省,CONSUME,01,,29.240479,119.950974,ANDROID,,浙江省金华市义乌市义亭镇甘霖路,0
100000,104,遂宁市,新疆天佑铭华项目管理有限公司,H,54,XCX,4,32.4,M,汉,1207,4,01,FATHER,MATE,1,85.386,四川省,CONSUME,01,,30.315031996244917,104.46177707200454,ANDROID,,四川省成都市简阳市石板凳街道,0
100000,105,福州市,福建国鹏建设工程有限公司,E,24,XCX,4,49.4,M,汉,2572,3,01,MATE,FRIENDS,1,70.0,福建省,CONSUME,01,,25.012493745943624,118.90173740326111,ANDROID,,福建省泉州市惠安县东桥镇G228(丹东线),0
100000,104,宿迁市,德邦快递,F,17,XCX,2,35.5,M,汉,6397,2,,FATHER,MOTHER,3,90.341,江苏省,CONSUME,02,,30.569363393160637,103.96131026002843,ANDROID,,四川省成都市双流区东升街道机场东二路,0
100000,105,福州市,福建国鹏建设工程有限公司,E,24,XCX,4,49.4,M,汉,2572,3,01,MATE,FRIENDS,1,70.0,福建省,CONSUME,01,,25.012493745943624,118.90173740326111,ANDROID,,福建省泉州市惠安县东桥镇G228(丹东线),0
100000,,清远市,嘉鸿货运代理点,Z,90,APP,2,41.7,M,汉,3761,4,01,MATE,SIBLING,1,70.0,广东省,CONSUME,01,,24.705804578993057,112.27602457682292,ANDROID,,广东省清远市连南瑶族自治县三江镇旗新中路,0
100000,302,衡水市,北京多隆万盛商贸有限公司,H,54,APP,3,34.3,F,汉,6534,3,01,FRIENDS,FRIENDS,2,86.552,河北省,CONSUME,01,,38.25046432810264,115.74877993451203,ANDROID,,河北省衡水市饶阳县饶阳镇,0
100000,103,资阳市,正峰模具有限公司,C,24,APP,4,28.3,M,汉,7093,2,01,FATHER,RELATIVES,2,89.873,四川省,CONSUME,01,,30.823958843333985,104.04681797204043,IOS,,四川省成都市新都区斑竹园街道,0
100000,103,淮南市,王乐乐个人工作室,Z,90,APP,2,30.0,M,汉,667,4,01,MATE,FATHER,1,70.0,安徽省,CONSUME,01,,31.839543740723668,117.24307701387072,ANDROID,,安徽省合肥市蜀山区南七街道西太湖路辅路,0
100000,,赣州市,弹性工作者,Z,90,XCX,4,36.2,M,汉,3788,4,01,RELATIVES,FRIENDS,1,70.0,江西省,CONSUME,01,,25.84053867130806,114.9203581532835,ANDROID,,江西省赣州市章贡区章江街道钨都大道,0
100000,,赣州市,弹性工作者,Z,90,XCX,4,36.2,M,汉,3788,4,01,RELATIVES,FRIENDS,1,70.0,江西省,CONSUME,01,,25.84053867130806,114.9203581532835,ANDROID,,江西省赣州市章贡区章江街道钨都大道,0
100000,105,金华市,陈俊杰个人工作室,Z,90,XCX,4,30.8,M,汉,5712,4,01,FATHER,FRIENDS,2,88.485,浙江省,CONSUME,01,,29.374644916993505,120.02592648551156,IOS,,浙江省金华市义乌市后宅街道陈尖线(机场路-曹村),0
100000,,抚州市,黄芙蓉个人工作室,Z,90,APP,2,39.9,F,汉,3831,4,01,COLLEAGUE,FRIENDS,3,70.0,江西省,CONSUME,01,,27.998369466944586,116.36646127478454,ANDROID,,江西省抚州市临川区文昌街道中洲堤路,0
100000,103,上海市,上海积塔半导体有限公司,C,24,XCX,3,26.7,M,汉,1401,2,,FATHER,FRIENDS,2,92.30963,上海市,CONSUME,04,,30.878494048494497,121.78468082740048,IOS,,上海市浦东新区泥城镇,0
100000,103,上海市,上海积塔半导体有限公司,C,24,XCX,3,26.7,M,汉,1401,2,,FATHER,FRIENDS,2,92.30963,上海市,CONSUME,04,,30.878494048494497,121.78468082740048,IOS,,上海市浦东新区泥城镇,0
100000,,北京市,昌平区融媒体中心,Z,90,APP,4,40.5,F,汉,5144,3,01,OTHER,OTHER,1,70.0,北京市,CONSUME,01,,40.224342,116.227824,ANDROID,,北京市昌平区城北街道鼓楼北街16号1,1
100000,105,惠州市,黄启惠个人工作室,Z,90,APP,2,30.9,F,汉,5945,2,,MATE,FATHER,1,86.12,广东省,CONSUME,01,,22.774112976403989,114.48531206634158,ANDROID,,广东省惠州市惠阳区淡水街道环湖大道,0
100000,103,上海市,上海铭勇机械,Z,90,APP,3,36.6,M,汉,3544,2,01,RELATIVES,COLLEAGUE,2,76.606,上海市,CONSUME,01,,31.099243,121.665968,ANDROID,,上海市浦东新区周浦镇,0
100000,,淄博市,东升集团,Z,90,XCX,2,32.8,F,汉,6666,4,01,PARENTS,FRIENDS,1,70.0,山东省,CONSUME,01,,36.63388970269097,117.97682644314236,ANDROID,,山东省淄博市淄川区般阳路街道淄矿路,0
100000,,重庆市,泰康拜博口腔管理有限公司,H,54,APP,3,26.5,F,汉,1369,3,01,MATE,FRIENDS,1,70.0,重庆市,CONSUME,01,,29.522924,106.502384,ANDROID,,重庆市九龙坡区石坪桥街道石坪桥横街66号-附14号,0
100000,103,镇江市,镇江市金日密封材料技术有限公司,Z,90,XCX,3,31.4,M,汉,6085,2,01,PARENTS,MOTHER,2,79.991,江苏省,CONSUME,01,,32.21547743055555,119.78758707682292,ANDROID,,江苏省镇江市扬中市新坝镇G523辅路,0
100000,102,驻马店市,河南正华信泰房地产开发有限公司,K,17,APP,3,33.4,M,汉,239,4,01,PARENTS,FRIENDS,1,70.0,河南省,CONSUME,01,,33.02425319756021,114.01131550873582,ANDROID,,河南省驻马店市驿城区金山街道富裕街,0
100000,,昆明市,云南科仑工程质量检测有限公司,Z,90,APP,4,32.9,M,汉,6001,4,01,MATE,COLLEAGUE,1,70.0,云南省,CONSUME,01,,24.955441,102.840497,ANDROID,,云南省昆明市呈贡区洛羊街道云景路,0
100000,,珠海市,维他奶有限公司,Z,90,APP,3,38.6,M,汉,7156,2,01,MATE,FRIENDS,1,70.0,广东省,CONSUME,01,,22.285114,113.572171,ANDROID,,广东省珠海市香洲区香湾街道乐园路44号,0
100000,103,上海市,上海越展装饰装潢有限公司,G,13,APP,3,26.0,M,汉,1715,4,01,FATHER,OTHER,2,90.447,上海市,CONSUME,01,,31.03673449821938,121.7346552651474,ANDROID,,上海市浦东新区惠南镇听潮南路辅路,0
100000,,十堰市,正博物流,Z,90,APP,3,36.1,M,汉,5933,3,01,PARENTS,SIBLING,2,70.0,湖北省,CONSUME,01,,36.77860921830824,118.14268937258508,ANDROID,,山东省淄博市张店区湖田街道,0
100000,103,衡阳市,新帝豪门窗,H,54,APP,2,27.0,M,汉,863,4,01,MATE,SIBLING,2,91.191,湖南省,CONSUME,01,,27.105584506231403,112.96214658073255,ANDROID,,湖南省衡阳市衡东县洣水镇,0
100000,307,东莞市,深圳市罗湖区艺龙兴商行,H,54,XCX,2,49.2,M,汉,5072,4,01,MATE,FRIENDS,1,92.81065,广东省,CONSUME,01,,22.813632112725118,115.94872385315058,IOS,,广东省汕尾市陆丰市湖东镇X139,0
100000,102,绍兴市,解放街道新开兴一胖馄饨店,H,54,XCX,2,45.2,M,汉,2743,4,01,MATE,FRIENDS,1,70.0,浙江省,CONSUME,02,,30.7721227397707,120.77253788418286,ANDROID,,浙江省嘉兴市南湖区南湖街道创业路3号,0
100000,,铁岭市,好利来食品有限公司,C,24,XCX,3,24.7,M,汉,1223,2,,MOTHER,SIBLING,2,70.0,辽宁省,CONSUME,03,,39.83501607601742,116.48652288902909,ANDROID,,北京市朝阳区十八里店(地区)乡海棠街,0
100000,102,南通市,威嘉机电,G,13,XCX,2,24.3,F,汉,2158,2,01,FATHER,COLLEAGUE,2,79.98445,江苏省,CONSUME,01,,32.06735763028326,121.65300509518151,ANDROID,,江苏省南通市启东市吕四港镇南堤路,0
100000,105,济宁市,山东济州港务有限公司,F,17,APP,4,34.2,M,汉,4735,2,01,FATHER,FRIENDS,2,77.181,山东省,CONSUME,01,,35.47696445208466,116.48937160227068,ANDROID,,山东省济宁市任城区南张街道G327(跃进沟大桥),0
100000,,榆林市,孙伟凌个人工作室,Z,90,XCX,4,33.8,F,汉,572,2,,COLLEAGUE,MOTHER,2,70.0,陕西省,CONSUME,03,,37.58904888884228,108.82683313544375,ANDROID,,陕西省榆林市靖边县张家畔街道,0
100000,,哈尔滨市,赵微个人工作室,Z,90,XCX,3,23.5,F,汉,1900,4,01,MATE,FRIENDS,1,70.0,黑龙江省,CONSUME,01,,47.710223253038194,128.86615017361112,IOS,,黑龙江省伊春市伊美区前进街道连心桥,0
100000,,哈尔滨市,赵微个人工作室,Z,90,XCX,3,23.5,F,汉,1900,4,01,MATE,FRIENDS,1,70.0,黑龙江省,CONSUME,01,,47.710223253038194,128.86615017361112,IOS,,黑龙江省伊春市伊美区前进街道连心桥,0
100000,403,唐山市,唐山龙基建筑工程有限公司,E,24,APP,3,39.2,M,汉,4123,4,01,MATE,FRIENDS,1,70.0,河北省,CONSUME,01,,38.6913002021785,116.06937562454331,ANDROID,,河北省沧州市任丘市西环路街道东风路,0
100000,102,北京市,北京永安热力有限公司,D,17,APP,2,36.5,F,汉,4041,4,01,MATE,FATHER,1,70.0,北京市,CONSUME,01,,40.215109227310097,116.25145801321833,ANDROID,,北京市昌平区城北街道龙水路,0
100000,103,汕头市,东莞市五哥餐饮管理有限公司,I,54,XCX,3,29.1,M,汉,1158,2,01,SIBLING,MOTHER,2,83.981,广东省,CONSUME,01,,23.003478265688803,113.77461119967613,ANDROID,,广东省东莞市东城街道鸿福东路,0
100000,,天津市,中国移动通讯集团天津有限公司,G,13,XCX,4,39.2,F,汉,3366,2,01,FATHER,MATE,1,70.0,天津市,CONSUME,01,,39.03678276909722,117.18311631944445,ANDROID,,天津市西青区李七庄街道梨元头路,0
100000,,资阳市,博学眼镜,H,54,APP,3,23.9,M,汉,1865,4,01,FATHER,FRIENDS,2,83.406,四川省,CONSUME,01,,31.693153520666397,113.47617067596757,ANDROID,,湖北省随州市曾都区淅河镇新城路,0
100000,103,丹东市,丹东同合高新科技有限公司,G,13,APP,4,37.0,M,满,5953,2,01,FATHER,MATE,1,70.0,辽宁省,CONSUME,02,,40.464262,124.065058,ANDROID,,辽宁省丹东市凤城市凤凰城街道邓铁梅路,0
100000,104,内江市,隆昌旺旺集团,H,54,APP,3,30.6,M,汉,5651,4,,MATE,FATHER,1,79.397,四川省,CONSUME,01,,29.337451,105.278756,ANDROID,,四川省内江市隆昌市古湖街道环城南路辅路,0
100000,103,宜春市,昆山艺之轩整木定制,C,24,APP,2,34.1,M,汉,465,3,01,RELATIVES,FRIENDS,2,70.0,江西省,CONSUME,01,,31.43422972397812,120.89036952048873,ANDROID,,江苏省苏州市昆山市巴城镇G1521(常嘉高速),0
100000,,邢台市,今麦郎饮品股份有限公司,H,54,APP,2,42.9,M,汉,4070,3,01,MOTHER,FRIENDS,1,70.0,河北省,CONSUME,01,,37.355908006295369,114.77661608164606,ANDROID,,河北省邢台市隆尧县隆尧镇康宁路,0
100000,102,洛阳市,森盈建材有限公司,E,24,APP,2,36.1,M,汉,3691,4,01,MATE,FRIENDS,1,70.0,河南省,CONSUME,01,,34.11109,112.104746,ANDROID,,河南省洛阳市嵩县纸房镇S96(洛栾高速),0
100000,310,廊坊市,乐友孕婴店,Z,90,XCX,3,31.4,F,汉,6236,3,01,MATE,FRIENDS,2,70.0,河北省,CONSUME,01,,39.53224425282918,116.73596592440059,ANDROID,,河北省廊坊市广阳区北旺镇东华南路,0
100000,,马鞍山市,北京圣龙建筑装饰有限公司,E,24,XCX,3,37.6,M,汉,3937,4,01,SIBLING,FRIENDS,1,70.0,安徽省,CONSUME,01,,39.926578193513538,116.46455852271929,ANDROID,,北京市朝阳区团结湖街道团结湖中路北二条4号,0
100000,,成都市,成都光合信号科技有限公司,G,13,APP,4,31.6,M,汉,6079,4,01,MOTHER,FRIENDS,2,70.0,四川省,CONSUME,02,,30.590917,104.053534,ANDROID,,四川省成都市武侯区石羊街道府成大道西段222号,0
100000,,聊城市,北京顺心圣光口腔诊所有限公司,Z,90,XCX,3,44.0,M,汉,7010,4,01,SIBLING,FRIENDS,1,70.0,山东省,CONSUME,01,,40.22215,116.415136,ANDROID,,北京市昌平区兴寿镇S307(怀昌路),0
100000,105,德州市,刘照琦个人工作室,Z,90,APP,3,35.1,M,汉,5641,4,01,MATE,FATHER,1,70.0,山东省,CONSUME,01,,39.68127563911201,116.36088842234075,ANDROID,,北京市大兴区黄村(地区)镇桂大路,0
100000,,桂林市,北京映客芝士网络科技有限公司,G,13,APP,4,36.4,M,汉,3748,4,01,FATHER,MOTHER,2,70.0,广西壮族自治区,CONSUME,01,,13.766063,100.580949,ANDROID,,"ถนนเทียมร่วมมิตร, Huai Kwang, Bangkok, Thailand",0
100000,103,保定市,大成教育,P,13,XCX,3,32.7,F,汉,5330,3,01,RELATIVES,FRIENDS,2,70.0,河北省,CONSUME,01,,39.79762149046773,116.35995481033976,ANDROID,,北京市大兴区西红门(地区)镇槐房西路,1
100000,103,重庆市,江北区交巡警支队,L,17,APP,3,32.1,M,汉,5480,4,01,FATHER,FATHER,1,88.486,重庆市,CONSUME,01,,29.584183490959224,106.57376715615618,IOS,,重庆市江北区江北城街道北滨二路,0
100000,,信阳市,晋城市城区钟家庄街道,S,11,XCX,2,38.4,M,汉,3781,3,01,MATE,COLLEAGUE,1,70.0,河南省,CONSUME,01,,35.5262939453125,112.52676567925347,ANDROID,,山西省晋城市阳城县润城镇,0
100000,104,济宁市,东海航空有限公司,F,17,APP,3,30.0,F,汉,466,4,01,SIBLING,MATE,2,84.128,山东省,CONSUME,01,,22.6544870272932,113.82904182096056,ANDROID,,广东省深圳市宝安区福永街道G4(沈海高速),0
100000,102,大同市,国投安信期货,J,13,APP,4,37.7,F,汉,3895,3,01,SIBLING,MATE,1,70.0,山西省,CONSUME,01,,40.034657,113.170033,ANDROID,,山西省大同市云冈区和旺街道校北街,0
100000,306,大庆市,东北菜馆,I,54,XCX,2,44.6,F,汉,1337,3,,SIBLING,MATE,1,70.0,黑龙江省,CONSUME,01,,23.11581515842014,113.37323757595486,ANDROID,,广东省广州市天河区员村街道春融三路,1
100000,103,惠州市,吉隆宝利鞋厂,C,24,XCX,2,35.2,F,汉,6834,4,01,MATE,SIBLING,1,70.0,广东省,CONSUME,01,,22.806673177083333,114.93032416449653,ANDROID,,广东省惠州市惠东县黄埠镇育才路,0
100000,,昆明市,宏华出租汽车有限公司,C,24,XCX,2,48.8,M,汉,543,2,01,MATE,SIBLING,1,70.0,云南省,CONSUME,02,,24.990042860243054,102.73202094184028,ANDROID,,云南省昆明市官渡区关上街道枧槽街,0
100000,104,成都市,重庆烟草公司,Z,90,APP,3,26.3,M,汉,1687,3,01,RELATIVES,SIBLING,2,91.955,四川省,CONSUME,01,,29.484867133558699,106.5714852942147,ANDROID,,重庆市南岸区海棠溪街道,0
100000,301,昭通市,候文富个人工作室,Z,90,APP,4,38.3,M,汉,6086,4,01,MATE,SIBLING,1,91.44,云南省,CONSUME,01,,31.570497118186287,119.67038012839935,ANDROID,,江苏省无锡市宜兴市新建镇S240,0
100000,,渭南市,西卓煤矿,Z,90,XCX,4,30.4,F,汉,6930,4,01,MOTHER,COLLEAGUE,1,70.0,陕西省,CONSUME,01,,35.244277463255517,110.15956929098313,ANDROID,,陕西省渭南市合阳县城关街道凤凰北路辅路,0
100000,,贵阳市,广美标识标牌厂,C,24,APP,2,44.3,M,汉,4990,2,,SIBLING,FRIENDS,3,70.0,贵州省,CONSUME,02,,23.168178,114.405255,ANDROID,,广东省惠州市惠城区小金口街道新屋南一路,0
100000,105,汕头市,陈志远个人工作室,Z,90,APP,2,26.6,M,汉,1190,2,01,FATHER,FRIENDS,2,89.44445,广东省,CONSUME,01,,23.354809885352368,116.73981141406328,IOS,,广东省汕头市龙湖区珠池街道中山东路,0
100000,,曲靖市,没有公司,Z,90,XCX,2,36.2,M,汉,6789,4,01,MATE,SIBLING,1,70.0,云南省,CONSUME,01,,26.42004097742024,103.26804895990608,ANDROID,,云南省曲靖市会泽县金钟街道泽惠路,0
100000,,常州市,王非个人工作室,Z,90,XCX,4,28.7,M,汉,6421,4,01,MOTHER,FRIENDS,2,70.0,江苏省,CONSUME,01,,31.636303253686795,119.93740180766557,ANDROID,,江苏省常州市武进区南夏墅街道永安路92号,1
100000,104,天津市,天津链家宝业地产有限公司,O,17,APP,4,31.1,M,汉,1047,4,01,MOTHER,FRIENDS,2,92.48,天津市,CONSUME,02,,39.104888,117.226933,ANDROID,,天津市河西区下瓦房街道大直沽中路,0
100000,,平凉市,万盛气贸,Z,90,XCX,2,33.6,F,汉,444,4,01,MATE,SIBLING,1,70.0,甘肃省,CONSUME,01,,35.21989623255502,106.65204209333172,ANDROID,,甘肃省平凉市华亭市东华街道东大街,0
100000,103,平凉市,崆峒区自由职业,Z,90,XCX,4,45.6,M,回,899,2,01,FATHER,RELATIVES,1,94.0,甘肃省,CONSUME,01,,35.54474,106.688345,ANDROID,,甘肃省平凉市崆峒区柳湖镇新民路,0
100000,103,潮州市,杨伟锋个人工作室,Z,90,XCX,2,34.7,M,汉,7056,4,01,RELATIVES,FRIENDS,1,83.217,广东省,CONSUME,01,,24.39727,103.430487,ANDROID,,云南省红河哈尼族彝族自治州弥勒市弥阳街道双拥路,0
100000,103,济南市,润华集团,H,54,APP,4,44.0,M,汉,3885,3,01,MATE,RELATIVES,1,79.19879,山东省,CONSUME,01,,36.593477726508968,117.00090159941147,ANDROID,,山东省济南市市中区十六里河街道领义路,0
100000,,常州市,王非个人工作室,Z,90,XCX,4,28.7,M,汉,6421,4,01,MOTHER,FRIENDS,2,70.0,江苏省,CONSUME,01,,31.636303253686795,119.93740180766557,ANDROID,,江苏省常州市武进区南夏墅街道永安路92号,0
100000,105,株洲市,醴陵市三医院,Q,11,APP,4,49.6,M,汉,598,4,01,SIBLING,MATE,1,70.0,湖南省,CONSUME,01,,27.651027445618099,113.52709270252652,ANDROID,,湖南省株洲市醴陵市阳三石街道G106(京广线),0
100000,,苏州市,苏州国信集团有限公司,Z,90,XCX,4,27.8,M,汉,6753,4,01,MOTHER,COLLEAGUE,2,70.0,江苏省,CONSUME,01,,31.435405332377504,121.14133047704554,ANDROID,,江苏省苏州市太仓市城厢镇秋帆路,0
100000,,咸阳市,上海盛高物业服务有限公司西安分公司,Z,90,XCX,2,31.7,M,汉,6230,2,01,FATHER,FATHER,2,70.0,陕西省,CONSUME,01,,34.32915,108.939156,IOS,,陕西省西安市未央区张家堡街道凤城四路7号,0
100000,308,临沂市,私营业主,Z,90,APP,2,38.5,M,汉,2971,2,01,RELATIVES,COLLEAGUE,1,92.0,山东省,CONSUME,01,,35.611646026259979,117.90372827987889,ANDROID,,山东省临沂市蒙阴县桃墟镇S231,0
100000,103,梧州市,广州市骏昆百货商行（个人独资）,Z,90,APP,3,32.7,M,汉,1216,3,01,MATE,SIBLING,1,70.0,广西壮族自治区,CONSUME,01,,23.12949,113.385464,ANDROID,,广东省广州市天河区棠下街道棠东东路,0
100000,,新余市,刘佳个人工作室,Z,90,APP,3,40.4,F,汉,4490,4,01,COLLEAGUE,COLLEAGUE,1,70.0,江西省,CONSUME,01,,22.222217,113.550159,ANDROID,,广东省珠海市香洲区拱北街道莲花路25号,0
100000,105,汉中市,林涛个人工作室,Z,90,APP,3,28.1,M,汉,827,2,01,SIBLING,FRIENDS,1,70.0,陕西省,CONSUME,01,,33.04203911477391,107.02106392995317,ANDROID,,陕西省汉中市南郑区大河坎镇天汉大道辅路,0
100000,105,上饶市,广东云视六月（广东）有限公司,Z,90,XCX,4,27.8,F,汉,6925,4,01,SIBLING,RELATIVES,1,70.0,江西省,CONSUME,01,,31.26753621895406,121.66958742203193,ANDROID,,上海市浦东新区曹路镇Y101(秦家港路),0
100000,,黄石市,艺彤美容中心,Z,90,XCX,2,41.2,F,汉,3747,4,01,MOTHER,COLLEAGUE,1,70.0,湖北省,CONSUME,01,,18.241836,109.559351,IOS,,海南省三亚市吉阳区解放街中路49号,0
100000,105,渭南市,污水和垃圾处理事务中心,N,17,XCX,3,37.8,M,汉,5667,4,01,MATE,MATE,1,88.651,陕西省,CONSUME,01,,35.484778288261427,110.4765733105353,ANDROID,,陕西省渭南市韩城市新城街道,0
100000,103,普洱市,宁洱县人民医院,Q,11,XCX,3,47.1,F,汉,1912,2,01,MATE,FATHER,1,92.0,云南省,CONSUME,01,,23.057348,101.04719,ANDROID,,云南省普洱市宁洱哈尼族彝族自治县宁洱镇茶乡路15号,0
100000,,绵阳市,成都高新区艺唯奇形象设计店,Z,90,APP,2,47.4,M,汉,723,4,,MATE,SIBLING,1,70.0,四川省,CONSUME,01,,30.615859,104.050463,ANDROID,,四川省成都市武侯区芳草街道紫荆东路55号,0
100000,103,普洱市,宁洱县人民医院,Q,11,XCX,3,47.1,F,汉,1912,2,01,MATE,FATHER,1,92.0,云南省,CONSUME,01,,23.057348,101.04719,ANDROID,,云南省普洱市宁洱哈尼族彝族自治县宁洱镇茶乡路15号,0
100000,,重庆市,黄晓情个人工作室,Z,90,APP,2,34.8,F,汉,6870,4,01,MATE,FATHER,1,70.0,重庆市,CONSUME,01,,30.317871701346016,107.9273825953466,ANDROID,,重庆市忠县白石镇G350,0
100000,102,温州市,平阳欧龙汽车有限公司,C,24,APP,3,29.1,M,汉,698,4,,RELATIVES,COLLEAGUE,1,70.0,浙江省,CONSUME,01,,27.536082,120.435558,ANDROID,,浙江省温州市苍南县灵溪镇建兴路,0
100000,,上饶市,山东华肯净化设备有限公司,Z,90,XCX,2,34.7,M,汉,6705,2,01,FATHER,COLLEAGUE,3,70.0,江西省,CONSUME,01,,35.18202,118.23457,IOS,,山东省临沂市兰山区枣园镇,0
100000,,茂名市,建筑工程有限公司,Z,90,XCX,4,37.5,M,汉,3950,4,01,MATE,SIBLING,1,91.724,广东省,CONSUME,01,,21.518457573784723,110.90982991536458,ANDROID,,广东省茂名市电白区小良镇X624,0
100000,105,长春市,黑龙江省盛世美嘉生物科技有限公司,M,11,XCX,2,37.5,F,汉,3587,4,01,MATE,FRIENDS,1,78.327644,吉林省,CONSUME,01,,45.767499332143099,126.57375031955955,ANDROID,,黑龙江省哈尔滨市松北区松北街道G202(松北大道),0
100000,103,平顶山市,北方教育,Z,90,XCX,4,33.9,F,汉,5356,2,01,RELATIVES,FRIENDS,1,70.0,河南省,CONSUME,01,,33.305694,113.523708,ANDROID,,河南省平顶山市舞钢市垭口街道G345(钢城路),0
100000,102,韶关市,东莞市高升拖车服务有限公司,H,54,APP,2,40.8,M,汉,4402,4,01,MATE,PARENTS,1,99.011444,广东省,CONSUME,01,,25.0946811201786,114.25054172180266,ANDROID,,广东省韶关市南雄市古市镇Y022,0
100000,,凉山彝族自治州,盐源县启华鱼排,Z,90,XCX,2,40.8,M,汉,4241,2,01,MATE,SIBLING,1,70.0,四川省,CONSUME,01,,27.428926,101.521133,ANDROID,,四川省凉山彝族自治州盐源县盐井街道太安路,0
100000,105,呼伦贝尔市,软通动力信息技术有限公司,Z,90,APP,4,36.1,M,汉,5460,4,01,FATHER,COLLEAGUE,2,70.0,内蒙古自治区,CONSUME,01,,40.100408,116.371088,ANDROID,,北京市昌平区北七家镇北清路辅路,0
100000,,庆阳地区,杨志星个人工作室,Z,90,APP,3,25.1,M,汉,1515,2,01,FATHER,COLLEAGUE,2,91.181,甘肃省,CONSUME,01,,31.139283515673708,121.34995452378536,IOS,,上海市闵行区七宝镇华友路,0
100000,105,北京市,力刻新天地健身房,R,17,XCX,3,25.6,F,汉,290,4,01,FATHER,FRIENDS,2,70.0,北京市,CONSUME,01,,29.1264505587697,121.0312810209797,IOS,,浙江省台州市天台县福溪街道金盘南路,0
100000,,阜阳市,张集电信营业厅,Z,90,XCX,2,24.1,M,汉,1637,3,01,FATHER,FATHER,2,70.0,安徽省,CONSUME,01,,32.757633209228516,115.23504638671875,IOS,,安徽省阜阳市临泉县陈集镇,0
100000,,阜阳市,张集电信营业厅,Z,90,XCX,2,24.1,M,汉,1637,3,01,FATHER,FATHER,2,70.0,安徽省,CONSUME,01,,32.757633209228516,115.23504638671875,IOS,,安徽省阜阳市临泉县陈集镇,0
100000,105,吉安市,广州雀溪服饰有限公司,C,24,APP,2,38.5,M,汉,4496,2,01,PARENTS,FRIENDS,2,70.0,江西省,CONSUME,01,,23.124133,113.398413,ANDROID,,广东省广州市天河区车陂街道东圃大马路117号,0
100000,,云浮市,梁宗宁个人工作室,Z,90,XCX,2,34.3,M,汉,5886,4,01,MOTHER,SIBLING,2,70.0,广东省,CONSUME,01,,22.600461954135523,112.2320333900699,ANDROID,,广东省云浮市新兴县六祖镇,0
100000,104,赣州市,友林服務有限公司,Z,90,XCX,3,48.3,M,汉,4955,3,01,PARENTS,FRIENDS,1,70.0,江西省,CONSUME,01,,23.079467890969718,113.21011222634749,ANDROID,,广东省广州市荔湾区海龙街道龙溪东路8号,0
100000,104,赣州市,友林服務有限公司,Z,90,XCX,3,48.3,M,汉,4955,3,01,PARENTS,FRIENDS,1,70.0,江西省,CONSUME,01,,23.079467890969718,113.21011222634749,ANDROID,,广东省广州市荔湾区海龙街道龙溪东路8号,0
100000,103,泸州市,天才艾眼吧,R,17,APP,2,39.4,F,汉,4650,4,01,MATE,FATHER,1,90.58,四川省,CONSUME,01,,29.348552460604226,105.94120007737104,ANDROID,,重庆市永川区中山路街道和顺大道,0
100000,104,南京市,江苏派尔设备有限公司,E,24,APP,3,36.2,M,汉,3818,4,01,PARENTS,FATHER,1,70.0,江苏省,CONSUME,01,,31.917281,118.650076,ANDROID,,江苏省南京市雨花台区板桥街道G205(宁芜公路),0
100000,104,赣州市,友林服務有限公司,Z,90,XCX,3,48.3,M,汉,4955,3,01,PARENTS,FRIENDS,1,70.0,江西省,CONSUME,01,,23.079467890969718,113.21011222634749,ANDROID,,广东省广州市荔湾区海龙街道龙溪东路8号,0
100000,105,吉安市,广州雀溪服饰有限公司,C,24,APP,2,38.5,M,汉,4496,2,01,FATHER,SIBLING,2,70.0,江西省,CONSUME,01,,23.124133,113.398413,ANDROID,,广东省广州市天河区车陂街道东圃大马路117号,0
100000,,深圳市,深圳深知教育,Z,90,XCX,4,40.2,F,汉,2621,4,01,MATE,FRIENDS,1,70.0,广东省,CONSUME,01,,22.77237590519741,113.89848964277903,ANDROID,,广东省深圳市光明区马田街道华发商业街,0
100000,104,孝感市,国联通舒适家,G,13,APP,3,36.1,M,汉,3775,3,01,PARENTS,MATE,1,70.0,湖北省,CONSUME,01,,31.250725765117794,113.70394664440453,ANDROID,,湖北省孝感市安陆市李店镇金秋大道南,0
100000,,信阳市,叶彩玉个人工作室,Z,90,XCX,2,29.2,M,汉,843,3,01,MATE,PARENTS,1,70.0,河南省,CONSUME,01,,30.374949001736113,120.11226969401042,ANDROID,,浙江省杭州市余杭区良渚街道杭行路,0
100000,301,郑州市,郑州市金水区娜娜服装店,H,54,APP,3,44.0,F,回,3671,3,01,FATHER,MOTHER,1,89.99,河南省,CONSUME,01,,34.71546646235696,113.70131952227253,IOS,,河南省郑州市管城回族区南曹街道港湾路,0
100000,103,白银市,甘肃新美城市装饰工程有限公司,E,24,APP,4,29.0,M,汉,6845,3,01,RELATIVES,RELATIVES,2,86.493,甘肃省,CONSUME,01,,39.82117031354396,98.8340343698352,ANDROID,,甘肃省酒泉市肃州区三墩镇,0
100000,102,七台河市,假睫毛睫毛厂,C,24,APP,2,41.8,F,汉,4438,2,01,MATE,FRIENDS,1,89.258,黑龙江省,CONSUME,01,,45.80750499576628,130.98593380162343,ANDROID,,黑龙江省七台河市茄子河区兴北镇新金路,0
100000,104,池州市,池州市供水有限公司,D,17,APP,4,34.7,M,汉,6009,2,01,MATE,FRIENDS,1,88.643,安徽省,CONSUME,02,,30.65545082927612,117.51068986874421,ANDROID,,安徽省池州市贵池区清风街道平天湖路,0
100000,105,潍坊市,潍坊盛信建筑安装工程有限公司,E,24,APP,4,46.2,M,汉,659,3,01,FATHER,FATHER,1,91.222,山东省,CONSUME,01,,36.23188,119.6647,ANDROID,,山东省潍坊市高密市柴沟镇,0
100000,105,长治市,山西建安永利建筑工程有限公司,E,24,APP,3,41.0,M,汉,6175,4,01,MATE,SIBLING,1,70.0,山西省,CONSUME,01,,36.884696,112.970071,ANDROID,,山西省长治市武乡县贾豁乡,0
100000,104,深圳市,深圳大学,P,13,XCX,4,29.5,F,汉,1773,2,01,RELATIVES,FRIENDS,2,70.0,广东省,CONSUME,01,,22.600508453608673,114.00070382048125,ANDROID,,广东省深圳市南山区桃源街道大沙河碧道,0
100000,,玉林市,赛瑞智能科技公司,Z,90,XCX,4,43.7,M,汉,996,2,01,MATE,COLLEAGUE,2,70.0,广西壮族自治区,CONSUME,01,,35.037534,118.395835,ANDROID,,山东省临沂市河东区芝麻墩街道四平路,0
100000,105,黄石市,顺景一号院,R,17,APP,2,45.4,M,汉,1080,2,01,MATE,PARENTS,1,70.0,湖北省,CONSUME,01,,22.52931284616674,113.38361373125126,ANDROID,,广东省中山市石岐街道大陂东街,0
100000,,淮安市,常熟小牛电动车厂,Z,90,XCX,4,24.2,M,汉,1937,2,01,MOTHER,FRIENDS,2,84.05,江苏省,CONSUME,01,,31.738469,119.837935,ANDROID,,江苏省常州市武进区武进经济开发区锦润路,0
100000,,益阳市,惠州硕贝德新材料技术有限公司,Z,90,APP,3,41.2,M,汉,4590,4,01,MATE,SIBLING,1,86.04,湖南省,CONSUME,01,,23.114141,114.51591,ANDROID,,广东省惠州市惠城区水口街道X205,0
100000,103,重庆市,木禾防水,E,24,APP,2,43.6,M,汉,3963,4,01,RELATIVES,SIBLING,1,70.0,重庆市,CONSUME,01,,29.835732998723637,106.0789723640497,ANDROID,,重庆市铜梁区东城街道香滨路,0
100000,103,凉山彝族自治州,余兴友个人工作室,Z,90,APP,2,44.8,M,汉,4114,2,01,FRIENDS,FRIENDS,3,70.0,四川省,CONSUME,01,,26.532656192423649,101.75458643906126,ANDROID,,四川省攀枝花市东区银江镇机场路,0
100000,,曲靖市,曲靖志晖园美食文化传播有限公司,R,17,XCX,2,25.5,F,汉,1263,4,01,PARENTS,FRIENDS,2,70.0,云南省,CONSUME,01,,25.147691276953407,104.24171053404737,ANDROID,,云南省曲靖市罗平县马街镇钻块线,0
100000,,本溪市,崇礼隆兴早点,Z,90,APP,2,49.1,F,汉,4514,2,01,MATE,SIBLING,1,70.0,辽宁省,CONSUME,01,,40.982324,115.291185,ANDROID,,河北省张家口市崇礼区西湾子镇万龙路,0
100000,104,南通市,南通中集罐式储运设备制造有限公司,C,24,XCX,3,34.4,M,汉,448,2,,PARENTS,FRIENDS,1,70.0,江苏省,CONSUME,01,,31.8954833984375,120.93470160590277,ANDROID,,江苏省南通市崇川区竹行街道新河路,0
100000,105,西双版纳傣族自治州,景洪市港埠驾校,P,13,APP,3,45.4,M,汉,1107,2,01,MATE,SIBLING,1,94.039,云南省,CONSUME,01,,28.55755165152868,112.36162211444655,ANDROID,,湖南省益阳市赫山区朝阳街道,0
100000,102,商丘市,厦门肯利特电子商务有限责任公司,Z,90,XCX,4,26.7,F,汉,3353,3,01,PARENTS,SIBLING,2,87.31,河南省,CONSUME,01,,24.690838758680556,118.13960422092013,ANDROID,,福建省厦门市同安区西柯街道,0
100000,,曲靖市,曲靖志晖园美食文化传播有限公司,R,17,XCX,2,25.5,F,汉,1263,4,01,PARENTS,FRIENDS,2,70.0,云南省,CONSUME,01,,25.147691276953407,104.24171053404737,ANDROID,,云南省曲靖市罗平县马街镇钻块线,0
100000,105,南昌市,南昌青鸟翻译有限公司,L,17,XCX,2,40.9,M,汉,5867,3,01,RELATIVES,FRIENDS,2,70.0,江西省,CONSUME,01,,28.440623,115.965189,ANDROID,,江西省南昌市南昌县向塘镇星河西路,0
100000,103,西安市,武涛个人工作室,Z,90,APP,4,29.3,M,汉,6631,3,01,FRIENDS,FRIENDS,2,70.0,陕西省,CONSUME,01,,34.28701646458274,108.81405737763399,ANDROID,,陕西省西安市未央区三桥街道天台八路2,0
100000,105,惠州市,广州增大贸易有限公司,C,24,XCX,3,27.7,M,汉,977,3,01,MATE,COLLEAGUE,2,70.0,广东省,CONSUME,01,,23.40625318348609,113.06919374006997,ANDROID,,广东省广州市花都区赤坭镇赤坭八间路,0
100000,,惠州市,惠州市惠阳区五蕴堂保健馆,Z,90,XCX,2,46.2,F,汉,286,2,01,MATE,SIBLING,1,70.0,广东省,CONSUME,01,,22.820197,114.433306,IOS,,广东省惠州市惠阳区秋长街道公园东街,0
100000,105,秦皇岛市,马爽个人工作室,Z,90,APP,4,30.3,F,回,2026,4,01,FATHER,FRIENDS,2,91.744,河北省,CONSUME,01,,39.930236125528519,119.5098414285314,ANDROID,,河北省秦皇岛市海港区腾飞路街道昆仑山北路,0
100000,,南充市,浙江省天颂集团有限公司,Z,90,APP,2,39.5,M,汉,4084,3,01,FRIENDS,RELATIVES,2,70.0,四川省,CONSUME,01,,28.408941,121.316154,ANDROID,,浙江省台州市温岭市温峤镇华盛路,0
100000,105,惠州市,广州增大贸易有限公司,C,24,XCX,3,27.7,M,汉,977,3,01,MATE,COLLEAGUE,2,70.0,广东省,CONSUME,01,,23.40625318348609,113.06919374006997,ANDROID,,广东省广州市花都区赤坭镇赤坭八间路,0
100000,,运城市,昌泰商贸有限公司,H,54,APP,4,31.3,M,汉,123,3,01,MOTHER,MATE,1,70.0,山西省,CONSUME,01,,35.59455919053819,110.98147515190972,ANDROID,,山西省运城市稷山县稷峰镇京昆线辅路,0
100000,,哈尔滨市,自来水公司,Z,90,APP,3,38.7,F,汉,4234,4,01,MOTHER,OTHER,2,88.589,黑龙江省,CONSUME,01,,45.452491763482,128.321060185925,ANDROID,,黑龙江省哈尔滨市延寿县延寿镇西城北路,0
100000,,大理白族自治州,王建勇个人工作室,Z,90,APP,2,36.0,M,汉,4190,2,01,SIBLING,FRIENDS,1,70.0,云南省,CONSUME,01,,26.076194,100.309198,ANDROID,,云南省大理白族自治州鹤庆县黄坪镇,0
100000,,廊坊市,郭永康个人工作室,Z,90,APP,4,27.3,M,汉,1758,2,01,FATHER,FRIENDS,2,70.0,河北省,CONSUME,01,,39.947705,116.800605,ANDROID,,河北省廊坊市三河市迎宾北路街道行宫西大街,0
100000,105,巢湖市,张子建个人工作室,Z,90,APP,3,35.1,M,汉,4118,3,01,FATHER,MATE,1,70.0,安徽省,CONSUME,01,,31.587555,117.494443,ANDROID,,安徽省合肥市巢湖市中庙街道X006,0
100000,,曲靖市,曲靖市麒麟区飞轩汇通讯设备经营部,H,54,XCX,4,24.2,M,汉,1866,3,01,MATE,RELATIVES,1,84.148,云南省,CONSUME,01,,25.474903428819445,103.81884358723958,ANDROID,,云南省曲靖市麒麟区沿江街道靖宁西路,0
100000,105,乐山市,成都中原地产,K,17,XCX,3,33.1,F,汉,484,4,01,PARENTS,FATHER,2,70.0,四川省,CONSUME,01,,30.479415701647605,104.06840259168983,ANDROID,,四川省成都市双流区华阳街道天府大道南一段辅路,0
100000,103,遂宁市,高亮个人工作室,Z,90,APP,2,38.3,M,汉,5666,4,01,MATE,FATHER,1,70.0,四川省,CONSUME,01,,30.511770438311705,105.58918377403397,ANDROID,,四川省遂宁市船山区镇江寺街道观音湖隧道,0
100000,,龙岩市,李晋锋个人工作室,Z,90,XCX,3,23.1,M,汉,2789,4,01,RELATIVES,FRIENDS,2,70.0,福建省,CONSUME,01,,24.823559027777776,118.58053602430556,ANDROID,,福建省泉州市晋江市梅岭街道泉安中路902号,0
100000,,绵阳市,益禾堂（广东）餐饮管理有限公司,G,13,XCX,3,25.1,M,汉,1604,2,01,FATHER,COLLEAGUE,2,70.0,四川省,CONSUME,01,,22.58865478515625,113.89547390407986,ANDROID,,广东省深圳市宝安区新安街道竹海路,0
100000,105,六安市,安徽铭铸建设工程有限公司,E,24,XCX,3,36.6,M,汉,4034,4,01,MATE,COLLEAGUE,1,89.806,安徽省,CONSUME,01,,30.70677937152316,104.17272385464948,IOS,,四川省成都市成华区龙潭街道鹤林四路,0
100000,,重庆市,四川炎昊建筑劳务有限公司,Z,90,XCX,3,33.0,M,汉,6971,4,01,MATE,FRIENDS,1,70.0,重庆市,CONSUME,01,,29.708992137970549,106.53511374569996,ANDROID,,重庆市渝北区悦来街道顺悦路,0
100000,,云浮市,恒源大厦,Z,90,XCX,3,36.0,F,汉,5729,4,01,SIBLING,FRIENDS,1,91.314,广东省,CONSUME,01,,23.193744944119956,113.256743714699141,ANDROID,,广东省广州市白云区云城街道新市北街1号,0
100000,,哈尔滨市,自来水公司,Z,90,APP,3,38.7,F,汉,4234,4,01,MOTHER,OTHER,2,88.589,黑龙江省,CONSUME,01,,45.452491763482,128.321060185925,ANDROID,,黑龙江省哈尔滨市延寿县延寿镇西城北路,0
100000,105,营口市,友艺家书画,Z,90,APP,3,29.3,F,满,6121,4,01,MATE,FATHER,2,70.0,辽宁省,CONSUME,01,,40.21026675400332,122.12651154465219,ANDROID,,辽宁省营口市鲅鱼圈区红旗镇火山大街,0
100000,105,广州市,新兴玻璃,C,24,XCX,2,43.0,M,汉,4434,2,01,SIBLING,SIBLING,1,70.0,广东省,CONSUME,01,,23.36251379133571,112.92779211782184,ANDROID,,广东省佛山市三水区芦苞镇,0
100000,105,周口市,未知所在公司,Z,90,XCX,2,34.7,M,汉,5810,4,01,RELATIVES,FRIENDS,2,70.0,河南省,CONSUME,01,,39.72179915086964,116.13652336851885,IOS,,北京市房山区拱辰街道长虹东路6号,0
100000,102,汕尾市,魏铃个人工作室,Z,90,XCX,2,39.0,F,汉,4088,3,01,MATE,COLLEAGUE,1,83.932,广东省,CONSUME,01,,22.908375379774306,115.91206624348958,ANDROID,,广东省汕尾市陆丰市南塘镇G228(丹东线),0
100000,,宁波市,象山迎凤机械有限公司,Z,90,XCX,2,35.1,M,汉,4955,2,01,MOTHER,RELATIVES,2,70.0,浙江省,CONSUME,01,,29.591507703993056,121.85185031467014,ANDROID,,浙江省宁波市象山县贤庠镇S313(环港公路),0
100000,105,大理白族自治州,四方公司,Z,90,XCX,4,36.9,F,汉,3907,3,01,PARENTS,MOTHER,1,70.0,云南省,CONSUME,01,,25.349336028746188,100.49758601546485,ANDROID,,云南省大理白族自治州弥渡县弥城镇天桥路,1
100000,105,泉州市,万达百货商场,H,54,XCX,2,36.6,F,汉,4483,4,,PARENTS,FRIENDS,3,70.0,福建省,CONSUME,01,,24.89002170138889,118.60853135850695,ANDROID,,福建省泉州市丰泽区丰泽街道坪山路255号,0
100000,104,枣庄市,卡罗琳化妆品公司,C,24,XCX,4,36.1,F,汉,4530,2,01,FATHER,FRIENDS,1,77.618,山东省,CONSUME,01,,34.83343777126736,117.53095296223958,ANDROID,,山东省枣庄市市中区永安镇红山路,0
100000,,信阳市,再生资源回收,N,17,XCX,2,38.5,M,汉,4941,3,01,MATE,FRIENDS,1,70.0,河南省,CONSUME,01,,34.526463758680556,113.91992702907986,ANDROID,,河南省郑州市中牟县三官庙镇天英路,0
100000,303,上饶市,浙江星多影视文化有限公司,Z,90,XCX,4,37.5,F,汉,4538,4,01,FATHER,COLLEAGUE,1,84.76932,江西省,CONSUME,02,,30.46714836700324,120.19596287531036,ANDROID,,浙江省杭州市临平区塘栖镇马三线,0
100000,301,湖州市,中国星巴克,I,54,XCX,2,32.2,M,汉,5331,2,,FRIENDS,FATHER,2,85.251,浙江省,CONSUME,01,,30.935721842447915,120.10849365234375,ANDROID,,浙江省湖州市吴兴区滨湖街道鑫都路,0
100000,403,临沂市,美电贝尔,H,54,APP,2,29.6,M,汉,6055,4,01,MATE,FATHER,1,70.0,山东省,CONSUME,01,,35.23811826333885,118.33164979067959,ANDROID,,山东省临沂市兰山区半程镇临滕高速,0
100000,,榆林市,尚亚丽个人工作室,Z,90,XCX,2,30.9,F,汉,6348,2,01,MATE,MOTHER,1,70.33,陕西省,CONSUME,01,,37.58605922963215,107.6196299995545,ANDROID,,陕西省榆林市定边县定边街道,0
100000,105,吉安市,瑶田镇中心小学,P,13,XCX,3,24.1,M,汉,3187,2,01,FATHER,COLLEAGUE,2,70.0,江西省,CONSUME,01,,27.129475,115.613555,ANDROID,,江西省吉安市永丰县瑶田镇X832,0
100000,306,锦州市,广东蓝色海岸休闲有限公司,Z,90,XCX,3,22.8,M,满,2340,4,01,FATHER,FRIENDS,2,70.0,辽宁省,CONSUME,01,,23.22084,113.218053,ANDROID,,广东省广州市白云区石门街道红星路17号,0
100000,403,六安市,合肥翔翎商贸有限公司,Z,90,APP,2,32.6,M,汉,5196,2,01,MATE,FATHER,1,91.923,安徽省,CONSUME,01,,31.739506,117.245302,ANDROID,,安徽省合肥市蜀山区锦绣社区始信路,0
100000,,宜宾市,暂未提供公司,Z,90,XCX,2,35.4,M,汉,5932,3,01,FATHER,SIBLING,2,70.0,四川省,CONSUME,01,,28.792634,104.378087,IOS,,四川省宜宾市叙州区高场镇,0
100000,105,南阳市,兴福兴超市,Z,90,APP,2,32.5,M,汉,5781,3,01,SIBLING,COLLEAGUE,1,70.0,河南省,CONSUME,01,,33.24539143922649,113.0157362627266,ANDROID,,河南省南阳市方城县凤瑞街道S103,0
100000,103,嘉兴市,桐乡市乌镇平民小吃店,I,54,XCX,2,38.7,M,汉,4046,3,01,FATHER,MATE,1,70.0,浙江省,CONSUME,01,,30.749832887343634,120.4976676540519,ANDROID,,浙江省嘉兴市桐乡市乌镇镇X812(姚太公路),0
100000,,扬州市,京华城购物中心,H,54,XCX,3,24.0,F,汉,2037,4,01,MOTHER,FRIENDS,2,70.0,江苏省,CONSUME,01,,32.366298556857636,119.42185736762153,ANDROID,,江苏省扬州市广陵区文峰街道开发东路辅路,0
100000,403,重庆市,成都新国铁轨道技术有限公司,F,17,XCX,3,22.7,M,汉,1722,2,01,FATHER,FRIENDS,2,87.483,重庆市,CONSUME,01,,29.15381262726073,120.33067796265661,IOS,,浙江省金华市东阳市横店镇,0
100000,102,宿迁市,德基混凝土有限公司,E,24,XCX,2,36.0,F,汉,4054,4,01,RELATIVES,FATHER,1,86.289,江苏省,CONSUME,01,,33.95937587428377,118.29943182431015,IOS,,江苏省宿迁市宿城区幸福街道马陵路,0
100000,105,亳州市,王七星个人工作室,Z,90,XCX,2,29.9,M,汉,2146,4,01,MATE,SIBLING,1,89.124,安徽省,CONSUME,01,,38.10342627080646,114.43522596800645,ANDROID,,河北省石家庄市新华区西三庄街道石清路,0
100000,104,唐山市,大新华运通北京国际商务旅游有限公司,O,17,XCX,4,32.3,M,汉,516,2,01,FATHER,FRIENDS,2,86.533,河北省,CONSUME,01,,39.93483469211264,116.65499748642812,IOS,,北京市通州区永顺镇S201辅路,1
100000,105,宁德市,韩国新生活集团中国有限公司,H,54,XCX,2,39.3,F,汉,2578,4,,SIBLING,MATE,1,88.18,福建省,CONSUME,04,,23.183568793402777,113.24920600043403,ANDROID,,广东省广州市白云区棠景街道东新大街6号,0
100000,103,榆林市,榆林市榆阳区萌宝艺术培训中心有限公司,Z,90,XCX,3,46.1,F,汉,4893,4,,MATE,FRIENDS,1,70.0,陕西省,CONSUME,01,,38.30043248579324,109.78423271862741,ANDROID,,陕西省榆林市榆阳区长城路街道育才路,0
100000,105,永州市,兄弟货远,C,24,APP,2,44.7,M,汉,6426,2,01,MATE,SIBLING,1,70.0,湖南省,CONSUME,01,,23.468571,112.318058,ANDROID,,广东省肇庆市广宁县五和镇,0
100000,105,泉州市,中山盛世华龙海绵公司,Z,90,XCX,4,41.8,M,汉,2886,4,01,PARENTS,SIBLING,1,88.02,福建省,CONSUME,01,,23.392852308106496,116.21449173732067,ANDROID,,广东省揭阳市普宁市大坝镇,0
100000,102,沈阳市,沈阳动车段,Z,90,APP,3,32.2,M,汉,5327,2,01,FATHER,FRIENDS,1,70.0,辽宁省,CONSUME,01,,41.65090826616434,123.3970653799199,ANDROID,,辽宁省沈阳市浑南区白塔街道沈南西街,0
100000,103,儋州市,李汉龙个人工作室,Z,90,APP,2,42.2,M,汉,4388,2,01,FRIENDS,RELATIVES,1,70.0,海南省,CONSUME,02,,19.524532,109.606729,ANDROID,,海南省儋州市那大镇S308(迎宾大道),0
100000,,衡阳市,何余粮个人工作室,Z,90,APP,2,48.6,M,汉,1665,3,01,MATE,FRIENDS,1,87.941,湖南省,CONSUME,01,,23.047970377604166,113.37623236762153,ANDROID,,广东省广州市番禺区小谷围街道康陵路,0
100000,105,太原市,山西岚海国际旅行社,O,17,APP,3,31.1,M,汉,844,4,,PARENTS,PARENTS,2,70.0,山西省,CONSUME,01,,37.81789446726501,112.50184852721965,ANDROID,,山西省太原市万柏林区长风西街街道义井街北一巷,0
100000,103,苏州市,力道设计,M,11,APP,3,33.1,F,汉,5161,3,01,MOTHER,FRIENDS,2,83.974754,江苏省,CONSUME,01,,31.29573883666456,120.57522868396298,IOS,,江苏省苏州市姑苏区金阊街道西环路,0
100000,302,重庆市,芙蓉兴盛便利超市,H,54,APP,3,32.0,M,汉,6327,4,01,MATE,SIBLING,1,70.0,重庆市,CONSUME,01,,29.957657681501343,107.10498128471883,ANDROID,,重庆市长寿区新市街道北城大道,1
100000,,宁德市,福建省创达建筑工程有限公司,E,24,APP,4,34.8,M,汉,6968,3,01,FRIENDS,COLLEAGUE,2,73.256,福建省,CONSUME,01,,26.807106,119.711918,ANDROID,,福建省宁德市福安市湾坞镇,0
100000,103,南充市,四川众合新材料有限公司,C,24,XCX,2,42.2,M,汉,4769,4,01,PARENTS,PARENTS,1,70.0,四川省,CONSUME,01,,30.94927140337212,104.25797700454608,ANDROID,,四川省德阳市广汉市汉州街道台北路,0
100000,,上饶市,李显发个人工作室,Z,90,XCX,2,24.8,M,汉,785,2,01,MATE,COLLEAGUE,1,70.0,江西省,CONSUME,01,,30.234868,121.382182,ANDROID,,浙江省宁波市慈溪市新浦镇五塘江东路,0
100000,302,无锡市,恒君财富管理有限公司无锡分公司,Z,90,XCX,3,49.1,M,汉,2295,4,01,FRIENDS,FATHER,1,70.0,江苏省,CONSUME,01,,31.553472317859279,120.28294995912983,ANDROID,,江苏省无锡市梁溪区扬名街道建筑路,0
100000,307,南充市,东莞市爱培科技术有限公司,Z,90,XCX,3,33.1,M,汉,6992,3,01,FRIENDS,FRIENDS,1,70.0,四川省,CONSUME,01,,22.978408569119183,114.12721379343341,ANDROID,,广东省东莞市谢岗镇谢岗红旗路,0
100000,,湖州市,汪延宴个人工作室,Z,90,XCX,3,37.9,M,汉,3221,3,01,MATE,FRIENDS,1,70.0,浙江省,CONSUME,01,,30.14422612075073,120.05381348726209,ANDROID,,浙江省杭州市西湖区转塘街道灵凤街,0
100000,,梅州市,世途喷锡电子厂,G,13,XCX,2,40.4,F,汉,4537,4,01,PARENTS,RELATIVES,1,70.0,广东省,CONSUME,01,,24.828331434461806,116.18607313368055,ANDROID,,广东省梅州市蕉岭县广福镇,0
100000,,丽江市,束河鼎业,H,54,XCX,3,30.3,M,纳西,588,4,01,FATHER,FRIENDS,2,87.25069,云南省,CONSUME,01,,26.92052324459081,100.20886873821174,IOS,,云南省丽江市古城区束河街道蔷薇大道,0
100000,,陇南市,刘小飞个人工作室,C,24,APP,2,28.9,M,汉,1445,4,01,MATE,FATHER,1,70.0,甘肃省,CONSUME,01,,33.678536,105.569185,ANDROID,,甘肃省陇南市成县小川镇,0
100000,102,萍乡市,本色印刷厂,Z,90,XCX,2,36.1,M,汉,7024,2,01,SIBLING,FATHER,2,86.949,江西省,CONSUME,01,,23.19282470703125,113.17404975043402,ANDROID,,广东省佛山市南海区里水镇盛平大道,0
100000,103,承德市,朱丽芳个人工作室,H,54,APP,2,42.0,F,满,4692,4,01,OTHER,OTHER,1,70.0,河北省,CONSUME,01,,41.93955250096216,117.77924209012019,IOS,,河北省承德市围场满族蒙古族自治县围场镇,0
100000,105,保山市,国能思达科技有限责任公司,G,13,XCX,4,34.3,M,汉,4581,3,01,MATE,FRIENDS,1,100.0,云南省,CONSUME,01,,25.03483996349691,102.7628767267435,IOS,,云南省昆明市官渡区金马街道太平路,0
100000,105,北京市,小李蔬菜批发,Z,90,XCX,2,35.0,M,汉,5067,4,01,MATE,COLLEAGUE,1,70.0,北京市,CONSUME,01,,40.07396388376937,116.6700216608455,ANDROID,,北京市顺义区仁和(地区)镇,0
100000,105,泰州市,江苏大新房地产资产评估测绘造价咨询有限公司泰州分公司,L,17,XCX,3,35.4,F,汉,3919,4,01,OTHER,COLLEAGUE,2,90.0,江苏省,CONSUME,01,,32.167067908039538,120.0169684954848,IOS,,江苏省泰州市泰兴市延令街道鼓楼南路103-9号,0
100000,105,文登市,文登市温泉房地产开发有限公司,K,17,APP,3,36.1,M,汉,4248,4,,MATE,FRIENDS,2,70.0,山东省,CONSUME,01,,46.811344,130.362144,ANDROID,,黑龙江省佳木斯市前进区亮子河街道长安路918号,0
100000,,定西市,浙江豪邦保安服务有限公司,O,17,XCX,2,29.1,M,汉,1026,2,01,FATHER,FRIENDS,2,70.0,甘肃省,CONSUME,01,,30.317631022135416,120.25337348090278,ANDROID,,浙江省杭州市上城区九堡街道九盛路19号,0
100000,307,信阳市,深圳市美骏纸箱珍珠棉包装有限公司,C,24,XCX,4,40.1,M,汉,3572,4,01,MATE,FRIENDS,,70.0,河南省,CONSUME,01,,22.812009796208739,113.85320927135438,ANDROID,,广东省深圳市宝安区燕罗街道燕山大道,0
100000,105,沧州市,河北众思程文化传播有限公司,R,17,APP,3,32.3,M,汉,1118,3,01,RELATIVES,MATE,1,83.554,河北省,CONSUME,01,,22.268345811631946,113.55823893229167,ANDROID,,广东省珠海市香洲区狮山街道香宁一街51号,0
100000,105,上海市,安徽誉秀农业科技有限公司上海营销中心,Z,90,APP,2,49.5,F,汉,99999,2,01,PARENTS,SIBLING,3,86.102,上海市,CONSUME,01,,31.149137,121.418976,ANDROID,,上海市徐汇区凌云路街道勤奋路,0
100000,102,盐城市,上海至正科技有限公司,G,13,APP,2,36.6,M,汉,3947,2,01,FATHER,FRIENDS,2,87.50327,江苏省,CONSUME,01,,31.01004502150365,121.30236652202183,ANDROID,,上海市松江区车墩镇G320(车亭公路),0
100000,307,普洱市,云南尚投清算有限公司,Z,90,XCX,3,29.9,F,汉,5887,4,01,PARENTS,MATE,1,70.0,云南省,CONSUME,01,,22.76262884493312,100.99127059101132,ANDROID,,云南省普洱市思茅区思茅街道旅游环线,0
100000,,天水市,兰州都市丽景装饰工程有限公司,E,24,XCX,4,39.5,M,汉,4802,3,01,MATE,FRIENDS,1,70.0,甘肃省,CONSUME,01,,36.05706510873252,103.83605895354602,IOS,,甘肃省兰州市城关区广武门街道金昌路31号,0
100000,,晋中市,鑫运二区,H,54,APP,2,40.9,M,汉,4271,4,01,PARENTS,FRIENDS,2,70.0,山西省,CONSUME,01,,34.83819,111.209845,ANDROID,,山西省运城市平陆县圣人涧镇圣人大街11号,0
100000,103,十堰市,金华讯通汽车维修有限公司,O,17,XCX,2,41.1,M,汉,4483,4,01,PARENTS,FRIENDS,1,70.0,湖北省,CONSUME,01,,29.185426703559028,119.8216322157118,ANDROID,,浙江省金华市金东区孝顺镇泛舟街,0
100000,403,大连市,沈阳百事可乐有限公司,H,54,XCX,2,32.6,M,汉,6435,4,01,FATHER,RELATIVES,2,88.014,辽宁省,CONSUME,01,,38.95485545000027,121.54765002540312,ANDROID,,辽宁省大连市甘井子区机场街道G202(迎客路),0
100000,301,连云港市,临沂专线华苑物流,F,17,APP,2,31.4,M,汉,6882,2,01,FRIENDS,COLLEAGUE,2,80.457,江苏省,CONSUME,01,,34.735113,119.342597,ANDROID,,江苏省连云港市连云区墟沟街道云和路,0
100000,105,桂林市,时唐婷个人工作室,H,54,XCX,4,28.8,F,汉,2585,4,01,MOTHER,FRIENDS,2,84.517,广西壮族自治区,CONSUME,01,,23.901330660927699,112.93937436999812,ANDROID,,广东省清远市清新区禾云镇,0
100000,102,陇南市,成县沙坝学校,P,13,APP,4,35.7,M,回,5113,4,01,PARENTS,FRIENDS,1,70.0,甘肃省,CONSUME,01,,33.75303686386416,105.74839481471592,ANDROID,,甘肃省陇南市成县城关镇青岛路,0
100000,,南昌市,江西工程职业学院,Z,90,XCX,4,36.3,F,汉,5694,3,01,FRIENDS,CHILDREN,1,70.0,江西省,CONSUME,01,,28.631570638020833,115.82230685763889,ANDROID,,江西省南昌市红谷滩区红角洲管理区卧龙路,0
100000,104,南平市,珠海荣丰酒店,I,54,XCX,2,42.7,F,汉,1792,2,,FRIENDS,FRIENDS,1,70.0,福建省,CONSUME,01,,22.880973036024304,116.07629231770834,ANDROID,,广东省汕尾市陆丰市甲子镇海滨路,0
100000,104,徐州市,万佳园个人工作室,Z,90,XCX,4,26.7,F,汉,1349,2,01,MOTHER,FRIENDS,2,70.0,江苏省,CONSUME,01,,31.400027126736113,120.98500406901042,ANDROID,,江苏省苏州市昆山市周市镇横泾路422号,0
100000,105,临汾市,自由职业,Z,90,XCX,4,30.6,M,汉,9,4,01,FATHER,RELATIVES,2,70.0,山西省,CONSUME,01,,35.9803423801346,110.8848650204537,ANDROID,,山西省临汾市乡宁县昌宁镇,0
100000,102,芜湖市,亲亲宝贝宠物店,Z,90,APP,4,38.4,F,汉,3482,4,,MATE,FRIENDS,1,70.0,安徽省,CONSUME,02,,31.655237630208333,119.03612630208333,ANDROID,,江苏省南京市溧水区永阳街道致远路,0
100000,,宁波市,宁海德盛汽车销售服务有限公司,H,54,XCX,2,36.6,F,汉,3928,4,01,MATE,FRIENDS,1,70.0,浙江省,CONSUME,01,,29.44624055640552,121.44126142268472,ANDROID,,浙江省宁波市宁海县西店镇G228,0
100000,,信阳市,惠州市恩威装饰工程有限公司,Z,90,XCX,3,31.0,M,汉,5679,3,01,SIBLING,COLLEAGUE,1,90.982,河南省,CONSUME,01,,23.513886250980375,116.03447029409931,ANDROID,,广东省揭阳市揭西县京溪园镇G235(京五路),0
100000,104,荆州市,云南力德劳务工程有限公司,E,24,XCX,2,41.0,M,汉,4265,4,01,MATE,FATHER,1,70.0,湖北省,CONSUME,01,,30.086655064466226,111.70479481397422,ANDROID,,湖北省荆州市松滋市王家桥镇王砖线,0
100000,104,绍兴市,诸暨中财酒店有限公司,Z,90,XCX,2,29.9,M,汉,197,4,,FRIENDS,MOTHER,2,70.0,浙江省,CONSUME,01,,29.68954318576389,120.15446723090278,ANDROID,,浙江省绍兴市诸暨市大唐街道金龙西路317号,0
100000,103,重庆市,宁波以诚服饰刺绣有限公司,Z,90,APP,2,35.9,M,汉,3984,3,01,MOTHER,MATE,1,70.0,重庆市,CONSUME,01,,29.846184693712276,121.51799288271066,ANDROID,,浙江省宁波市海曙区段塘街道环城西路南段-1009,0
100000,,宁波市,晟合新材料科技（嘉兴）股份有限公司）,G,13,APP,4,41.8,M,汉,4579,3,01,MOTHER,FRIENDS,1,70.0,浙江省,CONSUME,02,,29.448071,121.895946,ANDROID,,浙江省宁波市象山县丹西街道殷夫路,0
100000,,金华市,浙江中天会计师事务所,L,17,XCX,3,32.7,F,汉,399,3,01,COLLEAGUE,FRIENDS,2,95.743,浙江省,CONSUME,01,,30.266485731336804,120.21839952256944,ANDROID,,浙江省杭州市上城区四季青街道杭海路573号,0
100000,102,合肥市,安徽省立药房连锁有限公司众生药房,H,54,XCX,3,41.7,M,汉,4136,2,,PARENTS,COLLEAGUE,1,70.0,安徽省,CONSUME,01,,31.826030724922288,117.24374055259338,ANDROID,,安徽省合肥市蜀山区荷叶地街道休宁路辅路,0
100000,104,咸阳市,赵朋飞个人工作室,H,54,APP,2,31.2,M,汉,7041,4,01,MATE,FATHER,2,95.072,陕西省,CONSUME,01,,35.2333888762107,108.38978679389658,ANDROID,,陕西省咸阳市旬邑县职田镇G342,0
100000,,绵阳市,绵阳市安州区隆恒源商贸有限公司,Z,90,APP,3,35.4,M,汉,7184,4,01,PARENTS,MOTHER,1,70.0,四川省,CONSUME,01,,30.01277551663397,102.87425760811745,ANDROID,,四川省雅安市天全县多功乡,0
100000,104,深圳市,深圳市洲明科技股份有限公司,G,13,XCX,4,49.4,F,汉,2213,4,01,MATE,FRIENDS,1,70.0,广东省,CONSUME,01,,22.593814056035926,113.98463786702289,ANDROID,,广东省深圳市南山区桃源街道悦旗白街,0
100000,102,重庆市,重庆好友来水果批发中心,Z,90,XCX,3,33.2,F,汉,7155,2,01,PARENTS,FATHER,1,70.0,重庆市,CONSUME,01,,29.712725606344308,107.38806502660002,ANDROID,,重庆市涪陵区崇义街道中山西路102号,0
100000,,大理白族自治州,大理州民族文化工作团,R,17,XCX,4,39.6,F,汉,5033,3,01,FATHER,COLLEAGUE,1,70.0,云南省,CONSUME,01,,25.599313063890756,100.2223354094427,ANDROID,,云南省大理白族自治州大理市太和街道洱河北路57,0
100000,,临汾市,山西中煤华晋韩咀煤业有限公司,C,24,APP,3,36.6,M,汉,3872,4,01,MATE,RELATIVES,1,70.0,山西省,CONSUME,01,,35.81403662154787,110.6743601516196,ANDROID,,山西省临汾市乡宁县枣岭乡,0
100000,,吉安市,山里人湘赣土菜馆,Z,90,APP,2,30.3,M,汉,1241,2,01,MOTHER,FRIENDS,2,87.019,江西省,CONSUME,01,,22.653272,114.077804,ANDROID,,广东省深圳市龙岗区坂田街道后山东五巷,0
100000,,来宾市,黄敬焦个人工作室,Z,90,XCX,2,42.5,M,壮,4647,3,,MATE,SIBLING,1,70.0,广西壮族自治区,CONSUME,02,,23.05710205078125,114.00470621744792,ANDROID,,广东省东莞市企石镇东部快速立交,0
100000,102,天津市,曹智勇个人工作室,H,54,XCX,4,48.2,M,汉,99999,4,01,FATHER,FRIENDS,1,89.246,天津市,CONSUME,01,,39.108756636963828,117.24774131631281,IOS,,天津市河东区大直沽街道东兴路辅路,1
100000,,邵东市,红苹果仓储会员店,F,17,XCX,2,28.7,M,汉,2088,4,,MATE,MOTHER,1,83.584,湖南省,CONSUME,04,,27.272334798177084,111.749443359375,ANDROID,,湖南省邵阳市邵东市宋家塘街道北岭路,0
100000,,周口市,北京华创龙达建设工程有限公司,E,24,XCX,3,35.2,M,汉,5153,2,01,SIBLING,FRIENDS,2,70.0,河南省,CONSUME,01,,39.89019721137153,116.4846253797743,ANDROID,,北京市朝阳区南磨房(地区)乡东四环南路辅路,0
100000,,邵东市,红苹果仓储会员店,F,17,XCX,2,28.7,M,汉,2088,4,,MATE,MOTHER,1,83.584,湖南省,CONSUME,04,,27.272334798177084,111.749443359375,ANDROID,,湖南省邵阳市邵东市宋家塘街道北岭路,0
100000,105,延边朝鲜族自治州,大福锦食品有限公司,C,24,XCX,4,40.9,F,汉,5172,4,,FRIENDS,MOTHER,1,70.0,吉林省,CONSUME,01,,34.27294921875,117.18443684895833,ANDROID,,江苏省徐州市鼓楼区黄楼街道黄河南路,0
100000,103,泰州市,亿凯不锈钢有限公司,C,24,APP,2,46.9,F,汉,4945,3,01,FRIENDS,FRIENDS,1,70.0,江苏省,CONSUME,01,,32.735356,120.131904,ANDROID,,江苏省泰州市兴化市戴南镇园区大道,0
100000,105,泰州市,中移铁通,G,13,APP,2,36.9,M,汉,4378,4,01,MATE,FATHER,2,70.0,江苏省,CONSUME,01,,30.404004488564149,120.31993755752659,ANDROID,,浙江省嘉兴市海宁市许村镇黄家门桥,0
100000,103,台州市,雷上海锦泽家具有限公司,C,24,XCX,2,42.1,M,汉,4496,4,01,MATE,FRIENDS,1,70.0,浙江省,CONSUME,01,,31.04744329996665,121.62535840558843,ANDROID,,上海市浦东新区新场镇航三路辅路,1
100000,103,佛山市,广东粤海汽车有限公司,C,24,XCX,3,32.9,M,汉,203,4,01,FATHER,SIBLING,2,88.60471,广东省,CONSUME,01,,22.84426748254826,113.02678324873897,IOS,,广东省佛山市顺德区龙江镇顺番公路,0
100000,,湘西土家族苗族自治州,武汉市自来水有限公司,D,17,APP,4,38.3,M,土家,6216,2,01,FRIENDS,FRIENDS,1,70.0,湖南省,CONSUME,04,,28.220418,112.873736,ANDROID,,湖南省长沙市岳麓区麓谷街道麓云路,0
100000,103,衡水市,峨嵋酒家,I,54,APP,3,37.1,M,汉,3758,2,01,MATE,COLLEAGUE,1,70.0,河北省,CONSUME,01,,39.92291506699125,116.30821225966602,IOS,,北京市海淀区甘家口街道阜成路33号717室,0
100000,,湘西土家族苗族自治州,武汉市自来水有限公司,D,17,APP,4,38.3,M,土家,6216,2,01,FRIENDS,FRIENDS,1,70.0,湖南省,CONSUME,04,,28.220418,112.873736,ANDROID,,湖南省长沙市岳麓区麓谷街道麓云路,0
100000,,南充市,南充市顺庆区人民医院,Z,90,XCX,3,37.0,M,汉,3758,4,01,MATE,COLLEAGUE,1,70.0,四川省,CONSUME,01,,30.991334635416667,105.9032302517361,ANDROID,,四川省南充市西充县南台街道G212(环城大道三段),0
100000,104,宿迁市,德邦快递,F,17,XCX,2,35.5,M,汉,6397,2,,FATHER,MOTHER,3,90.341,江苏省,CONSUME,02,,30.569363393160637,103.96131026002843,ANDROID,,四川省成都市双流区东升街道机场东二路,0
100000,306,柳州市,龙亿盛橡胶五金有限公司,C,24,APP,2,42.5,M,壮,3856,2,01,SIBLING,FRIENDS,1,70.0,广西壮族自治区,CONSUME,01,,22.991407395613,114.07743835149,ANDROID,,广东省东莞市桥头镇银河三路17号,0
100000,,清远市,嘉鸿货运代理点,Z,90,APP,2,41.7,M,汉,3761,4,01,MATE,SIBLING,1,70.0,广东省,CONSUME,01,,24.70842267787497,112.28758972519803,ANDROID,,广东省清远市连南瑶族自治县三江镇东塘路,0
100000,,泉州市,达强石材雕刻有限公司,C,24,XCX,2,39.2,M,汉,3566,4,01,MATE,FATHER,1,94.482,福建省,CONSUME,01,,25.182634092931463,118.86479114628119,ANDROID,,福建省泉州市泉港区涂岭镇通港路辅路,0
100000,,汨罗市,汨罗市委机关事务服务中心,S,11,APP,2,40.1,M,汉,4308,2,01,MOTHER,SIBLING,1,70.0,湖南省,CONSUME,01,,28.807562,113.086835,ANDROID,,湖南省岳阳市汨罗市归义镇归义路118号,0
100000,103,昆明市,汽车配件有限公司,E,24,APP,4,39.1,M,汉,3851,2,01,MATE,MATE,,70.0,云南省,CONSUME,01,,24.885322614062713,102.65965891416214,ANDROID,,云南省昆明市西山区碧鸡街道,0
100000,103,徐州市,徐州大誉瀚贸易有限公司,C,24,APP,3,38.8,M,汉,3338,3,01,FRIENDS,RELATIVES,1,70.0,江苏省,CONSUME,01,,34.76553876636952,116.95590579311213,ANDROID,,江苏省徐州市沛县汉源街道,0
100000,102,开封市,河南超凡装饰设计工程有限公司,E,24,XCX,2,36.7,M,汉,4286,3,01,MATE,FRIENDS,1,70.0,河南省,CONSUME,01,,34.66025288327011,113.71634608821909,ANDROID,,河南省郑州市管城回族区十八里河街道裕国路辅路,0
100000,104,南京市,霖飞地产,K,17,APP,3,35.4,F,汉,5179,4,01,MATE,FRIENDS,1,95.024,江苏省,CONSUME,01,,31.76922047748814,118.79065074492002,IOS,,江苏省南京市江宁区禄口街道钟萃路,0
100000,,揭阳市,惠来县志忠服装加工厂,Z,90,APP,2,36.2,F,汉,4152,3,01,MATE,SIBLING,1,70.0,广东省,CONSUME,01,,23.015831,116.268687,ANDROID,,广东省揭阳市惠来县东陇镇南环二路辅路,0
100000,102,福州市,星世纪真皮座套厂,H,54,XCX,2,24.4,M,汉,2080,2,01,FATHER,FRIENDS,2,78.18599,福建省,CONSUME,01,,25.99828443925117,119.30624744900001,ANDROID,,福建省福州市仓山区盖山镇吴屿路,0
100000,307,保定市,北京鼎业环艺装饰有限公司,E,24,APP,3,48.9,M,汉,3824,2,01,RELATIVES,FRIENDS,1,70.0,河北省,CONSUME,01,,38.54178329438261,115.30034436346237,ANDROID,,河北省保定市安国市西佛落镇南大路,0
100000,102,福州市,星世纪真皮座套厂,H,54,XCX,2,24.4,M,汉,2080,2,01,FATHER,FRIENDS,2,78.339325,福建省,CONSUME,01,,25.99828443925117,119.30624744900001,ANDROID,,福建省福州市仓山区盖山镇吴屿路,0
100000,103,龙岩市,众雅装饰有限公司,E,24,APP,4,38.2,M,汉,4551,3,01,FRIENDS,MATE,1,90.698,福建省,CONSUME,01,,24.71231299700158,118.15321044407998,ANDROID,,福建省厦门市同安区祥平街道滨海西大道,0
100000,104,泰州市,淮安久洲装饰有限公司,E,24,APP,3,39.7,M,汉,4271,4,01,MATE,FATHER,1,70.0,江苏省,CONSUME,01,,33.63750908486402,119.06807453919852,ANDROID,,江苏省淮安市淮阴区王家营街道S247(宁连公路),0
100000,,抚州市,黄芙蓉个人工作室,Z,90,XCX,2,39.9,F,汉,3831,4,01,COLLEAGUE,FRIENDS,3,70.0,江西省,CONSUME,01,,27.998369466944586,116.36646127478454,ANDROID,,江西省抚州市临川区文昌街道中洲堤路,0
100000,103,大庆市,北京测量设备有限公司,Z,90,APP,4,25.6,M,汉,988,3,01,MOTHER,FRIENDS,2,70.0,黑龙江省,CONSUME,01,,30.833261,121.526101,ANDROID,,上海市奉贤区海湾镇海佳北路,0
100000,102,德阳市,四川华川工业股份有限公司,C,24,XCX,4,28.5,M,汉,6439,2,01,FATHER,FRIENDS,2,83.757,四川省,CONSUME,01,,30.62394137668603,103.99599926029505,IOS,,四川省成都市武侯区簇锦街道聚荟街,0
100000,104,北京市,北京华商三优新能源科技有限公司,G,13,XCX,4,32.9,M,汉,5429,4,01,PARENTS,OTHER,1,85.636,北京市,CONSUME,01,,40.330081633233159,116.65066741676256,ANDROID,,北京市怀柔区怀柔(地区)镇Y458(中葛路),0
100000,308,茂名市,旺旺食品厂,C,24,XCX,2,43.0,M,汉,3809,2,01,FATHER,FRIENDS,1,70.0,广东省,CONSUME,01,,23.182648111979166,113.57286919487848,ANDROID,,广东省广州市黄埔区永和街道井泉四路,0
100000,,驻马店市,北京宏亚达建设工程有限公司,Z,90,XCX,4,36.6,M,汉,4465,4,01,FATHER,FRIENDS,1,70.0,河南省,CONSUME,01,,39.93084759917676,116.46460834006928,ANDROID,,北京市朝阳区团结湖街道北四条90号,0
100000,105,济南市,山东绿健生命股份有限公司,Z,90,APP,4,30.8,M,汉,5792,2,01,RELATIVES,RELATIVES,1,89.855,山东省,CONSUME,01,,36.693806067403269,117.03356837091234,ANDROID,,山东省济南市天桥区北园街道七一路3号,0
100000,,凉山彝族自治州,四川华信会计师事务所,Z,90,APP,4,36.1,M,汉,5636,2,01,MATE,FRIENDS,1,70.0,四川省,CONSUME,01,,28.895788,105.422959,ANDROID,,四川省泸州市龙马潭区红星街道香林路二段,0
100000,104,漳州市,厦门思明建发城服发展有限公司,H,54,APP,4,30.0,M,汉,1306,4,01,FATHER,FATHER,2,90.091,福建省,CONSUME,01,,24.545040911634929,118.1773540906182,ANDROID,,福建省厦门市湖里区禾山街道,0
100000,,苏州市,无锡市希乐教育培训中心有限公司,P,13,XCX,3,24.3,F,汉,617,2,,FATHER,FRIENDS,2,70.0,江苏省,CONSUME,01,,31.528338216145833,120.55361518012153,ANDROID,,江苏省无锡市锡山区鹅湖镇君武路,0
100000,,宜宾市,私营业主,Z,90,APP,4,22.8,F,汉,2831,4,01,FATHER,FRIENDS,2,70.0,四川省,CONSUME,01,,30.572196,104.070104,ANDROID,,四川省成都市武侯区桂溪街道科华南路辅路,0
100000,102,吉安市,南丰康恒环境能源有限公司,G,13,APP,4,30.7,M,汉,113,2,01,MOTHER,COLLEAGUE,2,70.0,江西省,CONSUME,01,,27.2979887661877,116.55340560659495,ANDROID,,江西省抚州市南丰县琴城镇,1
100000,,宜宾市,私营业主,Z,90,APP,4,22.8,F,汉,2831,4,01,FATHER,FRIENDS,2,70.0,四川省,CONSUME,01,,30.572196,104.070104,ANDROID,,四川省成都市武侯区桂溪街道科华南路辅路,0
100000,307,深圳市,置投实业有限公司,H,54,XCX,3,32.7,M,汉,4985,4,01,MATE,MATE,1,89.607,广东省,CONSUME,01,,22.7069072553412,114.2410211692173,ANDROID,,广东省深圳市龙岗区龙城街道龙腾三路4号,1
100000,,营口市,北京新越昌晖装饰材料有限公司,Z,90,XCX,2,39.7,M,汉,2871,4,01,MATE,FATHER,2,72.847,辽宁省,CONSUME,01,,40.44458996212629,122.49207488138167,ANDROID,,辽宁省营口市盖州市团甸镇,0
100000,103,金华市,范燕群个人工作室,Z,90,APP,2,48.5,F,汉,3304,2,01,COLLEAGUE,FRIENDS,1,90.234,浙江省,CONSUME,01,,29.088276869946389,119.64745865615781,IOS,,浙江省金华市婺城区江南街道宾虹路572号,0
100000,,云浮市,祥利科技公司,Z,90,XCX,2,25.3,M,汉,1569,2,01,FATHER,FRIENDS,2,70.0,广东省,CONSUME,01,,22.70580219007701,112.24065367343067,ANDROID,,广东省云浮市新兴县新城镇惠能北路辅路,0
100000,,云浮市,祥利科技公司,Z,90,XCX,2,25.3,M,汉,1569,2,01,FATHER,FRIENDS,2,70.0,广东省,CONSUME,01,,22.70580219007701,112.24065367343067,ANDROID,,广东省云浮市新兴县新城镇惠能北路辅路,0
100000,105,永州市,中国人寿保险,Z,90,XCX,2,33.1,M,汉,5785,4,01,SIBLING,SIBLING,1,95.072,湖南省,CONSUME,01,,22.658288486551829,114.071190791643673,ANDROID,,广东省深圳市龙岗区坂田街道宝吉路2号,0
100000,103,齐齐哈尔市,明鑫水暖日杂商店,H,54,APP,3,40.0,F,汉,3974,3,01,MATE,RELATIVES,1,93.326,黑龙江省,CONSUME,01,,47.21617933345125,123.66163753781938,ANDROID,,黑龙江省齐齐哈尔市富拉尔基区长青乡,1
100000,102,泉州市,厦门士林电机,C,24,XCX,2,30.5,M,汉,164,2,,SIBLING,SIBLING,2,70.0,福建省,CONSUME,01,,25.07335015190972,118.22027235243056,ANDROID,,福建省泉州市安溪县参内镇万博路辅路,0
100000,,信阳市,杭州通策医疗,Z,90,APP,4,34.5,M,汉,5837,4,01,FATHER,FRIENDS,2,74.483,河南省,CONSUME,01,,23.250898677262215,113.23070037603979,ANDROID,,广东省广州市白云区白云湖街道大朗北路,0
100000,,东营市,山东今奥科技有限公司,L,17,APP,4,30.3,M,汉,5965,3,01,FATHER,FATHER,2,70.0,山东省,CONSUME,01,,37.418019,118.707694,ANDROID,,山东省东营市东营区东营商贸园东五路,0
100000,307,揭阳市,深圳市捷海通国际货运代理有限公司,O,17,XCX,4,29.7,F,汉,6020,2,01,MATE,FRIENDS,1,89.03883,广东省,CONSUME,01,,22.966606773646939,116.32094129971698,IOS,,广东省揭阳市惠来县神泉镇S235(揭神路),0
100000,,荆州市,美团骑手,Z,90,APP,4,37.7,M,汉,3815,2,01,RELATIVES,RELATIVES,2,70.0,湖北省,CONSUME,01,,30.057697,112.233314,ANDROID,,湖北省荆州市公安县斗湖堤镇公石路13号,0
100000,102,六安市,华成建筑公司,E,24,XCX,2,39.2,M,汉,4153,4,01,MATE,SIBLING,1,70.0,安徽省,CONSUME,01,,31.47254264224815,116.93958511743978,ANDROID,,安徽省六安市舒城县城关镇花桥路,0
100000,,铁岭市,好利来食品有限公司,C,24,XCX,3,24.7,M,汉,1223,2,,MOTHER,SIBLING,2,70.0,辽宁省,CONSUME,03,,39.83501607601742,116.48652288902909,ANDROID,,北京市朝阳区十八里店(地区)乡海棠街,0
100000,103,河源市,曼丽达服装有限公司,C,24,XCX,2,45.4,M,汉,4971,4,01,MATE,FRIENDS,1,78.04117,广东省,CONSUME,01,,22.762433946425359,114.29090446385992,ANDROID,,广东省深圳市龙岗区坪地街道深惠路89号,0
100000,105,德阳市,江波个人工作室,Z,90,APP,2,43.1,M,汉,4467,4,01,MATE,FATHER,1,89.173,四川省,CONSUME,01,,31.19778883366812,104.23752174697687,ANDROID,,四川省德阳市绵竹市新市镇,0
100000,105,德阳市,江波个人工作室,Z,90,APP,2,43.1,M,汉,4467,4,01,MATE,FATHER,1,89.173,四川省,CONSUME,01,,31.19778883366812,104.23752174697687,ANDROID,,四川省德阳市绵竹市新市镇,0
100000,103,南通市,希迪制药,M,11,APP,2,32.9,M,汉,6179,2,01,FRIENDS,FRIENDS,2,88.661,江苏省,CONSUME,02,,32.06273410702673,120.72151627676753,ANDROID,,江苏省南通市通州区平潮镇新景路,0
100000,104,深圳市,深圳市味常轩有限公司,Z,90,XCX,4,35.6,F,汉,6161,4,,MATE,CHILDREN,1,88.972,广东省,CONSUME,01,,22.691659036185269,114.35014380926167,ANDROID,,广东省深圳市坪山区坪山街道公园路11号,0
100000,102,安庆市,徐州顺丰速运有限公司,F,17,XCX,3,37.9,M,汉,3791,3,01,COLLEAGUE,FATHER,1,89.638,安徽省,CONSUME,01,,31.83683434703318,117.24622062942655,IOS,,安徽省合肥市蜀山区稻香村街道合作化南路17号,0
100000,,哈尔滨市,赵微个人工作室,Z,90,XCX,3,23.5,F,汉,1900,4,01,MATE,FRIENDS,1,70.0,黑龙江省,CONSUME,01,,47.710223253038194,128.86615017361112,IOS,,黑龙江省伊春市伊美区前进街道连心桥,0
100000,,张家口市,王俊涵个人工作室,S,11,XCX,4,24.3,M,汉,3222,2,,FATHER,FATHER,2,70.0,河北省,CONSUME,01,,40.81272,114.877551,ANDROID,,河北省张家口市桥东区花园街街道滨河中路,0
100000,102,宜春市,江西省腾宇服装贸易有限公司,Z,90,APP,4,32.6,M,汉,5951,4,01,COLLEAGUE,MATE,1,70.0,江西省,CONSUME,01,,28.653186,115.84663,ANDROID,,江西省南昌市红谷滩区红角洲管理区,1
100000,104,湖州市,湖州市档案馆,S,11,APP,4,38.1,M,汉,5015,2,01,MATE,FRIENDS,1,98.0,浙江省,CONSUME,01,,30.86969902119818,120.1096163985764,ANDROID,,浙江省湖州市吴兴区飞英街道外环东路350号,0
100000,,武汉市,武汉市新城通信线路工程有限公司,E,24,XCX,2,32.8,M,汉,5327,4,01,FATHER,MATE,1,81.79,湖北省,CONSUME,01,,30.606375054253473,114.21248833550347,ANDROID,,湖北省武汉市硚口区长丰街道连安路,0
100000,,绥化市,鲜果茶语,H,54,APP,2,38.8,M,汉,4165,2,01,MOTHER,SIBLING,1,70.0,黑龙江省,CONSUME,01,,46.641146647135415,126.98410210503472,ANDROID,,黑龙江省绥化市北林区大有街道金华街,0
100000,105,上海市,上海蓓弭商贸有限公司,Z,90,APP,4,37.9,M,汉,3404,2,01,FATHER,FRIENDS,2,70.0,上海市,CONSUME,01,,31.085614078588305,121.5145341738216,ANDROID,,上海市闵行区浦江镇月明三路,0
100000,,汕尾市,汕尾市闻思进仕教育科技有限公司,Z,90,APP,3,25.1,F,汉,1633,2,01,MATE,MOTHER,1,70.0,广东省,CONSUME,01,,22.962598,115.330826,ANDROID,,广东省汕尾市海丰县附城镇二环南路,0
100000,105,威海市,妈妈驿站,G,13,XCX,3,33.2,M,汉,6071,2,,FATHER,PARENTS,2,93.8,山东省,CONSUME,01,,37.543822747845158,121.39028617007755,ANDROID,,山东省烟台市芝罘区毓璜顶街道海滨街,0
100000,102,宜春市,江西省腾宇服装贸易有限公司,Z,90,APP,4,32.6,M,汉,5951,4,01,COLLEAGUE,MATE,1,70.0,江西省,CONSUME,01,,28.653186,115.84663,ANDROID,,江西省南昌市红谷滩区红角洲管理区,0
100000,102,洛阳市,森盈建材有限公司,E,24,APP,2,36.1,M,汉,3691,4,01,MATE,FRIENDS,1,70.0,河南省,CONSUME,01,,34.11109,112.104746,ANDROID,,河南省洛阳市嵩县纸房镇S96(洛栾高速),1
100000,103,嘉兴市,胡振兴个人工作室,Z,90,APP,2,43.0,M,汉,1093,4,01,RELATIVES,RELATIVES,1,70.0,浙江省,CONSUME,01,,30.53951226264933,120.72984902329378,IOS,,浙江省嘉兴市海宁市海昌街道陆家港路,0
100000,103,淮安市,张欢个人工作室,Z,90,APP,4,26.1,M,汉,82,4,01,FATHER,FRIENDS,2,70.0,江苏省,CONSUME,01,,31.98274482448,118.80111106559589,ANDROID,,江苏省南京市秦淮区红花街道汇景北路,1
100000,105,本溪市,高台子街道富虹社区,S,11,XCX,3,33.3,F,汉,4735,2,01,RELATIVES,RELATIVES,1,70.0,辽宁省,CONSUME,01,,39.86305756934994,116.6987392632733,ANDROID,,北京市通州区张家湾镇皇木厂路,1
100000,,青岛市,北风运彩青岛贸易有限公司,Z,90,APP,3,35.2,M,汉,6513,4,01,MATE,COLLEAGUE,1,89.956,山东省,CONSUME,01,,36.091435,120.45396,ANDROID,,山东省青岛市崂山区中韩街道山东头路,0
100000,,资阳市,博学眼镜,H,54,APP,3,23.9,M,汉,1865,4,01,FATHER,FRIENDS,2,83.406,四川省,CONSUME,01,,31.693153520666397,113.47617067596757,ANDROID,,湖北省随州市曾都区淅河镇新城路,0
100000,,抚州市,抚州比亚迪汽车股份有限公司,O,17,APP,3,26.4,M,汉,1047,2,01,SIBLING,FRIENDS,1,80.691,江西省,CONSUME,01,,27.881571,116.406715,ANDROID,,江西省抚州市临川区崇岗镇保税大道,0
100000,104,无锡市,无锡麟合,G,13,APP,3,47.8,F,汉,6297,2,,SIBLING,COLLEAGUE,1,80.437,江苏省,CONSUME,01,,31.705036889451514,120.28150792008504,ANDROID,,江苏省无锡市江阴市徐霞客镇,0
100000,105,焦作市,宝尊仓库,H,54,XCX,3,40.7,M,汉,4375,2,01,FATHER,FATHER,2,70.0,河南省,CONSUME,01,,31.04553278144048,120.88515958948357,ANDROID,,江苏省苏州市吴江区黎里镇,0
100000,102,重庆市,江苏溯联塑胶有限公司,O,17,XCX,3,32.9,M,汉,5060,4,01,PARENTS,FRIENDS,1,70.0,重庆市,CONSUME,01,,31.530477701822917,119.27887234157986,ANDROID,,江苏省常州市溧阳市上兴镇永兴大道,1
100000,103,三明市,昆山章嘉豪团膳餐饮管理有限公司,I,54,XCX,3,47.5,M,汉,1519,4,01,MATE,FATHER,1,70.0,福建省,CONSUME,01,,27.532554907166526,118.79145438277632,ANDROID,,福建省南平市松溪县河东乡河滨路,0
100000,102,黄冈市,美一佳超市,H,54,APP,2,42.1,F,汉,4248,2,01,MATE,COLLEAGUE,1,70.0,湖北省,CONSUME,01,,29.88402711638765,115.80613160810434,ANDROID,,湖北省黄冈市黄梅县蔡山镇,0
100000,,绍兴市,浙江诸安建设集团有限公司,Z,90,XCX,4,33.9,M,汉,4692,4,01,FRIENDS,COLLEAGUE,1,70.0,浙江省,CONSUME,01,,29.66777126736111,120.46707845052083,ANDROID,,浙江省绍兴市诸暨市东和乡,0
100000,403,徐州市,餐饮瑞港海鲜,I,54,APP,2,27.1,M,汉,333,4,01,PARENTS,FRIENDS,2,70.0,江苏省,CONSUME,01,,31.479269974632307,120.45735260462608,ANDROID,,江苏省无锡市新吴区硕放街道振发一路,0
100000,102,盐城市,南昌贝王雅宝礼品有限公司,C,24,XCX,3,25.9,M,汉,823,4,01,PARENTS,FRIENDS,2,70.0,江苏省,CONSUME,01,,33.77701050125213,120.26159990689442,ANDROID,,江苏省盐城市射阳县合德镇红旗路16号,0
100000,403,南充市,双凤镇人民政府,S,11,APP,3,44.0,M,汉,1812,2,01,SIBLING,COLLEAGUE,3,70.0,四川省,CONSUME,02,,40.177488,94.588822,ANDROID,,甘肃省酒泉市敦煌市青海石油管理局生活基地S240(孟七路),0
100000,102,开封市,中铁十八局市政工程有限公司,E,24,XCX,3,37.1,M,汉,4145,2,01,MATE,FRIENDS,1,70.0,河南省,CONSUME,01,,29.081438108338259,119.65874987209235,ANDROID,,浙江省金华市婺城区三江街道丹溪路461-、463-、465号,0
100000,105,济宁市,魏强个人工作室,Z,90,APP,2,40.0,M,汉,4165,4,01,MATE,FATHER,1,87.729,山东省,CONSUME,01,,35.22435805044497,116.40030492431825,ANDROID,,山东省济宁市金乡县胡集镇,0
100000,,三门峡市,灵宝市第五人民医院,Q,11,APP,3,34.1,M,汉,5445,4,02,MATE,FRIENDS,1,86.762,河南省,CONSUME,01,,34.512447,110.869898,ANDROID,,河南省三门峡市灵宝市涧西区连心桥,0
100000,102,大同市,国投安信期货,J,13,APP,4,37.7,F,汉,3895,3,01,SIBLING,MATE,1,70.0,山西省,CONSUME,01,,40.034657,113.170033,ANDROID,,山西省大同市云冈区和旺街道校北街,0
100000,103,温州市,温州天闰智能工程科技有限公司,G,13,APP,3,47.1,M,汉,3656,4,01,FRIENDS,FRIENDS,1,70.0,浙江省,CONSUME,01,,27.668745116636069,120.57034454616692,ANDROID,,浙江省温州市平阳县昆阳镇,0
100000,,宁德市,福鼎市王阿期经纪服务部,Z,90,APP,4,36.8,M,汉,6300,4,01,MOTHER,FRIENDS,1,70.0,福建省,CONSUME,01,,27.305429798419686,120.22117263875288,ANDROID,,福建省宁德市福鼎市桐城街道G15(沈海高速),0
100000,,宜春市,江西辉翔钢结构有限公司,C,24,XCX,2,44.4,M,汉,4020,4,01,FRIENDS,COLLEAGUE,1,70.0,江西省,CONSUME,01,,28.191831868489583,115.74289360894097,ANDROID,,江西省宜春市丰城市宜春丰城高新技术产业开发区,0
100000,310,汕头市,黄铭彬个人工作室,Z,90,APP,2,29.0,M,汉,460,2,01,MOTHER,SIBLING,2,70.0,广东省,CONSUME,02,,23.108619692855,113.443344123929,ANDROID,,广东省广州市黄埔区大沙街道沙边街70号,0
100000,,凉山彝族自治州,农地美农资,Z,90,XCX,2,38.3,M,汉,4368,3,01,PARENTS,CHILDREN,1,70.0,四川省,CONSUME,01,,27.829967447916665,102.17629828559028,ANDROID,,四川省凉山彝族自治州西昌市裕隆回族乡,0
100000,,盐城市,盐城嘉欣设计,Z,90,APP,4,34.4,M,汉,550,4,01,MOTHER,COLLEAGUE,1,94.703,江苏省,CONSUME,01,,33.527286,120.024805,ANDROID,,江苏省盐城市建湖县上冈镇冈中路,0
100000,104,信阳市,陈莹莹个人工作室,Z,90,APP,4,27.3,F,汉,849,2,01,FATHER,SIBLING,2,70.0,河南省,CONSUME,01,,34.59295362362787,119.19318669201432,ANDROID,,江苏省连云港市海州区新东街道建园路18-19号,0
100000,,邢台市,马双江个人工作室,Z,90,XCX,4,26.8,M,汉,2272,4,01,FATHER,MATE,,70.0,河北省,CONSUME,01,,37.10894903264353,115.37225021614464,ANDROID,,河北省邢台市威县贺钊镇,0
100000,,芜湖市,五子花艺馆,A,27,XCX,2,45.6,F,汉,3517,2,01,PARENTS,FRIENDS,1,70.0,安徽省,CONSUME,01,,30.919133843315972,118.32785047743056,ANDROID,,安徽省芜湖市南陵县籍山镇环城南路,0
100000,,梅州市,花火美食,Z,90,APP,2,41.4,F,汉,3916,4,01,MOTHER,FRIENDS,1,70.0,广东省,CONSUME,01,,24.126707,115.691539,ANDROID,,广东省梅州市兴宁市福兴街道G205辅路,0
100000,301,西安市,陕西博森检测有限公司,L,17,XCX,4,41.9,F,汉,3703,3,01,CHILDREN,FRIENDS,2,99.0,陕西省,CONSUME,01,,34.29313771349582,108.85717008648801,IOS,,陕西省西安市未央区未央宫街道加油站,0
100000,103,承德市,北京海普企业管理有限公司,L,17,APP,3,49.6,M,满,4143,3,01,MATE,FRIENDS,2,70.0,河北省,CONSUME,01,,38.135398678745627,114.5083295586254,ANDROID,,河北省石家庄市正定县正定镇,0
100000,102,驻马店市,张松怀个人工作室,G,13,APP,2,46.3,M,汉,1802,2,01,MATE,COLLEAGUE,1,70.0,河南省,CONSUME,01,,39.845578165715377,116.26415113118179,ANDROID,,北京市丰台区五里店街道丰台西路,0
100000,105,电白县,德邦物流,F,17,XCX,3,39.5,M,汉,3829,4,01,FRIENDS,FRIENDS,2,70.0,广东省,CONSUME,01,,23.144711536521267,113.202377996680994,ANDROID,,广东省佛山市南海区大沥镇建设大道,0
100000,102,阜阳市,江北新区舒视眼镜店,H,54,APP,4,31.1,M,汉,787,4,01,FATHER,MATE,1,70.0,安徽省,CONSUME,01,,32.14673753181033,119.0008297015024,ANDROID,,江苏省南京市栖霞区西岗街道尤山路,0
100000,103,邵阳市,邓赞兵个人工作室,Z,90,APP,2,29.9,M,汉,6245,4,01,FATHER,FRIENDS,2,70.0,湖南省,CONSUME,01,,22.263620396001,113.46829656672586,ANDROID,,广东省中山市坦洲镇金斗大街151号,0
100000,103,阜新市,大连精拓金属有限公司,C,24,XCX,2,31.2,M,汉,6953,3,01,RELATIVES,FRIENDS,2,88.096,辽宁省,CONSUME,01,,39.047487,121.572297,ANDROID,,辽宁省大连市甘井子区革镇堡街道G228(渤海路),0
100000,102,北京市,北京佰利诺投资有限公司,J,13,XCX,3,36.2,F,汉,3590,3,01,MATE,FRIENDS,1,70.0,北京市,CONSUME,01,,39.897833558894919,116.5357416695235,ANDROID,,北京市朝阳区高碑店(地区)乡文化新大街,0
100000,,恩施土家族苗族自治州,个体工商户,Z,90,XCX,3,42.6,F,土家,4840,3,01,MATE,FRIENDS,1,70.0,湖北省,CONSUME,01,,29.88295355902778,110.02268798828125,ANDROID,,湖北省恩施土家族苗族自治州鹤峰县容美镇一中路,0
100000,308,铁岭市,法国女装darkrose,Z,90,APP,4,46.6,F,汉,1001,3,01,MATE,PARENTS,2,70.0,辽宁省,CONSUME,01,,39.96936313442683,116.83406351785901,ANDROID,,河北省廊坊市三河市行宫东街道亿丰大街,0
100000,,济南市,济南市历下区言本茶叶经营店,Z,90,XCX,3,29.3,M,汉,176,2,01,RELATIVES,FRIENDS,1,91.863,山东省,CONSUME,01,,36.702181935824899,117.11803463065043,ANDROID,,山东省济南市历下区智远街道中林路,0
100000,403,齐齐哈尔市,南通金旭金属有限公司,C,24,APP,2,25.1,M,汉,1195,4,01,PARENTS,FRIENDS,2,70.0,黑龙江省,CONSUME,01,,47.996139244776468,125.9598716335763,ANDROID,,黑龙江省齐齐哈尔市克山县河南乡,1
100000,102,达州市,成都忧墅智慧科技有限公司,G,13,XCX,3,32.0,M,汉,6666,4,01,FRIENDS,FRIENDS,2,89.343,四川省,CONSUME,01,,30.576412876364647,104.08171058194763,ANDROID,,四川省成都市锦江区柳江街道国泰街,0
100000,105,保定市,涿州市超市,H,54,XCX,3,36.6,M,汉,5502,2,01,RELATIVES,FRIENDS,1,70.0,河北省,CONSUME,01,,39.558039463797538,116.1458633413622,ANDROID,,河北省保定市涿州市义和庄镇S3300(大兴机场北线高速),0
100000,,济南市,济南鹏润通信工程有限公司,G,13,XCX,3,44.1,M,汉,3942,4,01,MATE,FATHER,1,70.0,山东省,CONSUME,01,,36.501822844090529,117.44141224816926,ANDROID,,山东省济南市章丘区垛庄镇S241,0
100000,105,大理白族自治州,丽江滇祥旅行社有限公司,O,17,XCX,4,34.8,M,白,4256,4,01,MOTHER,COLLEAGUE,1,70.0,云南省,CONSUME,01,,26.877333,100.218774,ANDROID,,云南省丽江市古城区西安街道七星街西门,0
100000,,周口市,赵树理个人工作室,Z,90,XCX,3,43.8,M,汉,4230,4,01,COLLEAGUE,FATHER,,70.0,河南省,CONSUME,01,,30.330989497190346,121.33272529359562,ANDROID,,浙江省宁波市慈溪市庵东镇滨海六路,0
100000,105,枣庄市,山东德标建设有限公司,E,24,XCX,3,39.2,M,汉,3184,2,01,MATE,COLLEAGUE,1,93.499,山东省,CONSUME,01,,34.97575466579861,117.03652859157987,ANDROID,,山东省枣庄市滕州市西岗镇S313(府前东路),0
100000,310,北京市,上海震旦办公自动化销售有限公司北京第一分公司,H,54,APP,3,37.2,M,汉,3368,4,01,MATE,FRIENDS,1,100.0,北京市,CONSUME,01,,39.802784644422199,116.49253813253066,ANDROID,,北京市大兴区荣华街道北环西路,0
100000,,永州市,御龙轩健康管理有限公司,Q,11,APP,2,23.6,M,汉,915,2,01,FATHER,FRIENDS,2,70.0,湖南省,CONSUME,01,,22.646709,113.920023,ANDROID,,广东省深圳市宝安区石岩街道松白路辅路,0
100000,,温州市,永嘉亚友包扣厂,Z,90,XCX,2,33.7,F,汉,6549,2,01,MATE,MOTHER,1,70.0,浙江省,CONSUME,01,,28.148212,120.680483,IOS,,浙江省温州市永嘉县南城街道临城南路,0
100000,,怀化市,新美时五金制品有限公司,C,24,XCX,2,36.0,M,汉,3744,3,,FATHER,FRIENDS,1,70.0,湖南省,CONSUME,01,,22.741099989149305,114.28979953342014,ANDROID,,广东省深圳市龙岗区宝龙街道,0
100000,,宁德市,跨越速运,Z,90,APP,4,33.9,M,汉,4915,3,01,MATE,FRIENDS,1,88.461,福建省,CONSUME,01,,25.872451,119.35228,ANDROID,,福建省福州市闽侯县青口镇G15(沈海高速),0
100000,,绥化市,鲜果茶语,H,54,XCX,2,38.8,M,汉,4165,2,01,MOTHER,SIBLING,1,70.0,黑龙江省,CONSUME,01,,46.641146647135415,126.98410210503472,ANDROID,,黑龙江省绥化市北林区大有街道金华街,0
100000,103,玉林市,车胜汽修,P,13,XCX,2,28.9,M,汉,6671,2,,FATHER,FRIENDS,2,72.478,广西壮族自治区,CONSUME,03,,24.990435384114583,102.76081949869791,ANDROID,,云南省昆明市官渡区小板桥街道众天路1号,0
100000,303,周口市,河南道有实业有限公司,C,24,XCX,3,25.1,M,汉,1661,4,01,PARENTS,FRIENDS,2,70.0,河南省,CONSUME,01,,34.806774088541665,113.54955403645833,ANDROID,,河南省郑州市中原区石佛镇雪松路6号,0
100000,303,周口市,河南道有实业有限公司,C,24,XCX,3,25.1,M,汉,1661,4,01,PARENTS,FRIENDS,2,70.0,河南省,CONSUME,01,,34.806774088541665,113.54955403645833,ANDROID,,河南省郑州市中原区石佛镇雪松路6号,0
100000,309,宁德市,福安市林业局,S,11,APP,3,47.4,M,汉,3178,4,01,FRIENDS,SIBLING,1,70.0,福建省,CONSUME,01,,27.08707969054224,119.67266391838418,ANDROID,,福建省宁德市福安市城阳镇,0
100000,102,渭南市,安徽汉高电力科技有限公司,D,17,APP,3,35.7,M,汉,4195,4,01,SIBLING,FATHER,2,70.0,陕西省,CONSUME,01,,31.279081730361225,120.53386551561295,ANDROID,,江苏省苏州市虎丘区狮山街道竹园路217号,0
100000,,汕尾市,汕尾市闻思进仕教育科技有限公司,Z,90,APP,3,25.1,F,汉,1633,2,01,MATE,MOTHER,1,70.0,广东省,CONSUME,01,,22.962598,115.330826,ANDROID,,广东省汕尾市海丰县附城镇二环南路,0
100000,,南昌市,海辰台球俱乐部,R,17,APP,2,31.1,M,汉,6721,4,01,MATE,FRIENDS,1,70.0,江西省,CONSUME,01,,23.556344672309027,116.33596082899305,ANDROID,,广东省揭阳市揭东区磐东街道新北河桥,0
100000,,哈尔滨市,南龙哲个人工作室,Z,90,APP,2,38.7,M,朝鲜,3416,4,,FATHER,FRIENDS,3,70.0,黑龙江省,CONSUME,04,,30.954326,121.487026,ANDROID,,上海市奉贤区金海街道东方美谷大道,0
100000,103,常州市,溧阳市城市卫生管理中心,S,11,XCX,4,37.5,M,汉,4234,4,01,SIBLING,MATE,1,70.0,江苏省,CONSUME,01,,31.422719579714,119.49638170113417,ANDROID,,江苏省常州市溧阳市溧城街道歌岐路,0
100000,,连云港市,春勤农贸市场,S,11,APP,2,36.9,M,汉,5432,3,01,MATE,RELATIVES,1,70.0,江苏省,CONSUME,01,,31.562968,120.348228,ANDROID,,江苏省无锡市新吴区江溪街道机场路,0
100000,,茂名市,张裕富个人工作室,Z,90,XCX,2,44.8,M,汉,4578,4,01,FATHER,SIBLING,1,70.0,广东省,CONSUME,01,,22.245021356585789,110.70635400734386,ANDROID,,广东省茂名市高州市荷花镇上等路,0
100000,105,焦作市,宝尊仓库,H,54,XCX,3,40.7,M,汉,4375,2,01,FATHER,FATHER,2,70.0,河南省,CONSUME,01,,31.04553278144048,120.88515958948357,ANDROID,,江苏省苏州市吴江区黎里镇,0
100000,105,枣庄市,新东方国学幼儿园,P,13,APP,2,38.3,F,汉,4907,2,01,COLLEAGUE,COLLEAGUE,1,94.712,山东省,CONSUME,01,,34.82102737276608,117.27304124061827,ANDROID,,山东省枣庄市薛城区兴仁街道光源路77号,0
100000,,湖州市,李烨个人工作室,Z,90,APP,3,30.1,M,汉,1338,3,01,PARENTS,PARENTS,1,70.0,浙江省,CONSUME,01,,31.003575385884536,119.94648809660984,ANDROID,,浙江省湖州市长兴县太湖街道祥福路,0
100000,,湖州市,李烨个人工作室,Z,90,XCX,3,30.1,M,汉,1338,3,01,PARENTS,PARENTS,1,70.0,浙江省,CONSUME,01,,31.003575385884536,119.94648809660984,ANDROID,,浙江省湖州市长兴县太湖街道祥福路,0
100000,102,镇江市,常州市科豪建设集团有限公司,E,24,APP,2,44.8,M,汉,3770,3,01,PARENTS,MATE,1,70.0,江苏省,CONSUME,01,,23.620552527959484,115.49693302941697,ANDROID,,广东省梅州市五华县华阳镇Y306,0
100000,103,宿迁市,沭阳县中国人寿保险公司,J,13,XCX,2,38.0,F,汉,5239,2,01,PARENTS,FRIENDS,1,70.0,江苏省,CONSUME,01,,34.1657027920614,118.7613604515665,ANDROID,,江苏省宿迁市沭阳县扎下镇循环经一路,1
100000,,潮州市,贝源水产商行,Z,90,XCX,2,39.9,M,汉,3790,3,01,FRIENDS,FRIENDS,1,70.0,广东省,CONSUME,01,,23.678907441471336,116.96630284702478,ANDROID,,广东省潮州市饶平县黄冈镇,0
100000,,潮州市,贝源水产商行,Z,90,XCX,2,39.9,M,汉,3790,3,01,FRIENDS,FRIENDS,1,70.0,广东省,CONSUME,01,,23.678907441471336,116.96630284702478,ANDROID,,广东省潮州市饶平县黄冈镇,0
100000,105,定州市,保定市莲池区第二职教中心,H,54,APP,3,28.1,F,汉,1398,4,01,FRIENDS,RELATIVES,2,97.0,河北省,CONSUME,01,,38.49587237241672,114.9959278517801,ANDROID,,河北省保定市定州市南城区街道G107辅路,0
100000,,台州市,高才服装,Z,90,XCX,4,30.8,M,汉,7069,4,01,SIBLING,SIBLING,2,70.0,浙江省,CONSUME,01,,28.587920464409724,121.35358778211805,ANDROID,,浙江省台州市路桥区路北街道潞河路106号,0
100000,103,宜宾市,四川省精衡信检测有限公司,H,54,APP,2,39.5,F,汉,3843,2,01,FRIENDS,FRIENDS,1,70.0,四川省,CONSUME,01,,28.923337046219698,105.46957086917267,ANDROID,,四川省泸州市龙马潭区鱼塘街道G246(希望大道),0
100000,,临沂市,金芭蕾舞蹈,Z,90,APP,3,25.4,F,汉,1726,2,01,PARENTS,FRIENDS,2,70.0,山东省,CONSUME,01,,35.50302540708987,117.65601868749102,ANDROID,,山东省临沂市平邑县平邑街道浚河路,0
100000,102,襄阳市,金煌食品有限公司,Z,90,APP,2,38.4,F,汉,2789,4,01,MOTHER,MATE,1,70.0,湖北省,CONSUME,01,,32.123998,112.246106,ANDROID,,湖北省襄阳市襄州区襄阳区经济技术开发区泉州路,0
100000,103,盐城市,盐城迪米克,H,54,XCX,2,42.8,M,汉,4411,4,01,FATHER,FRIENDS,1,89.878,江苏省,CONSUME,01,,31.187953599324197,121.37895841416254,ANDROID,,上海市闵行区虹桥镇虹梅路3321弄-100支弄-49号,0
100000,103,重庆市,重庆鲜面店,H,54,APP,2,32.3,F,汉,5740,4,,MOTHER,MATE,1,70.0,重庆市,CONSUME,01,,33.1106103515625,115.40284369574653,ANDROID,,安徽省阜阳市界首市王集镇,1
100000,105,南充市,南充市高坪区龙门镇杨家湾建材有限责任公司,E,24,APP,3,47.7,M,汉,737,2,01,FRIENDS,SIBLING,1,70.0,四川省,CONSUME,01,,30.816474014945869,106.2610594366422,ANDROID,,四川省南充市高坪区走马镇,0
100000,,忻州市,香草物语有限公司,C,24,XCX,3,30.0,M,汉,2086,2,01,PARENTS,FRIENDS,2,70.0,山西省,CONSUME,01,,37.85771599621878,112.58299393104957,ANDROID,,山西省太原市迎泽区文庙街道幸福巷,0
100000,,洛阳市,青岛啤酒股份有限公司,C,24,XCX,3,39.3,M,汉,4066,4,01,PARENTS,FRIENDS,2,70.0,河南省,CONSUME,01,,34.547969563802084,112.6110302734375,ANDROID,,河南省洛阳市洛龙区李村街道,0
100000,102,南通市,南通国美电器有限公司南通星湖店,H,54,APP,3,34.4,M,汉,6957,4,01,FATHER,COLLEAGUE,2,87.33,江苏省,CONSUME,01,,32.02256181038708,120.8935097895722,ANDROID,,江苏省南通市崇川区城东街道校西路,0
100000,,昆明市,宏华出租汽车有限公司,C,24,XCX,2,48.8,M,汉,543,2,01,MATE,SIBLING,1,70.0,云南省,CONSUME,02,,24.990042860243054,102.73202094184028,ANDROID,,云南省昆明市官渡区关上街道枧槽街,0
100000,103,镇江市,北京电信易通信息技术股份有限公司,Z,90,XCX,3,42.3,M,汉,4102,2,,PARENTS,MOTHER,1,70.0,江苏省,CONSUME,01,,32.1636767578125,118.6648974609375,ANDROID,,江苏省南京市浦口区泰山街道护国路,0
100000,103,惠州市,康达尔食品有限公司,C,24,APP,2,37.2,M,汉,3425,4,01,OTHER,OTHER,1,70.0,广东省,CONSUME,01,,23.439023202706747,114.50863944341775,ANDROID,,广东省惠州市博罗县观音阁镇G25(惠河高速),0
100000,102,渭南市,钰玺果农果品专业合作社,Z,90,XCX,2,42.0,M,汉,6863,2,01,PARENTS,MATE,1,85.644,陕西省,CONSUME,01,,32.45433349609375,105.82397406684028,ANDROID,,四川省广元市利州区上西街道则天北路127,0
100000,306,大庆市,东北菜馆,I,54,XCX,2,44.6,F,汉,1337,3,,SIBLING,MATE,1,70.0,黑龙江省,CONSUME,01,,23.11581515842014,113.37323757595486,ANDROID,,广东省广州市天河区员村街道春融三路,0
100000,403,宁德市,蔡小惠个人工作室,Z,90,APP,2,32.2,F,汉,5244,4,01,MATE,MOTHER,1,83.282,福建省,CONSUME,01,,27.340017431268838,120.24242303349362,ANDROID,,福建省宁德市福鼎市山前街道,0
100000,,梅州市,花火美食,Z,90,APP,2,41.4,F,汉,3916,4,01,MOTHER,FRIENDS,1,70.0,广东省,CONSUME,01,,24.126707,115.691539,ANDROID,,广东省梅州市兴宁市福兴街道G205辅路,0
100000,105,鹰潭市,广东省航电锂能科技有限公司,Z,90,APP,4,23.5,M,汉,2083,3,01,MOTHER,FATHER,2,70.0,江西省,CONSUME,01,,22.703385,114.169925,ANDROID,,广东省东莞市凤岗镇英才路,0
100000,103,杭州市,杭州欧锋装饰工程有限公司,E,24,APP,4,37.1,M,汉,5788,3,01,MATE,FRIENDS,1,96.054,浙江省,CONSUME,02,,32.28398422690163,121.40166454022698,IOS,,江苏省南通市如东县大豫镇,0
100000,302,邵阳市,郴州思科中等职业学校,J,13,APP,4,25.9,M,汉,807,3,01,MOTHER,FRIENDS,2,70.0,湖南省,CONSUME,01,,28.206906387861033,112.86160062496931,ANDROID,,湖南省长沙市岳麓区麓谷街道长科路,0
100000,303,潜江市,湖北省武汉市江夏区金口锅炉厂,C,24,APP,2,41.0,M,汉,5349,4,,MATE,SIBLING,1,70.0,湖北省,CONSUME,01,,30.39067,114.266152,ANDROID,,湖北省武汉市江夏区武汉江夏经济开发区大桥现代产业园邢远长街,0
100000,301,西安市,陕西博森检测有限公司,L,17,APP,4,41.9,F,汉,3703,3,01,CHILDREN,FRIENDS,2,99.0,陕西省,CONSUME,01,,34.29313771349582,108.85717008648801,IOS,,陕西省西安市未央区未央宫街道加油站,0
100000,403,鄂州市,玉环中学食堂,P,13,APP,3,44.2,M,汉,2457,3,01,FATHER,COLLEAGUE,1,70.0,湖北省,CONSUME,02,,28.123152,121.257189,ANDROID,,浙江省台州市玉环市玉城街道永安桥,0
100000,,衡水市,北京六合物业管理有限公司,Z,90,APP,3,29.4,M,汉,6089,4,01,FATHER,MOTHER,2,70.0,河北省,CONSUME,01,,39.82366516545439,116.31801527757055,ANDROID,,北京市丰台区花乡街道白盆窑,0
100000,104,金华市,国信证券,J,13,XCX,4,33.1,M,汉,6141,4,01,FRIENDS,FRIENDS,1,83.307,浙江省,CONSUME,01,,29.347731388021804,120.11705540590974,ANDROID,,浙江省金华市义乌市福田街道S310(春风大道),0
100000,105,商丘市,山东杰舜建筑工程安装有限公司,E,24,APP,2,27.0,M,汉,2651,4,01,PARENTS,MATE,1,70.0,河南省,CONSUME,01,,36.953014055192138,117.16535805237658,ANDROID,,山东省济南市济阳区济北街道永康街,0
100000,103,达州市,宣汉县市场监督局,S,11,XCX,3,43.1,M,汉,1301,2,01,SIBLING,FRIENDS,2,70.0,四川省,CONSUME,01,,31.354036729600693,107.72303249782986,ANDROID,,四川省达州市宣汉县东乡街道滨河路,0
100000,,益阳市,海底捞火锅,I,54,APP,2,27.0,M,汉,399,2,01,FATHER,MATE,1,70.0,湖南省,CONSUME,01,,28.578289,112.359624,ANDROID,,湖南省益阳市赫山区龙光桥街道龙新巷,0
100000,403,商洛市,商洛市科技资源统筹中心,Z,90,APP,4,30.1,M,汉,666,2,01,FATHER,FRIENDS,1,83.939,陕西省,CONSUME,01,,33.87798924087213,109.92915148312523,ANDROID,,陕西省商洛市商州区城关街道香菊路,0
100000,301,东营市,华泰化工集团,C,24,APP,4,41.1,M,汉,5329,2,01,MATE,FRIENDS,1,91.43139,山东省,CONSUME,01,,37.470423907732797,118.69736121494285,ANDROID,,山东省东营市东营区胜利街道S228(北二路),0
100000,403,哈尔滨市,恒远豆腐坊,Z,90,APP,2,37.6,M,汉,4873,2,01,SIBLING,COLLEAGUE,1,94.391,黑龙江省,CONSUME,01,,45.903826,126.58033,ANDROID,,黑龙江省哈尔滨市呼兰区利民街道利民东二大街,0
100000,403,哈尔滨市,恒远豆腐坊,Z,90,APP,2,37.6,M,汉,4873,2,01,SIBLING,COLLEAGUE,1,94.391,黑龙江省,CONSUME,01,,45.903826,126.58033,ANDROID,,黑龙江省哈尔滨市呼兰区利民街道利民东二大街,0
100000,105,玉溪市,旃梓源个人工作室,Z,90,APP,2,25.1,M,蒙古,1626,4,,MOTHER,FRIENDS,2,70.0,云南省,CONSUME,02,,24.34024635148799,102.5580678776531,ANDROID,,云南省玉溪市红塔区凤凰街道红塔山路,0
100000,302,聊城市,山东省雅妆化妆品经销有限公司,C,24,XCX,4,23.7,F,汉,906,2,,FATHER,FRIENDS,2,70.0,山东省,CONSUME,01,,36.66099880642361,117.15486355251736,ANDROID,,山东省济南市历城区港沟街道椒山路,0
100000,103,武汉市,唐志超个人工作室,C,24,APP,3,47.8,M,汉,124,3,01,FATHER,FATHER,1,90.393,湖北省,CONSUME,01,,30.50510166351117,114.3250802408341,IOS,,湖北省武汉市洪山区洪山街街道文治街,1
100000,103,黄山市,北京市新邦登记注册代理事务所（普通合伙）,L,17,XCX,3,40.1,M,汉,5453,4,01,PARENTS,FRIENDS,,70.0,安徽省,CONSUME,01,,39.9093234962226,116.48640100155399,ANDROID,,北京市朝阳区八里庄街道力源里北街(南侧),0
100000,102,宁波市,宁波麦普领克人力资源服务有限公司,O,17,XCX,4,30.3,F,汉,7071,4,01,OTHER,OTHER,2,79.884,浙江省,CONSUME,01,,29.773984848161953,121.7026399793503,ANDROID,,浙江省宁波市鄞州区东钱湖镇,1
100000,105,湘西土家族苗族自治州,彭昭虎个人工作室,Z,90,APP,3,24.9,M,土家,1387,4,01,FRIENDS,SIBLING,2,88.881,湖南省,CONSUME,02,,29.188188,109.962821,ANDROID,,湖南省湘西土家族苗族自治州永顺县塔卧镇,0
100000,105,昭通市,内江第一人民医院,Q,11,APP,3,35.0,F,汉,4272,2,01,SIBLING,FATHER,1,84.747,云南省,CONSUME,01,,29.340080234294548,105.30150585148371,ANDROID,,四川省内江市隆昌市金鹅街道G348(成渝东路),0
100000,104,周口市,谢俊宇个人工作室,Z,90,APP,4,25.9,M,汉,1361,2,01,FATHER,RELATIVES,2,80.675,河南省,CONSUME,02,,28.861721561307946,119.88718532399159,ANDROID,,浙江省金华市武义县泉溪镇,0
100000,105,宁波市,滴滴公司,Z,90,APP,3,43.0,M,汉,3645,2,01,FATHER,MOTHER,1,70.0,浙江省,CONSUME,01,,30.215799782119583,121.2722776518467,ANDROID,,浙江省宁波市慈溪市坎墩街道庵角路,0
100000,,漯河市,河南省中软网络技术有限公司,G,13,APP,3,28.0,M,汉,109,3,01,FATHER,MOTHER,2,70.0,河南省,CONSUME,01,,34.76981681959369,113.74699242064348,ANDROID,,河南省郑州市金水区祭城路街道正光路16号,0
100000,102,北京市,全国人大常务会机关,C,24,APP,4,38.0,M,汉,4879,3,01,FATHER,SIBLING,1,89.652,北京市,CONSUME,01,,39.90950990164515,116.40442683969002,ANDROID,,北京市东城区东华门街道王府井大街281号,0
100000,104,曲靖市,云南工程建设总承包股份有限公司,E,24,XCX,4,31.0,M,汉,1035,2,01,MATE,COLLEAGUE,2,70.0,云南省,CONSUME,01,,24.935805963786458,102.76894391517159,ANDROID,,云南省昆明市官渡区矣六街道先锋路,0
100000,,孝感市,米奈酒吧,I,54,APP,2,36.3,M,汉,6974,2,01,FATHER,FRIENDS,2,89.243,湖北省,CONSUME,01,,30.616288999128085,114.24870484022252,ANDROID,,湖北省武汉市江汉区常青街街道发展大道123号,0
100000,,朔州市,美团外卖,Z,90,APP,3,23.3,M,汉,2649,2,01,FATHER,RELATIVES,2,90.0833,山西省,CONSUME,01,,39.3075610762592,112.43955581094163,ANDROID,,山西省朔州市朔城区北旺庄街道朔广线,0
100000,,海口市,周华丽个人工作室,Z,90,APP,2,45.7,F,汉,4132,4,01,SIBLING,CHILDREN,1,70.0,海南省,CONSUME,01,,20.010786,110.292302,ANDROID,,海南省海口市龙华区海垦街道滨涯村四里14-2号,0
100000,102,雅安市,个体经营,Z,90,APP,3,48.0,M,汉,2689,2,01,FRIENDS,MOTHER,1,70.0,四川省,CONSUME,01,,29.98898714966176,103.0185481079836,ANDROID,,四川省雅安市雨城区东城街道绿岛路,0
100000,,无锡市,江苏康宁化学有限公司,C,24,XCX,3,40.0,M,汉,3458,3,01,FATHER,FRIENDS,1,70.0,江苏省,CONSUME,01,,31.827388547514969,120.45216311405075,ANDROID,,江苏省无锡市江阴市华士镇环西路,0
100000,,宜宾市,宜宾竹根水饮品有限公司,Z,90,APP,3,34.6,F,汉,5069,2,01,PARENTS,MATE,1,70.0,四川省,CONSUME,01,,28.766774838737065,104.63727775060637,ANDROID,,四川省宜宾市叙州区南岸街道长源路,1
100000,,佛山市,兴业银行股份有限公司佛山分行,Z,90,XCX,4,40.8,F,汉,5271,4,01,FATHER,FRIENDS,1,70.0,广东省,CONSUME,01,,23.015754369912096,113.15418874093317,ANDROID,,广东省佛山市南海区桂城街道北边街23号,0
100000,403,甘孜藏族自治州,乡城县医疗保障局,Q,11,XCX,4,35.2,M,藏,4524,2,01,MATE,SIBLING,1,79.88136,四川省,CONSUME,01,,28.93684720143437,99.80670678315627,ANDROID,,四川省甘孜藏族自治州乡城县香巴拉镇S217,0
100000,,临沂市,临沂市阳光热力有限公司,D,17,XCX,4,35.6,M,汉,6327,3,01,MOTHER,FRIENDS,1,70.0,山东省,CONSUME,01,,35.27230412851695,117.98442508318213,ANDROID,,山东省临沂市费县费城街道滨河西路,0
100000,403,肇庆市,邓中权个人工作室,Z,90,APP,3,30.6,M,汉,5932,2,01,SIBLING,FATHER,2,70.0,广东省,CONSUME,01,,22.588375108506945,113.31496988932291,ANDROID,,广东省中山市小榄镇为民路,0
100000,105,重庆市,茶亭饭店,I,54,XCX,2,35.8,M,汉,4424,3,01,MATE,PARENTS,1,85.001,重庆市,CONSUME,01,,31.37961919080843,119.47282049887522,ANDROID,,江苏省常州市溧阳市古县街道燕山南路辅路,0
100000,105,太原市,个体工商户,Z,90,XCX,2,38.3,M,汉,4118,2,01,MOTHER,COLLEAGUE,1,71.73438,山西省,CONSUME,02,,37.702918840771129,112.52223550218445,ANDROID,,山西省太原市晋源区晋源街道滨河西路立交,0
100000,,保定市,河北满通环境工程有限公司,Z,90,APP,3,38.7,M,汉,4665,2,01,FRIENDS,COLLEAGUE,1,70.0,河北省,CONSUME,02,,38.994799,115.328403,ANDROID,,河北省保定市满城区神星镇,0
100000,,开封市,河南大铭装饰设计工程有限公司,E,24,APP,3,30.7,M,汉,1270,4,01,PARENTS,COLLEAGUE,1,70.0,河南省,CONSUME,02,,31.936292,120.332459,ANDROID,,江苏省无锡市江阴市城东街道X205(长山大道),0
100000,,大连市,辉瑞财务服务大连有限公司,H,54,XCX,4,44.0,M,汉,3860,3,01,MATE,FRIENDS,1,70.0,辽宁省,CONSUME,01,,39.01501232728268,121.5597898875222,ANDROID,,辽宁省大连市甘井子区南关岭街道岚岭路,0
100000,,河池市,黄尚丰个人工作室,Z,90,XCX,2,41.4,M,壮,4440,3,01,MATE,FRIENDS,1,70.0,广西壮族自治区,CONSUME,01,,23.321267632378472,112.8655539279514,ANDROID,,广东省肇庆市四会市东城街道,0
100000,105,阜阳市,浙江毅升美滋电子商务有限公司,G,13,APP,2,32.3,M,汉,224,2,01,MATE,FATHER,1,70.0,安徽省,CONSUME,01,,29.950262075019,121.543205266947,ANDROID,,浙江省宁波市江北区庄桥街道康庄北路辅路,1
100000,,吉安市,东莞塘厦郁勃机械公司,C,24,XCX,2,47.9,M,汉,3142,2,01,FRIENDS,OTHER,3,70.0,江西省,CONSUME,01,,22.787760416666668,114.04174235026042,ANDROID,,广东省东莞市塘厦镇古寮一路,0
100000,,自贡市,中国电信股份有限公司自贡分公司,G,13,APP,4,41.5,F,汉,4615,4,01,MATE,FRIENDS,1,70.0,四川省,CONSUME,01,,29.352281,104.771777,ANDROID,,四川省自贡市自流井区五星街街道竹棚子路15号,0
100000,103,盐城市,上海贝畅通信科技有限公司,Z,90,XCX,2,33.8,M,汉,4501,3,01,MATE,COLLEAGUE,1,77.838,江苏省,CONSUME,02,,31.318904563570454,121.24605190907745,ANDROID,,上海市嘉定区安亭镇泰海路,0
100000,,肇庆市,广州华蓝佳声计算机科技有限公司,G,13,XCX,3,38.3,F,汉,4858,4,01,PARENTS,FRIENDS,2,70.0,广东省,CONSUME,01,,23.259484435674318,113.29596966437247,ANDROID,,广东省广州市白云区嘉禾街道长湴新屋背工业路,0
100000,302,盐城市,盐城市米兰达电子商务有限公司,G,13,APP,2,41.2,M,汉,2185,4,01,SIBLING,COLLEAGUE,1,70.0,江苏省,CONSUME,01,,33.4054286919881,120.16911027675636,IOS,,江苏省盐城市亭湖区新城街道知行路,0
100000,,凉山彝族自治州,美居墙纸,H,54,XCX,2,43.2,M,汉,4388,4,01,FATHER,FRIENDS,1,70.0,四川省,CONSUME,01,,29.506148274739584,106.48511637369792,ANDROID,,重庆市九龙坡区九龙街道火炬一路,0
100000,,张家界市,经开区聚鑫达蓄电池批发中心,Z,90,APP,2,28.7,M,汉,323,3,01,MOTHER,FRIENDS,2,89.48,湖南省,CONSUME,01,,29.712377,115.972033,ANDROID,,江西省九江市浔阳区人民路街道长城路,0
100000,,上海市,苏州希尔斯机电技术有限公司,Z,90,XCX,4,39.6,M,汉,4994,4,01,MOTHER,FRIENDS,1,70.0,上海市,CONSUME,01,,31.25433767063659,121.42349753825953,ANDROID,,上海市普陀区石泉路街道石泉路80号,0
100000,,秦皇岛市,斐乐斐尚服饰有限公司,Z,90,APP,4,25.4,M,汉,1652,4,01,COLLEAGUE,FRIENDS,2,70.0,河北省,CONSUME,01,,39.92450276318207,119.55046362697232,ANDROID,,河北省秦皇岛市海港区珠江道街道珠江道18号,0
100000,105,七台河市,没有公司,Z,90,XCX,4,38.3,F,汉,2953,4,01,MOTHER,FRIENDS,1,90.348,黑龙江省,CONSUME,01,,45.80812487816814,130.96670609088268,ANDROID,,黑龙江省七台河市桃山区万宝河镇,0
100000,,台州市,浙江华诺医药包装有限公司,Z,90,APP,4,49.3,M,汉,450,3,01,MATE,COLLEAGUE,1,70.0,浙江省,CONSUME,01,,28.228443749151049,121.30361002706147,ANDROID,,浙江省台州市玉环市楚门镇红照路辅路,0
100000,,廊坊市,永清县玛雅房地产经纪有限公司,Z,90,APP,2,38.7,M,汉,4819,4,01,FATHER,OTHER,2,70.0,河北省,CONSUME,01,,39.03536009407173,116.49906030378165,ANDROID,,河北省廊坊市霸州市东杨庄乡,0
100000,103,唐山市,北京古鲁营销顾问有限公司,L,17,XCX,4,29.9,M,汉,114,3,,FATHER,FRIENDS,2,70.0,河北省,CONSUME,02,,39.90988127526173,116.53997039682558,ANDROID,,北京市朝阳区高碑店(地区)乡建国路,1
100000,105,巢湖市,庐江县个体有限公司,Z,90,XCX,4,45.1,M,汉,487,3,01,RELATIVES,FRIENDS,1,70.0,安徽省,CONSUME,01,,28.22916853488768,113.08844011233836,ANDROID,,湖南省长沙市长沙县泉塘街道东二路辅路,1
100000,103,黄山市,安徽哲邦装饰工程有限公司,E,24,APP,2,35.3,M,汉,4026,2,01,PARENTS,FATHER,1,70.0,安徽省,CONSUME,01,,31.274533764930987,118.50699770052953,ANDROID,,安徽省芜湖市湾沚区六郎镇X016(殷强路),0
100000,105,汕头市,林玺浛个人工作室,Z,90,APP,3,25.1,M,汉,736,4,01,MATE,SIBLING,2,70.0,广东省,CONSUME,01,,23.467631854429116,116.75903846507313,ANDROID,,广东省汕头市澄海区凤翔街道新兴路北5幢,0
100000,102,成都市,杨晓凤个人工作室,Z,90,APP,2,41.0,F,汉,6037,2,01,MATE,FRIENDS,1,70.0,四川省,CONSUME,01,,30.88254,104.010717,ANDROID,,四川省成都市新都区新繁街道滨江西路110号,1
100000,307,重庆市,姜沫儿童装店,H,54,APP,4,36.5,F,汉,4248,4,01,FATHER,FRIENDS,1,90.602,重庆市,CONSUME,01,,31.173025288267053,108.4125827369561,IOS,,重庆市开州区文峰街道开州大道1159号,0
100000,,鞍山市,灵活用工人士,Z,90,APP,4,38.8,F,汉,4425,2,01,FATHER,SIBLING,2,70.0,辽宁省,CONSUME,01,,40.94948811848958,122.5270277235243,ANDROID,,辽宁省鞍山市海城市牛庄镇牛高线,0
100000,302,上海市,上海美缪时餐饮有限公司,I,54,APP,2,42.0,M,回,5916,4,01,OTHER,OTHER,1,70.0,上海市,CONSUME,01,,31.309486328764949,121.16010380384178,IOS,,上海市嘉定区安亭镇墨玉路,0
100000,,荆门市,荆门市东方百货大厦,H,54,XCX,4,31.4,F,汉,5888,3,01,FATHER,FATHER,2,85.583,湖北省,CONSUME,01,,31.00829155815972,112.2037310112847,IOS,,湖北省荆门市东宝区龙泉街道千佛洞路,0
100000,102,赤峰市,赤峰奈何文化传媒有限公司,Z,90,XCX,3,27.8,F,汉,2087,4,01,SIBLING,FRIENDS,2,70.0,内蒙古自治区,CONSUME,01,,39.00697970920139,121.72737630208333,ANDROID,,辽宁省大连市甘井子区大连湾街道,0
100000,,湘西土家族苗族自治州,祝珍个人工作室,Z,90,APP,2,26.1,F,土家,1303,2,01,SIBLING,SIBLING,2,85.502,湖南省,CONSUME,01,,29.086963,110.393164,ANDROID,,湖南省张家界市永定区南庄坪街道,0
100000,103,张家口市,蔚县美团外卖北环站,H,54,XCX,3,35.0,M,汉,4500,4,01,PARENTS,FRIENDS,2,70.0,河北省,CONSUME,01,,39.84846785769715,114.59247348769263,ANDROID,,河北省张家口市蔚县蔚州镇康居北大街,0
100000,,巴中市,陈炳甲个人工作室,Z,90,XCX,4,25.1,M,汉,2710,2,,SIBLING,COLLEAGUE,2,70.0,四川省,CONSUME,02,,29.393251410590278,105.60114420572917,ANDROID,,重庆市荣昌区昌州街道,0
100000,104,杭州市,俞飞燕个人工作室,H,54,XCX,3,35.0,F,汉,4130,4,01,MOTHER,SIBLING,1,70.0,浙江省,CONSUME,01,,30.053354220920138,120.2466859266493,ANDROID,,浙江省杭州市萧山区临浦镇苎萝路,0
100000,103,榆林市,榆林市嵘发建筑工程劳务有限公司,E,24,APP,3,29.9,M,汉,193,4,01,MATE,COLLEAGUE,2,89.136,陕西省,CONSUME,01,,38.285270,109.751983,IOS,,陕西省榆林市榆阳区新明楼街道南大街195号,0
100000,103,临沂市,山东好客自游行旅游服务有限公司,Z,90,XCX,4,40.4,F,汉,5915,4,01,MATE,SIBLING,1,70.0,山东省,CONSUME,01,,35.12692464192708,118.35322862413194,ANDROID,,山东省临沂市兰山区柳青街道武汉路,0
100000,103,宝鸡市,西安自来水有限公司,G,13,XCX,3,39.5,M,汉,4250,3,01,MATE,MATE,1,88.555,陕西省,CONSUME,01,,34.4120909575994,108.00977679367169,ANDROID,,陕西省宝鸡市扶风县召公镇杏林环线,0
100000,301,天津市,天鹅到家,I,54,APP,4,36.2,M,汉,5034,4,01,PARENTS,FRIENDS,1,70.0,天津市,CONSUME,01,,39.21857027534468,117.15835518683588,ANDROID,,天津市北辰区天穆镇安畅路,0
100000,,广安市,中国能源建设集团广东火电有限公司,E,24,XCX,3,35.7,M,汉,5986,4,01,FATHER,MATE,1,80.95,四川省,CONSUME,01,,24.734581565936059,118.75942591357593,ANDROID,,福建省泉州市石狮市鸿山镇G228(沿海大通道),0
100000,310,渭南市,中国移动通信集团陕西有限公司西安分公司,G,13,APP,4,32.9,M,汉,5258,2,01,PARENTS,SIBLING,1,70.0,陕西省,CONSUME,01,,34.31850513402249,108.95576218442196,ANDROID,,陕西省西安市未央区大明宫街道贞观路,0
100000,104,南通市,金中天智能科技有限公司,G,13,XCX,4,27.9,M,汉,1402,3,01,MOTHER,FRIENDS,2,84.938,江苏省,CONSUME,01,,32.15337352534539,121.44049997760898,ANDROID,,江苏省南通市通州区三余镇云海路,0
100000,102,铜川市,西安盛和文博建筑工程有限公司,E,24,APP,3,34.6,M,汉,5343,3,01,RELATIVES,FRIENDS,2,70.0,陕西省,CONSUME,01,,31.98474248500231,118.81245373410668,ANDROID,,江苏省南京市秦淮区红花街道汇彩路,0
100000,,湛江市,招亚弟个人工作室,Z,90,APP,2,49.3,M,汉,449,2,,FRIENDS,MOTHER,1,70.0,广东省,CONSUME,01,,21.442406,110.858318,ANDROID,,广东省湛江市吴川市覃巴镇X704,0
100000,303,沈阳市,北京爱奇艺科技有限公司,R,17,APP,4,38.3,F,汉,5741,4,01,MATE,FATHER,1,75.5383,辽宁省,CONSUME,01,,30.173088002620636,120.35549070209236,ANDROID,,浙江省杭州市萧山区新街街道G104(京岚线),0
100000,,忻州市,许浩个人工作室,Z,90,XCX,2,28.9,M,汉,2144,2,01,FATHER,MOTHER,2,85.538,山西省,CONSUME,01,,39.36990207248264,111.16856201171875,ANDROID,,山西省忻州市河曲县西口镇S249(开元南路),0
100000,,忻州市,许浩个人工作室,Z,90,XCX,2,28.9,M,汉,2144,2,01,FATHER,MOTHER,2,85.538,山西省,CONSUME,01,,39.36990207248264,111.16856201171875,ANDROID,,山西省忻州市河曲县西口镇S249(开元南路),0
100000,,杭州市,程继军个人工作室,Z,90,APP,4,49.1,M,汉,2521,2,01,OTHER,OTHER,1,70.0,浙江省,CONSUME,01,,30.299863552517362,120.19474012586805,ANDROID,,浙江省杭州市上城区笕桥街道新风路,0
100000,403,萍乡市,南坑人家酒店（自己开的店）,Z,90,APP,2,38.3,M,汉,3909,4,01,SIBLING,FRIENDS,1,70.0,江西省,CONSUME,01,,28.210037850530413,112.94005961440465,ANDROID,,湖南省长沙市岳麓区西湖街道桥湾里路,0
100000,105,曲靖市,宣威市农业技术推广中心,S,11,APP,4,39.7,M,汉,3207,2,01,MATE,SIBLING,1,84.934,云南省,CONSUME,01,,26.22289704017149,104.10350401839104,ANDROID,,云南省曲靖市宣威市宛水街道建设东街344号,0
100000,,揭阳市,惠丰电器行,H,54,APP,2,37.1,M,汉,3461,4,01,PARENTS,FRIENDS,1,70.0,广东省,CONSUME,01,,22.971555447048612,116.16081353081597,ANDROID,,广东省揭阳市惠来县溪西镇G228(丹东线),0
100000,105,酒泉市,敦煌莫高窟,R,17,XCX,3,26.1,M,汉,3581,4,01,PARENTS,RELATIVES,2,90.202,甘肃省,CONSUME,01,,40.04738633897569,94.81186360677083,ANDROID,,甘肃省酒泉市敦煌市沙州镇Z110,0
100000,403,上海市,沈佳阳个人工作室,Z,90,APP,4,31.3,M,汉,5372,3,01,FATHER,MOTHER,2,91.704,上海市,CONSUME,01,,30.906105897655995,121.46777607709108,ANDROID,,上海市奉贤区南桥镇环城东路2084-、2086号,0
100000,105,西安市,北京欧凯永安仓储服务有限公司,F,17,APP,3,34.8,F,汉,66,3,,MATE,MOTHER,1,70.0,陕西省,CONSUME,01,,39.931959,116.425225,ANDROID,,北京市东城区东四街道东四十条甲22号,0
100000,105,沈阳市,赵月个人工作室,Z,90,XCX,4,34.7,F,汉,6750,4,01,FATHER,FATHER,2,70.0,辽宁省,CONSUME,01,,36.06581743014753,120.43653458588207,ANDROID,,山东省青岛市崂山区中韩街道,0
100000,102,泉州市,晋江市内坑镇天送摩托车维修店,O,17,APP,2,48.9,M,汉,226,4,01,MATE,FATHER,1,96.0,福建省,CONSUME,01,,24.782182167057365,118.46471778126936,ANDROID,,福建省泉州市晋江市内坑镇G15(沈海高速),0
100000,103,连云港市,东海县双店镇记路珠宝商行,H,54,XCX,2,34.6,F,汉,5333,2,01,MATE,FATHER,1,79.72309,江苏省,CONSUME,01,,34.52975882850374,118.76109447576919,ANDROID,,江苏省连云港市东海县牛山街道牛山北路85号,0
100000,105,济宁市,济矿集团盛源控股有限公司,H,54,APP,3,36.6,M,汉,3635,4,01,MATE,FRIENDS,1,70.0,山东省,CONSUME,01,,38.66126351010935,115.9289437202679,IOS,,河北省保定市高阳县庞口镇,0
100000,,驻马店市,宁波杭州湾新区丝艺理发店,Z,90,XCX,3,43.1,M,汉,3759,3,01,FATHER,FRIENDS,2,70.0,河南省,CONSUME,01,,30.290736,121.292761,IOS,,浙江省宁波市慈溪市庵东镇中兴一路,0
100000,104,平顶山市,广东龙光集团物业管理有限公司公司水悦熙园分公司,L,17,APP,4,43.0,M,汉,3818,2,01,RELATIVES,FATHER,2,70.0,河南省,CONSUME,01,,22.542962426006988,113.35617693172401,ANDROID,,广东省中山市西区街道岐安路,0
100000,,驻马店市,宁波杭州湾新区丝艺理发店,Z,90,XCX,3,43.1,M,汉,3759,3,01,FATHER,FRIENDS,2,70.0,河南省,CONSUME,01,,30.290736,121.292761,IOS,,浙江省宁波市慈溪市庵东镇中兴一路,0
100000,103,岳阳市,中山市卡洛迪照明,C,24,APP,4,37.0,M,汉,4005,4,01,MATE,COLLEAGUE,1,70.0,湖南省,CONSUME,02,,29.371481,113.164723,ANDROID,,湖南省岳阳市岳阳楼区经济技术开发区通海路管理区屈原路62号,0
100000,,梧州市,德胜酒楼,I,54,XCX,2,35.0,M,汉,6567,4,01,SIBLING,COLLEAGUE,2,90.495,广西壮族自治区,CONSUME,01,,22.56611545182351,113.11755718014553,ANDROID,,广东省江门市江海区外海街道金星路199号,0
100000,102,安康市,自轩通信部,G,13,APP,2,40.7,M,汉,4532,4,01,MATE,FRIENDS,1,70.0,陕西省,CONSUME,02,,32.700607976760519,109.03720768258038,ANDROID,,陕西省安康市汉滨区新城街道汉宁路,0
100000,102,庆阳市,西安灞桥玉齿口腔门诊有限公司,Q,11,APP,3,31.8,F,汉,1033,2,01,FATHER,FATHER,1,70.0,甘肃省,CONSUME,01,,34.29220826825491,109.04951699953945,IOS,,陕西省西安市灞桥区席王街道电厂西路,0
100000,,合肥市,刘健个人工作室,Z,90,APP,3,31.9,M,汉,434,3,01,FATHER,FATHER,1,70.0,安徽省,CONSUME,02,,31.928476,117.126405,ANDROID,,安徽省合肥市庐阳区三十岗乡吴王路,0
100000,,日照市,万达物流有限公司,F,17,APP,2,46.2,M,汉,3163,2,01,SIBLING,FRIENDS,1,70.0,山东省,CONSUME,01,,35.574314,118.833036,ANDROID,,山东省日照市莒县城阳街道南关二街292号,0
100000,103,温州市,左岸广告,Z,90,XCX,2,40.3,M,汉,3653,2,01,SIBLING,RELATIVES,1,70.0,浙江省,CONSUME,01,,23.111821521370555,113.192483693753800,ANDROID,,广东省佛山市南海区大沥镇红星路8号,0
100000,103,温州市,左岸广告,Z,90,XCX,2,40.3,M,汉,3653,2,01,SIBLING,RELATIVES,1,70.0,浙江省,CONSUME,01,,23.111821521370555,113.192483693753800,ANDROID,,广东省佛山市南海区大沥镇红星路8号,0
100000,103,哈尔滨市,哈尔滨华纳星空架子鼓培训基地,H,54,XCX,3,43.8,F,汉,3745,2,,PARENTS,SIBLING,1,70.0,黑龙江省,CONSUME,01,,45.76329833984375,126.65453911675347,ANDROID,,黑龙江省哈尔滨市南岗区荣市街道三姓街2号,0
100000,102,上海市,上海市叙事文化传播有限公司,R,17,XCX,4,32.5,M,汉,5117,4,01,FATHER,MOTHER,2,91.16334,上海市,CONSUME,01,,31.17911643532718,121.39219042343963,ANDROID,,上海市徐汇区虹梅路街道钦州北路1200-27-临,0
100000,104,金华市,博才教育未来魔法校,P,13,XCX,3,27.6,F,汉,29,2,01,FATHER,FRIENDS,2,92.285,浙江省,CONSUME,02,,29.461617523411524,119.89680206577845,ANDROID,,浙江省金华市浦江县浦阳街道东山路98号,0
100000,105,温州市,北京耳东明樾影业制作有限公司,R,17,XCX,2,26.7,F,汉,310,3,01,FATHER,FRIENDS,2,78.48097,浙江省,CONSUME,01,,29.16729827634973,120.29111873033283,ANDROID,,浙江省金华市东阳市横店镇十里街辅路,0
100000,,宜昌市,宜昌鸿铭物业管理公司,Z,90,XCX,4,38.4,F,土家,4166,3,01,PARENTS,FRIENDS,1,70.0,湖北省,CONSUME,01,,30.60378146701389,111.38614718967014,ANDROID,,湖北省宜昌市伍家岗区伍家乡,0
100000,,唐山市,顺平县教育和体育局,Z,90,XCX,4,30.2,M,汉,995,3,01,MATE,COLLEAGUE,1,70.0,河北省,CONSUME,01,,38.84350830078125,115.14804796006945,ANDROID,,河北省保定市顺平县高于铺镇永禄大街,0
100000,,西安市,门伟强个人工作室,Z,90,XCX,3,24.0,M,汉,1277,2,,FATHER,FRIENDS,2,95.072,陕西省,CONSUME,01,,34.39828616183064,109.30823906007034,ANDROID,,陕西省西安市临潼区代王街道,0
100000,,西安市,门伟强个人工作室,Z,90,XCX,3,24.0,M,汉,1277,2,,FATHER,FRIENDS,2,95.072,陕西省,CONSUME,01,,34.39828616183064,109.30823906007034,ANDROID,,陕西省西安市临潼区代王街道,0
100000,102,随州市,刘刚个人工作室,Z,90,XCX,4,47.6,M,汉,4626,4,01,MATE,COLLEAGUE,1,70.0,湖北省,CONSUME,01,,31.699955897664944,113.3621870748076,ANDROID,,湖北省随州市曾都区涢水街道白云大道,0
100000,103,周口市,龙威装饰,E,24,APP,2,27.8,M,汉,6938,3,01,MOTHER,FRIENDS,2,70.0,河南省,CONSUME,01,,36.514105281883008,112.35331961017714,ANDROID,,山西省长治市沁源县沁河镇,0
100000,105,宁德市,今尚儿皮包,H,54,XCX,2,49.0,F,汉,99999,2,01,MATE,FRIENDS,1,84.194,福建省,CONSUME,01,,26.89056133589179,120.01403111923084,IOS,,福建省宁德市霞浦县松港街道福宁大道46号,0
100000,,盐城市,上海德邦快递,Z,90,APP,2,38.2,M,汉,3781,3,01,COLLEAGUE,FRIENDS,2,70.0,江苏省,CONSUME,01,,31.18036195576606,121.27050397509587,ANDROID,,上海市青浦区徐泾镇华徐路259号,0
100000,,驻马店市,确山县人民医院,Z,90,APP,3,31.7,M,汉,1285,2,01,COLLEAGUE,COLLEAGUE,2,90.224,河南省,CONSUME,01,,32.798089,114.020745,ANDROID,,河南省驻马店市确山县盘龙街道新民路,0
100000,102,绥化市,三亚市吉阳区同心路同心家园牛约堡,H,54,XCX,2,30.4,M,汉,79,2,01,RELATIVES,RELATIVES,2,70.0,黑龙江省,CONSUME,01,,46.052123,125.975643,ANDROID,,黑龙江省绥化市肇东市朝阳区街道园林南路,0
100000,102,酒泉市,个体经营,Z,90,XCX,4,29.4,F,回,6478,4,01,MATE,FRIENDS,2,74.406,甘肃省,CONSUME,01,,39.73479073747909,98.48467581986522,ANDROID,,甘肃省酒泉市肃州区西峰镇文体路,0
100000,104,赣州市,钟翔飞个人工作室,Z,90,APP,2,34.1,M,汉,5599,2,01,MATE,MOTHER,1,70.0,江西省,CONSUME,01,,25.705180157525655,114.79842695286378,ANDROID,,江西省赣州市南康区龙岭镇G105(迎宾东大道),0
100000,105,临汾市,辣妈萌宝服装店,H,54,XCX,3,38.9,M,汉,6128,3,01,MATE,FRIENDS,1,70.0,山西省,CONSUME,01,,41.83663528141216,123.70325861137919,ANDROID,,辽宁省抚顺市望花区李石街道翔宇路,0
100000,105,湛江市,创维科技园,Z,90,APP,2,29.0,M,汉,1494,4,01,MATE,COLLEAGUE,1,70.0,广东省,CONSUME,01,,21.053288,110.174532,ANDROID,,广东省湛江市麻章区太平镇教育路,0
100000,102,南京市,金元宝餐饮,I,54,APP,3,31.7,F,汉,6343,2,01,FATHER,MOTHER,1,88.038,江苏省,CONSUME,01,,31.899779037496683,118.85073801249682,ANDROID,,江苏省南京市江宁区淳化街道G2501(南京绕城高速),0
100000,104,邵阳市,从江县仁康大药房建安路分店,H,54,APP,4,30.4,M,汉,1982,4,01,MATE,COLLEAGUE,1,70.0,湖南省,CONSUME,01,,27.268795688031429,111.78417744179254,ANDROID,,湖南省邵阳市邵东市大禾塘街道创业大道,0
100000,102,内江市,未来笺史文化有限公司,H,24,XCX,3,29.8,F,汉,6170,4,01,PARENTS,SIBLING,2,88.929,四川省,CONSUME,01,,26.893876699578289,112.600271743153485,ANDROID,,湖南省衡阳市雁峰区天马山街道先锋路115号,0
100000,102,内江市,未来笺史文化有限公司,H,24,XCX,3,29.8,F,汉,6170,4,01,PARENTS,SIBLING,2,88.929,四川省,CONSUME,01,,26.893876699578289,112.600271743153485,ANDROID,,湖南省衡阳市雁峰区天马山街道先锋路115号,0
100000,104,南阳市,碧桂园集团,K,17,APP,3,34.8,M,汉,6876,4,01,MATE,FATHER,1,70.0,河南省,CONSUME,01,,34.223522254718407,116.15654951234368,ANDROID,,河南省商丘市夏邑县曹集乡,0
100000,,盐城市,永琪美容美发,O,17,XCX,2,26.9,M,汉,1376,3,01,RELATIVES,FRIENDS,2,80.111,江苏省,CONSUME,02,,39.87614420572917,116.31757134331598,ANDROID,,北京市西城区广安门外街道茶马南街,0
100000,,杭州市,临安青瑞机械配件有限公司,Z,90,XCX,4,40.9,F,汉,4921,3,01,FATHER,FRIENDS,1,70.0,浙江省,CONSUME,01,,30.36041073811429,119.5822366765232,ANDROID,,浙江省杭州市临安区太湖源镇,0
100000,103,遂宁市,巴宜区名门会,H,54,APP,3,37.1,F,汉,4832,4,01,FATHER,RELATIVES,1,77.0,四川省,CONSUME,01,,30.419837754118256,105.38750311086754,ANDROID,,四川省遂宁市安居区石洞镇,0
100000,102,运城市,李波铝合金不锈钢,C,24,APP,2,35.6,M,汉,6239,4,01,MATE,PARENTS,1,86.558,山西省,CONSUME,01,,35.469262,110.887131,ANDROID,,山西省运城市稷山县翟店镇,0
100000,,常州市,江阴巨匠铁艺,Z,90,XCX,3,29.1,M,汉,2326,3,01,MOTHER,FRIENDS,1,70.0,江苏省,CONSUME,01,,31.862538519965277,120.16217393663194,ANDROID,,江苏省常州市天宁区郑陆镇粮庄桥,0
100000,103,遂宁市,巴宜区名门会,H,54,APP,3,37.1,F,汉,4832,4,01,FATHER,RELATIVES,1,77.0,四川省,CONSUME,01,,30.419837754118256,105.38750311086754,ANDROID,,四川省遂宁市安居区石洞镇,0
100000,102,吕梁市,山西欧亚共享建材有限公司,E,24,APP,4,38.2,F,汉,4304,4,01,FATHER,MATE,1,70.0,山西省,CONSUME,01,,37.761993292791647,112.57013970648899,ANDROID,,山西省太原市小店区龙城街道,0
100000,,温州市,温州市弘佳档案信息服务有限公司,Z,90,XCX,4,45.9,M,汉,589,4,01,FRIENDS,FRIENDS,1,70.0,浙江省,CONSUME,01,,27.9164271375868,120.8152981228299,IOS,,浙江省温州市龙湾区永中街道围垦路,0
100000,105,南阳市,郑州比亚迪汽车有限公司,Z,90,APP,3,23.1,M,汉,2636,3,01,FATHER,MOTHER,2,70.0,河南省,CONSUME,01,,34.3901,113.953994,ANDROID,,河南省郑州市新郑市大马乡,0
100000,103,延安市,冯媛个人工作室,Z,90,APP,4,25.4,F,汉,1381,4,01,MATE,FRIENDS,2,88.457,陕西省,CONSUME,01,,34.306862189578499,108.95172911641221,IOS,,陕西省西安市未央区大明宫街道玄武路68号,0
100000,105,南阳市,郑州比亚迪汽车有限公司,Z,90,APP,3,23.1,M,汉,2636,3,01,FATHER,MOTHER,2,70.0,河南省,CONSUME,01,,34.3901,113.953994,ANDROID,,河南省郑州市新郑市大马乡,0
100000,105,临沧市,杨泽娟个人工作室,H,54,APP,4,42.7,F,拉祜,3891,3,01,FRIENDS,FRIENDS,1,70.0,云南省,CONSUME,01,,23.52283,99.394236,ANDROID,,云南省临沧市耿马傣族佤族自治县耿马镇,0
100000,,无锡市,海澜集团,H,54,XCX,3,37.9,M,汉,3959,2,01,FATHER,FRIENDS,2,70.0,江苏省,CONSUME,01,,31.90682888454861,120.23885145399305,ANDROID,,江苏省无锡市江阴市澄江街道五星路251号,0
100000,103,郴州市,海越制衣厂,C,24,XCX,2,24.0,M,汉,843,2,01,SIBLING,COLLEAGUE,2,70.0,湖南省,CONSUME,01,,22.469815888079866,113.30809278395506,ANDROID,,广东省中山市南区街道利民大街,0
100000,,商丘市,王部伟个人工作室,Z,90,APP,2,38.0,M,汉,3325,4,01,MATE,MOTHER,1,70.0,河南省,CONSUME,01,,34.380385,114.923117,ANDROID,,河南省商丘市睢县匡城乡,0
100000,,漯河市,杭州丝绸服装店,Z,90,APP,3,37.7,M,汉,6699,3,01,SIBLING,FRIENDS,2,70.0,河南省,CONSUME,01,,22.540239,113.465637,ANDROID,,广东省中山市中山港街道康怡路21号,0
100000,,汉中市,日月光半导体上海有限公司,Z,90,XCX,4,29.3,M,汉,6301,4,01,FATHER,MATE,1,70.0,陕西省,CONSUME,01,,31.215697,121.59677,ANDROID,,上海市浦东新区张江镇金科路2517,0
100000,,铜仁市,升特电动车,Z,90,XCX,4,35.9,F,汉,4926,2,01,MATE,FRIENDS,1,70.0,贵州省,CONSUME,01,,31.764232408605165,120.32904759751526,ANDROID,,江苏省无锡市江阴市徐霞客镇中兴路,0
100000,,聊城市,梵星舞蹈工作室,Z,90,APP,4,23.8,M,汉,834,2,01,MATE,RELATIVES,2,70.0,山东省,CONSUME,01,,36.4560205078125,115.9673193359375,ANDROID,,山东省聊城市东昌府区古楼街道青年林路,0
100000,,三亚市,海茂农业科技有限公司,A,27,XCX,3,42.2,M,汉,2337,3,01,MATE,FRIENDS,1,70.0,海南省,CONSUME,01,,18.320364040798612,109.17368381076389,ANDROID,,海南省三亚市崖州区,0
100000,102,迪庆藏族自治州,香格里拉胜诚商贸有限公司,H,54,APP,2,28.9,M,藏,1285,2,01,SIBLING,MATE,1,70.0,云南省,CONSUME,01,,28.07694197783766,100.28546435675327,ANDROID,,四川省甘孜藏族自治州稻城县俄牙同乡,0
100000,103,温州市,富丰电子,G,13,XCX,2,35.8,M,汉,5594,3,01,RELATIVES,FRIENDS,2,70.0,浙江省,CONSUME,01,,28.232858,121.020789,ANDROID,,浙江省温州市乐清市虹桥镇新丰路,0
100000,103,定西市,恒发大酒店,I,54,APP,2,38.8,F,汉,4501,4,01,PARENTS,FRIENDS,1,70.0,甘肃省,CONSUME,02,,35.0023260031044,104.66308745180054,ANDROID,,甘肃省定西市陇西县巩昌镇中天路,0
100000,,绵阳市,成都乐曼多科技有限公司,G,13,APP,4,33.6,M,汉,5317,4,01,MOTHER,FRIENDS,1,70.0,四川省,CONSUME,02,,30.558447,104.244414,ANDROID,,四川省成都市龙泉驿区龙泉街道南京路426号,0
100000,,锦州市,锦州天盛重工有限公司,Z,90,XCX,3,24.4,M,汉,1918,3,01,FRIENDS,FRIENDS,2,70.0,辽宁省,CONSUME,01,,41.372591959635415,121.76700005425347,ANDROID,,辽宁省锦州市北镇市沟帮子街道X717(腾飞大桥),0
100000,103,南京市,南京成善悦泽生物科技有限公司,I,54,APP,3,41.4,M,汉,3445,3,01,FRIENDS,MOTHER,1,70.0,江苏省,CONSUME,01,,31.977001540735345,118.72588877732537,ANDROID,,江苏省南京市建邺区沙洲街道油坊桥立交,0
100000,,九江市,兰溪市秦瑜建材经营部,C,24,XCX,2,46.1,M,汉,2491,4,01,RELATIVES,FRIENDS,1,70.0,江西省,CONSUME,01,,29.158145555621659,119.55405835877362,IOS,,浙江省金华市兰溪市灵洞乡,0
100000,104,广州市,李焰棕个人工作室,Z,90,XCX,4,23.1,M,汉,2114,2,01,FATHER,FRIENDS,2,87.085,广东省,CONSUME,01,,23.36599619956454,113.30329655188709,ANDROID,,广东省广州市白云区人和镇,0
100000,105,大连市,金炫手机广场,H,54,APP,3,40.9,M,汉,4277,2,,MATE,COLLEAGUE,1,70.0,辽宁省,CONSUME,01,,38.902839,121.681592,ANDROID,,辽宁省大连市中山区老虎滩街道迎宾路,0
100000,,德州市,未知所在公司,Z,90,APP,2,46.3,F,汉,99999,4,01,MATE,FRIENDS,1,82.43,山东省,CONSUME,01,,39.061982251083957,117.66556014354527,ANDROID,,天津市滨海新区新北街道燕山道642号,0
100000,,锦州市,锦州天盛重工有限公司,Z,90,XCX,3,24.4,M,汉,1918,3,01,FRIENDS,FRIENDS,2,70.0,辽宁省,CONSUME,01,,41.372591959635415,121.76700005425347,ANDROID,,辽宁省锦州市北镇市沟帮子街道X717(腾飞大桥),0
100000,,聊城市,北京鑫兴盛达建筑材料有限公司,E,24,APP,3,25.0,M,汉,1227,4,,FATHER,FRIENDS,2,70.0,山东省,CONSUME,01,,39.748161,116.552405,ANDROID,,北京市通州区马驹桥镇S302辅路,0
100000,,大埔县,广州客广物流公,Z,90,XCX,3,48.3,F,汉,429,2,01,FRIENDS,MATE,1,70.0,广东省,CONSUME,01,,24.757610743605246,113.62901593250014,ANDROID,,广东省韶关市曲江区马坝镇,0
100000,,大埔县,广州客广物流公,Z,90,XCX,3,48.3,F,汉,429,2,01,FRIENDS,MATE,1,70.0,广东省,CONSUME,01,,24.757610743605246,113.62901593250014,ANDROID,,广东省韶关市曲江区马坝镇,0
100000,,德州市,山东省德州市临邑县月潭小学,P,13,APP,3,36.9,F,汉,5543,4,01,SIBLING,FRIENDS,1,70.0,山东省,CONSUME,01,,37.19074490017361,116.87247829861111,ANDROID,,山东省德州市临邑县邢侗街道广场大街193号,0
100000,,萍乡市,力豪健身房,Z,90,XCX,2,50.0,F,汉,3901,3,01,OTHER,OTHER,2,70.0,江西省,CONSUME,01,,27.62857,114.027992,ANDROID,,江西省萍乡市芦溪县芦溪镇古城山公园健走步道,0
100000,105,枣庄市,雅贵成（山东）仪器有限公司,C,24,APP,3,31.2,M,汉,1030,2,01,FATHER,FRIENDS,2,90.62017,山东省,CONSUME,01,,35.11631898475856,117.15825542613102,IOS,,山东省枣庄市滕州市北辛街道通盛路,0
100000,103,佛山市,佛山市俊尚装饰材料有限公司,C,24,XCX,2,33.2,M,汉,4777,3,01,PARENTS,FRIENDS,1,70.0,广东省,CONSUME,01,,22.87765163845486,113.05121202256944,ANDROID,,广东省佛山市顺德区龙江镇G325(广南线),0
100000,104,昆明市,四川天达华泰商贸有限公司,H,54,APP,2,34.1,F,汉,5879,4,01,MATE,COLLEAGUE,1,75.754,云南省,CONSUME,01,,25.123295910556644,102.75154675382015,IOS,,云南省昆明市盘龙区龙泉街道宝云路,0
100000,102,县,重庆寻艺文化创意有限公司,R,17,XCX,4,32.2,F,汉,567,3,01,MATE,MOTHER,1,79.488335,重庆市,CONSUME,01,,29.491079972153,106.47385346288573,ANDROID,,重庆市大渡口区春晖路街道双山路85号,0
100000,,岳阳市,龙师傅土鲫鱼,Z,90,APP,2,22.0,M,汉,2634,2,01,SIBLING,RELATIVES,2,70.0,湖南省,CONSUME,01,,28.181702,113.00872,ANDROID,,湖南省长沙市雨花区左家塘街道东二环辅路,0
100000,,邢台市,汇涌汽配,Z,90,XCX,4,42.0,F,汉,3913,2,01,MATE,FRIENDS,2,70.0,河北省,CONSUME,01,,32.12410402468619,118.84397841210404,ANDROID,,江苏省南京市栖霞区迈皋桥街道栖霞大道,0
100000,105,无锡市,南京六点半餐饮服务有限公司,I,54,APP,4,23.9,M,汉,2348,2,01,MOTHER,FRIENDS,2,88.097,江苏省,CONSUME,01,,31.368728411442029,119.88606898544535,ANDROID,,江苏省无锡市宜兴市新庄街道景湖路,0
100000,,沧州市,河北天元燃气销售有限公司,D,17,APP,2,28.1,F,汉,434,4,01,MATE,COLLEAGUE,1,70.0,河北省,CONSUME,01,,38.472217881944445,116.97376898871528,ANDROID,,河北省沧州市沧县兴济镇李杜线,0
100000,,德阳市,北京木子京鼎餐饮有限公司,I,54,XCX,2,32.1,M,苗,5326,4,01,PARENTS,RELATIVES,2,70.0,四川省,CONSUME,01,,39.75236355251736,116.33852159288195,ANDROID,,北京市大兴区观音寺街道京开辅路,0
100000,,伊春市,国家电网鹤岗市供电金林区分公司,Z,90,APP,2,36.1,M,汉,4486,4,01,PARENTS,COLLEAGUE,2,70.0,黑龙江省,CONSUME,01,,47.6334609130082,129.4477660394051,ANDROID,,黑龙江省伊春市金林区丰丽经营林场,0
100000,103,安庆市,安徽宝顺市政工程有限公司,E,24,APP,2,35.0,M,汉,7097,4,01,MATE,SIBLING,1,88.654,安徽省,CONSUME,01,,33.91083171606677,117.89300187869867,ANDROID,,江苏省徐州市睢宁县金城街道永兴路,0
100000,,南通市,启东市莉润服装店,H,54,APP,3,42.9,F,汉,4053,2,01,FATHER,RELATIVES,3,70.0,江苏省,CONSUME,01,,31.782268,121.675742,ANDROID,,江苏省南通市启东市汇龙镇金沙江东路,0
100000,,信阳市,上海三快智送科技有限公司,Z,90,XCX,2,29.1,M,汉,6698,2,01,FATHER,FRIENDS,2,70.0,河南省,CONSUME,01,,31.05363009982639,121.76247287326389,ANDROID,,上海市浦东新区惠南镇靖海路,0
100000,,德阳市,北京木子京鼎餐饮有限公司,I,54,XCX,2,32.1,M,苗,5326,4,01,PARENTS,RELATIVES,2,70.0,四川省,CONSUME,01,,39.75236355251736,116.33852159288195,ANDROID,,北京市大兴区观音寺街道京开辅路,0
100000,,南通市,启东市莉润服装店,H,54,APP,3,42.9,F,汉,4053,2,01,FATHER,RELATIVES,3,70.0,江苏省,CONSUME,01,,31.782268,121.675742,ANDROID,,江苏省南通市启东市汇龙镇金沙江东路,0
100000,102,郑州市,荥阳市七叶幼儿园,P,13,APP,3,31.7,F,汉,934,4,,PARENTS,MATE,1,70.0,河南省,CONSUME,01,,34.743403,113.648456,ANDROID,,河南省郑州市二七区蜜蜂张街道京广北路15号,0
100000,,宜宾市,科涵冻品配送中心,Z,90,APP,2,40.3,M,汉,4837,2,01,FATHER,FRIENDS,3,90.18861,四川省,CONSUME,01,,28.74933805738557,104.59965304545928,ANDROID,,四川省宜宾市翠屏区西郊街道翠柏路,0
100000,,盐城市,江苏顺丰速运有限公司,Z,90,XCX,2,33.4,M,汉,4716,4,01,MATE,FRIENDS,1,90.766,江苏省,CONSUME,01,,32.12931,118.835296,ANDROID,,江苏省南京市栖霞区迈皋桥街道燕尧路,0
100000,103,曲靖市,胜鑫印刷厂,A,27,APP,2,27.8,M,汉,2299,4,01,MATE,SIBLING,2,70.0,云南省,CONSUME,01,,25.479715,103.795413,ANDROID,,云南省曲靖市麒麟区南宁街道G56(沪昆高速),0
100000,105,绵阳市,四川麦创工程有限公司,E,24,APP,2,22.8,M,汉,2303,2,01,MATE,MOTHER,2,89.602,四川省,CONSUME,01,,31.552103764136964,120.43959491555384,ANDROID,,江苏省无锡市新吴区梅村街道锡贤路,0
100000,105,兰州市,兰州交通发展建设集团,E,24,APP,4,34.4,M,汉,532,4,01,FATHER,FRIENDS,2,70.0,甘肃省,CONSUME,01,,36.066574,103.881726,ANDROID,,甘肃省兰州市城关区雁北街道雁园路,0
100000,102,张家界市,佛山市顺德区勒流上江小学,P,13,APP,4,38.0,M,汉,5635,3,01,FRIENDS,FATHER,1,90.431,湖南省,CONSUME,01,,28.11443664620231,113.03655645245702,ANDROID,,湖南省长沙市雨花区洞井街道丽井路,0
100000,105,衢州市,杭州喜通网络科技有限公司,G,13,APP,3,30.7,M,汉,5763,2,01,OTHER,OTHER,2,70.0,浙江省,CONSUME,01,,30.274075,119.942552,ANDROID,,浙江省杭州市余杭区余杭街道安乐路,0
100000,103,天津市,天津通全程客运服务有限公司,F,17,XCX,2,48.9,M,汉,343,2,01,PARENTS,SIBLING,2,70.0,天津市,CONSUME,01,,38.99912730069213,117.26973160249375,ANDROID,,天津市西青区大寺镇兴业道,0
100000,102,廊坊市,可口可乐,H,54,APP,3,34.1,F,满,4389,4,01,SIBLING,FRIENDS,1,70.0,河北省,CONSUME,01,,39.76229749250348,117.02537514202328,IOS,,河北省廊坊市香河县淑阳镇东外环路,0
100000,103,天津市,天津通全程客运服务有限公司,F,17,XCX,2,48.9,M,汉,343,2,01,PARENTS,SIBLING,2,70.0,天津市,CONSUME,01,,38.99912730069213,117.26973160249375,ANDROID,,天津市西青区大寺镇兴业道,0
100000,102,驻马店市,河南伍加壹信息科技有限公司,G,13,APP,3,29.4,F,汉,6568,2,01,FRIENDS,MOTHER,2,95.072,河南省,CONSUME,01,,34.67973051583858,113.50574513934109,ANDROID,,河南省郑州市二七区马寨镇G3001(郑州绕城高速),0
100000,,广州市,南丰强制隔离戒毒所,Z,90,XCX,4,48.1,M,汉,3819,4,01,FATHER,FRIENDS,1,70.0,广东省,CONSUME,01,,23.2601004874251,112.99290857711381,ANDROID,,广东省佛山市三水区乐平镇思齐路,0
100000,302,泰州市,江苏延炼化工有限公司,C,24,XCX,3,41.0,M,汉,2456,3,01,FATHER,FRIENDS,1,70.0,江苏省,CONSUME,01,,30.915793371725429,120.5053907021645,ANDROID,,江苏省苏州市吴江区震泽镇震泽大道,0
100000,102,驻马店市,河南伍加壹信息科技有限公司,G,13,XCX,3,29.4,F,汉,6568,2,01,FRIENDS,MOTHER,2,95.072,河南省,CONSUME,01,,34.67973051583858,113.50574513934109,ANDROID,,河南省郑州市二七区马寨镇G3001(郑州绕城高速),0
100000,105,辽阳市,本溪市冠廷假日酒店,I,54,APP,3,45.5,F,汉,1709,3,01,PARENTS,FRIENDS,2,70.0,辽宁省,CONSUME,01,,41.29269607903258,123.77620882529,ANDROID,,辽宁省本溪市平山区平山街道高中街,0
100000,105,阜阳市,阜阳市人人鑫汽车销售有限公司,H,54,XCX,4,37.3,M,汉,4364,2,01,FATHER,FRIENDS,2,86.567,安徽省,CONSUME,01,,23.177035344272924,113.33807429462867,IOS,,广东省广州市天河区元岗街道下元岗西大街,0
100000,102,达州市,广州聚顺电子商务有限公司,G,13,XCX,3,28.6,M,汉,1027,3,01,MOTHER,FRIENDS,2,70.0,四川省,CONSUME,01,,23.18566948784722,113.24863959418403,ANDROID,,广东省广州市白云区棠景街道三元里大道1319号,0
100000,104,佛山市,欧阳振威个人工作室,Z,90,XCX,4,24.6,M,汉,2882,2,01,FATHER,FRIENDS,2,70.0,广东省,CONSUME,01,,23.013095706379557,113.33711917190321,ANDROID,,广东省广州市番禺区南村镇南大干线辅路,0
100000,102,大理白族自治州,五光十色灯具店,Z,90,XCX,2,27.7,F,汉,92,2,01,MATE,RELATIVES,1,70.0,云南省,CONSUME,01,,25.469098,100.571568,ANDROID,,云南省大理白族自治州祥云县祥城镇,0
100000,,十堰市,上海邮政快递宝山友谊路营业部,F,17,XCX,2,40.3,M,汉,4752,4,01,MATE,COLLEAGUE,1,91.751,湖北省,CONSUME,01,,31.41225204191637,121.49467818404323,ANDROID,,上海市宝山区友谊路街道G1503(郊环隧道),0
100000,,信阳市,樊顺成个人工作室,Z,90,APP,4,35.4,M,汉,4647,2,01,SIBLING,SIBLING,2,86.804,河南省,CONSUME,01,,32.146124,114.066158,ANDROID,,河南省信阳市平桥区前进街道铁板桥路,0
100000,,重庆市,刘鑫宇个人工作室,Z,90,XCX,4,27.9,M,汉,2962,2,01,PARENTS,FRIENDS,2,70.0,重庆市,CONSUME,01,,29.478584862677747,107.44054286821026,ANDROID,,重庆市武隆区鸭江镇X786(鸭大路),0
100000,105,昭通市,省耕山水乐活物业,L,17,APP,2,41.0,F,汉,4486,4,01,MATE,FRIENDS,1,70.0,云南省,CONSUME,01,,27.3456776936951,103.73901173372227,ANDROID,,云南省昭通市昭阳区太平街道G352(彩云路),0
100000,104,阳江市,顺家工贸有限公司,C,24,APP,2,46.4,M,汉,4068,4,01,PARENTS,RELATIVES,1,70.0,广东省,CONSUME,01,,21.903741319444446,111.97263916015625,ANDROID,,广东省阳江市江城区岗列街道振兴路,0
100000,102,保定市,美莱医学美容医院,Q,11,XCX,3,23.6,M,汉,1743,3,01,FRIENDS,SIBLING,2,87.292,河北省,CONSUME,01,,31.12782663175863,121.83484208699453,IOS,,上海市浦东新区祝桥镇星锦大道,0
100000,,成都市,林发个人工作室,Z,90,XCX,4,41.3,M,汉,4952,3,01,SIBLING,FRIENDS,3,89.632,四川省,CONSUME,01,,30.780013299624128,104.18452720578259,ANDROID,,四川省成都市新都区石板滩街道七先路,0
100000,103,南通市,南通梦玉红木制品有限公司,C,24,APP,3,27.3,M,汉,1039,4,01,FATHER,FRIENDS,1,70.0,江苏省,CONSUME,01,,30.982602810329862,121.2589076063368,ANDROID,,上海市松江区车墩镇北塘路,0
100000,102,保定市,美莱医学美容医院,Q,11,XCX,3,23.6,M,汉,1743,3,01,FRIENDS,SIBLING,2,87.292,河北省,CONSUME,01,,31.12782663175863,121.83484208699453,IOS,,上海市浦东新区祝桥镇星锦大道,0
100000,105,合肥市,铜陵惠和汽车销售服务有限公司,H,54,XCX,3,29.1,M,汉,1093,4,,FATHER,FATHER,1,87.288,安徽省,CONSUME,01,,30.937977701822916,117.89739149305555,ANDROID,,安徽省铜陵市铜官区西湖镇铜都大道,0
100000,,汕尾市,李春宝个人工作室,Z,90,APP,2,26.9,M,汉,953,2,01,FRIENDS,SIBLING,2,80.766,广东省,CONSUME,01,,22.857406,116.108359,ANDROID,,广东省汕尾市陆丰市甲东镇,0
100000,,上海市,上海复控华龙微系统技术有限公司,Z,90,XCX,3,40.1,F,汉,3600,4,01,MOTHER,MATE,1,70.0,上海市,CONSUME,01,,31.285051038522118,121.52838638452107,ANDROID,,上海市杨浦区延吉新村街道永吉路180号,0
100000,,遂宁市,自主装修。,E,24,APP,2,27.5,M,汉,297,2,01,FATHER,FRIENDS,2,70.0,四川省,CONSUME,01,,29.543062608506943,106.51789306640624,ANDROID,,重庆市渝中区大坪街道长江二路51-57号,0
100000,,池州市,苏州小数点信息科技有限公司,Z,90,APP,3,39.6,M,汉,5568,4,01,MATE,SIBLING,1,70.0,安徽省,CONSUME,01,,30.624743,117.8504,ANDROID,,安徽省池州市青阳县蓉城镇滨湖西路,0
100000,102,白城市,北京泽木兴源餐饮管理有限公司,H,54,XCX,2,43.9,M,汉,784,2,01,MATE,FRIENDS,1,70.0,吉林省,CONSUME,01,,40.12394,116.657529,ANDROID,,北京市顺义区光明街道大东路,0
100000,105,周口市,龙工挖掘机制造有限公司,G,13,XCX,2,27.5,M,汉,847,3,01,MOTHER,FRIENDS,2,70.0,河南省,CONSUME,01,,31.769814451821885,120.05773737506275,ANDROID,,江苏省常州市武进区潞城街道五一路168号,0
100000,,济南市,泰安一滕酒店管理有限公司,I,54,XCX,3,30.1,F,汉,1219,2,01,MATE,FRIENDS,1,70.0,山东省,CONSUME,01,,36.1864961824636,116.74101008950021,ANDROID,,山东省泰安市肥城市新城街道新城路辅路,0
100000,105,周口市,龙工挖掘机制造有限公司,G,13,XCX,2,27.5,M,汉,847,3,01,MOTHER,FRIENDS,2,70.0,河南省,CONSUME,01,,31.769814451821885,120.05773737506275,ANDROID,,江苏省常州市武进区潞城街道五一路168号,0
100000,105,盐城市,王中玉个人工作室,Z,90,XCX,2,48.7,F,汉,5333,2,01,FATHER,FATHER,1,70.0,江苏省,CONSUME,01,,33.31719,119.78494,ANDROID,,江苏省盐城市盐都区楼王镇,0
100000,102,承德市,宽广超市,H,54,APP,2,42.1,F,蒙古,4713,3,,MATE,FRIENDS,1,70.0,河北省,CONSUME,01,,41.416485,115.706881,ANDROID,,河北省张家口市沽源县小厂镇草原天路,0
100000,102,保定市,隆泰物业,Z,90,APP,3,26.2,M,蒙古,658,4,01,MOTHER,COLLEAGUE,2,70.0,河北省,CONSUME,01,,39.334037,115.864089,ANDROID,,河北省保定市高碑店市北城街道和顺胡同,0
100000,,常州市,溧阳德立森电梯有限公司,C,24,XCX,4,44.0,M,汉,5385,2,01,FATHER,MATE,1,70.0,江苏省,CONSUME,01,,31.36987548828125,119.46647298177083,ANDROID,,江苏省常州市溧阳市古县街道滨河路,0
100000,105,咸阳市,科大思源幼儿园,P,13,XCX,3,37.0,F,汉,4248,4,01,PARENTS,MATE,1,70.0,陕西省,CONSUME,02,,34.612200289049948,108.96347188863001,ANDROID,,陕西省咸阳市三原县渠岸镇,0
100000,102,内江市,台州中益环保科技有限公司,M,11,APP,4,31.2,M,汉,978,4,01,FATHER,FRIENDS,2,70.0,四川省,CONSUME,02,,28.662386204461805,121.48308994077641,ANDROID,,浙江省台州市椒江区海门街道群英路,0
100000,102,上海市,上海睿渠医疗科技有限公司,Z,90,XCX,2,37.3,F,汉,3836,4,,FRIENDS,FRIENDS,1,70.0,上海市,CONSUME,01,,31.242935655381945,121.55657253689236,ANDROID,,上海市浦东新区洋泾街道羽山路1487号,0
100000,,保定市,圣翔染厂,C,24,XCX,2,40.9,M,汉,5237,2,01,FATHER,FRIENDS,1,70.0,河北省,CONSUME,01,,38.5329603407118,115.90607177734375,ANDROID,,河北省保定市高阳县庞家佐镇小康街,0
100000,104,福州市,赵毅个人工作室,Z,90,XCX,2,23.8,M,汉,2460,4,01,CHILDREN,FRIENDS,2,92.018,福建省,CONSUME,01,,26.08729093049628,119.36943577368716,ANDROID,,福建省福州市晋安区鼓山镇,0
100000,103,咸阳市,陕西鑫铝环保科技有限公司,M,11,APP,4,33.6,M,汉,5924,2,01,PARENTS,COLLEAGUE,1,70.0,陕西省,CONSUME,01,,34.23247648988685,108.23397481759558,ANDROID,,陕西省咸阳市武功县小村镇,0
100000,,蚌埠市,余姚市陆涛电器厂,Z,90,XCX,2,39.4,M,汉,5003,2,01,MOTHER,FRIENDS,1,70.0,安徽省,CONSUME,01,,30.172273134168415,121.03714541130366,ANDROID,,浙江省宁波市余姚市泗门镇四海大道,0
100000,103,宿州市,筱笼焖面,I,54,APP,2,30.3,M,汉,399,3,01,RELATIVES,RELATIVES,1,70.0,安徽省,CONSUME,01,,31.119602,121.332338,ANDROID,,上海市松江区九亭镇八千沟防汛通道,0
100000,307,吕梁市,柳林县李文杰烟酒副食门市部,Z,90,APP,3,39.6,F,汉,4181,2,01,MATE,SIBLING,1,70.0,山西省,CONSUME,01,,37.927661,110.994686,ANDROID,,山西省吕梁市临县安业乡,0
100000,103,宿州市,筱笼焖面,I,54,APP,2,30.3,M,汉,399,3,01,RELATIVES,RELATIVES,1,70.0,安徽省,CONSUME,01,,31.119602,121.332338,ANDROID,,上海市松江区九亭镇八千沟防汛通道,0
100000,,商丘市,河南省融创智慧公司,Z,90,XCX,4,36.2,M,汉,5942,4,01,RELATIVES,COLLEAGUE,1,70.0,河南省,CONSUME,01,,34.2403390611485,116.16967764837517,ANDROID,,河南省商丘市夏邑县曹集乡,0
100000,307,吕梁市,柳林县李文杰烟酒副食门市部,Z,90,APP,3,39.6,F,汉,4181,2,01,MATE,SIBLING,1,70.0,山西省,CONSUME,01,,37.927661,110.994686,ANDROID,,山西省吕梁市临县安业乡,0
100000,,商丘市,河南省融创智慧公司,Z,90,XCX,4,36.2,M,汉,5942,4,01,RELATIVES,COLLEAGUE,1,70.0,河南省,CONSUME,01,,34.2403390611485,116.16967764837517,ANDROID,,河南省商丘市夏邑县曹集乡,0
100000,,宿迁市,宿城区欣妍服装缝纫厂,Z,90,APP,3,43.4,F,汉,4117,4,01,MATE,CHILDREN,1,70.0,江苏省,CONSUME,01,,33.777285,118.383435,ANDROID,,江苏省宿迁市宿城区洋河镇米市街,0
100000,,德州市,个人经营,Z,90,XCX,2,32.9,F,汉,680,4,01,FATHER,COLLEAGUE,1,70.0,山东省,CONSUME,01,,36.99345458984375,116.05915445963542,ANDROID,,山东省德州市夏津县南城镇,0
100000,103,淮安市,芒市南站,H,54,XCX,2,38.0,F,汉,5901,4,01,RELATIVES,FRIENDS,1,70.0,江苏省,CONSUME,01,,24.427647,98.581806,ANDROID,,云南省德宏傣族景颇族自治州芒市风平镇新村一巷77,0
100000,,滨州市,高帅个人工作室,Z,90,APP,4,24.7,M,汉,1997,2,01,MATE,COLLEAGUE,2,70.0,山东省,CONSUME,01,,36.92177054799016,117.79611506240974,ANDROID,,山东省滨州市邹平市高新街道北外环,0
100000,,滨州市,高帅个人工作室,Z,90,APP,4,24.7,M,汉,1997,2,01,MATE,COLLEAGUE,2,70.0,山东省,CONSUME,01,,36.91567898220486,117.78346571180556,ANDROID,,山东省滨州市邹平市韩店镇,0
100000,103,徐州市,智猛个人工作室,Z,90,APP,2,35.0,M,汉,5315,4,01,MATE,SIBLING,1,70.0,江苏省,CONSUME,01,,34.38508360141101,118.35826708953785,ANDROID,,江苏省徐州市新沂市北沟街道徐海路辅路,0
100000,,宣城市,滁州市润木园林建设有限公司,Z,90,XCX,3,29.3,M,汉,6156,3,01,PARENTS,MOTHER,1,70.0,安徽省,CONSUME,01,,31.986866319444445,118.73448947482639,ANDROID,,江苏省南京市建邺区沙洲街道河西大街,0
100000,104,信阳市,陈莹莹个人工作室,Z,90,APP,4,27.3,F,汉,849,2,01,FATHER,SIBLING,2,70.0,河南省,CONSUME,01,,34.59295362362787,119.19318669201432,ANDROID,,江苏省连云港市海州区新东街道建园路18-19号,0
100000,,亳州市,鑫彪科技有限公司,Z,90,APP,3,22.8,M,汉,2270,3,01,RELATIVES,RELATIVES,2,70.0,安徽省,CONSUME,01,,33.85130228761616,115.78467163134742,ANDROID,,安徽省亳州市谯城区薛阁街道马元中心路,1
100000,105,鹰潭市,广东省航电锂能科技有限公司,Z,90,APP,4,23.5,M,汉,2083,3,01,MOTHER,FATHER,2,70.0,江西省,CONSUME,01,,22.703385,114.169925,ANDROID,,广东省东莞市凤岗镇英才路,0
100000,403,自贡市,四川厚沃新能源科技有限公司,G,13,APP,2,28.7,M,汉,1865,4,01,PARENTS,FRIENDS,2,70.0,四川省,CONSUME,01,,29.355653580473914,104.93245647235323,ANDROID,,四川省自贡市大安区新店镇,0
100000,403,鄂州市,玉环中学食堂,P,13,APP,3,44.2,M,汉,2457,3,01,FATHER,COLLEAGUE,1,70.0,湖北省,CONSUME,02,,28.123152,121.257189,ANDROID,,浙江省台州市玉环市玉城街道永安桥,0
100000,104,武汉市,国药集团基因科技有限公司,M,11,XCX,4,40.2,M,汉,5646,4,01,PARENTS,COLLEAGUE,1,89.759,湖北省,CONSUME,01,,30.521003079723906,114.4359892069648,ANDROID,,湖北省武汉市洪山区关山街道圃园路,1
100000,105,襄阳市,金华市江南艺术幼儿园,P,13,XCX,4,31.0,F,汉,6345,4,01,PARENTS,MOTHER,1,95.072,湖北省,CONSUME,02,,30.39021281960551,120.28776773423066,ANDROID,,浙江省杭州市临平区乔司街道望梅路,1
100000,105,电白县,德邦物流,F,17,XCX,3,39.5,M,汉,3829,4,01,FRIENDS,FRIENDS,2,70.0,广东省,CONSUME,01,,23.144711536521267,113.202377996680994,ANDROID,,广东省佛山市南海区大沥镇建设大道,0
100000,104,西安市,陕西日辰生物科技有限公司,M,11,APP,4,36.5,M,汉,4885,2,01,FATHER,FATHER,2,70.0,陕西省,CONSUME,01,,34.3328188314876,108.93526153137047,IOS,,陕西省西安市未央区张家堡街道凤城五路辅路,0
100000,,邵阳市,金华市婺城区维多利亚整形,Q,11,XCX,2,39.1,M,汉,6385,3,01,RELATIVES,FRIENDS,2,89.435,湖南省,CONSUME,01,,29.071462174570408,119.65246456097617,ANDROID,,浙江省金华市婺城区三江街道八一南街1263号,0
100000,,淮安市,众心幼儿园,P,13,XCX,3,25.6,F,汉,243,4,01,MATE,FATHER,2,70.0,江苏省,CONSUME,01,,33.416753472222226,118.88815836588542,ANDROID,,江苏省淮安市淮阴区高家堰镇,0
100000,,益阳市,海底捞火锅,I,54,APP,2,27.0,M,汉,399,2,01,FATHER,MATE,1,70.0,湖南省,CONSUME,01,,28.578289,112.359624,ANDROID,,湖南省益阳市赫山区龙光桥街道龙新巷,0
100000,,恩施土家族苗族自治州,个体工商户,Z,90,XCX,3,42.6,F,土家,4840,3,01,MATE,FRIENDS,1,70.0,湖北省,CONSUME,01,,29.88295355902778,110.02268798828125,ANDROID,,湖北省恩施土家族苗族自治州鹤峰县容美镇一中路,0
100000,,恩施土家族苗族自治州,个体工商户,Z,90,XCX,3,42.6,F,土家,4840,3,01,MATE,FRIENDS,1,70.0,湖北省,CONSUME,01,,29.88295355902778,110.02268798828125,ANDROID,,湖北省恩施土家族苗族自治州鹤峰县容美镇一中路,0
100000,102,徐州市,船舶运输,F,17,APP,2,33.3,M,汉,6904,4,01,MOTHER,MATE,1,88.291,江苏省,CONSUME,02,,34.83386638009483,116.98262750617882,ANDROID,,山东省济宁市微山县西平镇,0
100000,105,上海市,上海艾夏,H,54,XCX,3,45.7,F,汉,3448,4,01,MATE,RELATIVES,1,70.0,上海市,CONSUME,01,,31.27299501315391,121.4724866054512,IOS,,上海市虹口区广中路街道西江湾路388号-a座-5层,0
100000,103,合肥市,安徽医科大学第二附属医院,Q,11,APP,4,38.2,M,汉,3919,3,,FATHER,FRIENDS,1,90.271,安徽省,CONSUME,01,,31.79322474237257,117.2316471977493,ANDROID,,安徽省合肥市蜀山区莲花社区莲花路,0
100000,,漯河市,河南省中软网络技术有限公司,G,13,XCX,3,28.0,M,汉,109,3,01,FATHER,MOTHER,2,70.0,河南省,CONSUME,01,,34.76981681959369,113.74699242064348,ANDROID,,河南省郑州市金水区祭城路街道正光路16号,1
100000,,肇庆市,肇庆市鸿源经贸有限公司,Z,90,APP,4,29.4,M,汉,516,4,01,PARENTS,FRIENDS,2,70.0,广东省,CONSUME,01,,23.07193819045569,112.46980157170965,ANDROID,,广东省肇庆市端州区城东街道水月东堤,0
100000,102,阜阳市,常州昌瑞汽车,G,13,APP,2,29.0,F,汉,7023,3,01,CHILDREN,RELATIVES,2,70.0,安徽省,CONSUME,01,,31.790474747755689,119.9204435235834,ANDROID,,江苏省常州市钟楼区五星街道勤业路90号,0
100000,,平凉市,天水长城开关厂集团有限公司,Z,90,APP,4,27.1,M,汉,1086,2,01,MOTHER,SIBLING,1,88.457,甘肃省,CONSUME,01,,34.559178,105.935674,ANDROID,,甘肃省天水市麦积区社棠镇社棠路,0
100000,105,忻州市,太原工具厂(胜利街),C,24,APP,2,34.8,F,汉,5057,2,01,RELATIVES,FRIENDS,1,70.0,山西省,CONSUME,01,,38.71066650390625,112.69825900607638,ANDROID,,山西省忻州市原平市新原街道,0
100000,,潍坊市,芝罘区陶珂熟食店,Z,90,XCX,4,29.6,M,汉,179,4,01,FATHER,FRIENDS,2,70.0,山东省,CONSUME,01,,37.488990584542069,121.3769518362205,ANDROID,,山东省烟台市芝罘区黄务街道凤鸣路,0
100000,,平凉市,天水长城开关厂集团有限公司,Z,90,XCX,4,27.1,M,汉,1086,2,01,MOTHER,SIBLING,1,88.457,甘肃省,CONSUME,01,,34.559178,105.935674,ANDROID,,甘肃省天水市麦积区社棠镇社棠路,0
100000,,清远市,叶细文个人工作室,Z,90,APP,3,47.8,M,汉,3033,4,01,RELATIVES,RELATIVES,1,70.0,广东省,CONSUME,01,,23.731161566840278,113.01939778645833,ANDROID,,广东省清远市清新区太和镇飞来北路,0
100000,,汕尾市,良风茶行,Z,90,XCX,3,45.8,F,汉,259,4,01,FATHER,FATHER,1,70.0,广东省,CONSUME,01,,23.39390570746528,115.88969672309028,ANDROID,,广东省揭阳市揭西县坪上镇G238(坪上大道),0
100000,102,宁波市,宁波麦普领克人力资源服务有限公司,O,17,XCX,4,30.3,F,汉,7071,4,01,OTHER,OTHER,2,79.884,浙江省,CONSUME,01,,29.773984848161953,121.7026399793503,ANDROID,,浙江省宁波市鄞州区东钱湖镇,0
100000,102,扬州市,鸿泉制衣,C,24,XCX,2,39.7,F,汉,4147,4,01,MATE,FRIENDS,1,70.0,江苏省,CONSUME,01,,32.81537000868055,119.45785970052083,ANDROID,,江苏省扬州市高邮市马棚街道太湖路,1
100000,,怒江傈僳族自治州,福贡县人民医院,Z,90,APP,4,35.9,F,傈僳,5441,4,01,FATHER,FRIENDS,1,87.741,云南省,CONSUME,01,,26.91175414430903,98.87242387889971,ANDROID,,云南省怒江傈僳族自治州福贡县上帕镇G219,0
100000,,清远市,叶细文个人工作室,Z,90,XCX,3,47.8,M,汉,3033,4,01,RELATIVES,RELATIVES,1,70.0,广东省,CONSUME,01,,23.731161566840278,113.01939778645833,ANDROID,,广东省清远市清新区太和镇飞来北路,0
100000,105,泉州市,港发石材,H,54,APP,2,31.0,M,汉,5760,2,01,COLLEAGUE,RELATIVES,2,70.0,福建省,CONSUME,01,,32.198284275269887,119.47008470988584,ANDROID,,江苏省镇江市京口区正东路街道张家湾路,0
100000,,赣州市,美团众包,Z,90,APP,2,26.7,M,汉,3374,2,01,PARENTS,PARENTS,2,70.0,江西省,CONSUME,01,,22.985346631903128,113.13281081569289,ANDROID,,广东省佛山市禅城区石湾镇街道X507(东平二路),0
100000,,保定市,张晗个人工作室,Z,90,XCX,3,26.0,F,汉,1708,4,01,FATHER,COLLEAGUE,2,70.0,河北省,CONSUME,01,,39.30363747898129,115.47038515242942,ANDROID,,河北省保定市易县高村镇,0
100000,,昭通市,昭通市迅驰汽车服务有限公司,O,17,XCX,2,34.4,M,回,4742,4,01,MATE,FRIENDS,1,70.0,云南省,CONSUME,01,,27.35456961614454,103.74884722124173,ANDROID,,云南省昭通市昭阳区太平街道太水段,0
100000,,永州市,御龙轩健康管理有限公司,Q,11,APP,2,23.6,M,汉,915,2,01,FATHER,FRIENDS,2,70.0,湖南省,CONSUME,01,,22.646709,113.920023,ANDROID,,广东省深圳市宝安区石岩街道松白路辅路,0
100000,,无锡市,江苏康宁化学有限公司,C,24,XCX,3,40.0,M,汉,3458,3,01,FATHER,FRIENDS,1,70.0,江苏省,CONSUME,01,,31.827388547514969,120.45216311405075,ANDROID,,江苏省无锡市江阴市华士镇环西路,0
100000,,汕头市,中泰货货,J,13,XCX,2,47.1,M,汉,1280,2,01,MATE,FATHER,1,70.0,广东省,CONSUME,01,,23.582616766860114,116.73738038060637,ANDROID,,广东省汕头市澄海区隆都镇,0
100000,,盐城市,江苏省农垦农业发展股份有限公司黄海分公司,Z,90,APP,4,37.8,M,汉,5694,2,01,MATE,COLLEAGUE,1,95.536,江苏省,CONSUME,01,,34.267975,119.984977,ANDROID,,江苏省盐城市响水县省属黄海农场,0
100000,102,曲靖市,老街饵丝,I,54,XCX,3,39.1,M,汉,4724,2,01,MATE,SIBLING,1,90.665,云南省,CONSUME,02,,25.456105143229166,103.80180338541666,ANDROID,,云南省曲靖市麒麟区南宁街道水寨路,0
100000,,盐城市,个体工商户,Z,90,APP,2,39.9,M,汉,3466,2,01,MATE,FRIENDS,1,70.0,江苏省,CONSUME,01,,33.982541,119.834819,ANDROID,,江苏省盐城市滨海县坎南街道阜东南路167号,0
100000,102,北京市,北京保安公司,O,17,APP,3,39.6,F,汉,5015,4,01,MATE,FRIENDS,2,70.0,北京市,CONSUME,02,,39.930331,116.218422,ANDROID,,北京市海淀区四季青(地区)镇巨山立交桥,1
100000,105,宜昌市,宜昌市夷陵区经发集团,H,54,APP,4,45.6,M,汉,4039,4,01,FATHER,SIBLING,1,89.102,湖北省,CONSUME,01,,30.777713830217836,111.327187552993,ANDROID,,湖北省宜昌市夷陵区小溪塔街道夷兴大道,0
100000,105,厦门市,连艳群个人工作室,Z,90,APP,3,42.9,F,汉,2624,4,01,MOTHER,SIBLING,1,70.0,福建省,CONSUME,01,,24.607630323856747,118.11150235003892,ANDROID,,福建省厦门市集美区侨英街道同集南路328-330号3f,0
100000,102,安康市,依欣非尔,H,54,APP,3,36.2,F,汉,4913,4,01,FATHER,RELATIVES,2,76.59334,陕西省,CONSUME,01,,34.194078856238117,108.92508047402318,ANDROID,,陕西省西安市雁塔区长延堡街道东仪路辅路,0
100000,,保定市,河北满通环境工程有限公司,Z,90,APP,3,38.7,M,汉,4665,2,01,FRIENDS,COLLEAGUE,1,70.0,河北省,CONSUME,02,,38.994799,115.328403,ANDROID,,河北省保定市满城区神星镇,0
100000,104,西安市,徐红院个人工作室,Z,90,APP,2,43.6,F,汉,2012,4,01,MATE,FATHER,1,70.0,陕西省,CONSUME,01,,34.346458961636979,108.98207856217967,ANDROID,,陕西省西安市未央区谭家街道众德路,1
100000,,河池市,黄尚丰个人工作室,Z,90,APP,2,41.4,M,壮,4440,3,01,MATE,FRIENDS,1,70.0,广西壮族自治区,CONSUME,01,,23.321267632378472,112.8655539279514,ANDROID,,广东省肇庆市四会市东城街道,0
100000,,开封市,河南大铭装饰设计工程有限公司,E,24,APP,3,30.7,M,汉,1270,4,01,PARENTS,COLLEAGUE,1,70.0,河南省,CONSUME,02,,31.936292,120.332459,ANDROID,,江苏省无锡市江阴市城东街道X205(长山大道),0
100000,102,丹东市,合众创亚盛道,J,13,APP,3,39.3,F,汉,3829,2,01,RELATIVES,FRIENDS,1,70.0,辽宁省,CONSUME,01,,39.35290914726149,121.85572638258424,ANDROID,,辽宁省大连市金州区石河街道北环线,0
100000,,毕节市,星龙厂有限公司,O,17,XCX,2,28.1,M,回,471,2,01,MOTHER,FRIENDS,2,91.742,贵州省,CONSUME,01,,29.46577,120.096477,ANDROID,,浙江省金华市义乌市大陈镇梅坞大道,0
100000,102,泉州市,泉州中荣幕墙装饰有限公司,E,24,APP,3,24.4,M,汉,2048,4,01,FATHER,FRIENDS,2,78.963585,福建省,CONSUME,01,,24.918204022592755,118.50777898390857,ANDROID,,福建省泉州市鲤城区常泰街道江南大街,0
100000,102,安康市,南香木桶饭,I,54,XCX,2,28.3,F,汉,1612,2,,SIBLING,SIBLING,2,83.702,陕西省,CONSUME,01,,22.99172824435764,114.08159722222223,ANDROID,,广东省东莞市桥头镇东深旱桥,0
100000,102,佳木斯市,黑龙江药博士医药连锁有限公司汤圆三店,H,54,APP,3,29.4,F,汉,120,3,,MATE,RELATIVES,1,70.0,黑龙江省,CONSUME,02,,46.732877,129.903953,ANDROID,,黑龙江省佳木斯市汤原县汤原镇G102(京抚路),0
100000,,亳州市,维信诺科技有限公司,Z,90,APP,4,22.6,M,汉,1683,2,01,SIBLING,COLLEAGUE,2,91.941,安徽省,CONSUME,01,,31.937999,117.318267,ANDROID,,安徽省合肥市瑶海区七里塘街道桐柏路,0
100000,403,秦皇岛市,田秀娇个人工作室,O,17,XCX,2,33.6,F,满,5105,4,01,MOTHER,SIBLING,1,70.0,河北省,CONSUME,01,,40.36522081163194,118.78006917317708,ANDROID,,河北省秦皇岛市青龙满族自治县娄杖子镇,0
100000,105,阜阳市,浙江毅升美滋电子商务有限公司,G,13,APP,2,32.3,M,汉,224,2,01,MATE,FATHER,1,70.0,安徽省,CONSUME,01,,29.950262075019,121.543205266947,ANDROID,,浙江省宁波市江北区庄桥街道康庄北路辅路,0
100000,105,常德市,常德雄鹰科技有限公司,G,13,XCX,3,44.1,M,回,3726,3,01,MATE,FRIENDS,1,76.98997,湖南省,CONSUME,01,,31.10049359380375,116.31708601647329,ANDROID,,安徽省安庆市岳西县黄尾镇,0
100000,,秦皇岛市,斐乐斐尚服饰有限公司,Z,90,XCX,4,25.4,M,汉,1652,4,01,COLLEAGUE,FRIENDS,2,70.0,河北省,CONSUME,01,,39.92450276318207,119.55046362697232,ANDROID,,河北省秦皇岛市海港区珠江道街道珠江道18号,0
100000,102,茂名市,广州恒大燃气有限公司,D,17,XCX,2,42.9,M,汉,4032,4,01,PARENTS,FRIENDS,1,70.0,广东省,CONSUME,01,,23.293379177517362,113.3450634765625,ANDROID,,广东省广州市白云区大源街道G15(沈海高速),0
100000,403,南宁市,石桥餐厅,I,54,APP,2,33.4,M,壮,6226,2,01,PARENTS,FRIENDS,2,86.728,广西壮族自治区,CONSUME,01,,22.51766647786329,112.95103747636634,ANDROID,,广东省江门市新会区大泽镇G240,0
100000,102,南充市,四川迎盛工程检测有限公司,Z,90,APP,4,33.1,M,汉,5329,3,01,RELATIVES,FRIENDS,1,70.0,四川省,CONSUME,01,,33.008581,102.973483,ANDROID,,四川省阿坝藏族羌族自治州红原县色地镇,0
100000,105,合肥市,安徽日月建设工程有限公司,E,24,XCX,2,32.7,M,汉,6754,2,01,FRIENDS,SIBLING,2,88.808,安徽省,CONSUME,01,,31.778037536764388,117.24469908748464,ANDROID,,安徽省合肥市蜀山区海恒社区繁华大道204号,0
100000,102,南充市,四川迎盛工程检测有限公司,Z,90,APP,4,33.1,M,汉,5329,3,01,RELATIVES,FRIENDS,1,70.0,四川省,CONSUME,01,,33.008581,102.973483,ANDROID,,四川省阿坝藏族羌族自治州红原县色地镇,0
100000,,荆门市,荆门市东方百货大厦,H,54,XCX,4,31.4,F,汉,5888,3,01,FATHER,FATHER,2,85.583,湖北省,CONSUME,01,,31.00829155815972,112.2037310112847,IOS,,湖北省荆门市东宝区龙泉街道千佛洞路,0
100000,102,赤峰市,赤峰奈何文化传媒有限公司,Z,90,XCX,3,27.8,F,汉,2087,4,01,SIBLING,FRIENDS,2,70.0,内蒙古自治区,CONSUME,01,,39.00697970920139,121.72737630208333,ANDROID,,辽宁省大连市甘井子区大连湾街道,0
100000,105,岳阳市,湖南省岳阳市庆元商行,Z,90,XCX,2,48.6,M,汉,871,3,01,MOTHER,FRIENDS,1,70.0,湖南省,CONSUME,01,,29.377995036881129,113.13648070435137,ANDROID,,湖南省岳阳市岳阳楼区洛王街道冷水铺路115号,0
100000,102,赤峰市,赤峰奈何文化传媒有限公司,Z,90,XCX,3,27.8,F,汉,2087,4,01,SIBLING,FRIENDS,2,70.0,内蒙古自治区,CONSUME,01,,39.00697970920139,121.72737630208333,ANDROID,,辽宁省大连市甘井子区大连湾街道,0
100000,105,重庆市,个体经营肉姐耍屋,Z,90,APP,3,33.5,F,汉,5497,2,01,MATE,RELATIVES,2,91.25429,重庆市,CONSUME,01,,29.564994189484293,106.45796662460232,ANDROID,,重庆市沙坪坝区渝碚路街道沙南街43号-西北30米,0
100000,301,文山壮族苗族自治州,云南普者黑文化旅游开发有限公司,O,17,XCX,3,33.3,F,彝,471,4,01,RELATIVES,RELATIVES,1,70.0,云南省,CONSUME,01,,24.099334898501519,104.13444562017293,IOS,,云南省文山壮族苗族自治州丘北县八道哨彝族乡S305,0
100000,102,昆明市,云南迪庆州平安车队,O,17,APP,2,37.4,F,汉,5517,2,01,PARENTS,PARENTS,1,70.0,云南省,CONSUME,01,,25.107869714520019,102.73024175668216,ANDROID,,云南省昆明市五华区红云街道红园路424号,0
100000,103,徐州市,浙江创特新材科技有限公司,G,13,XCX,4,32.7,F,汉,5762,3,01,MOTHER,FRIENDS,1,86.089,江苏省,CONSUME,01,,30.87873172937452,120.29506896513029,IOS,,浙江省湖州市吴兴区织里镇,1
100000,103,张家口市,蔚县美团外卖北环站,H,54,XCX,3,35.0,M,汉,4500,4,01,PARENTS,FRIENDS,2,70.0,河北省,CONSUME,01,,39.84846785769715,114.59247348769263,ANDROID,,河北省张家口市蔚县蔚州镇康居北大街,0
100000,103,湖州市,小墅农贸市场,S,11,APP,2,49.3,M,汉,4626,3,01,FRIENDS,RELATIVES,1,70.0,浙江省,CONSUME,01,,30.787329143169605,119.8012150427485,ANDROID,,浙江省湖州市安吉县梅溪镇梅溪大道,0
100000,104,滁州市,依洋工艺品,H,54,APP,3,32.0,M,汉,6805,3,01,CHILDREN,MATE,1,70.0,安徽省,CONSUME,01,,28.24396,121.378785,ANDROID,,浙江省台州市玉环市沙门镇吴坑线,0
100000,102,天水市,锐成机械,C,24,APP,2,38.2,M,汉,4098,2,01,MATE,FRIENDS,1,70.0,甘肃省,CONSUME,01,,31.302581612883967,119.82830963009035,ANDROID,,江苏省无锡市宜兴市丁蜀镇陶都路辅路,0
100000,,徐州市,味庄餐饮连锁,I,54,XCX,2,35.5,M,汉,142,4,01,PARENTS,RELATIVES,2,70.0,江苏省,CONSUME,01,,31.29357937282986,120.59928575303819,ANDROID,,江苏省苏州市姑苏区沧浪街道安全村路,0
100000,103,承德市,旻投电力发展有限公司,D,17,XCX,3,32.8,M,满,6411,2,01,FATHER,FATHER,2,94.332,河北省,CONSUME,01,,40.96263927365775,117.79690310316498,ANDROID,,河北省承德市双滦区双塔山镇中心大街21,0
100000,103,重庆市,向中英个人工作室,H,54,APP,3,33.1,F,汉,5599,4,01,MATE,FATHER,1,70.0,重庆市,CONSUME,01,,30.901035440501123,121.23350858268073,IOS,,上海市金山区朱泾镇X019(松金公路),0
100000,105,淮安市,常州市西文动力机械有限公司,C,24,XCX,2,46.1,M,汉,2853,4,01,MATE,COLLEAGUE,1,70.0,江苏省,CONSUME,01,,33.620694,119.042356,ANDROID,,江苏省淮安市淮阴区王家营街道瑞林路,0
100000,,德州市,天津乾元堂有限公司,Z,90,APP,2,23.9,F,汉,1747,2,01,SIBLING,FRIENDS,2,70.0,山东省,CONSUME,01,,39.20997,117.195511,ANDROID,,天津市北辰区宜兴埠镇江河北道16号,0
100000,102,肇庆市,恒生餐厅,I,54,APP,3,42.2,M,汉,4769,4,01,MATE,FRIENDS,1,70.0,广东省,CONSUME,01,,23.131313637917054,113.02121112458359,ANDROID,,广东省佛山市南海区狮山镇信息大道南,0
100000,103,宝鸡市,西安自来水有限公司,G,13,XCX,3,39.5,M,汉,4250,3,01,MATE,MATE,1,88.555,陕西省,CONSUME,01,,34.4120909575994,108.00977679367169,ANDROID,,陕西省宝鸡市扶风县召公镇杏林环线,0
100000,403,株洲市,株洲市云龙发展资产经营管理有限公司,Z,90,APP,4,44.9,M,汉,3041,2,,MOTHER,FRIENDS,3,70.0,湖南省,CONSUME,01,,27.925902,113.225988,ANDROID,,湖南省株洲市荷塘区仙庾镇,0
100000,102,廊坊市,永清县刘街硕达通讯经营部,H,54,XCX,3,38.0,F,汉,5518,2,01,MATE,FRIENDS,1,89.8482,河北省,CONSUME,01,,39.32131813041938,116.50676912533167,IOS,,河北省廊坊市永清县永清镇府东街,0
100000,,杭州市,宝贝计划早教中心,P,13,APP,4,38.4,F,汉,3096,2,01,FATHER,FRIENDS,1,70.0,浙江省,CONSUME,01,,29.979878,122.328859,ANDROID,,浙江省舟山市普陀区东港街道东港城市绿道,0
100000,103,平凉市,平凉程鼎工贸有限责任公司,C,24,APP,2,38.2,M,回,4578,3,01,MATE,FRIENDS,1,89.788,甘肃省,CONSUME,01,,35.54944031020907,106.7076312343445,ANDROID,,甘肃省平凉市崆峒区柳湖镇G312(泾河北路),0
100000,302,徐州市,南京我爱我家房屋租赁置换有限公司,L,17,APP,3,31.2,M,汉,6231,4,01,MOTHER,COLLEAGUE,2,87.277,江苏省,CONSUME,01,,31.99722403966742,118.77225803004065,ANDROID,,江苏省南京市雨花台区雨花街道共青团路,0
100000,105,长沙市,文天农庄,I,54,XCX,3,44.4,F,汉,805,4,01,MOTHER,COLLEAGUE,3,70.0,湖南省,CONSUME,01,,28.351907482788996,113.44323271333002,ANDROID,,湖南省长沙市浏阳市沙市镇,0
100000,103,宁波市,慈溪市恒强五金配件厂,C,24,XCX,2,47.0,M,汉,2018,3,01,MATE,FRIENDS,1,79.94382,浙江省,CONSUME,01,,30.216358839254665,121.17854596383747,ANDROID,,浙江省宁波市慈溪市长河镇戴家中路26号,0
100000,,南昌市,湖北悦熙集团,H,54,XCX,3,36.7,F,汉,4803,2,01,RELATIVES,FRIENDS,1,70.0,江西省,CONSUME,02,,28.71014431423611,115.88360432942709,ANDROID,,江西省南昌市东湖区扬子洲镇,0
100000,,大庆市,大庆市水务集团,Z,90,APP,4,49.4,M,汉,99999,3,01,MATE,RELATIVES,2,70.0,黑龙江省,CONSUME,01,,27.883718558114805,114.42259943477231,ANDROID,,江西省宜春市袁州区三阳镇春顺路,0
100000,301,江门市,顺得仁毋米粥,Z,90,XCX,2,29.0,M,汉,259,2,,SIBLING,MOTHER,2,70.0,广东省,CONSUME,03,,22.121774359809027,112.8105677625868,ANDROID,,广东省江门市台山市冲蒌镇S273(环镇路),0
100000,,大庆市,大庆市水务集团,Z,90,APP,4,49.4,M,汉,99999,3,01,MATE,RELATIVES,2,70.0,黑龙江省,CONSUME,01,,27.883718558114805,114.42259943477231,ANDROID,,江西省宜春市袁州区三阳镇春顺路,0
100000,105,沈阳市,赵月个人工作室,Z,90,XCX,4,34.7,F,汉,6750,4,01,FATHER,FATHER,2,70.0,辽宁省,CONSUME,01,,36.06581743014753,120.43653458588207,ANDROID,,山东省青岛市崂山区中韩街道,0
100000,,衡水市,莎蔓莉莎美容养生馆,R,17,XCX,2,42.9,F,汉,4703,2,,MATE,SIBLING,1,76.588,河北省,CONSUME,02,,22.531686,113.908701,IOS,,广东省深圳市南山区南头街道学府路212号,0
100000,102,韶关市,南雄科田化工有限公司,L,17,XCX,4,25.1,M,汉,1326,2,01,FRIENDS,RELATIVES,2,89.103,广东省,CONSUME,01,,25.10006374696251,114.2898710636238,ANDROID,,广东省韶关市南雄市主田镇,0
100000,,衡水市,莎蔓莉莎美容养生馆,R,17,XCX,2,42.9,F,汉,4703,2,,MATE,SIBLING,1,76.588,河北省,CONSUME,02,,22.531686,113.908701,IOS,,广东省深圳市南山区南头街道学府路212号,0
100000,309,廊坊市,润泽科技发展有限公司,G,13,APP,4,27.1,M,汉,2121,4,01,MOTHER,FRIENDS,2,82.046,河北省,CONSUME,01,,39.51080818620799,116.732047229616,ANDROID,,河北省廊坊市广阳区新开路街道光明东道61号,0
100000,105,温州市,优大电商,G,13,APP,2,22.6,M,汉,3082,2,01,RELATIVES,FRIENDS,2,70.0,浙江省,CONSUME,01,,28.04986557720528,120.91488557680009,ANDROID,,浙江省温州市乐清市柳市镇,0
100000,103,上海市,天不而商贸有限公司,H,54,APP,2,49.3,F,汉,236,2,01,MATE,MOTHER,1,70.0,上海市,CONSUME,01,,31.357090256629325,118.38534223661775,ANDROID,,安徽省芜湖市镜湖区赭麓社区汀苑路,0
100000,,湖州市,先登高科电气,G,13,XCX,4,34.2,F,汉,4378,4,01,MATE,FRIENDS,1,70.0,浙江省,CONSUME,01,,30.742761800604684,120.3359461095777,ANDROID,,浙江省湖州市南浔区双林镇S302(湖盐公路),0
100000,102,张家口市,张家口北涵商贸有限公司,H,54,APP,3,31.6,F,汉,1582,2,01,MOTHER,MATE,2,70.0,河北省,CONSUME,01,,40.84462150837671,114.89120752999135,ANDROID,,河北省张家口市桥东区五一路街道清水河北路,0
100000,105,金华市,金华市万濠建设工程有限公司,E,24,XCX,2,42.8,M,汉,4081,4,01,MATE,FRIENDS,1,70.0,浙江省,CONSUME,01,,29.084784953183104,119.42666288144655,ANDROID,,浙江省金华市婺城区蒋堂镇X006(开下线),0
100000,105,娄底市,左右沙发有限公司,C,24,APP,3,37.8,F,汉,4459,2,01,SIBLING,SIBLING,1,70.0,湖南省,CONSUME,02,,28.146195079257443,113.00503488195565,ANDROID,,湖南省长沙市雨花区井湾子街道洞井路,0
100000,,北京市,无无无无,Z,90,APP,3,29.4,M,汉,248,4,01,FATHER,RELATIVES,2,70.0,北京市,CONSUME,01,,40.37774359809028,116.94462646484375,ANDROID,,北京市密云区巨各庄镇Y460(焦水路),0
100000,103,吉安市,私营运业,Z,90,XCX,2,45.4,M,汉,5070,2,,FATHER,CHILDREN,1,89.292,江西省,CONSUME,01,,27.247189659969995,115.14976818217066,ANDROID,,江西省吉安市吉水县文峰镇,0
100000,,商丘市,民权县屹尚装饰装修工程有限公司,E,24,APP,2,32.8,M,汉,186,2,01,MATE,FRIENDS,1,70.0,河南省,CONSUME,01,,34.626412,115.163161,ANDROID,,河南省商丘市民权县南华街道南华大道,0
100000,,合肥市,刘健个人工作室,Z,90,APP,3,31.9,M,汉,434,3,01,FATHER,FATHER,1,70.0,安徽省,CONSUME,02,,31.928476,117.126405,ANDROID,,安徽省合肥市庐阳区三十岗乡吴王路,0
100000,,商丘市,民权县屹尚装饰装修工程有限公司,E,24,APP,2,32.8,M,汉,186,2,01,MATE,FRIENDS,1,70.0,河南省,CONSUME,01,,34.626412,115.163161,ANDROID,,河南省商丘市民权县南华街道南华大道,0
100000,104,恩施土家族苗族自治州,四川天华数字出版有限公司,Z,90,XCX,2,23.8,M,汉,2908,4,01,FATHER,SIBLING,2,70.0,湖北省,CONSUME,01,,30.35603798129799,109.70623088147042,ANDROID,,湖北省恩施土家族苗族自治州恩施市三岔镇,0
100000,105,孝感市,个体工商户,Z,90,XCX,2,38.1,F,汉,2905,4,01,PARENTS,FRIENDS,2,70.0,湖北省,CONSUME,01,,31.25476064044368,114.00612239288131,ANDROID,,湖北省孝感市孝昌县花园镇孝花线,0
100000,103,徐州市,徐州笑笑玻璃制品有限公司,C,24,XCX,3,29.9,M,汉,7058,3,01,FATHER,RELATIVES,2,91.783,江苏省,CONSUME,01,,34.5494,117.121733,ANDROID,,江苏省徐州市铜山区马坡镇,0
100000,104,恩施土家族苗族自治州,四川天华数字出版有限公司,Z,90,XCX,2,23.8,M,汉,2908,4,01,FATHER,SIBLING,2,70.0,湖北省,CONSUME,01,,30.35603798129799,109.70623088147042,ANDROID,,湖北省恩施土家族苗族自治州恩施市三岔镇,0
100000,102,杭州市,大自然农副产品批发市场有限公司,S,11,APP,2,33.7,M,汉,88,2,,FATHER,FRIENDS,1,70.0,浙江省,CONSUME,01,,30.053145,119.911284,ANDROID,,浙江省杭州市富阳区富春街道华虹路118号,0
100000,,南京市,新鸥鹏房地产开发公司,H,54,APP,4,43.3,M,汉,4132,4,01,RELATIVES,OTHER,1,95.44,江苏省,CONSUME,01,,31.854274324232667,117.29257838619013,ANDROID,,安徽省合肥市包河区包公街道体育路,0
100000,,常州市,江苏鑫和泰机械集团有限公司,Z,90,XCX,3,25.2,F,汉,844,3,,PARENTS,FRIENDS,2,70.0,江苏省,CONSUME,04,,31.58063232421875,119.91050618489584,ANDROID,,江苏省常州市武进区前黄镇湖滨大道,0
100000,102,孝感市,湖北高颂实业有限公司,C,24,APP,4,35.4,M,汉,6289,3,01,FATHER,COLLEAGUE,2,70.0,湖北省,CONSUME,01,,30.61210148948425,114.30198426640304,ANDROID,,湖北省武汉市江岸区永清街道解放大道1340-8号,0
100000,105,江门市,台山市新基建土石方工程有限公司,E,24,APP,2,46.1,M,汉,3628,4,01,FATHER,FRIENDS,2,70.0,广东省,CONSUME,01,,22.184120444294036,112.80674830515719,ANDROID,,广东省江门市台山市台城街道,0
100000,105,咸阳市,刘小红个人工作室,Z,90,APP,2,37.8,F,汉,4504,4,01,MOTHER,SIBLING,1,70.0,陕西省,CONSUME,01,,34.90056797769082,108.97103206639804,ANDROID,,陕西省铜川市耀州区正阳路街道锦阳路,0
100000,310,金华市,浦江县大畈乡中心小学,P,13,APP,4,39.6,M,汉,3356,4,01,FRIENDS,FRIENDS,2,70.0,浙江省,CONSUME,01,,29.457261,119.886213,ANDROID,,浙江省金华市浦江县浦阳街道解放东路,0
100000,,延安市,李蓉个人工作室,Z,90,XCX,3,34.1,F,汉,5148,2,01,SIBLING,SIBLING,2,86.914,陕西省,CONSUME,01,,34.33402099609375,108.95959499782987,ANDROID,,陕西省西安市未央区谭家街道常青二路,0
100000,,梅州市,赖恒兴个人工作室,Z,90,APP,3,25.3,M,汉,469,2,01,SIBLING,RELATIVES,2,70.0,广东省,CONSUME,01,,22.610595979478807,113.07955843088266,ANDROID,,广东省江门市蓬江区环市街道育德街27号-101,0
100000,104,驻马店市,河南省新华人寿河南分行驿城支行,H,54,APP,4,28.0,M,汉,126,4,01,FATHER,MATE,1,70.0,河南省,CONSUME,01,,33.10875452813728,114.25561524872401,IOS,,河南省驻马店市汝南县张楼镇X011,0
100000,,梅州市,赖恒兴个人工作室,Z,90,XCX,3,25.3,M,汉,469,2,01,SIBLING,RELATIVES,2,70.0,广东省,CONSUME,01,,22.610595979478807,113.07955843088266,ANDROID,,广东省江门市蓬江区环市街道育德街27号-101,0
100000,105,咸阳市,刘小红个人工作室,Z,90,APP,2,37.8,F,汉,4504,4,01,MOTHER,SIBLING,1,70.0,陕西省,CONSUME,01,,34.90056797769082,108.97103206639804,ANDROID,,陕西省铜川市耀州区正阳路街道锦阳路,0
100000,105,定西市,中咨工程有限公司,E,24,APP,3,39.6,M,汉,2612,2,01,MATE,RELATIVES,1,79.32723,甘肃省,CONSUME,01,,35.58279405463063,104.63062116581503,ANDROID,,甘肃省定西市安定区凤翔镇解放路,0
100000,103,湛江市,广州首信模具加工有限公司,C,24,APP,2,35.7,F,汉,4119,4,01,MATE,FRIENDS,1,70.0,广东省,CONSUME,01,,23.327058950493738,113.3153805383934,ANDROID,,广东省广州市白云区人和镇旧鹤草路,0
100000,,温州市,独立工作人员,Z,90,XCX,2,40.5,M,汉,2428,2,01,RELATIVES,FRIENDS,1,70.0,浙江省,CONSUME,01,,28.06904716114061,120.9812279423581,IOS,,浙江省温州市乐清市盐盆街道中心大道,0
100000,105,北京市,灿然于心文化传播有限公司,R,17,XCX,4,42.8,F,汉,2336,4,01,FATHER,FRIENDS,2,87.482,北京市,CONSUME,01,,28.13891434155418,112.96219376430725,IOS,,湖南省长沙市天心区新开铺街道下新市街,0
100000,,盐城市,上海德邦快递,Z,90,APP,2,38.2,M,汉,3781,3,01,COLLEAGUE,FRIENDS,2,70.0,江苏省,CONSUME,01,,31.18036195576606,121.27050397509587,ANDROID,,上海市青浦区徐泾镇华徐路259号,0
100000,,西安市,门伟强个人工作室,Z,90,XCX,3,24.0,M,汉,1277,2,,FATHER,FRIENDS,2,95.072,陕西省,CONSUME,01,,34.39828616183064,109.30823906007034,ANDROID,,陕西省西安市临潼区代王街道,0
100000,,安庆市,丁刘甲个人工作室,Z,90,APP,3,31.1,M,汉,5494,2,01,FATHER,FRIENDS,2,70.0,安徽省,CONSUME,01,,31.93340925880719,117.35285780542437,ANDROID,,安徽省合肥市瑶海区磨店街道亚樵路,0
100000,102,上海市,丁太国际,Z,90,XCX,2,37.7,M,汉,4592,2,01,MOTHER,FATHER,2,87.803,上海市,CONSUME,01,,31.267528378939443,121.45441811221848,ANDROID,,上海市静安区共和新路街道共和新路1418号,0
100000,105,济宁市,山东省济宁市金佳液压有限公司,C,24,APP,2,41.4,M,汉,3345,2,01,MATE,FRIENDS,1,84.446,山东省,CONSUME,01,,35.19428140412195,116.39529836381259,ANDROID,,山东省济宁市金乡县胡集镇X038,0
100000,102,贺州市,泰宝靓汤,H,54,APP,2,36.0,F,汉,3705,3,01,MATE,SIBLING,1,70.0,广西壮族自治区,CONSUME,01,,22.926187,113.205503,ANDROID,,广东省佛山市顺德区北滘镇南源路134号,0
100000,,芜湖市,安徽良锋工程建设监理有限责任公司,Z,90,XCX,3,47.2,M,汉,988,4,01,RELATIVES,FRIENDS,1,70.0,安徽省,CONSUME,01,,31.321780766131405,117.97737536120093,ANDROID,,安徽省芜湖市无为市福渡镇支二路,0
100000,,连云港市,罗森便利店,Z,90,APP,4,35.6,F,汉,4573,4,01,MOTHER,COLLEAGUE,1,70.0,江苏省,CONSUME,01,,34.571628,119.145037,ANDROID,,江苏省连云港市海州区朐阳街道江化南路4号,0
100000,104,邵阳市,从江县仁康大药房建安路分店,H,54,XCX,4,30.4,M,汉,1982,4,01,MATE,COLLEAGUE,1,70.0,湖南省,CONSUME,01,,27.268795688031429,111.78417744179254,ANDROID,,湖南省邵阳市邵东市大禾塘街道创业大道,0
100000,,连云港市,罗森便利店,Z,90,APP,4,35.6,F,汉,4573,4,01,MOTHER,COLLEAGUE,1,70.0,江苏省,CONSUME,01,,34.571628,119.145037,ANDROID,,江苏省连云港市海州区朐阳街道江化南路4号,0
100000,103,河源市,河源市东源县半江镇人民政府,S,11,XCX,3,36.1,M,汉,4094,4,01,FATHER,RELATIVES,1,90.147,广东省,CONSUME,01,,22.65349859512267,114.036023745953,IOS,,广东省深圳市龙华区龙华街道东环二路,0
100000,102,汕头市,裕隆发实业有限公司,Z,90,XCX,2,39.6,M,汉,3107,2,,PARENTS,MATE,1,70.0,广东省,CONSUME,01,,23.33218017578125,116.41967258029514,ANDROID,,广东省汕头市潮阳区谷饶镇进出站路,0
100000,105,锦州市,天津博信汽车零部件有限公司,C,24,XCX,3,29.3,M,满,6793,2,01,PARENTS,FATHER,2,86.797,辽宁省,CONSUME,01,,39.24745644407832,117.46186215015072,ANDROID,,天津市宁河区造甲城镇永定新河北路,0
100000,,长沙市,乡里大米批发,Z,90,APP,3,36.1,M,汉,3963,3,01,FATHER,RELATIVES,1,70.0,湖南省,CONSUME,01,,28.238833780922044,113.02082716260941,ANDROID,,湖南省长沙市开福区洪山街道滨河路,0
100000,104,深圳市,小环科技（深圳）有限公司,G,13,XCX,4,41.0,M,汉,4374,2,01,MATE,FRIENDS,1,89.953835,广东省,CONSUME,01,,22.691407693198028,113.8514399186141,IOS,,广东省深圳市宝安区福永街道凤凰幸福路,0
100000,105,无锡市,无锡优耐特能源,D,17,XCX,3,31.8,M,汉,6899,2,,MATE,SIBLING,1,88.589,江苏省,CONSUME,01,,31.45821695963542,120.44805148654514,ANDROID,,江苏省无锡市新吴区硕放街道里河路15号,0
100000,305,庆阳市,西安天择数据技术有限公司,G,13,APP,3,38.2,M,汉,4251,3,01,PARENTS,FRIENDS,1,70.0,甘肃省,CONSUME,01,,34.37347525990891,108.88221965651684,ANDROID,,陕西省西安市未央区草滩街道蔡伦路,0
100000,,广安市,物流园项目部,E,24,XCX,3,41.5,M,汉,4584,2,01,FATHER,FRIENDS,1,70.0,四川省,CONSUME,01,,30.524187096418,106.442962653638,ANDROID,,四川省广安市岳池县九龙街道银城大道辅路,0
100000,,清远市,宁波百洛威电器有限公司,Z,90,XCX,2,31.0,F,汉,1342,3,01,MATE,FRIENDS,1,70.0,广东省,CONSUME,01,,29.9455244131371,121.40995071465312,ANDROID,,浙江省宁波市江北区慈城镇,0
100000,,福州市,福州市晋安区新店镇黄道通,H,54,XCX,2,28.5,M,汉,2726,4,01,FRIENDS,SIBLING,2,90.279,福建省,CONSUME,01,,26.140999369174229,119.3206865755987,ANDROID,,福建省福州市晋安区新店镇秀峰路409号,0
100000,,常州市,中国安能集团第二工程局有限公司常州分公司,E,24,APP,4,34.4,M,汉,5532,4,01,FRIENDS,COLLEAGUE,1,70.0,江苏省,CONSUME,01,,30.83961859809028,110.92496799045139,ANDROID,,湖北省宜昌市秭归县茅坪镇,0
100000,105,苏州市,苏州嘉禾食品,I,54,APP,2,40.3,M,汉,4515,4,01,MATE,FATHER,1,70.0,江苏省,CONSUME,01,,31.38918855262499,120.62095085326355,ANDROID,,江苏省苏州市相城区元和街道庆元路辅路,0
100000,103,郴州市,海越制衣厂,C,24,XCX,2,24.0,M,汉,843,2,01,SIBLING,COLLEAGUE,2,70.0,湖南省,CONSUME,01,,22.469815888079866,113.30809278395506,ANDROID,,广东省中山市南区街道利民大街,0
100000,103,永州市,广州卓威脚轮有限公司,C,24,XCX,2,35.4,M,瑶,4305,2,01,MATE,SIBLING,1,78.519,湖南省,CONSUME,01,,22.68087103135195,113.60816088265152,ANDROID,,广东省广州市南沙区万顷沙镇广州520山海骑行道,0
100000,,天津市,天津华明乳业有限公司,Z,90,APP,2,35.2,M,满,5234,2,01,MOTHER,FRIENDS,1,70.0,天津市,CONSUME,01,,39.434784,117.049775,ANDROID,,天津市武清区南蔡村镇西环路,0
100000,,南昌市,章贡区富创百货经营部,Z,90,APP,3,27.9,M,汉,985,4,01,MATE,MOTHER,1,82.007,江西省,CONSUME,01,,28.375616,116.276389,ANDROID,,江西省南昌市进贤县民和镇Y932,0
100000,,长沙市,万家丽国际MALL,Z,90,APP,3,29.6,M,汉,1291,4,01,PARENTS,SIBLING,1,85.881,湖南省,CONSUME,01,,28.188936,113.034247,ANDROID,,湖南省长沙市芙蓉区东屯渡街道育才街,0
100000,103,榆林市,政府服务中心,S,11,APP,3,28.1,F,汉,851,4,01,MATE,RELATIVES,1,83.135,陕西省,CONSUME,01,,37.790399829147599,108.84375490918622,ANDROID,,陕西省榆林市靖边县海则滩镇,0
100000,,武汉市,湖北领航卓越教育科技有限公司,G,13,XCX,2,34.5,F,汉,4405,4,,SIBLING,MATE,2,91.217,湖北省,CONSUME,01,,31.025400933159723,114.37349365234375,ANDROID,,湖北省武汉市黄陂区罗汉寺街道,0
100000,105,无锡市,无锡市锡山区鹅湖镇卫生院,Q,11,XCX,3,36.4,F,汉,3551,2,01,MATE,PARENTS,1,70.0,江苏省,CONSUME,01,,31.603919570460265,120.49032992431718,ANDROID,,江苏省无锡市锡山区厚桥街道厚丰路,0
100000,102,恩施土家族苗族自治州,绍兴欣菲纺织品有限公司,C,24,APP,4,44.1,M,土家,3955,4,01,MATE,FRIENDS,1,85.2641,湖北省,CONSUME,01,,30.100262417735356,120.43224483796559,ANDROID,,浙江省绍兴市柯桥区钱清街道发展路,0
100000,102,济南市,百盛餐饮有限公司,F,17,APP,3,27.0,M,汉,997,2,01,COLLEAGUE,FRIENDS,2,89.663,山东省,CONSUME,01,,36.65678400852588,116.92022623475074,ANDROID,,山东省济南市槐荫区张庄路街道刘家庄中街65号,0
100000,,九江市,兰溪市秦瑜建材经营部,C,24,XCX,2,46.1,M,汉,2491,4,01,RELATIVES,FRIENDS,1,70.0,江西省,CONSUME,01,,29.158145555621659,119.55405835877362,IOS,,浙江省金华市兰溪市灵洞乡,0
100000,,绵阳市,四川九鼎乾元科技有限公司,Z,90,XCX,4,27.4,M,汉,3021,2,01,PARENTS,FRIENDS,2,70.0,四川省,CONSUME,01,,30.763620927092818,103.9854548695747,ANDROID,,四川省成都市郫都区犀浦街道精勤路,0
100000,,安康市,陕西省安康市汉滨区丰合鼎工程有限公司,Z,90,APP,3,37.6,M,汉,5047,2,01,MATE,SIBLING,1,85.886,陕西省,CONSUME,01,,32.69828,109.027872,ANDROID,,陕西省安康市汉滨区老城街道古楼街58号,0
100000,,南昌市,陈耀华个人工作室,Z,90,XCX,2,36.8,M,汉,4010,2,01,MATE,MOTHER,1,70.0,江西省,CONSUME,01,,28.69484,115.838455,ANDROID,,江西省南昌市红谷滩区沙井街道碟子湖大道辅路,0
100000,102,西安市,西安纵横科技,G,13,XCX,4,45.5,M,朝鲜,4633,2,01,FATHER,COLLEAGUE,2,70.0,陕西省,CONSUME,02,,34.270190541019669,109.0766873906077,ANDROID,,陕西省西安市灞桥区席王街道金水路,0
100000,,武汉市,西米国际名品折扣,H,54,APP,3,45.8,F,汉,139,2,01,FATHER,FRIENDS,2,91.44038,湖北省,CONSUME,01,,23.16431683445584,113.27943309061779,ANDROID,,广东省广州市白云区同和街道S15(广州环城高速),0
100000,,温州市,新网电器,H,54,XCX,2,24.7,M,畲,480,2,01,FATHER,SIBLING,2,70.0,浙江省,CONSUME,01,,27.680482584635417,120.5695543077257,ANDROID,,浙江省温州市平阳县昆阳镇联华路,0
100000,103,廊坊市,秦皇岛昊君商贸有限公司,H,54,APP,3,37.1,M,汉,4360,4,01,MOTHER,RELATIVES,2,78.82329,河北省,CONSUME,01,,28.203671296009249,112.87433336871639,ANDROID,,湖南省长沙市岳麓区麓谷街道八家湾路,0
100000,,武汉市,西米国际名品折扣,H,54,APP,3,45.8,F,汉,139,2,01,FATHER,FRIENDS,2,91.44038,湖北省,CONSUME,01,,23.16431683445584,113.27943309061779,ANDROID,,广东省广州市白云区同和街道S15(广州环城高速),0
100000,102,太原市,清徐客运中心,Z,90,APP,4,37.0,M,汉,4523,2,01,RELATIVES,FRIENDS,1,70.0,山西省,CONSUME,01,,37.628157,112.365178,ANDROID,,山西省太原市晋源区姚村镇,0
100000,,曲靖市,中国化学工程第十三建设有限公司,Z,90,XCX,4,34.9,M,汉,6327,3,01,FATHER,FRIENDS,2,70.0,云南省,CONSUME,01,,25.4606,103.805977,ANDROID,,云南省曲靖市麒麟区南宁街道水寨路,0
100000,,萍乡市,力豪健身房,Z,90,XCX,2,50.0,F,汉,3901,3,01,OTHER,OTHER,2,70.0,江西省,CONSUME,01,,27.62857,114.027992,ANDROID,,江西省萍乡市芦溪县芦溪镇古城山公园健走步道,0
100000,,韶关市,丰味正香,Z,90,APP,2,43.6,M,汉,4921,3,01,FATHER,FRIENDS,2,70.0,广东省,CONSUME,01,,23.164152022071368,113.53940926110794,ANDROID,,广东省广州市黄埔区云埔街道,0
100000,105,信阳市,三门峡市湖滨区君信餐饮店,I,54,XCX,2,35.2,M,汉,6077,2,01,MATE,FRIENDS,1,95.072,河南省,CONSUME,01,,34.76830937134518,111.18074978963506,ANDROID,,河南省三门峡市湖滨区涧河街道连共线辅路,0
100000,,厦门市,厦门意动行贸易有限公司,Z,90,APP,3,32.3,M,汉,6152,4,01,PARENTS,PARENTS,1,70.0,福建省,CONSUME,01,,24.598087667778239,118.25231726540508,ANDROID,,福建省厦门市翔安区新店街道X424,0
100000,105,盐城市,华夏银行股份有限公司盐城分行,J,13,XCX,4,35.4,M,汉,4087,4,01,PARENTS,MATE,1,70.0,江苏省,CONSUME,01,,33.39589348690703,120.20457816803754,ANDROID,,江苏省盐城市亭湖区新城街道黄山路辅路,0
100000,103,南通市,周桢翔个人工作室,Z,90,APP,3,29.0,M,汉,522,4,01,FATHER,RELATIVES,3,86.176,江苏省,CONSUME,01,,40.04566002364026,116.26950871741775,ANDROID,,北京市海淀区马连洼街道软件园西路,0
100000,,岳阳市,龙师傅土鲫鱼,Z,90,APP,2,22.0,M,汉,2634,2,01,SIBLING,RELATIVES,2,70.0,湖南省,CONSUME,01,,28.181702,113.00872,ANDROID,,湖南省长沙市雨花区左家塘街道东二环辅路,0
100000,,邢台市,汇涌汽配,Z,90,XCX,4,42.0,F,汉,3913,2,01,MATE,FRIENDS,2,70.0,河北省,CONSUME,01,,32.12410402468619,118.84397841210404,ANDROID,,江苏省南京市栖霞区迈皋桥街道栖霞大道,0
100000,105,汕头市,瑞尔时尚（厦门）服饰有限公司,C,24,APP,2,33.5,F,汉,5985,2,01,FRIENDS,FRIENDS,1,82.09,广东省,CONSUME,01,,23.22989746480672,116.4092554258892,ANDROID,,广东省汕头市潮南区峡山街道丹凤路,0
100000,105,汕头市,瑞尔时尚（厦门）服饰有限公司,C,24,XCX,2,33.5,F,汉,5985,2,01,FRIENDS,FRIENDS,1,82.09,广东省,CONSUME,01,,23.22989746480672,116.4092554258892,ANDROID,,广东省汕头市潮南区峡山街道丹凤路,0
100000,102,郑州市,荥阳市七叶幼儿园,P,13,APP,3,31.7,F,汉,934,4,,PARENTS,MATE,1,70.0,河南省,CONSUME,01,,34.743403,113.648456,ANDROID,,河南省郑州市二七区蜜蜂张街道京广北路15号,0
100000,105,宜昌市,远安县人民医院,Q,11,APP,3,32.1,F,汉,984,4,01,SIBLING,COLLEAGUE,2,70.0,湖北省,CONSUME,01,,31.062483895416638,111.6674083628766,ANDROID,,湖北省宜昌市远安县鸣凤镇,0
100000,,沧州市,河北天元燃气销售有限公司,D,17,XCX,2,28.1,F,汉,434,4,01,MATE,COLLEAGUE,1,70.0,河北省,CONSUME,01,,38.472217881944445,116.97376898871528,ANDROID,,河北省沧州市沧县兴济镇李杜线,0
100000,104,洛阳市,沙钢集团,C,24,APP,2,44.6,M,汉,3685,2,01,FRIENDS,COLLEAGUE,1,70.0,河南省,CONSUME,01,,31.982566227052723,120.68873410097244,ANDROID,,江苏省苏州市张家港市锦丰镇X301(沿江公路),0
100000,,眉山市,成都晶宝新云科技有限公司,Z,90,APP,4,26.0,F,汉,43,4,01,FRIENDS,FATHER,2,86.347,四川省,CONSUME,01,,30.639927,104.099897,ANDROID,,四川省成都市锦江区牛市口街道海椒市东街23号,0
100000,,上饶市,华鑫工程技术（深圳）有限公司,Z,90,XCX,3,31.0,M,汉,6126,4,01,SIBLING,FRIENDS,2,94.937,江西省,CONSUME,01,,22.578840060763888,113.85969292534722,ANDROID,,广东省深圳市宝安区西乡街道热河路,0
100000,,盐城市,江苏顺丰速运有限公司,Z,90,XCX,2,33.4,M,汉,4716,4,01,MATE,FRIENDS,1,90.766,江苏省,CONSUME,01,,32.12931,118.835296,ANDROID,,江苏省南京市栖霞区迈皋桥街道燕尧路,0
100000,105,南京市,磊森土石方工程有限公司,E,24,XCX,2,40.3,M,汉,4327,4,01,FRIENDS,FATHER,2,87.489,江苏省,CONSUME,01,,31.336703518985549,118.89523567316404,ANDROID,,江苏省南京市高淳区淳溪街道北岭路293号,0
100000,,眉山市,成都晶宝新云科技有限公司,Z,90,APP,4,26.0,F,汉,43,4,01,FRIENDS,FATHER,2,86.347,四川省,CONSUME,01,,30.639927,104.099897,ANDROID,,四川省成都市锦江区牛市口街道海椒市东街23号,0
100000,,驻马店地区,艾迈实业有限公司,C,24,XCX,3,24.3,M,汉,1235,3,01,MATE,RELATIVES,1,70.0,河南省,CONSUME,01,,31.575601942274307,121.05622856987847,ANDROID,,江苏省苏州市太仓市沙溪镇S224(通港西路),0
100000,105,安康市,安康市高新区鼎辉苑建材经销部,H,54,APP,3,31.1,M,汉,1628,2,01,RELATIVES,FRIENDS,1,70.0,陕西省,CONSUME,01,,32.70045487878676,108.93819493768985,ANDROID,,陕西省安康市汉滨区五里镇G7011(十天高速),0
100000,102,吴忠市,上海擂宙餐饮管理有限公司,I,54,APP,4,34.3,M,汉,6160,3,01,OTHER,OTHER,2,89.458,宁夏回族自治区,CONSUME,01,,31.281593240346884,121.55318849520495,ANDROID,,上海市杨浦区定海路街道平凉路2767弄-32号,0
100000,,驻马店地区,艾迈实业有限公司,C,24,XCX,3,24.3,M,汉,1235,3,01,MATE,RELATIVES,1,70.0,河南省,CONSUME,01,,31.575601942274307,121.05622856987847,ANDROID,,江苏省苏州市太仓市沙溪镇S224(通港西路),0
100000,102,凉山彝族自治州,成都金牛诚济中医诊所有限公司,H,24,XCX,3,33.0,M,汉,758,4,01,COLLEAGUE,MOTHER,2,70.0,四川省,CONSUME,01,,28.551402945169539,102.177991236285109,ANDROID,,四川省凉山彝族自治州冕宁县高阳街道交通东路17,0
100000,105,兰州市,兰州交通发展建设集团,E,24,APP,4,34.4,M,汉,532,4,01,FATHER,FRIENDS,2,70.0,甘肃省,CONSUME,01,,36.066574,103.881726,ANDROID,,甘肃省兰州市城关区雁北街道雁园路,0
100000,,淮南市,寿县张李乡人民政府,Z,90,XCX,2,36.7,M,汉,4626,2,01,PARENTS,COLLEAGUE,2,70.0,安徽省,CONSUME,01,,32.215120985243054,116.55622124565973,ANDROID,,安徽省淮南市寿县张李乡,0
100000,,滁州市,望海工艺品,C,24,XCX,3,30.3,M,汉,1109,4,01,FRIENDS,MATE,1,70.0,安徽省,CONSUME,01,,30.30361626519097,120.53976942274305,ANDROID,,浙江省杭州市钱塘区新湾街道新湾支线,0
100000,,大庆市,晓筱工艺品店,Z,90,XCX,4,31.4,F,汉,5970,4,01,MATE,SIBLING,3,89.661,黑龙江省,CONSUME,01,,46.029952,124.813636,ANDROID,,黑龙江省大庆市大同区和平街道同春街33号,0
100000,103,邯郸市,邯郸市第七医院,Q,11,APP,3,42.8,F,汉,5700,4,01,PARENTS,FATHER,1,70.0,河北省,CONSUME,01,,36.62318615954894,114.48646480151513,ANDROID,,河北省邯郸市丛台区联纺东街道永安街21号,0
100000,103,宁波市,汽车配件有限公司,C,24,APP,4,28.0,F,汉,2773,4,01,FATHER,OTHER,2,87.587,浙江省,CONSUME,01,,31.15629429999288,121.1064587439846,ANDROID,,上海市青浦区盈浦街道青赵公路172,0
100000,,广州市,南丰强制隔离戒毒所,Z,90,XCX,4,48.1,M,汉,3819,4,01,FATHER,FRIENDS,1,70.0,广东省,CONSUME,01,,23.2601004874251,112.99290857711381,ANDROID,,广东省佛山市三水区乐平镇思齐路,0
100000,102,大理白族自治州,五光十色灯具店,Z,90,XCX,2,27.7,F,汉,92,2,01,MATE,RELATIVES,1,70.0,云南省,CONSUME,01,,25.469098,100.571568,ANDROID,,云南省大理白族自治州祥云县祥城镇,0
100000,305,庆阳市,陕西鹏程石油工程有限公司,C,24,XCX,3,27.4,M,汉,1276,4,01,MOTHER,FATHER,2,89.891,甘肃省,CONSUME,01,,34.329164760762619,108.96709897936364,ANDROID,,陕西省西安市未央区谭家街道太华北路787号,0
100000,,十堰市,上海邮政快递宝山友谊路营业部,F,17,XCX,2,40.3,M,汉,4752,4,01,MATE,COLLEAGUE,1,91.751,湖北省,CONSUME,01,,31.41225204191637,121.49467818404323,ANDROID,,上海市宝山区友谊路街道G1503(郊环隧道),0
100000,105,三门峡市,市中心医院,Q,11,APP,4,42.7,F,汉,5795,2,01,MATE,OTHER,1,77.26102,河南省,CONSUME,01,,34.784515957568547,111.19945849287044,ANDROID,,河南省三门峡市湖滨区湖滨街道六峰北路,0
100000,,莆田市,鸿富锦精密电子有限公司,Z,90,XCX,2,37.6,F,汉,4658,3,01,MATE,FRIENDS,1,70.0,福建省,CONSUME,01,,30.833492296006945,106.96540635850694,ANDROID,,四川省达州市渠县渠江街道南大街295号,0
100000,105,天津市,天津市川恩文化传播有限公司,R,17,APP,4,35.2,F,汉,82,3,01,RELATIVES,FRIENDS,2,70.0,天津市,CONSUME,01,,38.994742240342819,117.40016981350839,ANDROID,,天津市津南区咸水沽镇海河故道北路,0
100000,,肇庆市,汽车配件有限公司,Z,90,XCX,3,32.6,M,汉,5664,4,01,FATHER,FRIENDS,2,70.0,广东省,CONSUME,01,,23.162852072446009,112.5761432392887,ANDROID,,广东省肇庆市鼎湖区坑口街道,0
100000,105,孝感市,汉川市王虎印花厂,C,24,APP,2,41.8,M,汉,4584,3,01,FATHER,FRIENDS,2,70.0,湖北省,CONSUME,01,,30.492352414173547,114.35208378309302,ANDROID,,湖北省武汉市洪山区洪山街街道,0
100000,,邵阳市,美容美发,O,17,APP,3,38.4,F,汉,4514,4,01,FATHER,FRIENDS,1,70.0,湖南省,CONSUME,01,,23.11796,114.413469,ANDROID,,广东省惠州市惠城区江北街道三新环路,0
100000,105,丽江市,上海星巴克咖啡经营有限公司,F,17,XCX,3,30.3,M,汉,6569,3,,OTHER,OTHER,2,70.0,云南省,CONSUME,02,,26.86819734172472,100.2185235882068,IOS,,云南省丽江市古城区西安街道长水路418号,0
100000,,肇庆市,汽车配件有限公司,Z,90,XCX,3,32.6,M,汉,5664,4,01,FATHER,FRIENDS,2,70.0,广东省,CONSUME,01,,23.162852072446009,112.5761432392887,ANDROID,,广东省肇庆市鼎湖区坑口街道,0
100000,105,丽江市,上海星巴克咖啡经营有限公司,F,17,XCX,3,30.3,M,汉,6569,3,,OTHER,OTHER,2,70.0,云南省,CONSUME,02,,26.86819734172472,100.2185235882068,IOS,,云南省丽江市古城区西安街道长水路418号,0
100000,,汕尾市,李春宝个人工作室,Z,90,APP,2,26.9,M,汉,953,2,01,FRIENDS,SIBLING,2,80.766,广东省,CONSUME,01,,22.857406,116.108359,ANDROID,,广东省汕尾市陆丰市甲东镇,0
100000,,上海市,上海复控华龙微系统技术有限公司,Z,90,XCX,3,40.1,F,汉,3600,4,01,MOTHER,MATE,1,70.0,上海市,CONSUME,01,,31.285051038522118,121.52838638452107,ANDROID,,上海市杨浦区延吉新村街道永吉路180号,0
100000,102,宁波市,浙江省宁波市奉化溪口食有八九餐饮店,I,54,APP,2,36.1,F,汉,3628,2,01,FATHER,FATHER,1,89.164,浙江省,CONSUME,01,,29.696491511855407,121.2923026824506,IOS,,浙江省宁波市奉化区溪口镇中兴东路333,0
100000,,亳州市,王川法个人工作室,Z,90,XCX,4,38.8,M,汉,6652,2,01,PARENTS,COLLEAGUE,3,86.392,安徽省,CONSUME,01,,29.91808748603116,121.50265770533604,ANDROID,,浙江省宁波市江北区洪塘街道丽江西路,0
100000,103,成都市,私营业主,Z,90,XCX,2,36.6,M,汉,5005,2,01,MATE,FATHER,1,78.267,四川省,CONSUME,01,,30.289152426935023,104.09884991081002,ANDROID,,四川省成都市双流区籍田街道东山大道六段,0
100000,102,承德市,宽广超市,H,54,APP,2,42.1,F,蒙古,4713,3,,MATE,FRIENDS,1,70.0,河北省,CONSUME,01,,41.416485,115.706881,ANDROID,,河北省张家口市沽源县小厂镇草原天路,0
100000,103,杭州市,杭州萧山义桥潇洒茶叶商行,H,54,XCX,2,42.4,M,汉,3863,3,01,FATHER,FRIENDS,1,88.674,浙江省,CONSUME,01,,30.090139639039536,120.21868327084198,ANDROID,,浙江省杭州市萧山区蜀山街道,0
100000,,武汉市,新东网科技有限公司湖北分公司,Z,90,XCX,4,43.0,M,汉,3846,2,01,COLLEAGUE,FRIENDS,1,86.056,湖北省,CONSUME,01,,30.593113918111479,114.27704916461585,ANDROID,,湖北省武汉市江岸区西马街道渣家左路,0
100000,103,杭州市,杭州萧山义桥潇洒茶叶商行,H,54,XCX,2,42.4,M,汉,3863,3,01,FATHER,FRIENDS,1,88.674,浙江省,CONSUME,01,,30.090139639039536,120.21868327084198,ANDROID,,浙江省杭州市萧山区蜀山街道,0
100000,105,临沂市,山东瑞和控股集团有限公司,H,54,APP,4,43.4,M,汉,4734,3,01,RELATIVES,FRIENDS,1,70.0,山东省,CONSUME,01,,35.040804,118.319949,ANDROID,,山东省临沂市兰山区银雀山街道金源路308号,0
100000,102,上海市,上海睿渠医疗科技有限公司,Z,90,XCX,2,37.3,F,汉,3836,4,,FRIENDS,FRIENDS,1,70.0,上海市,CONSUME,01,,31.242935655381945,121.55657253689236,ANDROID,,上海市浦东新区洋泾街道羽山路1487号,0
100000,,苏州市,濮院镇梦僖羊毛衫门市部,Z,90,APP,3,29.6,M,汉,1814,3,01,MATE,FRIENDS,1,89.936,江苏省,CONSUME,01,,30.67552,120.603841,ANDROID,,浙江省嘉兴市桐乡市濮院镇凯旋路1493,0
100000,102,泰州市,苏州正航软件有限公司,G,13,APP,3,34.5,M,汉,5300,2,01,PARENTS,SIBLING,2,70.0,江苏省,CONSUME,01,,31.292935777189819,120.6811290089307,ANDROID,,江苏省苏州市苏州工业园区娄葑街道高和路,0
100000,,荆门市,鹤山联塑实业有限公司,Z,90,APP,2,43.9,M,汉,1151,2,01,RELATIVES,COLLEAGUE,1,70.0,湖北省,CONSUME,01,,22.60759573259046,112.85937192434105,ANDROID,,广东省江门市鹤山市共和镇S270(共建路),0
100000,,荆门市,鹤山联塑实业有限公司,Z,90,APP,2,43.9,M,汉,1151,2,01,RELATIVES,COLLEAGUE,1,70.0,湖北省,CONSUME,01,,22.60759573259046,112.85937192434105,ANDROID,,广东省江门市鹤山市共和镇S270(共建路),0
100000,103,湛江市,蔡德苏个人工作室,Z,90,APP,2,33.4,M,汉,6278,3,,SIBLING,RELATIVES,2,70.0,广东省,CONSUME,01,,21.176868,110.083987,ANDROID,,广东省湛江市遂溪县城月镇G207(乌海线),0
100000,103,常德市,桃花源旅游管理区管委会,Z,90,APP,3,46.1,M,汉,169,2,01,FATHER,COLLEAGUE,2,70.0,湖南省,CONSUME,01,,28.796464660292466,111.44839810581886,ANDROID,,湖南省常德市桃源县桃花源镇,0
100000,103,常德市,桃花源旅游管理区管委会,Z,90,APP,3,46.1,M,汉,169,2,01,FATHER,COLLEAGUE,2,70.0,湖南省,CONSUME,01,,28.796464660292466,111.44839810581886,ANDROID,,湖南省常德市桃源县桃花源镇,0
100000,,宿迁市,宿城区欣妍服装缝纫厂,Z,90,APP,3,43.4,F,汉,4117,4,01,MATE,CHILDREN,1,70.0,江苏省,CONSUME,01,,33.777285,118.383435,ANDROID,,江苏省宿迁市宿城区洋河镇米市街,0
100000,,德州市,个人经营,Z,90,APP,2,32.9,F,汉,680,4,01,FATHER,COLLEAGUE,1,70.0,山东省,CONSUME,01,,36.99345458984375,116.05915445963542,ANDROID,,山东省德州市夏津县南城镇,0
100000,105,运城市,西关社区,S,11,XCX,3,43.0,F,汉,4000,3,01,MATE,COLLEAGUE,1,70.0,山西省,CONSUME,01,,35.614985,111.21447,ANDROID,,山西省运城市新绛县龙兴镇西关路,0
100000,102,东莞市,高埗镇高埗村村民委员会,S,11,APP,4,39.3,F,汉,3570,2,01,MATE,FRIENDS,1,70.0,广东省,CONSUME,01,,23.094084190444164,113.756891027725089,ANDROID,,广东省东莞市高埗镇高埗广场南路,0
100000,,东营市,利津新洲物流有限公司,F,17,APP,2,33.9,F,汉,4987,2,01,FATHER,MATE,1,70.0,山东省,CONSUME,01,,37.650272,118.226239,ANDROID,,山东省东营市利津县明集乡,0
100000,303,长春市,北京链家置地房地产经纪有限公司,K,17,APP,4,42.0,M,汉,3756,4,01,FATHER,MATE,1,92.226,吉林省,CONSUME,02,,40.030215,116.351063,ANDROID,,北京市海淀区西三旗街道永泰中路23号,0
100000,,宿迁市,悦之翔玩具厂,C,24,APP,2,34.0,F,汉,4879,2,01,MATE,FRIENDS,1,70.0,江苏省,CONSUME,01,,34.1495,118.56481,ANDROID,,江苏省宿迁市沭阳县颜集镇紫荆路,0
100000,,芜湖市,日立电梯有限公司,C,24,XCX,3,23.8,M,汉,2399,2,01,FATHER,COLLEAGUE,2,70.0,安徽省,CONSUME,01,,31.33521755642361,118.3903759765625,ANDROID,,安徽省芜湖市镜湖区张家山社区G205辅路,0
100000,,江门市,盈晟贸易有限公司,C,24,XCX,2,34.4,M,瑶,6033,4,01,MOTHER,FRIENDS,1,70.0,广东省,CONSUME,01,,22.451252,113.065723,ANDROID,,广东省江门市新会区会城街道银源路,0
100000,102,宁德市,吴景兵个人工作室,Z,90,XCX,4,24.3,F,汉,2038,2,01,FATHER,RELATIVES,2,87.251,福建省,CONSUME,01,,27.48900206650648,120.43875355051977,IOS,,浙江省温州市苍南县灵溪镇,0
100000,104,保定市,刘思宇个人工作室,Z,90,XCX,4,26.3,F,汉,1307,2,01,FATHER,FRIENDS,2,89.132,河北省,CONSUME,01,,38.74284278551251,115.45820796995858,IOS,,河北省保定市清苑区北店乡,0
100000,103,盐城市,睡了没呢,H,54,APP,2,38.1,F,汉,3954,2,01,RELATIVES,FRIENDS,1,70.0,江苏省,CONSUME,01,,34.19151,119.585242,ANDROID,,江苏省盐城市响水县响水镇东园路,0
100000,,大连市,辉瑞财务服务大连有限公司,H,54,XCX,4,44.0,M,汉,3860,3,01,MATE,FRIENDS,1,70.0,辽宁省,CONSUME,01,,39.01501232728268,121.5597898875222,ANDROID,,辽宁省大连市甘井子区南关岭街道岚岭路,0
100000,105,汕头市,骏达电工,E,24,APP,3,47.2,M,汉,751,3,,FRIENDS,FRIENDS,1,70.0,广东省,CONSUME,01,,23.231272907618508,116.48101225637034,ANDROID,,广东省汕头市潮阳区和平镇,0
100000,102,洛阳市,智慧新安,H,54,APP,3,39.7,F,汉,2942,4,01,MATE,FRIENDS,1,70.0,河南省,CONSUME,02,,34.730463,112.130802,ANDROID,,河南省洛阳市新安县汉关街道绿苑路62-、64号,0
100000,303,天津市,天津市东丽区津塘埃安汽车销售服务有限公司,H,54,APP,3,46.7,M,汉,6035,2,01,MATE,FATHER,1,70.0,天津市,CONSUME,01,,39.082352,117.35075,ANDROID,,天津市东丽区新立街道新明路,0
100000,105,泉州市,福建旭联贸易有限公司,C,24,APP,3,37.0,M,汉,3909,4,01,MATE,FRIENDS,1,90.917,福建省,CONSUME,01,,25.133537314961875,118.95133015996741,ANDROID,,福建省泉州市泉港区峰尾镇,0
100000,403,济宁市,宋文鹃个人工作室,Q,11,XCX,3,29.9,F,汉,2178,4,01,FATHER,FATHER,2,70.0,山东省,CONSUME,01,,35.4347718641493,116.6526947699653,IOS,,山东省济宁市任城区柳行街道柳行互通立交,0
100000,,湛江市,黄文怡个人工作室,Z,90,XCX,2,23.8,M,汉,2268,4,01,MATE,SIBLING,1,95.0,广东省,CONSUME,01,,22.954890885683836,113.38595766134728,ANDROID,,广东省广州市番禺区大龙街道工业路8号,0
100000,,哈尔滨市,孙长滨个人工作室,Z,90,APP,3,43.3,M,汉,2262,4,01,FRIENDS,FRIENDS,1,70.0,黑龙江省,CONSUME,01,,45.79703342013889,126.67815863715278,ANDROID,,黑龙江省哈尔滨市道外区三棵树大街街道新迎新街,0
100000,,常州市,王盼个人工作室,Z,90,APP,2,38.7,F,汉,5690,4,01,MATE,FRIENDS,1,70.0,江苏省,CONSUME,01,,31.82331602634936,119.93512279492168,ANDROID,,江苏省常州市新北区三井街道天山路1-6号,0
100000,403,益阳市,养乃世家,H,54,XCX,2,38.7,F,汉,4446,2,01,MATE,MOTHER,1,70.0,湖南省,CONSUME,01,,28.526193333811606,112.14488849300197,ANDROID,,湖南省益阳市桃江县桃花江镇谷山路,0
100000,,德宏傣族景颇族自治州,芒市宏旭机械设备租赁有限公司,Z,90,APP,2,35.5,M,汉,4619,4,01,MATE,COLLEAGUE,1,70.0,云南省,CONSUME,01,,24.41960018915552,98.55501067997245,ANDROID,,云南省德宏傣族景颇族自治州芒市芒市勐焕街道,0
100000,,宜春地区,上海本来生活信息科技有限公司,G,13,XCX,4,28.2,M,汉,955,2,01,FATHER,FRIENDS,2,70.0,江西省,CONSUME,01,,31.079727918836806,121.50327582465277,ANDROID,,上海市闵行区浦锦街道南江燕路69弄-74-～77号,0
100000,,吉林市,吉林省楚风环境工程有限公司,M,11,APP,4,33.6,M,朝鲜,6474,4,01,MATE,FRIENDS,1,70.0,吉林省,CONSUME,01,,34.59333561434474,113.7608468787875,ANDROID,,河南省郑州市新郑市孟庄镇华南城大道,1
100000,,上海市,苏州希尔斯机电技术有限公司,Z,90,XCX,4,39.6,M,汉,4994,4,01,MOTHER,FRIENDS,1,70.0,上海市,CONSUME,01,,31.25433767063659,121.42349753825953,ANDROID,,上海市普陀区石泉路街道石泉路80号,0
100000,,长沙市,长沙雨花区楷畅工艺品连锁,Z,90,APP,4,41.7,M,汉,3851,4,01,FATHER,FRIENDS,1,70.0,湖南省,CONSUME,01,,28.18445,112.997673,ANDROID,,湖南省长沙市雨花区左家塘街道王公塘街158号,0
100000,307,台州市,朱敏吉个人工作室,Z,90,XCX,2,44.1,F,汉,3636,2,01,MATE,CHILDREN,1,70.0,浙江省,CONSUME,01,,28.86041654374866,120.74461279132163,ANDROID,,浙江省台州市仙居县福应街道陵园路,0
100000,104,保定市,北京丰源润德有限公司,Z,90,XCX,2,29.4,F,汉,589,4,01,MATE,FRIENDS,1,70.0,河北省,CONSUME,01,,39.39914876302083,116.16734673394097,ANDROID,,河北省廊坊市固安县东湾镇,0
100000,103,宁德市,深圳市佳益成五金制品有限公司,C,24,APP,2,40.6,F,汉,4102,2,01,MATE,FRIENDS,1,70.0,福建省,CONSUME,01,,23.033993,113.827502,ANDROID,,广东省东莞市寮步镇和庆街一巷18号,0
100000,,临汾市,中共临汾市委党校,S,11,XCX,3,32.0,F,汉,6456,3,01,MATE,MOTHER,1,86.976,山西省,CONSUME,01,,36.086765950520835,111.48144938151042,ANDROID,,山西省临汾市尧都区刘村镇滨河西路辅路,1
100000,105,岳阳市,湖南省岳阳市庆元商行,Z,90,XCX,2,48.6,M,汉,871,3,01,MOTHER,FRIENDS,1,70.0,湖南省,CONSUME,01,,29.377995036881129,113.13648070435137,ANDROID,,湖南省岳阳市岳阳楼区洛王街道冷水铺路115号,0
100000,,广州市,暂未提供公司,Z,90,XCX,4,41.0,M,汉,3405,2,01,FRIENDS,FRIENDS,2,70.0,广东省,CONSUME,01,,23.122240,113.267360,ANDROID,,广东省广州市越秀区珠光街道万福路257号,0
100000,,广州市,暂未提供公司,Z,90,XCX,4,41.0,M,汉,3405,2,01,FRIENDS,FRIENDS,2,70.0,广东省,CONSUME,01,,23.122240,113.267360,ANDROID,,广东省广州市越秀区珠光街道万福路257号,0
100000,104,秦皇岛市,马圈子镇人民政府,S,11,APP,4,33.2,M,满,6835,4,01,MATE,COLLEAGUE,1,89.223,河北省,CONSUME,01,,40.41407389566374,118.96526866354685,ANDROID,,河北省秦皇岛市青龙满族自治县青龙镇都源街,0
100000,102,榆林市,个体经营,Z,90,APP,4,37.4,M,汉,5669,3,01,PARENTS,FRIENDS,1,73.479,陕西省,CONSUME,01,,38.321457444170437,109.78161002374159,ANDROID,,陕西省榆林市榆阳区牛家梁镇东沙大道辅路,0
100000,,湘西土家族苗族自治州,祝珍个人工作室,Z,90,APP,2,26.1,F,土家,1303,2,01,SIBLING,SIBLING,2,85.502,湖南省,CONSUME,01,,29.086963,110.393164,ANDROID,,湖南省张家界市永定区南庄坪街道,0
100000,302,昆明市,东方航空云南有限公司,F,17,APP,3,45.6,M,汉,297,2,01,OTHER,OTHER,2,70.0,云南省,CONSUME,01,,24.964624808385297,102.74960528501427,ANDROID,,云南省昆明市官渡区官渡街道金学南路,0
100000,,宁波市,浙交能源有限公司,Z,90,APP,4,39.9,F,汉,3063,3,01,MATE,FRIENDS,1,70.0,浙江省,CONSUME,01,,29.307042,121.443551,ANDROID,,浙江省宁波市宁海县跃龙街道华海路,0
100000,103,信阳市,商城县根子小吃,I,54,APP,3,46.0,M,汉,4005,4,01,MATE,FRIENDS,1,70.0,河南省,CONSUME,01,,31.794082,115.405395,ANDROID,,河南省信阳市商城县城关镇扒字街,0
100000,102,南昌市,顺丰速运岭北路营业部,F,17,APP,3,37.3,M,汉,4909,3,01,MATE,FATHER,1,70.0,江西省,CONSUME,01,,28.657173,115.840274,ANDROID,,江西省南昌市红谷滩区红角洲管理区润街,1
100000,302,北京市,北京公交,O,17,XCX,3,33.6,M,汉,5078,2,01,MATE,FRIENDS,1,70.0,北京市,CONSUME,01,,39.84992542501159,116.29793240415904,ANDROID,,北京市丰台区新村街道泥洼东路,0
100000,105,双鸭山市,双鸭山市大商新玛特,H,54,APP,3,44.7,F,汉,2179,2,01,MOTHER,SIBLING,3,70.0,黑龙江省,CONSUME,02,,46.642498,131.153822,ANDROID,,黑龙江省双鸭山市尖山区中心站街道东平行路240号,0
100000,105,双鸭山市,双鸭山市大商新玛特,H,54,APP,3,44.7,F,汉,2179,2,01,MOTHER,SIBLING,3,70.0,黑龙江省,CONSUME,02,,46.642498,131.153822,ANDROID,,黑龙江省双鸭山市尖山区中心站街道东平行路240号,0
100000,103,宝鸡市,西安自来水有限公司,G,13,XCX,3,39.5,M,汉,4250,3,01,MATE,MATE,1,88.555,陕西省,CONSUME,01,,34.4120909575994,108.00977679367169,ANDROID,,陕西省宝鸡市扶风县召公镇杏林环线,0
100000,105,西安市,西安新雨田餐饮管理有限公司,I,54,APP,3,42.4,M,汉,4389,3,01,FRIENDS,FRIENDS,1,70.0,陕西省,CONSUME,01,,34.16591447541836,108.99423877662945,ANDROID,,陕西省西安市长安区韦曲街道航拓路,0
100000,105,西安市,西安新雨田餐饮管理有限公司,I,54,APP,3,42.4,M,汉,4389,3,01,FRIENDS,FRIENDS,1,70.0,陕西省,CONSUME,01,,34.16591447541836,108.99423877662945,ANDROID,,陕西省西安市长安区韦曲街道航拓路,0
100000,,广安市,中国能源建设集团广东火电有限公司,E,24,XCX,3,35.7,M,汉,5986,4,01,FATHER,MATE,1,80.95,四川省,CONSUME,01,,24.734581565936059,118.75942591357593,ANDROID,,福建省泉州市石狮市鸿山镇G228(沿海大通道),0
100000,103,广州市,广州酷淘贸易有限公司,C,24,APP,4,31.4,F,汉,6797,4,01,MATE,RELATIVES,1,81.617,广东省,CONSUME,01,,23.12667617322726,113.60519135183147,ANDROID,,广东省广州市增城区新塘镇东坑四横路65,0
100000,,杭州市,宝贝计划早教中心,P,13,APP,4,38.4,F,汉,3096,2,01,FATHER,FRIENDS,1,70.0,浙江省,CONSUME,01,,29.979878,122.328859,ANDROID,,浙江省舟山市普陀区东港街道东港城市绿道,0
100000,,湛江市,招亚弟个人工作室,Z,90,APP,2,49.3,M,汉,449,2,,FRIENDS,MOTHER,1,70.0,广东省,CONSUME,01,,21.442406,110.858318,ANDROID,,广东省湛江市吴川市覃巴镇X704,0
100000,103,平凉市,平凉程鼎工贸有限责任公司,C,24,APP,2,38.2,M,回,4578,3,01,MATE,FRIENDS,1,89.788,甘肃省,CONSUME,01,,35.54944031020907,106.7076312343445,ANDROID,,甘肃省平凉市崆峒区柳湖镇G312(泾河北路),0
100000,102,襄阳市,蓝丝带产后修复中心,Q,11,APP,2,40.4,F,汉,5809,2,01,RELATIVES,FRIENDS,1,70.0,湖北省,CONSUME,01,,32.06645030885895,112.14308130001003,ANDROID,,湖北省襄阳市樊城区七里河街道春园路53号,0
100000,,忻州市,许浩个人工作室,Z,90,XCX,2,28.9,M,汉,2144,2,01,FATHER,MOTHER,2,85.538,山西省,CONSUME,01,,39.36990207248264,111.16856201171875,ANDROID,,山西省忻州市河曲县西口镇S249(开元南路),0
100000,105,盖州市,营口市兴隆百货,H,54,XCX,4,30.9,M,汉,128,3,01,MATE,FRIENDS,1,70.0,辽宁省,CONSUME,02,,40.64707112630208,122.24734375,ANDROID,,辽宁省营口市老边区路南镇青花大街,0
100000,,黄石市,陈俊杰个人工作室,Z,90,APP,3,30.2,M,汉,382,3,01,FRIENDS,MOTHER,2,70.0,湖北省,CONSUME,01,,22.826662326388888,113.50309271918402,ANDROID,,广东省广州市南沙区黄阁镇湖田中路11,0
100000,105,西安市,北京欧凯永安仓储服务有限公司,F,17,APP,3,34.8,F,汉,66,3,,MATE,MOTHER,1,70.0,陕西省,CONSUME,01,,39.931959,116.425225,ANDROID,,北京市东城区东四街道东四十条甲22号,0
100000,105,宜宾市,独立工作人员,E,24,APP,2,43.7,M,汉,4112,3,01,FRIENDS,SIBLING,1,90.188,四川省,CONSUME,01,,30.55762844220902,120.94712159204231,ANDROID,,浙江省嘉兴市海盐县武原街道X104(嘉盐线),0
100000,,武汉市,武汉地铁集团有限公司,F,17,APP,4,26.8,M,汉,2087,3,01,FATHER,FRIENDS,2,85.308,湖北省,CONSUME,01,,30.462879231770835,114.54393988715277,ANDROID,,湖北省武汉市江夏区豹澥街道桥北路,0
100000,,宜春市,常德市武陵区子歌未来美学培训学校有限公司,G,13,APP,4,27.1,M,汉,947,2,01,FATHER,MATE,1,77.46,江西省,CONSUME,01,,29.058013,111.686276,ANDROID,,湖南省常德市武陵区穿紫河街道柳叶大道2688,0
100000,,宜春市,常德市武陵区子歌未来美学培训学校有限公司,G,13,APP,4,27.1,M,汉,947,2,01,FATHER,MATE,1,77.46,江西省,CONSUME,01,,29.058013,111.686276,ANDROID,,湖南省常德市武陵区穿紫河街道柳叶大道2688,0
100000,103,漳州市,厦门达衡信息科技有限公司,H,54,XCX,3,30.5,M,汉,711,4,01,FATHER,FRIENDS,1,70.0,福建省,CONSUME,01,,39.718223,116.448009,IOS,,北京市大兴区青云店镇Y101(双北路),0
100000,,湖州市,先登高科电气,G,13,XCX,4,34.2,F,汉,4378,4,01,MATE,FRIENDS,1,70.0,浙江省,CONSUME,01,,30.742761800604684,120.3359461095777,ANDROID,,浙江省湖州市南浔区双林镇S302(湖盐公路),0
100000,105,德州市,爱沙集团,H,54,APP,3,33.0,F,汉,5915,2,01,MOTHER,SIBLING,1,71.025,山东省,CONSUME,01,,37.417910108527028,116.31973811909956,ANDROID,,山东省德州市德城区新华街道双魏大道,0
100000,,梧州市,德胜酒楼,I,54,XCX,2,35.0,M,汉,6567,4,01,SIBLING,COLLEAGUE,2,90.495,广西壮族自治区,CONSUME,01,,22.56611545182351,113.11755718014553,ANDROID,,广东省江门市江海区外海街道金星路199号,0
100000,403,郑州市,好梦来纱窗,H,54,XCX,2,26.9,M,汉,7085,2,01,PARENTS,COLLEAGUE,2,87.951,河南省,CONSUME,01,,34.700647433474667,113.93173436602764,ANDROID,,河南省郑州市中牟县郑庵镇,0
100000,102,九江市,上海风云乔氏台球俱乐部,Z,90,XCX,2,40.1,M,汉,2744,3,01,RELATIVES,FRIENDS,2,86.315,江西省,CONSUME,02,,31.290958,121.319615,ANDROID,,上海市嘉定区南翔镇金通路,0
100000,,乐山市,易洪消防有限公司,Z,90,XCX,2,42.8,M,汉,5512,2,01,MOTHER,FRIENDS,1,70.0,四川省,CONSUME,01,,30.913246651612899,104.30760161404898,ANDROID,,四川省德阳市广汉市三水镇,0
100000,,曲靖市,第一人民医院,Z,90,APP,3,25.6,F,汉,1096,4,01,MATE,RELATIVES,2,70.0,云南省,CONSUME,01,,25.516874,103.759189,ANDROID,,云南省曲靖市麒麟区西城街道福园巷,0
100000,301,重庆市,重庆华烨药业有限公司,M,11,APP,4,33.3,M,汉,504,2,01,FATHER,MATE,2,95.297,重庆市,CONSUME,01,,29.751604843341278,106.58533171747895,ANDROID,,重庆市渝北区仙桃街道港悦大道,0
100000,105,邵阳市,大方县振宏不绣钢水箱厂,C,24,APP,2,42.7,F,汉,2229,2,01,PARENTS,FRIENDS,1,70.0,湖南省,CONSUME,01,,30.499065256185994,103.66861157258627,ANDROID,,四川省成都市大邑县蔡场镇,0
100000,,曲靖市,第一人民医院,Z,90,APP,3,25.6,F,汉,1096,4,01,MATE,RELATIVES,2,70.0,云南省,CONSUME,01,,25.516874,103.759189,ANDROID,,云南省曲靖市麒麟区西城街道福园巷,0
100000,103,武汉市,农银人寿保险公司,Z,90,APP,4,41.8,F,汉,4146,3,01,FATHER,FRIENDS,1,80.864,湖北省,CONSUME,01,,30.584491,114.217652,ANDROID,,湖北省武汉市硚口区韩家墩街道解放大道217-2号,0
100000,102,安康市,自轩通信部,G,13,APP,2,40.7,M,汉,4532,4,01,MATE,FRIENDS,1,70.0,陕西省,CONSUME,02,,32.700607976760519,109.03720768258038,ANDROID,,陕西省安康市汉滨区新城街道汉宁路,0
100000,102,丹东市,辽宁思凯科技股份有限公司,G,13,APP,3,42.1,M,汉,4390,2,,FATHER,COLLEAGUE,2,70.0,辽宁省,CONSUME,01,,39.880153,116.618508,ANDROID,,北京市朝阳区黑庄户(地区)乡怡乐西路辅路,0
100000,,安庆市,浙江新美心食品工业有限公司,C,24,APP,2,32.1,F,汉,5305,3,01,MATE,RELATIVES,1,70.0,安徽省,CONSUME,01,,29.875344,121.915372,ANDROID,,浙江省宁波市北仑区柴桥街道环镇北路190,0
100000,103,哈尔滨市,哈尔滨华纳星空架子鼓培训基地,H,54,XCX,3,43.8,F,汉,3745,2,,PARENTS,SIBLING,1,70.0,黑龙江省,CONSUME,01,,45.76329833984375,126.65453911675347,ANDROID,,黑龙江省哈尔滨市南岗区荣市街道三姓街2号,0
100000,102,烟台市,王志鹏个人工作室,Z,90,XCX,4,33.3,M,汉,5608,4,01,MOTHER,SIBLING,2,90.763,山东省,CONSUME,01,,37.10711565215541,122.44991990740158,ANDROID,,山东省威海市荣成市崂山街道,0
100000,103,温州市,左岸广告,Z,90,XCX,2,40.3,M,汉,3653,2,01,SIBLING,RELATIVES,1,70.0,浙江省,CONSUME,01,,23.111821521370555,113.192483693753800,ANDROID,,广东省佛山市南海区大沥镇红星路8号,0
100000,105,德州市,oppo,H,54,XCX,3,24.2,F,汉,2089,2,01,MATE,FRIENDS,1,70.0,山东省,CONSUME,01,,36.767176937704828,116.7795547138423,ANDROID,,山东省德州市齐河县晏城街道,0
100000,103,太原市,清徐润丰水产肉食加工厂,C,24,APP,3,32.2,M,汉,5417,4,01,PARENTS,RELATIVES,1,87.068,山西省,CONSUME,01,,37.75881620346812,112.59762771666654,ANDROID,,山西省太原市小店区西温庄乡锦波街,0
100000,102,上海市,赵海涛个人工作室,Z,90,APP,3,30.2,M,汉,717,4,01,RELATIVES,RELATIVES,2,70.0,上海市,CONSUME,01,,31.21486974439471,121.43677260352024,IOS,,上海市徐汇区湖南路街道武康路55号,0
100000,,唐山市,顺平县教育和体育局,Z,90,XCX,4,30.2,M,汉,995,3,01,MATE,COLLEAGUE,1,70.0,河北省,CONSUME,01,,38.84350830078125,115.14804796006945,ANDROID,,河北省保定市顺平县高于铺镇永禄大街,0
100000,,张家口市,郭利清个人工作室,Z,90,APP,2,37.5,M,汉,4325,4,01,FATHER,MATE,1,70.0,河北省,CONSUME,02,,39.8428404405382,114.58041449652778,ANDROID,,河北省张家口市蔚县蔚州镇光明北大街,0
100000,105,扬州市,扬州九天网络科技有限公司,G,13,XCX,4,37.3,F,汉,3730,2,,FATHER,FRIENDS,2,89.943,江苏省,CONSUME,04,,32.338937617028488,119.44798447545296,IOS,,江苏省扬州市邗江区施桥镇马泊河路,0
100000,102,安庆市,国祯水务,D,17,APP,3,38.6,M,汉,2940,4,,SIBLING,COLLEAGUE,1,70.0,安徽省,CONSUME,01,,30.113646,116.696932,ANDROID,,安徽省安庆市望江县华阳镇凤栖路,0
100000,,温州市,独立工作人员,Z,90,XCX,2,40.5,M,汉,2428,2,01,RELATIVES,FRIENDS,1,70.0,浙江省,CONSUME,01,,28.06904716114061,120.9812279423581,IOS,,浙江省温州市乐清市盐盆街道中心大道,0
100000,105,云浮市,罗定市会养汽车工坊,H,54,XCX,2,36.2,F,汉,5235,2,01,FRIENDS,FRIENDS,2,70.0,广东省,CONSUME,01,,23.0360074991284,114.13969588086606,ANDROID,,广东省惠州市惠城区潼湖镇S6(广龙高速),0
100000,105,定西市,中咨工程有限公司,E,24,APP,3,39.6,M,汉,2612,2,01,MATE,RELATIVES,1,77.871315,甘肃省,CONSUME,01,,35.58279405463063,104.63062116581503,ANDROID,,甘肃省定西市安定区凤翔镇解放路,0
100000,,通辽市,中蒲电力,D,17,APP,2,25.3,M,汉,1184,3,01,FATHER,MOTHER,2,71.196,内蒙古自治区,CONSUME,01,,40.356943,120.555077,ANDROID,,辽宁省葫芦岛市兴城市徐大堡镇,0
100000,,通辽市,中蒲电力,D,17,APP,2,25.3,M,汉,1184,3,01,FATHER,MOTHER,2,71.196,内蒙古自治区,CONSUME,01,,40.356943,120.555077,ANDROID,,辽宁省葫芦岛市兴城市徐大堡镇,0
100000,105,北京市,灿然于心文化传播有限公司,R,17,XCX,4,42.8,F,汉,2336,4,01,FATHER,FRIENDS,2,87.482,北京市,CONSUME,01,,28.13891434155418,112.96219376430725,IOS,,湖南省长沙市天心区新开铺街道下新市街,0
100000,,梅州市,广东高诚科技有限公司,Z,90,XCX,3,43.8,M,汉,1331,2,01,SIBLING,MATE,1,70.0,广东省,CONSUME,01,,24.295332983590144,116.13873768622946,ANDROID,,广东省梅州市梅江区金山街道S223,0
100000,,云浮市,佛山市南海区新富居家居建材有限公司,Z,90,APP,3,30.6,M,汉,92,2,01,MATE,FATHER,1,81.559,广东省,CONSUME,01,,23.180892999693464,113.0178727567195,ANDROID,,广东省佛山市南海区狮山镇X512(官华路),0
100000,,渭南地区,衣品阁服饰,Z,90,XCX,3,40.9,F,汉,5162,4,01,MATE,PARENTS,1,70.0,陕西省,CONSUME,01,,23.487405797318439,116.6662022845313,ANDROID,,广东省潮州市潮安区彩塘镇,0
100000,105,温州市,亲尚皮具,H,54,APP,2,36.2,M,汉,7049,4,01,MOTHER,SIBLING,2,70.0,浙江省,CONSUME,02,,27.626726,120.315236,ANDROID,,浙江省温州市平阳县水头镇繁华东路,0
100000,,驻马店市,确山县人民医院,Z,90,APP,3,31.7,M,汉,1285,2,01,COLLEAGUE,COLLEAGUE,2,90.224,河南省,CONSUME,01,,32.798089,114.020745,ANDROID,,河南省驻马店市确山县盘龙街道新民路,0
100000,,渭南地区,衣品阁服饰,Z,90,XCX,3,40.9,F,汉,5162,4,01,MATE,PARENTS,1,70.0,陕西省,CONSUME,01,,23.487405797318439,116.6662022845313,ANDROID,,广东省潮州市潮安区彩塘镇,0
100000,,石家庄市,金舍装饰有限公司,Z,90,APP,4,23.9,F,汉,2296,4,01,FRIENDS,RELATIVES,1,86.211,河北省,CONSUME,01,,39.413524,116.155793,ANDROID,,河北省廊坊市固安县东湾镇盛大大街,0
100000,,娄底市,养殖有限公司,Z,90,XCX,4,30.9,M,汉,1781,4,01,RELATIVES,FRIENDS,1,70.0,湖南省,CONSUME,01,,27.743049470132033,111.34192267240076,ANDROID,,湖南省娄底市新化县桑梓镇,0
100000,,石家庄市,金舍装饰有限公司,Z,90,APP,4,23.9,F,汉,2296,4,01,FRIENDS,RELATIVES,1,86.211,河北省,CONSUME,01,,39.413524,116.155793,ANDROID,,河北省廊坊市固安县东湾镇盛大大街,0
100000,102,绥化市,三亚市吉阳区同心路同心家园牛约堡,H,54,XCX,2,30.4,M,汉,79,2,01,RELATIVES,RELATIVES,2,70.0,黑龙江省,CONSUME,01,,46.052123,125.975643,ANDROID,,黑龙江省绥化市肇东市朝阳区街道园林南路,0
100000,,娄底市,养殖有限公司,Z,90,XCX,4,30.9,M,汉,1781,4,01,RELATIVES,FRIENDS,1,70.0,湖南省,CONSUME,01,,27.743049470132033,111.34192267240076,ANDROID,,湖南省娄底市新化县桑梓镇,0
100000,102,重庆市,重庆万友人才服务有限公司,H,54,APP,3,34.7,F,汉,6104,4,01,MATE,FATHER,1,79.602,重庆市,CONSUME,01,,29.537350611910204,106.59635081496443,ANDROID,,重庆市南岸区南山街道黄桷垭后街,0
100000,,双鸭山市,道合信息技术有限公司,Z,90,XCX,3,34.2,M,汉,6061,4,01,MATE,FRIENDS,1,70.0,黑龙江省,CONSUME,01,,45.736714698947348,126.54034752726156,ANDROID,,黑龙江省哈尔滨市道里区工农街道群力大道,0
100000,,淮北市,上海恬聆实业有限公司,Z,90,APP,2,31.6,M,汉,1373,2,01,OTHER,COLLEAGUE,2,70.0,安徽省,CONSUME,01,,30.91898,121.581234,ANDROID,,上海市奉贤区青村镇上塑路,0
100000,102,贺州市,泰宝靓汤,H,54,APP,2,36.0,F,汉,3705,3,01,MATE,SIBLING,1,70.0,广西壮族自治区,CONSUME,01,,22.926187,113.205503,ANDROID,,广东省佛山市顺德区北滘镇南源路134号,0
100000,,乐山市,北欧印象,I,54,XCX,4,27.4,M,汉,659,4,01,RELATIVES,FRIENDS,2,70.0,四川省,CONSUME,01,,29.556247,103.708927,ANDROID,,四川省乐山市市中区水口镇嘉沫路一段,0
100000,,乐山市,北欧印象,I,54,XCX,4,27.4,M,汉,659,4,01,RELATIVES,FRIENDS,2,70.0,四川省,CONSUME,01,,29.556247,103.708927,ANDROID,,四川省乐山市市中区水口镇嘉沫路一段,0
100000,105,湛江市,创维科技园,Z,90,APP,2,29.0,M,汉,1494,4,01,MATE,COLLEAGUE,1,70.0,广东省,CONSUME,01,,21.053288,110.174532,ANDROID,,广东省湛江市麻章区太平镇教育路,0
100000,,淮北市,上海恬聆实业有限公司,Z,90,APP,2,31.6,M,汉,1373,2,01,OTHER,COLLEAGUE,2,70.0,安徽省,CONSUME,01,,30.91898,121.581234,ANDROID,,上海市奉贤区青村镇上塑路,0
100000,305,兰州市,兰州市二建公司,Z,90,XCX,2,37.0,M,汉,4193,2,01,FATHER,MATE,1,85.543,甘肃省,CONSUME,01,,36.657085774739585,103.65116672092014,ANDROID,,甘肃省兰州市皋兰县秦川镇育才路,0
100000,102,内江市,彩虹家私广场,C,24,APP,3,39.4,M,汉,4076,2,01,FRIENDS,MATE,1,70.0,四川省,CONSUME,01,,24.34753065306862,102.53572108842038,ANDROID,,云南省玉溪市红塔区玉带街道文化路12-15号,0
100000,105,锦州市,天津博信汽车零部件有限公司,C,24,APP,3,29.3,M,满,6793,2,01,PARENTS,FATHER,2,86.797,辽宁省,CONSUME,01,,39.24745644407832,117.46186215015072,ANDROID,,天津市宁河区造甲城镇永定新河北路,0
100000,,泉州市,张龙山个人工作室,Z,90,XCX,4,36.0,M,汉,3845,2,01,MOTHER,FRIENDS,2,70.0,福建省,CONSUME,01,,25.109571126302082,118.95174831814236,ANDROID,,福建省泉州市泉港区峰尾镇,0
100000,105,信阳市,白璐个人工作室,Z,90,XCX,4,23.6,F,汉,2234,4,01,FATHER,SIBLING,2,84.844,河南省,CONSUME,01,,34.78476373100028,114.39894957403881,IOS,,河南省开封市顺河回族区东郊乡,0
100000,102,阜阳市,安徽沃东市政园林,E,24,APP,3,28.9,M,汉,606,4,01,FATHER,COLLEAGUE,2,89.98,安徽省,CONSUME,01,,31.116941379299843,121.45913278045636,ANDROID,,上海市徐汇区华泾镇华济路,0
100000,105,合肥市,王亚东个人工作室,Z,90,APP,4,35.1,M,汉,5916,4,01,MATE,FATHER,1,70.0,安徽省,CONSUME,01,,31.709866335853677,117.25140161915972,ANDROID,,安徽省合肥市包河区烟墩街道玉龙路辅路,0
100000,,清远市,宁波百洛威电器有限公司,Z,90,XCX,2,31.0,F,汉,1342,3,01,MATE,FRIENDS,1,70.0,广东省,CONSUME,01,,29.9455244131371,121.40995071465312,ANDROID,,浙江省宁波市江北区慈城镇,0
100000,,临夏回族自治州,冯进福个人工作室,Z,90,XCX,4,25.0,M,东乡,1103,4,01,FATHER,FRIENDS,1,70.0,甘肃省,CONSUME,01,,35.531389789333818,103.62153479436928,ANDROID,,甘肃省临夏回族自治州东乡族自治县果园镇,0
100000,103,泉州市,石狮佰味冷冻食品,C,24,APP,3,30.3,M,汉,1872,2,01,PARENTS,FRIENDS,1,70.0,福建省,CONSUME,01,,24.741566388951587,118.6515556776881,ANDROID,,福建省泉州市石狮市宝盖镇濠江路707号,0
100000,102,运城市,李波铝合金不锈钢,C,24,APP,2,35.6,M,汉,6239,4,01,MATE,PARENTS,1,86.558,山西省,CONSUME,01,,35.469262,110.887131,ANDROID,,山西省运城市稷山县翟店镇,0
100000,,鞍山市,鞍山鸣阳耘帆环保科技厂,M,11,XCX,3,34.9,M,汉,5426,2,01,FATHER,SIBLING,2,83.436,辽宁省,CONSUME,01,,41.156400010850696,122.94363254123265,ANDROID,,辽宁省鞍山市铁西区达道湾街道建设大道,0
100000,403,白银市,会宁县纪委,S,11,APP,4,38.0,F,汉,5713,3,01,MOTHER,FRIENDS,1,70.0,甘肃省,CONSUME,01,,35.700264977663547,105.05952478317554,ANDROID,,甘肃省白银市会宁县会师镇,0
100000,,常州市,官渡区吴环宇电动车配件经营部,Z,90,XCX,2,45.1,M,汉,3747,2,01,RELATIVES,FRIENDS,1,70.0,江苏省,CONSUME,01,,24.996422028719974,102.73514996714497,ANDROID,,云南省昆明市官渡区关上街道苜蓿路,0
100000,102,福州市,世纪金源生活服务连江公司,H,54,APP,2,37.8,M,汉,3788,4,01,FRIENDS,FATHER,2,70.0,福建省,CONSUME,01,,26.257627712579806,119.42064107593765,ANDROID,,福建省福州市连江县潘渡镇丹贵公路,0
100000,,常州市,江阴巨匠铁艺,Z,90,XCX,3,29.1,M,汉,2326,3,01,MOTHER,FRIENDS,1,70.0,江苏省,CONSUME,01,,31.862538519965277,120.16217393663194,ANDROID,,江苏省常州市天宁区郑陆镇粮庄桥,0
100000,105,苏州市,吴江格林金属材料有限公司,C,24,XCX,2,48.7,M,汉,61,3,01,MATE,SIBLING,1,82.506,江苏省,CONSUME,01,,30.897117692005378,120.40211226018222,ANDROID,,浙江省湖州市南浔区东迁街道七六五村道,0
100000,301,淮安市,常州市优尼科中心,J,13,APP,4,32.7,M,汉,4933,2,01,MOTHER,FRIENDS,2,70.0,江苏省,CONSUME,01,,31.826190311811467,119.99749457143187,ANDROID,,江苏省常州市新北区三井街道,0
100000,,连云港市,常州市汕杰金机械有限公司,Z,90,XCX,2,29.3,M,汉,6138,4,01,PARENTS,MATE,1,83.416,江苏省,CONSUME,01,,31.5485167715343,120.06078906697441,ANDROID,,江苏省常州市武进区雪堰镇周南路,0
100000,102,河源市,车博会汽车服务有限公司,O,17,APP,2,30.8,M,汉,1869,2,01,PARENTS,SIBLING,2,91.359,广东省,CONSUME,01,,22.728264190751927,114.24971290272525,ANDROID,,广东省深圳市龙岗区龙城街道盛龙路29,0
100000,301,淮安市,常州市优尼科中心,J,13,APP,4,32.7,M,汉,4933,2,01,MOTHER,FRIENDS,2,70.0,江苏省,CONSUME,01,,31.826190311811467,119.99749457143187,ANDROID,,江苏省常州市新北区三井街道,0
100000,103,合肥市,长丰县岗集镇,I,54,APP,2,41.2,M,汉,4136,2,01,RELATIVES,FRIENDS,1,70.0,安徽省,CONSUME,01,,31.839776475694446,117.34580078125,ANDROID,,安徽省合肥市瑶海区大兴镇郎溪路辅路,0
100000,,漯河市,杭州丝绸服装店,Z,90,APP,3,37.7,M,汉,6699,3,01,SIBLING,FRIENDS,2,70.0,河南省,CONSUME,01,,22.540239,113.465637,ANDROID,,广东省中山市中山港街道康怡路21号,0
100000,,汉中市,日月光半导体上海有限公司,Z,90,XCX,4,29.3,M,汉,6301,4,01,FATHER,MATE,1,70.0,陕西省,CONSUME,01,,31.215697,121.59677,ANDROID,,上海市浦东新区张江镇金科路2517,0
100000,309,泉州市,泉州盛业不锈钢有限公司,C,24,XCX,2,37.8,M,汉,5651,2,01,MATE,COLLEAGUE,1,70.0,福建省,CONSUME,01,,24.963728792198184,118.3282663286651,ANDROID,,福建省泉州市南安市溪美街道,0
100000,,三亚市,海茂农业科技有限公司,A,27,XCX,3,42.2,M,汉,2337,3,01,MATE,FRIENDS,1,70.0,海南省,CONSUME,01,,18.320364040798612,109.17368381076389,ANDROID,,海南省三亚市崖州区,0
100000,,天津市,天津华明乳业有限公司,Z,90,APP,2,35.2,M,满,5234,2,01,MOTHER,FRIENDS,1,70.0,天津市,CONSUME,01,,39.434784,117.049775,ANDROID,,天津市武清区南蔡村镇西环路,0
100000,,聊城市,梵星舞蹈工作室,Z,90,XCX,4,23.8,M,汉,834,2,01,MATE,RELATIVES,2,70.0,山东省,CONSUME,01,,36.4560205078125,115.9673193359375,ANDROID,,山东省聊城市东昌府区古楼街道青年林路,0
100000,,长沙市,万家丽国际MALL,Z,90,APP,3,29.6,M,汉,1291,4,01,PARENTS,SIBLING,1,85.881,湖南省,CONSUME,01,,28.188936,113.034247,ANDROID,,湖南省长沙市芙蓉区东屯渡街道育才街,0
100000,,宿迁市,陈珞个人工作室,Z,90,APP,3,30.2,M,汉,6029,3,01,PARENTS,RELATIVES,1,70.0,江苏省,CONSUME,01,,31.59786834192065,120.83764043698516,ANDROID,,江苏省苏州市常熟市东南街道黄浦江路,0
100000,,武汉市,湖北领航卓越教育科技有限公司,G,13,XCX,2,34.5,F,汉,4405,4,,SIBLING,MATE,2,91.217,湖北省,CONSUME,01,,31.025400933159723,114.37349365234375,ANDROID,,湖北省武汉市黄陂区罗汉寺街道,0
100000,103,宿迁市,薛景个人工作室,Z,90,APP,2,40.8,M,汉,3989,4,01,RELATIVES,RELATIVES,1,70.0,江苏省,CONSUME,01,,2,118.713414,ANDROID,,[],0
100000,,邯郸市,魏县新蕾电动车门市,Z,90,APP,2,33.6,M,汉,4895,2,01,MATE,SIBLING,1,82.12,河北省,CONSUME,01,,36.36888400607639,114.91469699435764,ANDROID,,河北省邯郸市魏县魏城镇S313(开元西路),0
100000,,宿迁市,陈珞个人工作室,Z,90,APP,3,30.2,M,汉,6029,3,01,PARENTS,RELATIVES,1,70.0,江苏省,CONSUME,01,,31.593578287760415,120.82694986979166,ANDROID,,江苏省苏州市常熟市东南街道银河路,0
100000,105,九江市,福清市音西墨熙茶叶店,H,54,APP,2,38.2,F,汉,4416,4,01,OTHER,MATE,2,88.894,江西省,CONSUME,01,,25.726112537419568,119.40286322896387,ANDROID,,福建省福州市福清市龙山街道山水大道辅路,0
100000,103,榆林市,政府服务中心,S,11,APP,3,28.1,F,汉,851,4,01,MATE,RELATIVES,1,83.135,陕西省,CONSUME,01,,37.790399829147599,108.84375490918622,ANDROID,,陕西省榆林市靖边县海则滩镇,0
100000,403,宣城市,安升达有限公司,Z,90,APP,4,25.3,M,汉,680,3,01,FATHER,FRIENDS,2,70.0,安徽省,CONSUME,01,,31.32199651274176,120.74959402110213,ANDROID,,江苏省苏州市苏州工业园区金鸡湖街道钟园路辅路,0
100000,,六盘水市,连续创业人士,Z,90,XCX,2,38.5,M,布依,4515,4,01,RELATIVES,FRIENDS,3,70.0,贵州省,CONSUME,01,,30.25499296131528,120.20869043100113,ANDROID,,浙江省杭州市上城区四季青街道江锦路,0
100000,102,成都市,四川渝建研,H,54,APP,4,35.8,M,汉,3786,3,01,MATE,RELATIVES,1,70.0,四川省,CONSUME,01,,22.670523842569144,113.9096444557863,ANDROID,,广东省深圳市宝安区石岩街道永腾三路,0
100000,,绵阳市,成都乐曼多科技有限公司,G,13,APP,4,33.6,M,汉,5317,4,01,MOTHER,FRIENDS,1,70.0,四川省,CONSUME,02,,30.558447,104.244414,ANDROID,,四川省成都市龙泉驿区龙泉街道南京路426号,0
100000,102,成都市,四川渝建研,H,54,APP,4,35.8,M,汉,3786,3,01,MATE,RELATIVES,1,70.0,四川省,CONSUME,01,,22.670523842569144,113.9096444557863,ANDROID,,广东省深圳市宝安区石岩街道永腾三路,0
100000,301,揭阳市,广东省森拉堡家具有限公司,C,24,XCX,3,35.2,M,汉,4241,4,01,SIBLING,MATE,1,89.723,广东省,CONSUME,01,,22.38980543989647,113.33602188187227,ANDROID,,广东省中山市板芙镇工业大道,0
100000,,遂宁市,通江超前外国语实验学校,Z,90,APP,4,27.3,M,汉,1841,2,01,FATHER,FRIENDS,2,70.0,四川省,CONSUME,01,,32.33497,106.820203,ANDROID,,四川省巴中市南江县集州街道G244(一环路),0
100000,,遂宁市,通江超前外国语实验学校,Z,90,APP,4,27.3,M,汉,1841,2,01,FATHER,FRIENDS,2,70.0,四川省,CONSUME,01,,32.33497,106.820203,ANDROID,,四川省巴中市南江县集州街道G244(一环路),0
100000,103,大兴安岭地区,北京爱记忆德胜有限公司,Z,90,APP,4,33.7,F,汉,5186,3,01,RELATIVES,FRIENDS,1,70.0,黑龙江省,CONSUME,01,,40.1506,116.30011,ANDROID,,北京市昌平区沙河(地区)镇松辛路,0
100000,103,南京市,南京成善悦泽生物科技有限公司,I,54,APP,3,41.4,M,汉,3445,3,01,FRIENDS,MOTHER,1,70.0,江苏省,CONSUME,01,,31.977001540735345,118.72588877732537,ANDROID,,江苏省南京市建邺区沙洲街道油坊桥立交,0
100000,,无锡市,江苏河海新能源股份有限公司,M,11,XCX,4,30.8,M,汉,5536,4,01,PARENTS,MATE,,70.0,江苏省,CONSUME,01,,31.81308142219615,120.2078567136573,ANDROID,,江苏省无锡市江阴市月城镇白马路,0
100000,,安康市,陕西省安康市汉滨区中心医院分院影像,Z,90,APP,4,28.5,M,汉,876,2,01,FATHER,FRIENDS,2,92.4463,陕西省,CONSUME,01,,32.69523843371516,109.0314349213633,ANDROID,,陕西省安康市汉滨区老城街道静宁巷27号,0
100000,103,深圳市,广东天凌建设工程有限公司,E,24,APP,3,39.3,M,汉,2523,2,01,MATE,FRIENDS,2,91.182,广东省,CONSUME,01,,23.566899720298087,116.37317810642726,ANDROID,,广东省揭阳市榕城区东升街道环市北路辅路,0
100000,102,绍兴市,涵涵布艺,H,54,APP,2,36.2,F,汉,3786,4,01,MOTHER,SIBLING,1,70.0,浙江省,CONSUME,01,,30.095864906559247,120.4723931284562,ANDROID,,浙江省绍兴市柯桥区华舍街道尚知巷,0
100000,103,深圳市,广东天凌建设工程有限公司,E,24,APP,3,39.3,M,汉,2523,2,01,MATE,FRIENDS,2,91.182,广东省,CONSUME,01,,23.566899720298087,116.37317810642726,ANDROID,,广东省揭阳市榕城区东升街道环市北路辅路,0
100000,,大连市,顺丰速运,Z,90,XCX,2,42.9,M,满,3782,3,01,FATHER,MOTHER,1,70.0,辽宁省,CONSUME,01,,39.0956787109375,121.92235948350694,ANDROID,,辽宁省大连市金州区董家沟街道光明街,0
100000,,应城市,应城全友家居,C,24,APP,2,26.1,M,汉,689,2,01,PARENTS,FRIENDS,1,70.0,湖北省,CONSUME,01,,30.949576,113.540024,ANDROID,,湖北省孝感市应城市城中街道,0
100000,,大连市,顺丰速运,Z,90,XCX,2,42.9,M,满,3782,3,01,FATHER,MOTHER,1,70.0,辽宁省,CONSUME,01,,39.0956787109375,121.92235948350694,ANDROID,,辽宁省大连市金州区董家沟街道光明街,0
100000,303,贵阳市,汽车之家,H,54,APP,4,43.5,M,汉,3888,4,01,PARENTS,FRIENDS,2,70.0,贵州省,CONSUME,01,,39.03970012982046,117.75050440142674,ANDROID,,天津市滨海新区塘沽街道北港路,0
100000,102,杭州市,杭州芳迪茶业有限公司,Z,90,XCX,4,35.3,F,汉,4899,4,01,FRIENDS,MOTHER,2,70.0,浙江省,CONSUME,01,,30.247559,120.167587,ANDROID,,浙江省杭州市上城区清波街道中河中路126号,0
100000,102,太原市,清徐客运中心,Z,90,APP,4,37.0,M,汉,4523,2,01,RELATIVES,FRIENDS,1,70.0,山西省,CONSUME,01,,37.628157,112.365178,ANDROID,,山西省太原市晋源区姚村镇,0
100000,105,上饶市,都都装饰,E,24,APP,2,29.0,M,汉,459,2,01,MATE,FRIENDS,2,85.154816,江西省,CONSUME,01,,30.192715567228296,121.29683322643678,IOS,,浙江省宁波市慈溪市白沙路街道北三环东路,0
100000,103,佛山市,佛山市俊尚装饰材料有限公司,C,24,XCX,2,33.2,M,汉,4777,3,01,PARENTS,FRIENDS,1,70.0,广东省,CONSUME,01,,22.87765163845486,113.05121202256944,ANDROID,,广东省佛山市顺德区龙江镇G325(广南线),0
100000,,厦门市,厦门意动行贸易有限公司,Z,90,APP,3,32.3,M,汉,6152,4,01,PARENTS,PARENTS,1,70.0,福建省,CONSUME,01,,24.598087667778239,118.25231726540508,ANDROID,,福建省厦门市翔安区新店街道X424,0
100000,,阜阳市,华隆国际大酒店,Z,90,XCX,2,26.2,M,汉,1596,4,01,PARENTS,RELATIVES,2,70.0,安徽省,CONSUME,01,,32.761265073661117,115.38333198240737,ANDROID,,安徽省阜阳市临泉县滑集镇,0
100000,105,盐城市,华夏银行股份有限公司盐城分行,J,13,XCX,4,35.4,M,汉,4087,4,01,PARENTS,MATE,1,70.0,江苏省,CONSUME,01,,33.39589348690703,120.20457816803754,ANDROID,,江苏省盐城市亭湖区新城街道黄山路辅路,0
100000,103,南通市,周桢翔个人工作室,Z,90,APP,3,29.0,M,汉,522,4,01,FATHER,RELATIVES,3,86.176,江苏省,CONSUME,01,,40.04566002364026,116.26950871741775,ANDROID,,北京市海淀区马连洼街道软件园西路,0
100000,,汉中市,赵政阳个人工作室,Z,90,APP,2,22.6,M,汉,3032,2,01,FATHER,SIBLING,2,70.0,陕西省,CONSUME,01,,31.561265,120.390195,ANDROID,,江苏省无锡市新吴区江溪街道G2(京沪高速),0
100000,104,连云港市,连云港市乐宝手工坊,H,54,APP,2,31.0,M,汉,5734,2,01,FRIENDS,RELATIVES,1,95.072,江苏省,CONSUME,01,,34.519517045366907,119.28290667635145,ANDROID,,江苏省连云港市海州区宁海街道,0
100000,,绍兴市,绍兴森田换热器有限公司,Z,90,XCX,3,30.6,M,汉,5642,3,01,SIBLING,COLLEAGUE,2,70.0,浙江省,CONSUME,01,,30.140010850694445,120.57431613498264,ANDROID,,浙江省绍兴市柯桥区马鞍街道,0
100000,104,连云港市,连云港市乐宝手工坊,H,54,XCX,2,31.0,M,汉,5734,2,01,FRIENDS,RELATIVES,1,95.072,江苏省,CONSUME,01,,34.519517045366907,119.28290667635145,ANDROID,,江苏省连云港市海州区宁海街道,0
100000,,信阳市,上海三快智送科技有限公司,Z,90,APP,2,29.1,M,汉,6698,2,01,FATHER,FRIENDS,2,70.0,河南省,CONSUME,01,,31.05363009982639,121.76247287326389,ANDROID,,上海市浦东新区惠南镇靖海路,0
100000,,宜宾市,科涵冻品配送中心,Z,90,APP,2,40.3,M,汉,4837,2,01,FATHER,FRIENDS,3,90.18861,四川省,CONSUME,01,,28.74933805738557,104.59965304545928,ANDROID,,四川省宜宾市翠屏区西郊街道翠柏路,0
100000,,德州市,云善江个人工作室,Z,90,APP,2,37.5,M,汉,3957,2,01,OTHER,OTHER,1,70.0,山东省,CONSUME,01,,36.8459459092882,116.25017062717014,ANDROID,,山东省聊城市高唐县鱼邱湖街道政通路辅路,0
100000,105,昆明市,遵义思达旅游管理有限公司,O,17,XCX,3,36.8,M,汉,4186,4,01,FATHER,FRIENDS,1,70.0,云南省,CONSUME,01,,30.637118055555554,119.95644883897569,ANDROID,,浙江省湖州市吴兴区埭溪镇,0
100000,105,台州市,浙江易德装饰设计工程有限公司,E,24,APP,3,38.1,M,汉,4842,4,01,RELATIVES,RELATIVES,1,70.0,浙江省,CONSUME,01,,28.248331536065835,113.12248758842233,ANDROID,,湖南省长沙市长沙县星沙街道G319(开元路),0
100000,105,台州市,浙江易德装饰设计工程有限公司,E,24,XCX,3,38.1,M,汉,4842,4,01,RELATIVES,RELATIVES,1,70.0,浙江省,CONSUME,01,,28.248331536065835,113.12248758842233,ANDROID,,湖南省长沙市长沙县星沙街道G319(开元路),0
100000,105,台州市,浙江易德装饰设计工程有限公司,E,24,XCX,3,38.1,M,汉,4842,4,01,RELATIVES,RELATIVES,1,70.0,浙江省,CONSUME,01,,28.248331536065835,113.12248758842233,ANDROID,,湖南省长沙市长沙县星沙街道G319(开元路),0
100000,103,盐城市,常州天益堂大药房有限公司,H,54,APP,3,35.6,M,汉,4244,4,,MATE,MOTHER,1,70.0,江苏省,CONSUME,01,,32.725362366449747,120.33789541928172,ANDROID,,江苏省盐城市东台市梁垛镇弶溱线,0
100000,103,揭阳市,深圳市乐奇多实业有限公司,C,24,APP,2,35.8,M,汉,4103,4,01,MATE,FRIENDS,1,70.0,广东省,CONSUME,01,,22.729695688381523,114.26318511101593,ANDROID,,广东省深圳市龙岗区龙岗街道罗瑞合南街100号,0
100000,103,重庆市,胡恒个人工作室,Z,90,APP,2,24.9,M,汉,1911,2,01,MOTHER,COLLEAGUE,1,70.0,重庆市,CONSUME,01,,31.283713,120.966438,ANDROID,,江苏省苏州市昆山市张浦镇源浦路,0
100000,103,重庆市,胡恒个人工作室,Z,90,APP,2,24.9,M,汉,1911,2,01,MOTHER,COLLEAGUE,1,70.0,重庆市,CONSUME,01,,31.283713,120.966438,ANDROID,,江苏省苏州市昆山市张浦镇源浦路,0
100000,104,巴中市,丹阳世纪印刷有限公司,C,24,XCX,2,29.9,M,汉,5910,4,01,RELATIVES,FRIENDS,2,70.0,四川省,CONSUME,01,,32.004220932821038,119.56172845464237,ANDROID,,江苏省镇江市丹阳市云阳街道校场弄,0
100000,105,吉林市,黄鹏个人工作室,Z,90,APP,4,30.2,M,汉,7267,2,01,FATHER,FRIENDS,2,89.073,吉林省,CONSUME,01,,33.3008490513135,118.86441298967321,ANDROID,,江苏省淮安市洪泽区高良涧街道振兴路,0
100000,102,鞍山市,鞍山特超市,H,54,APP,3,31.3,M,汉,176,4,01,RELATIVES,FRIENDS,2,91.038,辽宁省,CONSUME,01,,41.08702582363182,123.0491308817953,ANDROID,,辽宁省鞍山市铁东区大孤山街道,0
100000,105,阜阳市,阜阳市人人鑫汽车销售有限公司,H,54,APP,4,37.3,M,汉,4364,2,01,FATHER,FRIENDS,2,86.567,安徽省,CONSUME,01,,23.177035344272924,113.33807429462867,IOS,,广东省广州市天河区元岗街道下元岗西大街,0
100000,104,成都市,郑石个人工作室,Z,90,APP,4,26.7,M,汉,1075,2,01,FATHER,RELATIVES,2,89.05611,四川省,CONSUME,01,,28.644714048811669,121.5541233343928,ANDROID,,浙江省台州市椒江区海虹街道,0
100000,103,菏泽市,徐夫超个人工作室,H,54,APP,2,48.4,M,汉,484,4,01,FATHER,SIBLING,1,91.337,山东省,CONSUME,01,,30.04591318478985,120.86778591806152,ANDROID,,浙江省绍兴市上虞区百官街道前江路,0
100000,403,汉中市,永和快餐店,Z,90,XCX,2,37.7,M,汉,3263,2,01,PARENTS,FRIENDS,2,70.0,陕西省,CONSUME,01,,22.61376708984375,114.0621714952257,ANDROID,,广东省深圳市龙岗区坂田街道环城路,0
100000,,重庆市,刘鑫宇个人工作室,Z,90,APP,4,27.9,M,汉,2962,2,01,PARENTS,FRIENDS,2,70.0,重庆市,CONSUME,01,,29.478584862677747,107.44054286821026,ANDROID,,重庆市武隆区鸭江镇X786(鸭大路),0
100000,102,邯郸市,白沙火焰山钙业,C,24,APP,2,33.2,F,汉,6469,4,01,MATE,FATHER,1,70.0,河北省,CONSUME,01,,36.58234625023468,114.23432927953179,ANDROID,,河北省邯郸市武安市淑村镇,0
100000,,成都市,林发个人工作室,Z,90,APP,4,41.3,M,汉,4952,3,01,SIBLING,FRIENDS,3,89.632,四川省,CONSUME,01,,30.780013299624128,104.18452720578259,ANDROID,,四川省成都市新都区石板滩街道七先路,0
100000,,梅州市,东莞红蜻蜓专卖店,H,54,APP,2,48.3,F,汉,4102,2,01,MATE,FRIENDS,1,70.0,广东省,CONSUME,01,,23.017294,114.095635,ANDROID,,广东省东莞市桥头镇湖滨路6号,0
100000,103,哈尔滨市,杨晓艳个人工作室,Z,90,APP,2,48.4,F,汉,571,3,01,FATHER,FATHER,3,70.0,黑龙江省,CONSUME,01,,35.085067,137.130038,ANDROID,,"Toyota, Aichi, Japan",0
100000,105,上海市,杨李华个人工作室,R,17,APP,2,38.6,F,汉,3039,4,01,RELATIVES,RELATIVES,1,70.0,上海市,CONSUME,01,,31.046070153449049,121.45600570187158,IOS,,上海市闵行区吴泾镇景东路228号,0
100000,103,沈阳市,沈阳美华农业有限公司,A,27,XCX,3,35.1,M,汉,4318,4,01,PARENTS,FRIENDS,2,70.0,辽宁省,CONSUME,01,,41.79799814071721,123.45147621519591,ANDROID,,辽宁省沈阳市沈河区皇城街道钟楼南巷中段,0
100000,403,宣城市,丹丹烧烤,I,54,APP,2,34.1,F,汉,5775,3,01,MATE,FRIENDS,1,94.0,安徽省,CONSUME,01,,31.28556822353692,117.93292074565912,IOS,,安徽省芜湖市无为市无城镇幸福路,0
100000,,濮阳市,广大物流,Z,90,XCX,2,40.2,M,汉,4487,3,01,MOTHER,FRIENDS,1,70.0,河南省,CONSUME,01,,30.154671396576587,121.04844762173855,ANDROID,,浙江省宁波市余姚市泗门镇汝湖路,0
100000,,亳州市,王川法个人工作室,Z,90,XCX,4,38.8,M,汉,6652,2,01,PARENTS,COLLEAGUE,3,86.392,安徽省,CONSUME,01,,29.91808748603116,121.50265770533604,ANDROID,,浙江省宁波市江北区洪塘街道丽江西路,0
100000,,济南市,泰安一滕酒店管理有限公司,I,54,XCX,3,30.1,F,汉,1219,2,01,MATE,FRIENDS,1,70.0,山东省,CONSUME,01,,36.1864961824636,116.74101008950021,ANDROID,,山东省泰安市肥城市新城街道新城路辅路,0
100000,,渭南市,屈明个人工作室,Z,90,XCX,2,34.1,M,汉,5480,2,01,PARENTS,FRIENDS,2,89.132,陕西省,CONSUME,01,,34.25713748243516,108.83937817451387,ANDROID,,陕西省西安市未央区三桥街道红光路,0
100000,,渭南市,屈明个人工作室,Z,90,XCX,2,34.1,M,汉,5480,2,01,PARENTS,FRIENDS,2,89.132,陕西省,CONSUME,01,,34.25713748243516,108.83937817451387,ANDROID,,陕西省西安市未央区三桥街道红光路,0
100000,104,枣庄市,山东丰元化学股份有限公司,C,24,APP,4,39.0,M,回,4684,4,01,FATHER,FRIENDS,1,84.424835,山东省,CONSUME,01,,34.57700723606634,117.79702118066477,ANDROID,,江苏省徐州市邳州市邢楼镇,0
100000,105,北京市,燕化正邦,H,54,APP,3,45.0,M,汉,3503,2,01,CHILDREN,FRIENDS,1,70.0,北京市,CONSUME,01,,39.76053216308314,115.9773121609998,ANDROID,,北京市房山区青龙湖镇,0
100000,,台州市,无锡李洪华水果店,H,54,APP,3,43.0,M,汉,4497,4,01,MATE,COLLEAGUE,1,70.0,浙江省,CONSUME,01,,31.459218,120.276075,ANDROID,,江苏省无锡市滨湖区雪浪街道望溪路,0
100000,104,上海市,葛洲坝唯逸上海房地产开发有限公司,K,17,XCX,4,45.1,M,汉,3881,4,01,MATE,RELATIVES,2,70.0,上海市,CONSUME,01,,31.274881870028488,121.53234190708293,IOS,,上海市杨浦区大桥街道双阳路62号18室,0
100000,105,衡水市,张严康个人工作室,Z,90,APP,4,31.5,M,汉,834,2,01,FATHER,RELATIVES,2,88.312,河北省,CONSUME,01,,23.05480677689113,114.45104715671939,ANDROID,,广东省惠州市惠城区河南岸街道文竹路,0
100000,105,衡水市,张严康个人工作室,Z,90,APP,4,31.5,M,汉,834,2,01,FATHER,RELATIVES,2,88.312,河北省,CONSUME,01,,23.05480677689113,114.45104715671939,ANDROID,,广东省惠州市惠城区河南岸街道文竹路,0
100000,,九江市,自由职业,Z,90,APP,3,44.7,F,汉,1045,4,01,RELATIVES,RELATIVES,1,70.0,江西省,CONSUME,01,,28.996038,114.522237,ANDROID,,江西省九江市修水县义宁镇良塘大道,0
100000,105,朔州市,中软国际科技服务有限公司,G,13,APP,4,28.4,M,汉,648,4,01,PARENTS,MOTHER,2,70.0,山西省,CONSUME,01,,38.047876541460698,114.63601311004017,ANDROID,,河北省石家庄市长安区南村镇石津西路,0
100000,,温州市,金雯倩个人工作室,Z,90,APP,2,30.1,F,汉,123,2,01,SIBLING,FRIENDS,1,70.0,浙江省,CONSUME,01,,28.213818,121.028952,ANDROID,,浙江省温州市乐清市虹桥镇虹桥路119号,0
100000,403,普洱市,孟连回领烧烤店,I,54,XCX,4,36.8,F,傣,3906,2,01,MOTHER,FRIENDS,1,70.0,云南省,CONSUME,01,,22.33146,99.588448,ANDROID,,云南省普洱市孟连傣族拉祜族佤族自治县娜允镇海关路,0
100000,102,内江市,台州中益环保科技有限公司,M,11,APP,4,31.2,M,汉,978,4,01,FATHER,FRIENDS,2,70.0,四川省,CONSUME,02,,28.662386204461805,121.48308994077641,ANDROID,,浙江省台州市椒江区海门街道群英路,0
100000,,温州市,金雯倩个人工作室,Z,90,APP,2,30.1,F,汉,123,2,01,SIBLING,FRIENDS,1,70.0,浙江省,CONSUME,01,,28.213818,121.028952,ANDROID,,浙江省温州市乐清市虹桥镇虹桥路119号,0
100000,103,咸阳市,陕西鑫铝环保科技有限公司,M,11,APP,4,33.6,M,汉,5924,2,01,PARENTS,COLLEAGUE,1,70.0,陕西省,CONSUME,01,,34.23247648988685,108.23397481759558,ANDROID,,陕西省咸阳市武功县小村镇,0
100000,104,福州市,赵毅个人工作室,Z,90,APP,2,23.8,M,汉,2460,4,01,CHILDREN,FRIENDS,2,92.018,福建省,CONSUME,01,,26.08729093049628,119.36943577368716,ANDROID,,福建省福州市晋安区鼓山镇,0
100000,103,湛江市,蔡德苏个人工作室,Z,90,APP,2,33.4,M,汉,6278,3,,SIBLING,RELATIVES,2,70.0,广东省,CONSUME,01,,21.176868,110.083987,ANDROID,,广东省湛江市遂溪县城月镇G207(乌海线),0
100000,104,连云港市,江苏爱播传媒文化有限公司,Z,90,APP,3,36.7,M,汉,4368,4,01,PARENTS,MATE,1,70.0,江苏省,CONSUME,02,,31.40000949435764,120.98483262803819,ANDROID,,江苏省苏州市昆山市周市镇横泾路422号,0
100000,104,惠州市,华麟电器有限公司,C,24,APP,2,29.2,M,汉,60,4,01,SIBLING,SIBLING,2,70.0,广东省,CONSUME,01,,23.16005370570142,114.14842075399743,ANDROID,,广东省惠州市博罗县龙溪街道G35(济广高速),0
