amount,bankCardInfo.bankCode,city,companyInfo.companyName,companyInfo.industry,companyInfo.occupation,customerSource,degree,idInfo.birthDate,idInfo.gender,idInfo.nation,idInfo.validityDate,income,jobFunctions,linkmanList.0.relationship,linkmanList.1.relationship,maritalStatus,pictureInfo.0.faceScore,province,purpose,resideFunctions,term,deviceInfo.gpsLatitude,deviceInfo.gpsLongitude,deviceInfo.osType,deviceInfo.isCrossDomain,deviceInfo.applyPos,label
100000,103,甘孜藏族自治州,希尔莫林卡酒店,I,54,APP,2,34.0,M,藏,5586,3,01,MOTHER,SIBLING,2,70.0,四川省,CONSUME,01,,30.984881,102.782092,ANDROID,,四川省阿坝藏族羌族自治州小金县四姑娘山镇,0
100000,103,济宁市,申通快递,F,17,APP,2,37.7,M,汉,5988,4,01,MATE,FATHER,1,70.0,山东省,CONSUME,01,,35.556925127917157,116.82323974319869,ANDROID,,山东省济宁市兖州区鼓楼街道中御桥北路246号,0
100000,103,泰安市,私营业主,Z,90,APP,2,37.4,F,汉,5161,4,01,MATE,SIBLING,1,90.0,山东省,CONSUME,01,,35.556125815671268,116.84813019993624,ANDROID,,山东省济宁市兖州区酒仙桥街道滨河北路辅路,0
100000,,惠州市,博罗县罗阳镇艺圆装饰设计工程有限公司,E,24,APP,3,36.1,M,汉,4397,4,01,FATHER,FRIENDS,1,70.0,广东省,CONSUME,01,,23.18102,114.31957,ANDROID,,广东省惠州市博罗县罗阳街道体育大道,0
100000,105,徐州市,胖虎家政公司,O,17,XCX,4,38.9,M,汉,5735,4,01,MATE,SIBLING,1,90.758,江苏省,CONSUME,01,,34.31340163717981,117.98259474200227,ANDROID,,江苏省徐州市邳州市运河街道S323辅路,0
100000,105,中山市,中山市万事得汽车销售服务有限公司,H,54,APP,3,33.1,F,汉,6439,4,01,COLLEAGUE,PARENTS,2,76.932,广东省,CONSUME,01,,22.5276534210967,113.42425592623354,IOS,,广东省中山市中山港街道X575(孙文东路),1
100000,102,岳阳市,水产养殖家庭农场,H,54,APP,2,33.5,M,汉,5259,4,01,RELATIVES,FATHER,1,86.186,湖南省,CONSUME,01,,29.568297,112.624884,ANDROID,,湖南省岳阳市华容县章华镇,0
100000,105,景德镇市,浙江路名厨,H,54,APP,3,24.7,M,汉,1703,4,01,MOTHER,FATHER,2,70.0,江西省,CONSUME,01,,29.314433,117.181061,ANDROID,,江西省景德镇市昌江区西郊街道,0
100000,,保山市,劳务公司,Z,90,XCX,4,37.2,M,汉,5220,4,01,RELATIVES,RELATIVES,2,70.0,云南省,CONSUME,01,,4,101.2490957603801,ANDROID,,"Batang Padang, Perak, Malaysia",0
100000,104,泰州市,个体经营,Z,90,APP,2,47.2,F,汉,4969,2,01,MATE,FRIENDS,1,70.0,江苏省,CONSUME,01,,32.3512535290619,120.34491334124788,ANDROID,,江苏省南通市如皋市搬经镇X302(古夏线),0
100000,403,合肥市,肥东立昇汽车运输有限公司,F,17,APP,2,31.2,M,汉,5510,4,01,PARENTS,COLLEAGUE,1,70.0,安徽省,CONSUME,01,,31.58619003910973,117.88979434919503,ANDROID,,安徽省合肥市巢湖市亚父街道亚父路辅路,0
100000,306,上海市,中易国际旅行社上海有限公司,O,17,APP,3,46.5,F,汉,7056,4,,MATE,COLLEAGUE,1,84.473,上海市,CONSUME,01,,31.280189950920588,121.59530816874232,ANDROID,,上海市浦东新区浦兴路街道五建路1478号,0
100000,105,德州市,宸睿榆木古典家具,Z,90,APP,2,39.1,M,汉,3360,2,01,RELATIVES,FRIENDS,1,97.0,山东省,CONSUME,01,,37.65426515773599,116.79647831378839,ANDROID,,山东省德州市宁津县津城街道文昌路,0
100000,,郑州市,信永中和会计师事务所,L,17,APP,4,27.9,M,汉,6789,3,01,FATHER,FATHER,2,87.545,河南省,CONSUME,01,,39.85084,116.305873,ANDROID,,北京市丰台区新村街道丰桥路7号院-6号楼-4单元,0
100000,102,潍坊市,山东亚泰集团,H,54,XCX,3,25.6,M,汉,1738,2,,FATHER,SIBLING,2,77.017265,山东省,CONSUME,01,,36.63781312487126,118.5043782284813,IOS,,山东省潍坊市青州市弥河镇井亭街,0
100000,102,温州市,苍南县黄文涵副食品商行,H,54,APP,3,31.3,M,汉,6082,4,01,PARENTS,MATE,1,97.4093,浙江省,CONSUME,01,,31.262257398521535,120.54106323451586,ANDROID,,江苏省苏州市吴中区木渎镇枫瑞路,0
100000,103,恩施土家族苗族自治州,温州金鑫生化阀门有限公司,C,24,APP,2,44.6,M,土家,3740,3,01,MATE,COLLEAGUE,1,70.0,湖北省,CONSUME,02,,27.858969529707509,120.84438893731127,ANDROID,,浙江省温州市龙湾区永兴街道滨海一路,0
100000,,昆明市,昆明浙商网络科技有限公司,Z,90,XCX,4,38.5,F,汉,5861,3,01,FRIENDS,SIBLING,3,80.504,云南省,CONSUME,01,,24.96934021713765,102.68616979273645,ANDROID,,云南省昆明市西山区前卫街道万达大道,0
100000,,聊城市,自由职业,Z,90,APP,2,31.8,M,汉,5639,3,01,FRIENDS,OTHER,1,87.029,山东省,CONSUME,01,,36.67591540741512,116.87815486769695,ANDROID,,山东省济南市槐荫区段店镇锦文北街,0
100000,103,重庆市,绅度台球,R,17,APP,3,28.8,F,汉,6453,4,01,MATE,FATHER,1,85.516,重庆市,CONSUME,01,,30.30243979715639,108.03193440962913,ANDROID,,重庆市忠县忠州街道广场西路,0
100000,105,苏州市,苏州新振东汽车销售服务有限公司,H,54,APP,4,36.5,M,汉,4373,4,01,MATE,SIBLING,1,92.0,江苏省,CONSUME,01,,31.223484861022624,120.63485794688703,IOS,,江苏省苏州市吴江区江陵街道杨湾路,1
100000,102,邢台市,妍老板服装店,I,54,APP,4,32.7,F,汉,870,2,01,FATHER,FRIENDS,2,90.433,河北省,CONSUME,01,,37.062520760955958,115.03415444051251,IOS,,河北省邢台市平乡县中华路街道中华路189,0
100000,103,台州市,浙江省台州市黄岩区北城街道五里牌村230-1号,H,54,APP,2,38.5,F,汉,5384,4,01,RELATIVES,FATHER,1,70.0,浙江省,CONSUME,01,,28.61931694610072,121.25762160899798,ANDROID,,浙江省台州市黄岩区南城街道G104(九澄大道),0
100000,103,平顶山市,河南卓科建筑工程有限公司,E,24,APP,3,36.3,M,汉,4398,4,01,MATE,FRIENDS,1,70.0,河南省,CONSUME,01,,34.80745314246724,113.63273865258873,IOS,,河南省郑州市金水区东风路街道天明路,0
100000,,温州市,郑志鑫个人工作室,Z,90,APP,3,23.7,M,汉,2459,4,01,SIBLING,FRIENDS,2,91.708,浙江省,CONSUME,01,,30.234703,119.990239,ANDROID,,浙江省杭州市余杭区闲林街道宝庆路,0
100000,102,北京市,渤海银行股份有限公司北京分行,J,13,APP,4,47.8,M,汉,1348,4,01,MATE,FRIENDS,1,70.0,北京市,CONSUME,02,,39.906586,116.363968,ANDROID,,北京市西城区金融街街道复兴门内大街45号北楼,0
100000,102,太原市,曹镇川个人工作室,Z,90,APP,4,32.5,M,汉,5684,2,01,FATHER,MATE,1,79.582,山西省,CONSUME,01,,37.64186646916277,112.54768769536864,ANDROID,,山西省太原市小店区北格镇北格北街,0
100000,104,娄底市,曹执政个人工作室,Z,90,APP,2,30.0,M,汉,6109,4,01,MATE,FATHER,1,70.0,湖南省,CONSUME,01,,27.794455458216946,111.38447324846112,ANDROID,,湖南省娄底市新化县桑梓镇,0
100000,,赣州市,拾诺婚礼策划,Z,90,APP,3,29.2,M,汉,1030,2,01,MOTHER,RELATIVES,2,70.0,江西省,CONSUME,01,,25.845744,114.941396,ANDROID,,江西省赣州市章贡区东外街道黄屋坪路20-3号,0
100000,,上饶市,没有公司,Z,90,APP,2,29.4,M,汉,6306,2,01,MATE,FRIENDS,2,70.0,江西省,CONSUME,01,,30.85262,120.941445,ANDROID,,浙江省嘉兴市嘉善县魏塘街道城桥路,0
100000,104,北京市,北京方源鸿盛电讯科技有限公司,G,13,APP,3,47.1,M,汉,1335,4,01,RELATIVES,RELATIVES,1,70.0,北京市,CONSUME,01,,40.16738821436781,117.10726756951554,ANDROID,,北京市平谷区兴谷街道S230(平程路),0
100000,102,宝鸡市,陕西容大华美电气有限公司,Z,90,XCX,2,38.1,M,汉,4915,4,01,SIBLING,COLLEAGUE,1,70.0,陕西省,CONSUME,01,,34.276788,108.867431,ANDROID,,陕西省西安市莲湖区枣园街道汉城北路99号,0
100000,,泸州市,广东诺米智能科技有限公司,G,13,APP,2,48.2,M,汉,817,2,01,MATE,COLLEAGUE,1,70.0,四川省,CONSUME,01,,23.013216,112.893468,ANDROID,,广东省佛山市南海区丹灶镇,0
100000,,北京市,范长江个人工作室,Z,90,APP,2,37.8,M,汉,3513,2,01,FRIENDS,FRIENDS,3,70.0,北京市,CONSUME,01,,39.756653,116.090104,ANDROID,,北京市房山区青龙湖镇果北路,0
100000,102,临汾市,曲沃县格调女装服装店,H,54,XCX,2,37.2,F,汉,4467,4,01,RELATIVES,FRIENDS,2,70.0,山西省,CONSUME,01,,35.64748697612309,111.4872648330363,ANDROID,,山西省临汾市曲沃县乐昌镇S331(晋韩路),0
100000,105,广州市,广州卡瑞欧教育科技有限公司,G,13,APP,4,39.5,M,汉,6685,4,01,FRIENDS,SIBLING,1,70.0,广东省,CONSUME,01,,23.139792253198264,113.38010235969915,ANDROID,,广东省广州市天河区棠下街道棠东广棠西路2-1号,0
100000,,商丘市,徐岗珠宝店,H,54,APP,2,32.0,M,汉,524,3,,MATE,FRIENDS,1,70.0,河南省,CONSUME,01,,34.185047,116.187259,ANDROID,,河南省商丘市夏邑县曹集乡,0
100000,,永州市,惠州半岛格兰云天国际酒店,Z,90,XCX,4,36.5,M,汉,3701,2,01,PARENTS,FRIENDS,2,88.864,湖南省,CONSUME,01,,22.816109166881298,114.47500756110623,ANDROID,,广东省惠州市惠阳区淡水街道G010(沈海高速),0
100000,,宿州市,守诚果业,Z,90,APP,2,35.2,M,汉,4214,4,01,MATE,FRIENDS,1,70.0,安徽省,CONSUME,01,,31.755515,119.952546,ANDROID,,江苏省常州市天宁区兰陵街道清凉路140号,1
100000,105,湘西土家族苗族自治州,私营企业,Z,90,APP,3,24.7,M,土家,604,2,,COLLEAGUE,FRIENDS,2,88.352,湖南省,CONSUME,01,,23.791227269947027,116.16172477755014,IOS,,广东省梅州市丰顺县汤坑镇,0
100000,104,遂宁市,中国中铁集团有限公司,E,24,APP,4,31.0,M,汉,5531,2,01,FATHER,COLLEAGUE,2,76.706116,四川省,CONSUME,01,,30.76203932657871,104.08469734497148,ANDROID,,四川省成都市新都区大丰街道幸福街,0
100000,,孝感市,中国邮政物流有限公司,Z,90,APP,3,28.7,M,汉,6313,2,01,MATE,FRIENDS,1,70.0,湖北省,CONSUME,01,,30.605498,114.28815,ANDROID,,湖北省武汉市江岸区劳动街道澳门路170号,0
100000,,咸阳市,深圳龙岗区一花一界美容咨询室,O,17,XCX,2,42.6,M,汉,4352,2,01,SIBLING,FRIENDS,2,70.0,陕西省,CONSUME,01,,22.698231,114.13667,ANDROID,,广东省深圳市龙岗区平湖街道凤凰大道263-1,0
100000,301,青岛市,黄绪建个人工作室,Z,90,XCX,3,31.4,M,汉,5664,4,01,PARENTS,FRIENDS,,70.0,山东省,CONSUME,01,,36.37260753443682,120.4656420555288,ANDROID,,山东省青岛市即墨区环秀街道大庙山一路,0
100000,104,泰安市,上海迪士尼度假区,R,17,APP,4,40.8,M,汉,3754,4,01,MOTHER,RELATIVES,1,92.796,山东省,CONSUME,01,,31.202471484812788,121.49717439352294,ANDROID,,上海市黄浦区半淞园路街道苗江路,0
100000,105,六安市,上海崴翔建筑工程有限公司,E,24,APP,2,47.7,F,汉,5259,4,01,RELATIVES,FRIENDS,1,70.0,安徽省,CONSUME,01,,31.03832094088354,121.41478009607545,ANDROID,,上海市闵行区颛桥镇金阳路355,0
100000,,衡阳市,东莞市亿谦五金塑胶制品有限公司,C,24,XCX,3,37.2,M,汉,3534,2,01,MATE,FRIENDS,1,70.0,湖南省,CONSUME,01,,26.80395654639987,112.09358214322083,ANDROID,,湖南省衡阳市祁东县洪桥街道G234(兴阳线),0
100000,103,临沂市,宇圣达木业,H,54,XCX,3,36.1,M,汉,5207,4,01,FATHER,FRIENDS,1,70.0,山东省,CONSUME,01,,35.34711156,118.20261107,ANDROID,,山东省临沂市费县薛庄镇G1511(日兰高速),0
100000,,淮南市,马莎莎个人工作室,Z,90,APP,2,37.5,F,汉,4493,4,01,FATHER,MATE,1,94.561,安徽省,CONSUME,01,,32.899335,116.34696,ANDROID,,安徽省亳州市利辛县展沟镇花园街道,0
100000,,莱芜市,张一鸣个人工作室,Z,90,XCX,4,29.2,M,汉,541,4,01,RELATIVES,RELATIVES,1,70.0,山东省,CONSUME,01,,28.13044650607639,112.94280815972222,ANDROID,,湖南省长沙市岳麓区洋湖街道湘浦路,0
100000,103,上饶市,绍兴柯桥可昕文印,C,24,APP,2,34.1,F,汉,5027,4,01,MATE,FRIENDS,1,76.799,江西省,CONSUME,01,,30.074365803125365,120.49745272992034,ANDROID,,浙江省绍兴市柯桥区柯桥街道,0
100000,403,盐城市,常州市武进区税务局,S,11,XCX,4,24.8,M,汉,1931,2,01,CHILDREN,COLLEAGUE,2,70.0,江苏省,CONSUME,01,,31.551466,119.327972,ANDROID,,江苏省常州市溧阳市竹箦镇X002(溧阳1号公路瓦屋山内环线),0
100000,,重庆市,周平华个人工作室,Z,90,APP,4,38.4,M,汉,4730,4,01,MATE,MOTHER,1,70.0,重庆市,CONSUME,01,,28.109263237847223,113.01547336154513,ANDROID,,湖南省长沙市雨花区井湾子街道洞井路,0
100000,,商丘市,史云飞个人工作室,Z,90,XCX,3,39.3,M,汉,3835,2,01,FATHER,FRIENDS,1,83.0,河南省,CONSUME,01,,31.41027947347614,121.4965630135246,IOS,,上海市宝山区友谊路街道G1503(上海绕城高速),0
100000,,昭通市,得云制造有限公司,Z,90,XCX,2,33.4,F,汉,4685,2,01,MATE,FRIENDS,1,70.0,云南省,CONSUME,01,,27.852184140210399,105.04957293823343,ANDROID,,云南省昭通市威信县扎西镇龙井盐井街,0
100000,,宜宾市,蓉蓉超市,Z,90,APP,2,26.7,F,汉,1225,4,01,SIBLING,MATE,1,70.0,四川省,CONSUME,01,,28.717021,104.540717,ANDROID,,四川省宜宾市叙州区柏溪街道德政街,0
100000,105,沈阳市,辽宁邮电规划设计院有限公司,Z,90,XCX,4,48.0,M,汉,2511,4,01,FATHER,FRIENDS,1,70.0,辽宁省,CONSUME,01,,41.720915668888959,123.4559899308919,ANDROID,,辽宁省沈阳市浑南区五三街道汇泉路88号,1
100000,104,保定市,信誉茶叶批发,H,54,XCX,4,34.7,M,汉,4431,4,01,PARENTS,FRIENDS,1,70.0,河北省,CONSUME,01,,39.36147364876422,115.49514209296221,ANDROID,,河北省保定市易县易州镇平安路,0
100000,103,丹东市,东港市交通队,S,11,XCX,3,33.3,M,汉,4851,4,01,FATHER,OTHER,2,70.0,辽宁省,CONSUME,01,,39.89010214540576,124.15345490003495,IOS,,辽宁省丹东市东港市新兴街道中学街,0
100000,,巢湖市,韦丽丽个人工作室,Z,90,APP,2,33.3,F,汉,4807,4,,SIBLING,FRIENDS,2,70.0,安徽省,CONSUME,04,,31.798611,117.682247,ANDROID,,安徽省合肥市巢湖市庙岗镇军高路,0
100000,105,上饶市,华睿服饰有限公司,C,24,XCX,2,33.8,M,汉,5980,4,01,MATE,MOTHER,1,89.476,江西省,CONSUME,01,,29.488531268343924,116.73352584149488,ANDROID,,江西省上饶市鄱阳县谢家滩镇,0
100000,104,温州市,温州市交通运输综合执法队,S,11,XCX,4,37.7,M,汉,3751,2,01,MATE,FRIENDS,2,90.901,浙江省,CONSUME,01,,28.154642639474106,120.69574419009189,ANDROID,,浙江省温州市永嘉县东城街道沿江路135号,1
100000,104,南阳市,澜记老香港茶餐厅,I,54,APP,2,29.2,M,汉,162,3,01,PARENTS,FRIENDS,2,70.0,河南省,CONSUME,01,,32.99248379752679,112.54146183375731,ANDROID,,河南省南阳市宛城区东关街道河街,0
100000,105,唐山市,蒙牛乳业,H,54,APP,4,23.8,M,满,2542,2,01,SIBLING,PARENTS,2,70.0,河北省,CONSUME,01,,36.640794306611919,114.50919486892883,ANDROID,,河北省邯郸市丛台区苏曹乡滏河大街,0
100000,,徐州市,私营业主,Z,90,XCX,2,41.0,M,汉,4073,2,01,MATE,FRIENDS,1,84.0,江苏省,CONSUME,01,,34.29376008422141,117.19257874732773,IOS,,江苏省徐州市鼓楼区环城街道祥和公园路,0
100000,,岳阳市,刘寒个人工作室,Z,90,XCX,2,34.5,M,汉,4479,4,01,PARENTS,FRIENDS,2,70.0,湖南省,CONSUME,01,,28.618219785638769,113.08329616732849,ANDROID,,湖南省岳阳市汨罗市川山坪镇X061,0
100000,103,苏州市,张家港市鑫达食品有限公司,C,24,APP,2,47.9,F,汉,99999,4,01,MATE,SIBLING,3,76.372,江苏省,CONSUME,01,,31.886468179204266,120.49238886206402,ANDROID,,江苏省苏州市张家港市杨舍镇章卿路,1
100000,105,金华市,远大住宅工业有限公司,C,24,XCX,4,41.0,M,汉,3095,3,01,COLLEAGUE,FATHER,1,70.0,浙江省,CONSUME,01,,30.521248502117808,120.15201633313092,ANDROID,,浙江省湖州市德清县雷甸镇新民桥,0
100000,102,保定市,鹿曼个人工作室,H,54,APP,4,28.9,F,汉,2395,4,01,FATHER,FATHER,1,70.0,河北省,CONSUME,01,,38.524360310695858,114.99775158768854,ANDROID,,河北省保定市定州市北城区街道兴定东路50,0
100000,104,保山市,杨祖吉个人工作室,H,54,APP,2,34.9,F,汉,4278,4,01,FATHER,MATE,1,70.0,云南省,CONSUME,01,,24.971309,98.393626,ANDROID,,云南省保山市腾冲市荷花镇肖庄街15,1
100000,,富锦市,同江欣阳超市,H,54,XCX,2,35.3,M,汉,3947,2,01,RELATIVES,FRIENDS,3,70.0,黑龙江省,CONSUME,01,,47.64761122741524,132.5095811374527,ANDROID,,黑龙江省佳木斯市同江市繁荣街道兴盛街,0
100000,,丽水市,浙江龙之星压缩机有限公司,C,24,XCX,3,33.7,M,汉,4755,2,01,PARENTS,FRIENDS,1,70.0,浙江省,CONSUME,01,,28.059561,119.103514,ANDROID,,浙江省丽水市龙泉市剑池街道G528,0
100000,,自贡市,四川博铭商贸有限公司,Z,90,XCX,3,31.9,F,汉,5698,4,01,PARENTS,MATE,1,70.0,四川省,CONSUME,01,,29.60978226029535,103.7388471476872,ANDROID,,四川省乐山市市中区通江街道龙游路北段,0
100000,102,南宁市,五金铸件厂,Z,90,XCX,2,39.7,M,壮,2998,4,01,FATHER,FRIENDS,1,70.0,广西壮族自治区,CONSUME,01,,23.212532,113.12766,ANDROID,,广东省佛山市南海区里水镇里官路辅路,0
100000,,丽水市,浙江龙之星压缩机有限公司,C,24,XCX,3,33.7,M,汉,4755,2,01,PARENTS,FRIENDS,1,70.0,浙江省,CONSUME,01,,28.059561,119.103514,ANDROID,,浙江省丽水市龙泉市剑池街道G528,0
100000,,赣州市,兴国县埠头龙沙康乐幼儿园,Z,90,APP,3,39.4,F,汉,6093,2,01,FATHER,FRIENDS,1,70.0,江西省,CONSUME,01,,26.332887,115.349888,ANDROID,,江西省赣州市兴国县潋江镇马岭路,1
100000,,长沙市,潘燕个人工作室,Z,90,XCX,3,46.5,F,汉,4985,4,01,MATE,COLLEAGUE,1,70.0,湖南省,CONSUME,01,,28.11472120219592,113.00751484504012,ANDROID,,湖南省长沙市雨花区井湾子街道迎新路,0
100000,,德州市,德州汇星投资管理有限公司,Z,90,XCX,2,48.1,M,汉,320,2,01,FATHER,SIBLING,1,70.0,山东省,CONSUME,01,,37.484924,116.311661,ANDROID,,山东省德州市德城区天衢街道长庄南路,0
100000,102,宣城市,宁国宝骏汽车销售服务有限公司,H,54,APP,2,33.4,M,汉,5678,2,01,MATE,FRIENDS,1,85.685,安徽省,CONSUME,01,,31.406461674977959,121.36327911588889,ANDROID,,上海市宝山区罗店镇,0
100000,,湘西土家族苗族自治州,张家界洲际国际旅游社有限公司,Z,90,XCX,3,23.4,F,苗,2268,4,01,FATHER,FRIENDS,2,70.0,湖南省,CONSUME,01,,28.24775277582726,113.1118974301948,ANDROID,,湖南省长沙市长沙县星沙街道东七路,0
100000,105,台州市,项城东方医院,Q,11,XCX,4,26.7,F,汉,210,3,,RELATIVES,FRIENDS,1,70.0,浙江省,CONSUME,01,,34.29554964388825,108.9305498227597,ANDROID,,陕西省西安市未央区未央宫街道纬二十六街中段,0
100000,,湘西土家族苗族自治州,张家界洲际国际旅游社有限公司,Z,90,XCX,3,23.4,F,苗,2268,4,01,FATHER,FRIENDS,2,70.0,湖南省,CONSUME,01,,28.24775277582726,113.1118974301948,ANDROID,,湖南省长沙市长沙县星沙街道东七路,0
100000,102,福清市,祖国杂志社东采编中心,R,17,APP,3,48.9,M,汉,184,3,01,FATHER,COLLEAGUE,3,70.0,福建省,CONSUME,01,,39.870705,116.325499,ANDROID,,北京市丰台区太平桥街道三路居出口249号,0
100000,102,张家口市,北京顺义京邦达贸易有限公司,C,24,APP,2,38.2,M,汉,4233,2,01,PARENTS,FRIENDS,1,70.0,河北省,CONSUME,01,,40.18381885647021,116.51548510394903,ANDROID,,北京市顺义区高丽营镇S335(白马路),1
100000,102,湛江市,东莞市港龙纸制有限公司,Z,90,APP,2,30.9,M,汉,6159,3,01,RELATIVES,RELATIVES,1,70.0,广东省,CONSUME,01,,23.512583926589877,116.49415252151822,ANDROID,,广东省揭阳市榕城区炮台镇新丰桥,0
100000,,合肥市,余本洋个人工作室,Z,90,APP,2,49.5,M,汉,190,4,01,MATE,SIBLING,1,70.0,安徽省,CONSUME,01,,31.770358517393804,117.0809209893874,ANDROID,,安徽省合肥市肥西县紫蓬镇X049(繁华大道),0
100000,105,绵阳市,可靠福祉杭州科技有限公司,G,13,APP,4,40.2,M,汉,4389,4,01,FRIENDS,RELATIVES,3,70.0,四川省,CONSUME,01,,31.46131438857991,104.7634203349053,ANDROID,,四川省绵阳市游仙区涪江街道滨江东路南段,0
100000,105,景德镇市,浙江路名厨,H,54,APP,3,24.7,M,汉,1703,4,01,MOTHER,FATHER,2,70.0,江西省,CONSUME,01,,29.314433,117.181061,ANDROID,,江西省景德镇市昌江区西郊街道,0
100000,102,金华市,华恒建设集团有限公司,E,24,XCX,3,41.1,M,汉,3699,3,01,SIBLING,SIBLING,1,80.153,浙江省,CONSUME,02,,29.286648604570585,120.24839127706982,ANDROID,,浙江省金华市东阳市江北街道翠竹路,0
100000,102,阜阳市,淮南牛肉汤,H,54,APP,2,23.4,M,汉,1892,4,01,RELATIVES,FRIENDS,1,70.0,安徽省,CONSUME,01,,31.469874734317405,121.0752254952406,ANDROID,,江苏省苏州市太仓市城厢镇东泾路,0
100000,104,宜昌市,湖北公路客运集团,Z,90,APP,4,43.0,M,汉,1153,4,01,FATHER,MATE,1,70.0,湖北省,CONSUME,01,,30.545233407756578,114.3064754001867,ANDROID,,湖北省武汉市武昌区首义路街道民主路,0
100000,103,阳泉市,盂县白花,I,54,APP,2,29.7,M,汉,505,2,01,FATHER,FRIENDS,1,70.0,山西省,CONSUME,01,,38.185183108613887,113.08540118107318,ANDROID,,山西省阳泉市盂县西烟镇,0
100000,102,成都市,华西建材,E,24,XCX,4,32.2,M,汉,5293,3,01,MATE,SIBLING,2,88.47,四川省,CONSUME,02,,30.718537380349099,104.11779952781514,ANDROID,,四川省成都市成华区青龙街道致和路,0
100000,,德阳市,湖北成久有限公司,Z,90,XCX,4,25.2,M,汉,1508,3,01,PARENTS,PARENTS,2,70.0,四川省,CONSUME,01,,30.83013092426587,111.81901847705669,ANDROID,,湖北省宜昌市当阳市坝陵街道锦屏大道,0
100000,403,绵阳市,三台县辛福汽车运输公司,F,17,XCX,2,43.4,M,汉,4152,4,01,MATE,FATHER,1,70.0,四川省,CONSUME,01,,31.077102913229177,104.76337633243237,ANDROID,,四川省德阳市中江县通济镇人才街,0
100000,102,临汾市,北京润博同创科技有限公司,G,13,APP,4,30.2,M,汉,6109,2,01,FATHER,FRIENDS,2,89.63905,山西省,CONSUME,01,,37.79369971157067,112.59133043536326,IOS,,山西省太原市小店区北营街道南中环街辅路,0
100000,104,茂名市,高州市平安保险公司,J,13,APP,2,26.1,F,汉,1156,4,01,RELATIVES,FRIENDS,1,70.0,广东省,CONSUME,01,,21.86912423932149,110.71566937311286,ANDROID,,广东省茂名市高州市镇江镇,0
100000,103,巴中市,货拉拉有限公司,Z,90,APP,3,30.3,M,汉,5760,4,01,MATE,FRIENDS,1,81.41,四川省,CONSUME,02,,30.375498860677084,120.10518581814236,ANDROID,,浙江省杭州市余杭区良渚街道郁顾线,0
100000,102,承德市,承德市普德电子有限公司,G,13,APP,3,41.3,M,汉,2303,2,01,RELATIVES,FRIENDS,1,70.0,河北省,CONSUME,01,,40.70278,117.943753,ANDROID,,河北省承德市承德县大营子乡X553,0
100000,,扬州市,江苏谢馥春国妆股份有限公司,Z,90,APP,4,35.0,M,汉,4983,2,01,SIBLING,FRIENDS,2,70.0,江苏省,CONSUME,01,,32.396691,119.446453,ANDROID,,江苏省扬州市广陵区东关街道文昌中路185号,0
100000,105,重庆市,涪兴数码维修中心,O,17,APP,2,35.7,F,汉,3920,4,01,MOTHER,SIBLING,1,70.0,重庆市,CONSUME,01,,29.706032104827917,107.38448595515199,ANDROID,,重庆市涪陵区荔枝街道兴华中路66号,0
100000,102,绵阳市,凌学利个人工作室,Z,90,APP,4,40.0,M,汉,3260,2,01,FATHER,FRIENDS,1,92.03,四川省,CONSUME,01,,31.50824524418688,104.74402003353579,ANDROID,,四川省绵阳市游仙区游仙街道中绵路,0
100000,105,南充地区,安徽攀宇建筑安装有限公司,E,24,XCX,3,48.7,M,汉,792,3,01,FATHER,COLLEAGUE,1,70.0,四川省,CONSUME,01,,31.306456,121.398535,ANDROID,,上海市宝山区大场镇兆南路,0
100000,103,连云港市,张家港保税区嘉宜瑞贸易有限公司,C,24,APP,3,40.0,M,汉,5262,4,01,FATHER,SIBLING,2,88.695,江苏省,CONSUME,01,,30.954715621887599,120.65212667610489,ANDROID,,江苏省苏州市吴江区平望镇,0
100000,103,九江市,电子设备有限公司,G,13,APP,4,46.1,F,汉,212,3,01,MOTHER,FRIENDS,1,70.0,江西省,CONSUME,01,,29.694737622609457,116.02423583671677,ANDROID,,江西省九江市濂溪区五里街道X174(九星路),0
100000,102,常德市,湖南省安乡县人力资源和社会保障局,S,11,XCX,2,39.0,F,汉,4255,4,01,FATHER,FRIENDS,2,70.0,湖南省,CONSUME,01,,29.41286732187115,112.18273537183466,IOS,,湖南省常德市安乡县深柳镇潺陵路,0
100000,105,梅州市,深圳市万科物业服务有限公司中山分公司,L,17,APP,3,27.4,M,汉,451,2,01,FRIENDS,RELATIVES,2,70.0,广东省,CONSUME,01,,22.531281593980478,113.3343803100937,ANDROID,,广东省中山市沙溪镇大港路,0
100000,103,朝阳市,国网内蒙古东部电力有限公司乌兰浩特市分公司,D,17,XCX,4,33.1,M,汉,6281,4,01,PARENTS,COLLEAGUE,1,70.0,辽宁省,CONSUME,01,,41.50665487311769,119.59809968942251,ANDROID,,辽宁省朝阳市建平县青峰山镇,0
100000,,随州市,桐乡乌镇御示酒吧,I,54,XCX,4,27.2,M,汉,1211,3,01,FATHER,MOTHER,2,70.0,湖北省,CONSUME,01,,30.745206705729167,120.49058756510416,ANDROID,,浙江省嘉兴市桐乡市乌镇镇兴华路,0
100000,301,青岛市,中国电信,G,13,APP,3,30.3,M,汉,198,2,01,MATE,COLLEAGUE,1,70.0,山东省,CONSUME,02,,36.242468,120.261306,ANDROID,,山东省青岛市城阳区红岛街道纵三北路,0
100000,104,内江市,昊昊餐饮,J,13,APP,4,41.1,F,汉,4929,2,01,FATHER,RELATIVES,1,70.0,四川省,CONSUME,01,,29.761845,104.858801,ANDROID,,四川省内江市资中县水南镇资州大道,0
100000,,镇江市,金山职业技术学院,Z,90,XCX,4,30.1,F,汉,226,4,01,MATE,SIBLING,1,70.0,江苏省,CONSUME,01,,32.2631708552133,119.76367015084969,ANDROID,,江苏省镇江市扬中市新坝镇新春中心河路,0
100000,105,广州市,陈瑞琪个人工作室,Z,90,APP,4,28.3,F,汉,6812,2,01,FATHER,RELATIVES,2,81.842,广东省,CONSUME,01,,23.104991126945344,113.31507637280453,ANDROID,,广东省广州市海珠区赤岗街道友和路,0
100000,103,盐城市,日凯精密有限公司,G,13,XCX,3,37.1,F,汉,4019,4,01,MATE,FATHER,2,70.0,江苏省,CONSUME,01,,33.46518749755494,120.16681332457597,ANDROID,,江苏省盐城市亭湖区南洋镇盐特路,0
100000,,兰州市,物资储备,H,54,XCX,3,35.2,M,汉,6277,2,01,MATE,FRIENDS,1,75.789185,甘肃省,CONSUME,01,,36.074431898691347,103.79036189399059,ANDROID,,甘肃省兰州市城关区靖远路街道金城路,0
100000,104,廊坊市,廊坊富士康科技有限公司,G,13,APP,4,34.4,M,汉,4538,2,01,FATHER,FRIENDS,2,70.0,河北省,CONSUME,02,,39.356434,116.74672,ANDROID,,河北省廊坊市安次区仇庄镇广源街,0
100000,103,宜宾市,四川省鸿国物流有限公司,F,17,APP,3,32.7,F,汉,6289,4,01,PARENTS,MATE,1,95.072,四川省,CONSUME,01,,28.725255515930845,105.08277025300277,ANDROID,,四川省宜宾市江安县江安镇百竹路,0
100000,,沈阳市,沈阳经济技术开发区人民医院,Z,90,XCX,4,31.4,F,汉,6364,2,01,MATE,RELATIVES,1,70.0,辽宁省,CONSUME,01,,41.81237017998572,123.47622857437058,ANDROID,,辽宁省沈阳市大东区万泉街道得胜路,0
100000,102,北京市,春华资本集团,J,13,XCX,4,39.4,F,汉,3443,4,01,FRIENDS,FRIENDS,1,70.0,北京市,CONSUME,01,,39.91438681774973,116.48486004444682,ANDROID,,北京市朝阳区八里庄街道朝阳路146号,1
100000,102,青岛市,旭辉银盛泰浪琴海,H,54,APP,2,31.4,M,汉,7221,4,01,MOTHER,FATHER,1,95.072,山东省,CONSUME,01,,35.8870932220442,119.99725513328814,ANDROID,,山东省青岛市黄岛区珠海街道喜鹊山路,0
100000,,茂名市,东莞市恒发精密五金加工,C,24,APP,4,41.6,M,汉,4480,2,01,MOTHER,COLLEAGUE,1,70.0,广东省,CONSUME,01,,22.797724,113.781459,ANDROID,,广东省东莞市长安镇光裕二路,0
100000,104,南京市,江苏苏税迅通税务师事务所有限公司,L,17,XCX,3,28.7,F,汉,615,2,,COLLEAGUE,RELATIVES,2,93.562,江苏省,CONSUME,02,,32.13438398610456,118.82907197983411,ANDROID,,江苏省南京市栖霞区燕子矶街道燕城大道,0
100000,102,南京市,中美联泰大都会人寿保险有限公司,J,13,XCX,3,38.8,F,汉,5270,2,01,PARENTS,COLLEAGUE,1,70.0,江苏省,CONSUME,01,,32.02026410196704,118.85577514719778,ANDROID,,江苏省南京市秦淮区光华路街道星海路8-1号,0
100000,,石乡币市,李振个人工作室,Z,90,XCX,2,39.8,M,汉,4419,2,01,FRIENDS,COLLEAGUE,1,70.0,湖南省,CONSUME,01,,39.80773621869324,115.85887329646346,ANDROID,,北京市房山区佛子庄乡G108复线,0
100000,309,福州市,零食批发小卖铺,H,54,APP,2,32.9,F,汉,1102,2,01,SIBLING,MATE,1,95.429,福建省,CONSUME,02,,25.535923027882057,119.77616541344396,ANDROID,,福建省福州市平潭县海坛街道东霞路,0
100000,102,荆州市,海南龙泉人食品有限公司,C,24,APP,4,32.4,F,汉,1178,2,01,SIBLING,SIBLING,2,70.0,湖北省,CONSUME,01,,19.993453008607813,110.35454153116594,ANDROID,,海南省海口市琼山区凤翔街道三峰里140号,0
100000,104,济南市,济南羽灵电子工程有限公司,G,13,XCX,3,46.7,M,汉,187,4,01,MATE,MOTHER,1,70.0,山东省,CONSUME,01,,36.745490120152897,117.108069118386,ANDROID,,山东省济南市历城区王舍人街道,0
100000,306,汕尾市,广东和诚信息技术有限公司,G,13,APP,4,39.5,M,汉,4324,4,01,FRIENDS,SIBLING,2,89.559,广东省,CONSUME,01,,23.03140313217607,114.36834318515254,ANDROID,,广东省惠州市惠城区惠环街道X204(惠环大道),0
100000,,岳阳市,湖南亚大制药有限公司,M,11,XCX,3,28.2,F,汉,643,2,,MOTHER,FRIENDS,1,70.0,湖南省,CONSUME,02,,27.636148003472222,112.46192843967015,ANDROID,,湖南省湘潭市湘乡市山枣镇,0
100000,103,鹤岗市,农场医院,A,27,XCX,4,34.2,F,汉,6188,4,01,MATE,FATHER,1,75.824,黑龙江省,CONSUME,01,,46.79991373507455,130.35196392518243,ANDROID,,黑龙江省佳木斯市向阳区桥南街道三叉桥,0
100000,105,长沙市,学智教育,P,13,APP,4,23.6,M,汉,1353,4,01,MOTHER,SIBLING,2,84.91,湖南省,CONSUME,01,,31.818479804877673,117.26418250782689,ANDROID,,安徽省合肥市包河区常青街道杜牧路,0
100000,102,辽阳市,辽阳奥环捷途汽车,C,24,XCX,2,31.1,M,汉,5755,2,01,MOTHER,FRIENDS,1,86.139,辽宁省,CONSUME,01,,41.259253903616407,123.18845658391027,ANDROID,,辽宁省辽阳市白塔区文圣街道新运大街326号,0
100000,103,嘉兴市,浙江省厚源纺织股份有限公司,C,24,APP,2,31.3,F,汉,1717,2,01,MATE,SIBLING,1,89.142,浙江省,CONSUME,01,,30.527804748333169,120.46040322808142,IOS,,浙江省嘉兴市桐乡市崇福镇G320,0
100000,,衡水市,王金朋个人工作室,Z,90,XCX,3,46.8,M,汉,1640,4,01,RELATIVES,RELATIVES,1,70.0,河北省,CONSUME,01,,3,115.97775,ANDROID,,"Malinau, Kalimantan Utara, Indonesia",0
100000,403,盐城市,常州市武进区税务局,S,11,XCX,4,24.8,M,汉,1931,2,01,CHILDREN,COLLEAGUE,2,70.0,江苏省,CONSUME,01,,31.551466,119.327972,ANDROID,,江苏省常州市溧阳市竹箦镇X002(溧阳1号公路瓦屋山内环线),0
100000,105,东营市,东营木清环保科技有限公司,M,11,XCX,2,36.3,M,汉,4562,4,01,MATE,FRIENDS,1,89.262,山东省,CONSUME,01,,37.47733032416565,118.43954370690823,ANDROID,,山东省东营市垦利区郝家镇北二路3,0
100000,103,宣城市,袁新馨个人工作室,Z,90,APP,2,38.4,F,汉,4607,4,01,FATHER,SIBLING,1,70.0,安徽省,CONSUME,01,,31.469666587833335,118.40112148470399,ANDROID,,安徽省芜湖市鸠江区芜湖经济技术开发区X005(华山路),0
100000,,宜宾市,蓉蓉超市,Z,90,APP,2,26.7,F,汉,1225,4,01,SIBLING,MATE,1,70.0,四川省,CONSUME,01,,28.717021,104.540717,ANDROID,,四川省宜宾市叙州区柏溪街道德政街,0
100000,310,日照市,山东永升银盛泰物业管理有限公司,O,17,APP,3,36.8,M,汉,4097,4,01,FATHER,OTHER,1,70.0,山东省,CONSUME,01,,36.25023460245083,120.34366996767455,ANDROID,,山东省青岛市城阳区流亭街道G228(火炬路),0
100000,102,长治市,山西省长治市平顺县北社中学,P,13,XCX,4,40.6,F,汉,4237,2,01,MOTHER,SIBLING,1,70.0,山西省,CONSUME,02,,36.33615465941966,113.22794954099894,ANDROID,,山西省长治市潞城区潞华街道庆丰路,1
100000,,衡水市,昆仑幼儿园,P,13,XCX,4,30.1,F,汉,5834,3,01,MOTHER,SIBLING,1,70.0,河北省,CONSUME,01,,38.00013367342972,114.49935982259878,ANDROID,,河北省石家庄市裕华区建通街道南二环东路,0
100000,104,宣城市,宋小马个人工作室,Z,90,APP,4,35.7,M,汉,3912,2,01,FATHER,MOTHER,1,70.0,安徽,CONSUME,01,,31.13799011453616,119.20988415425957,ANDROID,,安徽省宣城市郎溪县建平镇茅岭路,0
100000,104,宣城市,宋小马个人工作室,Z,90,APP,4,35.7,M,汉,3912,2,01,FATHER,MOTHER,1,70.0,安徽,CONSUME,01,,31.13799011453616,119.20988415425957,ANDROID,,安徽省宣城市郎溪县建平镇茅岭路,0
100000,103,襄阳市,卧龙神厨食品,C,24,APP,2,37.1,M,汉,6035,2,01,FATHER,SIBLING,1,70.0,湖北省,CONSUME,01,,32.15391629656862,112.23359269509591,ANDROID,,湖北省襄阳市襄州区张湾街道珠海大道,0
100000,102,台州市,台州中孚安全技术服务有限公司,H,54,APP,3,29.8,M,汉,1989,2,01,FATHER,MOTHER,2,70.0,浙江省,CONSUME,01,,29.132224,121.056055,ANDROID,,浙江省台州市天台县赤城街道黄榜路,0
100000,,徐州市,私营业主,Z,90,XCX,2,41.0,M,汉,4073,2,01,MATE,FRIENDS,1,84.0,江苏省,CONSUME,01,,34.29376008422141,117.19257874732773,IOS,,江苏省徐州市鼓楼区环城街道祥和公园路,0
100000,105,梅州市,深圳市龙岗区龙岗中学,P,13,XCX,4,46.1,M,汉,3612,3,01,RELATIVES,COLLEAGUE,1,91.682,广东省,CONSUME,01,,22.730185434302436,114.28996870083899,ANDROID,,广东省深圳市龙岗区宝龙街道同富路29-1,0
100000,,菏泽市,山东青州龙马,C,24,XCX,3,45.7,M,汉,2528,4,01,CHILDREN,COLLEAGUE,1,87.416,山东省,CONSUME,01,,36.726683,118.512101,ANDROID,,山东省潍坊市青州市王母宫经济发展区富盈街,0
100000,105,济南市,济南海贝文化发展有限公司,R,17,APP,3,36.0,M,汉,3947,2,01,MATE,SIBLING,1,70.0,山东省,CONSUME,02,,36.71271306063521,117.69186566261571,ANDROID,,山东省济南市章丘区普集街道,1
100000,102,达州市,广东省飞创建筑劳务有限公司,O,17,APP,2,49.9,M,汉,4716,3,01,RELATIVES,RELATIVES,1,70.0,四川省,CONSUME,01,,22.922204386985148,114.0420981775351,ANDROID,,广东省东莞市黄江镇,0
100000,403,秦皇岛市,私营业主,Z,90,APP,2,48.7,M,汉,3782,4,01,MATE,FATHER,1,70.0,河北省,CONSUME,01,,39.83835982778859,119.42389540635438,ANDROID,,河北省秦皇岛市北戴河区戴河镇S267(海北路),0
100000,,商洛市,山阳烟草公司,C,24,XCX,2,41.0,M,汉,4073,4,01,SIBLING,FRIENDS,3,70.0,陕西省,CONSUME,01,,33.534921135109247,109.89058796534997,ANDROID,,陕西省商洛市山阳县城关街道G70(福银高速),0
100000,,岳阳市,刘寒个人工作室,Z,90,XCX,2,34.5,M,汉,4479,4,01,PARENTS,FRIENDS,2,70.0,湖南省,CONSUME,01,,28.618219785638769,113.08329616732849,ANDROID,,湖南省岳阳市汨罗市川山坪镇X061,0
100000,102,平顶山市,浙江兴华安保有限公司,Z,90,APP,2,36.2,M,汉,4501,2,01,RELATIVES,FRIENDS,2,91.066,河南省,CONSUME,01,,30.232685913586868,120.24034724904065,ANDROID,,浙江省杭州市萧山区盈丰街道华奥巷,0
100000,105,临沂市,亦木良品,H,54,APP,3,27.6,M,汉,1015,2,01,MOTHER,FRIENDS,2,70.0,山东省,CONSUME,01,,35.05363778832968,118.32941056707525,ANDROID,,山东省临沂市兰山区银雀山街道羲之路,0
100000,,合肥市,鸿安商贸有限公司,Z,90,APP,4,35.3,M,汉,3957,4,01,FRIENDS,FRIENDS,2,89.121,安徽省,CONSUME,01,,31.286032,117.921858,ANDROID,,安徽省芜湖市无为市无城镇翠湖路,0
100000,,宝鸡市,陕西省宝鸡市凤翔区柳林镇汉封村三组019号,C,24,XCX,4,31.9,M,汉,6404,4,01,PARENTS,COLLEAGUE,2,70.0,陕西省,CONSUME,01,,34.21646755289455,109.0126426395862,ANDROID,,陕西省西安市雁塔区曲江街道通渠巷,0
100000,,阜阳市,临泉县气象局,Z,90,XCX,4,44.6,F,汉,3969,2,01,FATHER,FRIENDS,1,70.0,安徽省,CONSUME,01,,33.018197,115.291291,ANDROID,,安徽省阜阳市临泉县单桥镇G220,0
100000,102,苏州市,苏州佑美德纸制品有限公司,C,24,XCX,4,38.3,M,汉,4636,4,01,OTHER,OTHER,1,79.85953,江苏省,CONSUME,01,,31.148088538156466,120.66236993686161,ANDROID,,江苏省苏州市吴江区江陵街道运东大道辅路,0
100000,105,汕头市,广东韶州建筑工程有限公司,Z,90,APP,3,31.1,F,汉,1688,2,01,MATE,RELATIVES,1,70.0,广东省,CONSUME,01,,25.126322,113.339431,ANDROID,,广东省韶关市乐昌市乐城街道大瑶山路23,0
100000,102,南宁市,五金铸件厂,Z,90,XCX,2,39.7,M,壮,2998,4,01,FATHER,FRIENDS,1,70.0,广西壮族自治区,CONSUME,01,,23.212532,113.12766,ANDROID,,广东省佛山市南海区里水镇里官路辅路,0
100000,,德州市,德州汇星投资管理有限公司,Z,90,XCX,2,48.1,M,汉,320,2,01,FATHER,SIBLING,1,70.0,山东省,CONSUME,01,,37.484924,116.311661,ANDROID,,山东省德州市德城区天衢街道长庄南路,0
100000,103,南通市,崇川素舒瑜伽馆,H,54,APP,4,34.1,F,汉,5025,4,01,PARENTS,PARENTS,2,70.0,江苏省,CONSUME,01,,32.020678119892277,120.86708299930533,IOS,,江苏省南通市崇川区钟秀街道人民东路3号,0
100000,403,恩施土家族苗族自治州,刘静彪个人工作室,E,24,XCX,2,37.8,M,土家,4242,2,,FATHER,FRIENDS,1,70.0,湖北省,CONSUME,01,,30.54967475043403,114.25189019097222,ANDROID,,湖北省武汉市汉阳区建桥街道归元寺北路,0
100000,105,金华市,浙江东阳荣昊建设有限公司,E,24,APP,2,43.9,M,汉,3767,2,01,FATHER,COLLEAGUE,1,70.0,浙江省,CONSUME,01,,29.264853859258022,120.244543855669590,IOS,,浙江省金华市东阳市吴宁街道树德北路西11号,0
100000,103,哈尔滨市,辽宁营口泰宇物流有限公司,F,17,APP,3,44.5,M,汉,855,2,01,MATE,SIBLING,1,70.0,黑龙江省,CONSUME,02,,40.259792,122.148343,ANDROID,,辽宁省营口市鲅鱼圈区海东街道泰山大街,0
100000,103,景德镇市,景德镇市正儿八经陶瓷有限公司,C,24,XCX,3,26.3,M,汉,1583,3,01,FATHER,SIBLING,2,70.0,江西省,CONSUME,01,,29.332473958333335,117.19006320529513,ANDROID,,江西省景德镇市昌江区西郊街道,0
100000,104,苏州市,苏州蚂蚁车服,H,54,APP,2,37.2,M,汉,3987,2,01,MATE,PARENTS,1,89.432,江苏省,CONSUME,01,,31.439711901920288,120.69246040372365,IOS,,江苏省苏州市相城区太平街道富升路,0
100000,,商丘市,程虎个人工作室,Z,90,APP,2,28.6,M,汉,451,3,01,SIBLING,FRIENDS,3,70.0,河南省,CONSUME,01,,34.651907490920397,113.57582644192719,ANDROID,,河南省郑州市二七区侯寨街道凤栖南路,0
100000,,商丘市,程虎个人工作室,Z,90,APP,2,28.6,M,汉,451,3,01,SIBLING,FRIENDS,3,70.0,河南省,CONSUME,01,,34.651907490920397,113.57582644192719,ANDROID,,河南省郑州市二七区侯寨街道凤栖南路,0
100000,,衡水市,河北西斯派尔机械配件有限公司,C,24,APP,2,28.4,M,汉,699,3,01,FRIENDS,FRIENDS,2,70.0,河北省,CONSUME,01,,37.603069,116.015804,ANDROID,,河北省衡水市景县龙华镇,0
100000,102,宣城市,个人挖机,Z,90,APP,2,44.3,M,汉,4989,4,,COLLEAGUE,SIBLING,1,90.694,安徽省,CONSUME,01,,31.302326,118.702272,ANDROID,,安徽省宣城市宣州区水阳镇,1
100000,102,汕头市,旺泰汽车美容店,O,17,APP,3,36.3,F,汉,3670,4,01,MATE,MOTHER,1,70.0,广东省,CONSUME,01,,23.481330519182515,116.77189330336775,ANDROID,,广东省汕头市澄海区凤翔街道广益新乡路,0
100000,,大理白族自治州,康宇电缆有限公司,Z,90,APP,2,48.8,M,汉,2295,2,01,CHILDREN,FRIENDS,3,85.895,云南省,CONSUME,01,,29.705255,120.199106,ANDROID,,浙江省绍兴市诸暨市陶朱街道西二环路辅路,0
100000,102,连云港市,宿迁伟恒汽车销售服务有限公司,H,54,APP,3,30.2,F,汉,6165,3,01,FATHER,FRIENDS,2,77.51884,江苏省,CONSUME,01,,33.9348326684812,118.25166740437696,ANDROID,,江苏省宿迁市宿城区黄河街道广陵道,0
100000,103,菏泽市,北京国泰,E,24,APP,4,37.2,M,汉,3912,3,01,FATHER,FATHER,1,90.271,山东省,CONSUME,01,,39.258467,117.020648,ANDROID,,天津市武清区陈咀镇G112(京环线),0
100000,105,泰州市,好未来私教,Z,90,APP,4,47.4,M,汉,1421,4,01,MATE,COLLEAGUE,1,92.34487,江苏省,CONSUME,01,,30.481396347717664,114.2949310915144,ANDROID,,湖北省武汉市洪山区张家湾街道烽火路,0
100000,,益阳市,湖南朝霞建筑安装有限公司,Z,90,XCX,3,35.0,M,汉,6277,3,01,FATHER,FATHER,1,87.985,湖南省,CONSUME,01,,27.517523,109.987565,ANDROID,,湖南省怀化市鹤城区盈口乡高堰路,0
100000,,衡阳市,三亚环邦汽车服务有限公司,Z,90,APP,3,33.4,M,汉,5850,4,01,PARENTS,MATE,1,70.0,湖南省,CONSUME,01,,18.233015781474017,109.52196229367719,ANDROID,,海南省三亚市吉阳区大真岭巷,0
100000,301,宜宾市,七彩森林幼儿园,P,13,APP,3,42.0,F,汉,4352,2,01,MATE,SIBLING,1,75.32887,四川省,CONSUME,01,,28.747720978631855,104.63881301299343,IOS,,四川省宜宾市叙州区南岸街道茶马路,1
100000,,咸阳市,中国电信股份有限公司,G,13,XCX,4,27.8,F,汉,639,2,01,MATE,SIBLING,2,70.0,陕西省,CONSUME,01,,34.31537353515625,108.72036729600694,ANDROID,,陕西省咸阳市秦都区陈杨寨街道G312辅路,0
100000,105,宜昌市,湖北鼎佳缘装饰有限公司,E,24,APP,2,45.8,M,汉,476,3,01,MATE,MATE,1,70.0,湖北省,CONSUME,01,,30.990110699139988,112.91813833160991,ANDROID,,湖北省荆门市京山市石龙镇,0
100000,103,嘉兴市,中国人寿保险股份有限公司,J,13,XCX,2,35.8,F,汉,6266,2,01,PARENTS,FRIENDS,1,81.374,浙江省,CONSUME,01,,30.420725264120859,120.78542657565854,ANDROID,,浙江省嘉兴市海宁市袁花镇虎啸路,0
100000,,武汉市,格力电器武汉有限公司,C,24,XCX,2,40.8,M,汉,4789,2,01,FRIENDS,FRIENDS,1,70.0,湖北省,CONSUME,01,,30.479971,113.978488,ANDROID,,湖北省武汉市蔡甸区奓山街道X056(檀黄公路),0
100000,,临沂市,宿晓豪个人工作室,Z,90,APP,3,24.5,M,汉,1917,2,01,SIBLING,FRIENDS,2,70.0,山东省,CONSUME,01,,34.265983562749209,117.32333733999649,ANDROID,,江苏省徐州市贾汪区大庙街道凤翔路,0
100000,,宜宾市,个人经商,Z,90,APP,3,31.9,M,汉,5735,2,01,MOTHER,FRIENDS,2,70.0,四川省,CONSUME,01,,28.13816,104.960235,ANDROID,,四川省宜宾市兴文县九丝城镇,0
100000,,赣州市,石狮市宽仁小学,P,13,XCX,4,28.2,F,汉,2724,4,,MOTHER,FATHER,1,70.0,江西省,CONSUME,02,,26.038815375434027,119.27747368706598,ANDROID,,福建省福州市仓山区建新镇金港路,0
100000,,菏泽市,培优教育有限公司,Z,90,XCX,3,28.1,M,汉,821,4,01,PARENTS,SIBLING,2,70.0,山东省,CONSUME,01,,36.609149493312809,117.05158047963073,ANDROID,,山东省济南市市中区兴隆街道G104(二环南路),0
100000,103,商洛市,中铁一局集团有限公司,E,24,APP,4,38.6,M,汉,3848,4,01,FATHER,FRIENDS,2,70.0,陕西省,CONSUME,01,,30.304562255978757,99.40495206633567,ANDROID,,四川省甘孜藏族自治州巴塘县德达乡,0
100000,102,无锡市,阿特拉斯科普柯无锡压缩机有限公司,C,24,APP,3,36.8,M,汉,4219,2,,FATHER,COLLEAGUE,3,70.0,江苏省,CONSUME,01,,31.535791,120.42521,ANDROID,,江苏省无锡市新吴区梅村街道新华路29号,0
100000,,桐乡市,背景江南建材有限公司,Z,90,APP,2,35.6,F,汉,3831,2,01,MATE,SIBLING,1,70.0,浙江省,CONSUME,01,,30.541268178570229,120.44701833873401,ANDROID,,浙江省嘉兴市桐乡市崇福镇创业路598,0
100000,,铜陵市,高章敏个人工作室,Z,90,XCX,2,42.9,M,汉,5027,4,01,MATE,FATHER,1,70.0,安徽省,CONSUME,01,,30.962078895590488,117.80261253949014,ANDROID,,安徽省铜陵市义安区五松镇湖东路,0
100000,,南京市,安徽奥能锅炉有限公司,Z,90,XCX,4,40.7,M,汉,3629,3,01,MOTHER,FRIENDS,1,70.0,江苏省,CONSUME,01,,32.22816567123621,118.74805860737631,ANDROID,,江苏省南京市六合区大厂街道新华路290号,0
100000,103,洛阳市,漳州市宏香记食品有限公司,C,24,APP,3,39.8,M,汉,4192,2,01,MOTHER,COLLEAGUE,1,92.0,河南省,CONSUME,01,,29.508522270326293,106.47002965960925,IOS,,重庆市九龙坡区九龙街道火炬大道13-8-2,0
100000,105,宝鸡市,宝鸡同兴房产营销策划有限责任公司,K,17,APP,4,39.1,M,汉,5306,4,01,MATE,SIBLING,1,89.548,陕西省,CONSUME,01,,34.36581812906698,107.14812691888176,ANDROID,,陕西省宝鸡市渭滨区金陵街道滨河北路,0
100000,105,焦作市,罗希浩个人工作室,Z,90,XCX,4,26.9,M,汉,975,2,01,FATHER,FRIENDS,2,89.63887,河南省,CONSUME,01,,35.09858069529034,113.45886960806918,ANDROID,,河南省焦作市武陟县谢旗营镇G5512(晋新高速),0
100000,105,盐城市,江苏京迅递供应链管理有限公司,H,54,APP,3,33.9,M,汉,6071,2,01,RELATIVES,COLLEAGUE,2,70.0,江苏省,CONSUME,01,,31.921350299456046,120.09111231567292,ANDROID,,江苏省无锡市江阴市利港街道龙港路2号,1
100000,105,吕梁市,广州华亘朗博药业有限公司,M,11,XCX,4,28.7,M,汉,7210,2,01,FATHER,FRIENDS,2,89.545,山西省,CONSUME,01,,37.815964109652458,112.6267940598858,ANDROID,,山西省太原市迎泽区郝庄镇枣园东路,0
100000,104,南昌市,江西千维建筑材料有限公司,E,24,APP,3,40.7,M,汉,5439,4,01,PARENTS,MATE,2,70.0,江西省,CONSUME,01,,28.551301878278897,115.94673663882117,ANDROID,,江西省南昌市南昌县南昌县银三角管理委员会,0
100000,102,北京市,北京众信旅游有限公司,O,17,APP,3,34.7,F,汉,5425,4,01,MOTHER,RELATIVES,2,70.0,北京市,CONSUME,01,,39.60502865945448,116.09640737957204,ANDROID,,北京市房山区琉璃河(地区)镇X047(立西路),1
100000,105,吕梁市,广州华亘朗博药业有限公司,M,11,XCX,4,28.7,M,汉,7210,2,01,FATHER,FRIENDS,2,89.545,山西省,CONSUME,01,,37.815964109652458,112.6267940598858,ANDROID,,山西省太原市迎泽区郝庄镇枣园东路,0
100000,102,扬州市,扬州万达广场商业管理有限公司,H,54,APP,4,29.8,M,汉,932,2,01,RELATIVES,FRIENDS,2,70.0,江苏省,CONSUME,01,,32.44008816465075,119.45377761711572,ANDROID,,江苏省扬州市邗江区城北街道江平东路辅路,0
100000,,唐山市,家和潇湘烤鸭店,Z,90,XCX,4,30.0,F,汉,1932,2,01,FATHER,SIBLING,1,70.0,河北省,CONSUME,01,,39.951986,116.872913,IOS,,河北省廊坊市三河市燕郊镇,0
100000,,台州市,三门县陈兵宋铝合金店,Z,90,APP,2,46.1,M,汉,7244,3,01,MATE,FRIENDS,1,70.0,浙江省,CONSUME,01,,28.938908,121.652494,ANDROID,,浙江省台州市三门县浦坝港镇S224,0
100000,104,青岛市,泰康人寿青岛分公司,J,13,APP,3,46.4,M,汉,979,2,01,PARENTS,MATE,1,90.486,山东省,CONSUME,01,,36.13778791981729,120.4303682272783,ANDROID,,山东省青岛市崂山区中韩街道高荣路12,0
100000,103,武汉市,谢家麟个人工作室,K,17,XCX,3,36.7,M,汉,3941,3,01,FATHER,FATHER,1,77.5938,湖北省,CONSUME,01,,30.601175637809037,114.28758500230582,IOS,,湖北省武汉市江岸区西马街道球场路87号,0
100000,105,深圳市,深圳市梦若蓝珠宝有限公司,C,24,XCX,4,37.8,M,汉,5612,4,01,MATE,FRIENDS,1,75.97422,广东省,CONSUME,01,,22.581860505484174,114.13514320901047,ANDROID,,广东省深圳市罗湖区东湖街道德心路,0
100000,103,合肥市,如东敏达建材经营部,H,54,XCX,3,42.7,M,汉,3877,4,01,MATE,FATHER,1,70.0,安徽省,CONSUME,01,,31.089072332616799,117.32377105688805,ANDROID,,安徽省合肥市庐江县泥河镇,0
100000,104,镇江市,丹阳市发伟日用百货商店,Z,90,XCX,2,40.7,M,汉,3837,4,01,PARENTS,FRIENDS,2,70.0,江苏省,CONSUME,01,,31.987761375818996,119.57946523992354,ANDROID,,江苏省镇江市丹阳市云阳街道丹凤南路辅路,0
100000,,烟台市,联通人力资源有限公司,G,13,XCX,4,36.6,F,汉,3921,4,01,COLLEAGUE,FRIENDS,3,84.279,山东省,CONSUME,01,,37.46923855251736,121.38575547960069,ANDROID,,山东省烟台市莱山区初家街道五卒山东路,0
100000,103,抚州市,吴果夫个人工作室,Z,90,APP,2,42.0,M,汉,4046,4,01,MATE,FATHER,1,70.0,江西省,CONSUME,01,,27.912419273402106,116.77263691893033,ANDROID,,江西省抚州市金溪县秀谷镇秀谷中大道47,0
100000,105,淮安市,太平洋建设集团有限公司普洱分公司,E,24,XCX,3,33.6,M,汉,207,4,01,MATE,RELATIVES,1,70.0,江苏省,CONSUME,01,,33.62589690179823,119.33547100069481,ANDROID,,江苏省淮安市淮安区顺河镇,0
100000,105,宜昌市,光明随心订,H,54,XCX,3,34.8,F,汉,4136,2,01,RELATIVES,FRIENDS,1,70.0,湖北省,CONSUME,01,,30.376261,111.431608,ANDROID,,湖北省宜昌市宜都市姚家店镇S254辅路,1
100000,103,信阳市,上海南翔小商品批发市场,H,54,APP,2,42.2,M,汉,2332,2,01,FATHER,SIBLING,2,70.0,河南省,CONSUME,01,,31.300296468165624,121.31977869907583,ANDROID,,上海市嘉定区南翔镇瑞林路,0
100000,,广安市,广安鼎华市政服务有限公司,E,24,APP,3,42.4,M,汉,4201,4,01,MATE,FATHER,1,70.0,四川省,CONSUME,01,,30.45302853758856,106.63831046056038,ANDROID,,四川省广安市广安区广福街道莲花中路1-、3-、5-、7-、9号,0
100000,104,北京市,德赛文化有限公司,R,17,APP,3,27.5,M,汉,2599,4,01,FATHER,MATE,2,70.0,北京市,CONSUME,01,,40.00257749986214,116.36064778410362,ANDROID,,北京市海淀区学院路街道S216(G110辅路),0
100000,,上饶市,弋阳海螺集团,H,54,APP,2,36.0,M,汉,3898,4,01,MATE,COLLEAGUE,1,70.0,江西省,CONSUME,01,,28.613123,117.388175,ANDROID,,江西省上饶市弋阳县三县岭镇,0
100000,,宜宾市,合瑞特玻,Z,90,XCX,2,26.8,M,汉,1197,3,01,SIBLING,COLLEAGUE,2,70.0,四川省,CONSUME,01,,22.736726015208679,114.30488894617939,ANDROID,,广东省深圳市龙岗区宝龙街道池屋村工业二路,0
100000,102,郴州市,肖坦坦个人工作室,Z,90,APP,2,24.0,M,汉,2261,4,01,PARENTS,FRIENDS,2,70.0,湖南省,CONSUME,01,,23.09425,113.756234,ANDROID,,广东省东莞市高埗镇高埗广场北路,0
100000,102,渭南市,盛合晶微半导体有限公司,G,13,APP,4,27.4,M,汉,1355,2,01,FATHER,FRIENDS,2,87.7202,陕西省,CONSUME,01,,31.91698075447789,120.33580646369573,ANDROID,,江苏省无锡市江阴市城东街道长山路60,0
100000,105,杭州市,浙江炎曦文化创意有限公司,R,17,APP,4,43.6,M,汉,5647,3,01,PARENTS,SIBLING,1,70.0,浙江省,CONSUME,01,,30.619547463612866,119.6890049748771,ANDROID,,浙江省湖州市安吉县递铺街道天目南路,0
100000,104,宜昌市,湖北公路客运集团,Z,90,XCX,4,43.0,M,汉,1153,4,01,FATHER,MATE,1,70.0,湖北省,CONSUME,01,,30.545233407756578,114.3064754001867,ANDROID,,湖北省武汉市武昌区首义路街道民主路,0
100000,102,重庆市,北京声迅电子股份有限公司,G,13,APP,4,31.6,M,汉,6536,3,01,RELATIVES,FRIENDS,2,85.659,重庆市,CONSUME,01,,22.539342,113.954099,ANDROID,,广东省深圳市南山区沙河街道大沙河碧道,0
100000,102,上饶市,东莞豪安消防工程有限公司,E,24,XCX,3,26.7,M,汉,440,4,01,FATHER,FRIENDS,2,77.5249,江西省,CONSUME,01,,23.05559745434758,114.00290899477966,ANDROID,,广东省东莞市企石镇东部快速立交,0
100000,102,金华市,华恒建设集团有限公司,E,24,XCX,3,41.1,M,汉,3699,3,01,SIBLING,SIBLING,1,80.153,浙江省,CONSUME,02,,29.286648604570585,120.24839127706982,ANDROID,,浙江省金华市东阳市江北街道翠竹路,0
100000,102,丽江市,私营业中,Z,90,XCX,2,45.4,M,汉,655,2,01,MATE,FRIENDS,1,70.0,云南省,CONSUME,01,,26.874218426244285,100.21592462377231,ANDROID,,云南省丽江市古城区西安街道裕安路,0
100000,103,连云港市,淮安市泊凰建材有限公司,E,24,APP,2,37.8,M,汉,4817,3,01,RELATIVES,FRIENDS,2,70.0,江苏省,CONSUME,01,,33.63760228221505,119.0676605182046,ANDROID,,江苏省淮安市淮阴区王家营街道S247(宁连公路),0
100000,,重庆市,黎小刚个人工作室,Z,90,XCX,3,44.6,M,汉,2658,4,01,MATE,PARENTS,1,97.2432,重庆市,CONSUME,01,,29.697355,105.736983,ANDROID,,重庆市大足区棠香街道星华路,0
100000,,株洲市,言兵个人工作室,Z,90,APP,2,41.4,M,汉,1687,2,01,FATHER,FRIENDS,1,70.0,湖南省,CONSUME,01,,27.907655,113.155311,ANDROID,,湖南省株洲市石峰区学林街道智慧路,0
100000,308,盐城市,阜宁县洲业车业有限公司,C,24,APP,3,38.1,M,汉,3260,2,01,MATE,MOTHER,1,70.0,江苏省,CONSUME,01,,33.793453225411,119.739891051685,ANDROID,,江苏省盐城市阜宁县阜城街道阜羊路辅路,0
100000,,株洲市,言兵个人工作室,Z,90,APP,2,41.4,M,汉,1687,2,01,FATHER,FRIENDS,1,70.0,湖南省,CONSUME,01,,27.907655,113.155311,ANDROID,,湖南省株洲市石峰区学林街道智慧路,0
100000,,德阳市,湖北成久有限公司,Z,90,XCX,4,25.2,M,汉,1508,3,01,PARENTS,PARENTS,2,70.0,四川省,CONSUME,01,,30.83013092426587,111.81901847705669,ANDROID,,湖北省宜昌市当阳市坝陵街道锦屏大道,0
100000,103,滨州市,津兴达装饰工程中心,E,24,APP,2,41.7,M,汉,3906,4,01,FATHER,FRIENDS,1,70.0,山东省,CONSUME,01,,39.06495333333333,117.399485,ANDROID,,天津市东丽区新立街道繁荣路,0
100000,105,邯郸市,永盛机械,C,24,APP,2,32.3,M,汉,6616,3,01,RELATIVES,FRIENDS,1,70.0,河北省,CONSUME,01,,36.59160353516735,115.33722778258847,ANDROID,,河北省邯郸市馆陶县柴堡镇,0
100000,104,无锡市,无锡市人民医院,Q,11,XCX,4,35.1,M,汉,112,3,01,MATE,RELATIVES,1,76.384834,江苏省,CONSUME,01,,31.548174641927083,120.33544108072917,ANDROID,,江苏省无锡市梁溪区清名桥街道兴源中路,0
100000,,金华市,友诚汽车服务中心,C,24,XCX,2,36.0,M,汉,3997,4,01,RELATIVES,RELATIVES,1,70.0,浙江省,CONSUME,01,,29.093530002170137,119.70480495876735,ANDROID,,浙江省金华市金东区多湖街道开元路,0
100000,,聊城市,自由职业,Z,90,APP,2,31.8,M,汉,5639,3,01,FRIENDS,OTHER,1,87.029,山东省,CONSUME,01,,36.67591540741512,116.87815486769695,ANDROID,,山东省济南市槐荫区段店镇锦文北街,0
100000,305,清远市,广州南菱鹏翔汽车销售服务有限公司,C,24,APP,3,36.2,M,汉,6795,3,01,MOTHER,FRIENDS,1,85.855,广东省,CONSUME,01,,23.233053,113.305559,ANDROID,,广东省广州市白云区永平街道,0
100000,105,广州市,粤康家政公司,O,17,APP,3,32.5,F,汉,5644,2,01,MATE,SIBLING,1,87.298,广东省,CONSUME,01,,23.07243678260627,113.31400232131225,ANDROID,,广东省广州市海珠区南洲街道后滘西大街三十七巷,0
100000,,温州市,郑志鑫个人工作室,Z,90,APP,3,23.7,M,汉,2459,4,01,SIBLING,FRIENDS,2,91.708,浙江省,CONSUME,01,,30.234703,119.990239,ANDROID,,浙江省杭州市余杭区闲林街道宝庆路,0
100000,103,合肥市,安徽淘原梦园艺有限公司,A,27,APP,2,46.0,M,汉,4907,4,01,MATE,FRIENDS,1,92.081,安徽省,CONSUME,01,,29.20798819129867,119.75661244931394,ANDROID,,浙江省金华市金东区曹宅镇坦溪东路,0
100000,105,秦皇岛市,青龙满族自治县民政局,S,11,APP,4,36.7,M,满,5937,2,,COLLEAGUE,SIBLING,1,85.685,河北省,CONSUME,01,,39.8817655928877,119.27986824952869,ANDROID,,河北省秦皇岛市抚宁区抚宁镇零三零村道,1
100000,,南充市,四川集智诚科技有限公司,Z,90,XCX,3,29.0,M,汉,106,2,01,FATHER,FRIENDS,2,70.0,四川省,CONSUME,01,,30.828799630184276,104.00375926627685,ANDROID,,四川省成都市新都区新繁街道麻薛路,0
100000,104,石家庄市,刘天初个人工作室,S,11,APP,4,25.5,M,汉,204,2,01,CHILDREN,FRIENDS,2,91.636,河北省,CONSUME,01,,38.192563871347228,115.19978680072326,ANDROID,,河北省石家庄市深泽县深泽镇G338(正饶路),0
100000,102,湖州市,郑士顶个人工作室,Z,90,APP,3,31.7,M,汉,5335,4,01,MATE,FATHER,2,70.0,浙江省,CONSUME,01,,29.113714047732445,121.37785815021663,ANDROID,,浙江省台州市三门县海游街道龙山路67号,1
100000,105,保定市,张博莹个人工作室,Z,90,APP,3,23.3,F,汉,1910,2,01,MOTHER,FRIENDS,2,73.105,河北省,CONSUME,01,,39.169383,117.153409,ANDROID,,天津市红桥区西于庄街道礼貌大街17号,0
100000,,苏州市,山西证券股份有限公司,J,13,XCX,4,49.7,M,汉,1128,4,,FRIENDS,FRIENDS,1,70.0,江苏省,CONSUME,01,,31.3408254712642,120.6111041577487,IOS,,江苏省苏州市姑苏区苏锦街道锦堂街,1
100000,,肇庆市,广东太古可口可乐有限公司,C,24,APP,3,39.5,M,汉,3443,2,01,FRIENDS,FRIENDS,1,70.0,广东省,CONSUME,01,,23.082715,113.432112,ANDROID,,广东省广州市黄埔区长洲街道海洋路,0
100000,105,成都市,四川中视伟业文化传播有限公司,R,17,APP,3,46.2,M,汉,4074,2,01,FATHER,FRIENDS,1,70.0,四川省,CONSUME,01,,30.574583662511836,104.21518360891258,ANDROID,,四川省成都市龙泉驿区大面街道兴业大道,0
100000,103,原平市,青岛高科通信有限公司,G,13,APP,3,34.2,M,汉,5609,2,01,MATE,COLLEAGUE,1,70.0,山西省,CONSUME,01,,36.170165,120.376323,ANDROID,,山东省青岛市李沧区振华路街道沧台南路,0
100000,102,宿州市,萧县雪晴新型农业发展有限公司,A,27,APP,3,45.8,M,汉,221,4,01,MATE,SIBLING,3,87.79,安徽省,CONSUME,01,,34.058483389852259,117.03442986038846,ANDROID,,安徽省宿州市萧县庄里镇,0
100000,102,深圳市,深圳华益工程设计有限公司,E,24,APP,4,42.3,M,汉,3255,4,01,MATE,COLLEAGUE,1,79.77033,广东省,CONSUME,01,,22.988053668913936,113.27215644450286,ANDROID,,广东省广州市番禺区石壁街道韦海路,0
100000,105,潮州市,雅芳专卖店,H,54,XCX,2,46.3,F,汉,7089,2,01,RELATIVES,OTHER,1,70.0,广东省,CONSUME,01,,23.506365676027067,116.65786084977002,IOS,,广东省潮州市潮安区彩塘镇彩里路,1
100000,,商丘市,徐岗珠宝店,H,54,APP,2,32.0,M,汉,524,3,,MATE,FRIENDS,1,70.0,河南省,CONSUME,01,,34.185047,116.187259,ANDROID,,河南省商丘市夏邑县曹集乡,0
100000,,德阳市,卿三俊个人工作室,Z,90,XCX,2,34.1,M,汉,4490,4,01,MATE,FATHER,1,70.0,四川省,CONSUME,01,,31.05697887414397,104.18939916148516,ANDROID,,四川省德阳市广汉市高坪镇,0
100000,,石乡币市,李振个人工作室,Z,90,XCX,2,39.8,M,汉,4419,2,01,FRIENDS,COLLEAGUE,1,70.0,湖南省,CONSUME,01,,39.80773621869324,115.85887329646346,ANDROID,,北京市房山区佛子庄乡G108复线,0
100000,,永州市,惠州半岛格兰云天国际酒店,Z,90,XCX,4,36.5,M,汉,3701,2,01,PARENTS,FRIENDS,2,88.864,湖南省,CONSUME,01,,22.816109166881298,114.47500756110623,ANDROID,,广东省惠州市惠阳区淡水街道G010(沈海高速),0
100000,403,安庆市,188团网络兼职,Z,90,XCX,3,34.9,F,汉,5998,4,01,MATE,FRIENDS,,70.0,安徽省,CONSUME,01,,30.625539230498228,117.49570893076107,ANDROID,,安徽省池州市贵池区平天湖风景区青通路,0
100000,305,揭阳市,广东省揭阳市揭东区锡场镇汇江游泳馆,C,24,XCX,4,26.8,M,汉,7085,4,01,FATHER,FRIENDS,2,70.0,广东省,CONSUME,01,,23.328462988042504,113.53827101983842,IOS,,广东省广州市黄埔区龙湖街道景明二路,0
100000,103,宜春市,自由职业,Z,90,APP,2,35.0,M,汉,5797,3,01,RELATIVES,FRIENDS,1,70.0,江西省,CONSUME,01,,28.038876470322238,115.54289812865196,ANDROID,,江西省宜春市樟树市淦阳街道规划路,0
100000,102,佛山市,广东万和新电气股份有限公司,G,13,APP,4,22.9,M,汉,2022,2,01,FATHER,SIBLING,2,89.923,广东省,CONSUME,01,,23.196807708238816,112.92081174990571,IOS,,广东省佛山市三水区西南街道虹岭路,0
100000,403,淮安市,淮安市荣盛装饰有限公司,E,24,APP,2,42.4,M,汉,3646,4,01,MATE,SIBLING,1,70.0,江苏省,CONSUME,01,,33.50663824502753,119.03775355241067,ANDROID,,江苏省淮安市清江浦区盐河镇,0
100000,403,南通市,恒科新材料,M,11,APP,4,30.3,M,汉,626,4,01,PARENTS,FRIENDS,2,87.215,江苏省,CONSUME,01,,32.207494199656377,120.61987801857522,ANDROID,,江苏省南通市如皋市下原镇,0
100000,103,昆明市,中国体育彩票,R,17,APP,2,41.4,F,汉,4544,3,01,PARENTS,FRIENDS,1,87.73,云南省,CONSUME,01,,25.071392797199107,102.74107660289046,ANDROID,,云南省昆明市盘龙区金辰街道穿金路719号,1
100000,103,亳州市,南京福胜达环保科技有限公司,M,11,APP,2,41.4,M,汉,4079,2,01,RELATIVES,RELATIVES,2,70.0,安徽省,CONSUME,01,,33.38819249787845,116.07506065005352,ANDROID,,安徽省亳州市涡阳县楚店镇S308,0
100000,,保定市,石璐倩个人工作室,Z,90,XCX,3,26.9,F,汉,1481,2,01,MATE,FRIENDS,1,70.0,河北省,CONSUME,01,,38.88914965471953,115.03368952087333,ANDROID,,河北省保定市顺平县河口乡,0
100000,103,宁德市,郑灵茹个人工作室,Z,90,XCX,2,45.2,F,汉,3414,4,01,CHILDREN,FRIENDS,1,70.0,福建省,CONSUME,01,,27.183017317405878,120.18274815955958,ANDROID,,福建省宁德市福鼎市白琳镇X974(玄武路),0
100000,103,茂名市,东莞市沙田鹏亿五金制品厂,C,24,APP,3,38.3,M,汉,4744,4,01,MATE,FRIENDS,1,88.438,广东省,CONSUME,01,,22.841513178395198,113.66110057671559,ANDROID,,广东省东莞市虎门镇狮子洋通道,0
100000,,临沂市,莒南县乐轩百货超市,H,54,APP,2,28.0,F,汉,1467,3,01,MATE,FRIENDS,1,70.0,山东省,CONSUME,01,,35.208615,119.092265,ANDROID,,山东省临沂市莒南县坪上镇金龙河东路,0
100000,403,怒江傈僳族自治州,和小英个人工作室,Z,90,APP,2,43.6,F,普米,919,4,01,MATE,SIBLING,1,70.0,云南省,CONSUME,01,,26.456104,99.43055,ANDROID,,云南省怒江傈僳族自治州兰坪白族普米族自治县金顶街道福东线,0
100000,,大理白族自治州,维也纳国际酒店,I,54,XCX,3,28.3,F,彝,6852,2,01,RELATIVES,SIBLING,2,88.358,云南省,CONSUME,01,,25.077613661024305,102.6590695529514,ANDROID,,云南省昆明市五华区黑林铺街道新光巷388号,0
100000,103,益阳市,义乌市田鸾饰品有限公司,C,24,APP,2,50.0,M,汉,1167,4,01,RELATIVES,FRIENDS,1,70.0,湖南省,CONSUME,01,,29.36803,120.104907,ANDROID,,浙江省金华市义乌市福田街道物华路5号,0
100000,102,保山市,田丁山个人工作室,Z,90,APP,2,34.0,M,汉,4620,4,01,FATHER,MOTHER,2,86.382,云南省,CONSUME,01,,25.156914016866616,99.21268700426495,ANDROID,,云南省保山市隆阳区板桥镇G320(沪瑞线),0
100000,,淮安市,淮安市众林农业科技发展有限公司,Z,90,XCX,3,38.4,M,汉,6727,4,01,MATE,OTHER,1,70.0,江苏省,CONSUME,01,,33.76238280148422,119.26414359674625,ANDROID,,江苏省淮安市涟水县涟城街道黄河路,0
100000,103,榆林市,高有华个人工作室,Z,90,XCX,3,37.7,M,汉,3687,3,01,FATHER,FATHER,1,70.0,陕西省,CONSUME,01,,38.24243815104167,109.76532823350695,ANDROID,,陕西省榆林市榆阳区长城路街道榆溪大道,0
100000,105,临沂市,桂萍运输,F,17,APP,2,31.9,M,汉,6466,2,01,COLLEAGUE,COLLEAGUE,1,70.0,山东省,CONSUME,01,,34.823582560900728,117.94509075398934,ANDROID,,山东省临沂市兰陵县向城镇,0
100000,,昭通市,得云制造有限公司,Z,90,XCX,2,33.4,F,汉,4685,2,01,MATE,FRIENDS,1,70.0,云南省,CONSUME,01,,27.852184140210399,105.04957293823343,ANDROID,,云南省昭通市威信县扎西镇龙井盐井街,0
100000,,揭阳市,方圆建材,Z,90,XCX,2,40.3,F,汉,2679,2,01,FRIENDS,SIBLING,1,84.606,广东省,CONSUME,01,,23.314735880428864,116.19733389754392,ANDROID,,广东省揭阳市普宁市流沙东街道北二环大道辅路,0
100000,105,阳江市,富强帽业有限公司,H,54,XCX,4,35.3,M,汉,6544,2,01,FATHER,FRIENDS,1,86.038,广东省,CONSUME,01,,21.59551513671875,111.60977864583333,ANDROID,,广东省阳江市阳西县上洋镇,0
100000,103,淄博市,阳光财产保险,J,13,APP,3,38.6,F,汉,3969,2,01,MATE,FRIENDS,1,70.0,山东省,CONSUME,01,,36.8178211385431,118.29049608191439,ANDROID,,山东省淄博市临淄区雪宫街道齐园路69号,1
100000,,南阳市,石佛寺玉石市场,H,54,XCX,4,31.7,M,汉,792,4,01,FATHER,SIBLING,1,70.0,河南省,CONSUME,01,,32.95330620659722,112.53298421223958,ANDROID,,河南省南阳市宛城区枣林街道G312(雪枫中路),1
100000,105,娄底市,朱栋梁个人工作室,Z,90,APP,2,25.1,M,汉,2328,2,01,RELATIVES,FRIENDS,2,82.026,湖南省,CONSUME,01,,24.063978,101.984192,ANDROID,,云南省玉溪市新平彝族傣族自治县桂山街道桂细南路,0
100000,103,阜阳市,轩馨电瓶经营部,H,54,APP,2,37.8,M,汉,4067,2,01,SIBLING,COLLEAGUE,1,70.0,安徽省,CONSUME,02,,32.864454,115.84432,ANDROID,,安徽省阜阳市颍州区清河街道经二路,1
100000,104,绍兴市,上海市上海城区嘉定区金沙江西路396弄,H,54,XCX,3,38.8,M,汉,4107,3,01,MATE,FRIENDS,1,70.0,浙江省,CONSUME,01,,31.239253073301666,121.49203546392376,ANDROID,,上海市浦东新区陆家嘴街道陆家嘴西路51号,0
100000,104,天津市,天津经济技术开发区山羽美甲工作室,O,17,APP,4,30.8,F,回,6907,3,01,PARENTS,FRIENDS,2,73.14,天津市,CONSUME,01,,39.019180764249338,117.73700861473482,ANDROID,,天津市滨海新区塘沽街道京门大道辅路,1
100000,,衡水市,昆仑幼儿园,P,13,XCX,4,30.1,F,汉,5834,3,01,MOTHER,SIBLING,1,70.0,河北省,CONSUME,01,,38.00013367342972,114.49935982259878,ANDROID,,河北省石家庄市裕华区建通街道南二环东路,0
100000,,天津市,北洋智控（天津）科技有限公司,G,13,APP,3,33.9,F,汉,4999,4,01,FRIENDS,SIBLING,1,70.0,天津市,CONSUME,01,,39.128737,117.223841,ANDROID,,天津市河东区唐家口街道新开路904号,0
100000,,咸阳市,中国人寿保险公司,J,13,APP,3,40.1,F,汉,4172,2,01,MATE,SIBLING,1,70.0,陕西省,CONSUME,01,,34.326418,108.662255,ANDROID,,陕西省咸阳市秦都区渭阳西路街道彩虹二路,0
100000,,徐州市,私营业主,Z,90,XCX,2,41.0,M,汉,4073,2,01,MATE,FRIENDS,1,84.0,江苏省,CONSUME,01,,34.29376008422141,117.19257874732773,IOS,,江苏省徐州市鼓楼区环城街道祥和公园路,0
100000,102,德阳市,逸都生活超市,H,54,XCX,2,35.4,F,汉,5620,4,01,MATE,CHILDREN,1,70.0,四川省,CONSUME,01,,30.886598033830329,104.30876674487702,ANDROID,,四川省成都市青白江区大同镇,0
100000,103,徐州市,江苏和建新型建材有限公司,Z,90,XCX,4,34.2,M,汉,4594,4,01,COLLEAGUE,MATE,1,70.0,江苏省,CONSUME,01,,34.869927744280349,117.452917516684,ANDROID,,山东省枣庄市薛城区邹坞镇友谊路,1
100000,103,岳阳市,东街菜市场营业,I,54,APP,3,32.8,F,汉,6347,2,01,RELATIVES,FRIENDS,1,87.026,湖南省,CONSUME,01,,28.70221841709269,113.59077280820175,ANDROID,,湖南省岳阳市平江县汉昌街道四柱路,0
100000,103,南平市,黄师傅汽车维修,O,17,XCX,2,32.2,M,汉,709,4,01,MATE,SIBLING,1,70.0,福建省,CONSUME,01,,27.03307816168358,118.33386689852202,ANDROID,,福建省南平市建瓯市通济街道G25(长深高速),0
100000,103,抚州市,双豪门业,H,54,XCX,2,32.9,M,汉,147,2,,MOTHER,RELATIVES,2,70.0,江西省,CONSUME,01,,31.558940892544,104.531997683793,ANDROID,,四川省绵阳市安州区花荄镇辽宁大道辅路,0
100000,102,潍坊市,景明兴个人工作室,Z,90,APP,2,28.0,M,汉,752,2,01,FATHER,FRIENDS,2,89.22946,山东省,CONSUME,01,,36.697502262366928,118.51241334031222,ANDROID,,山东省潍坊市青州市王府街道S102辅路,0
100000,,承德市,王冬的家,Z,90,XCX,2,37.9,M,汉,4277,3,01,PARENTS,FRIENDS,1,70.0,河北省,CONSUME,02,,28.164711100260416,112.98497721354167,ANDROID,,湖南省长沙市雨花区东塘街道黄土岭路364-1,0
100000,,威海市,信得利商场,Z,90,APP,4,29.2,F,汉,342,4,01,SIBLING,SIBLING,2,70.0,山东省,CONSUME,01,,39.906202293984637,116.5599657622943,ANDROID,,北京市朝阳区三间房(地区)乡惠河北街,0
100000,105,绵阳市,利尔化学,H,54,XCX,2,35.1,M,汉,6218,2,01,MATE,SIBLING,1,84.895,四川省,CONSUME,02,,31.368180609809027,104.80529188368055,ANDROID,,四川省绵阳市涪城区塘汛街道S205,1
100000,105,潍坊市,葛晓燕个人工作室,Z,90,XCX,2,39.8,F,汉,4152,3,01,FATHER,SIBLING,1,70.0,山东省,CONSUME,01,,36.747272678880559,119.13734485796701,ANDROID,,山东省潍坊市寒亭区开元街道永兴街,0
100000,,萍乡市,连续创业人士,H,54,APP,2,46.0,M,汉,236,2,01,MATE,FRIENDS,1,70.0,江西省,CONSUME,01,,27.643135478980494,113.74725485386091,ANDROID,,江西省萍乡市湘东区湘东镇湘泉南路174号,0
100000,302,乐山市,好利来工贸有限公司,Z,90,APP,2,29.5,M,汉,1179,3,01,MOTHER,MATE,1,70.0,四川省,CONSUME,01,,31.180162,121.036935,ANDROID,,江苏省苏州市昆山市淀山湖镇新华路,0
100000,,黔南布依族苗族自治州,国明复合,Z,90,XCX,2,35.9,M,布依,6840,2,01,RELATIVES,FRIENDS,2,70.0,贵州省,CONSUME,01,,28.029016460460654,120.59160921737444,ANDROID,,浙江省温州市鹿城区双屿街道温金路188弄-21号,0
100000,102,鸡西市,苗福涛个人工作室,I,54,APP,4,36.5,M,汉,4024,4,01,MATE,FRIENDS,1,70.0,黑龙江省,CONSUME,01,,31.32380369695636,120.61259461959468,ANDROID,,江苏省苏州市姑苏区平江街道官厍巷,0
100000,403,开封市,代银波个人工作室,Z,90,APP,2,31.6,M,汉,5523,4,01,MATE,FATHER,1,79.941,河南省,CONSUME,01,,34.81280783657132,114.94193289075005,ANDROID,,河南省开封市兰考县仪封镇Y018,0
100000,403,临沂市,沂水洋小仔电子商务有限公司,G,13,XCX,3,24.3,M,汉,2234,4,01,FATHER,MATE,1,70.0,山东省,CONSUME,01,,35.79618058471814,118.63461726384591,ANDROID,,山东省临沂市沂水县沂城街道健康路,0
100000,105,株洲市,茜范道具安装,E,24,APP,2,38.0,M,汉,3922,3,01,MATE,FRIENDS,1,70.0,湖南省,CONSUME,01,,30.65419856649316,104.07176866003951,ANDROID,,四川省成都市锦江区春熙路街道半边街30,0
100000,105,淄博市,恒信集团,Z,90,APP,3,31.5,F,汉,5388,2,01,FRIENDS,FRIENDS,1,76.779,山东省,CONSUME,01,,36.75788801676386,119.18917755884914,ANDROID,,山东省潍坊市寒亭区寒亭街道志远北路,0
100000,403,临沂市,沂水洋小仔电子商务有限公司,G,13,XCX,3,24.3,M,汉,2234,4,01,FATHER,MATE,1,70.0,山东省,CONSUME,01,,35.79618058471814,118.63461726384591,ANDROID,,山东省临沂市沂水县沂城街道健康路,0
100000,103,盐城市,盐城市大丰区慧丰文化传播有限公司,R,17,XCX,4,29.7,F,汉,215,3,01,PARENTS,COLLEAGUE,3,70.0,江苏省,CONSUME,01,,30.61621554082196,119.88741096443865,ANDROID,,浙江省湖州市德清县莫干山镇,0
100000,,武汉市,湖北鑫嘉利诚建设工程有限公司,Z,90,XCX,3,43.3,M,汉,3692,4,01,MOTHER,MATE,1,70.0,湖北省,CONSUME,01,,32.09379530164931,112.1459521484375,ANDROID,,湖北省襄阳市樊城区团山镇茶棚路,0
100000,103,榆林市,杜改卫个人工作室,H,54,XCX,3,42.0,F,汉,4159,2,01,MATE,FATHER,2,70.0,陕西省,CONSUME,01,,38.2840562608507,109.81731255425348,ANDROID,,陕西省榆林市榆阳区青云镇G339(滨榆线),0
100000,103,大理白族自治州,圣丽会馆,H,54,APP,2,42.1,F,汉,4262,2,01,PARENTS,FRIENDS,1,70.0,云南省,CONSUME,01,,25.33773545715254,100.50301594477345,ANDROID,,云南省大理白族自治州弥渡县弥城镇新庄路,0
100000,,菏泽市,培优教育有限公司,Z,90,APP,3,28.1,M,汉,821,4,01,PARENTS,SIBLING,2,70.0,山东省,CONSUME,01,,36.609149493312809,117.05158047963073,ANDROID,,山东省济南市市中区兴隆街道G104(二环南路),0
100000,105,徐州市,徐州千迈铝业有限公司,C,24,APP,3,35.6,M,汉,5850,3,01,MOTHER,FRIENDS,1,83.595375,江苏省,CONSUME,01,,34.19573065228892,117.27259083962089,ANDROID,,江苏省徐州市云龙区大龙湖街道钱塘路,0
100000,102,德阳市,泗方园歌城,R,17,APP,2,38.2,F,汉,4675,3,01,FATHER,RELATIVES,3,79.93377,四川省,CONSUME,01,,30.75826336711288,104.08487446090432,ANDROID,,四川省成都市新都区大丰街道甫家一路东段,0
100000,,太原市,李文丽个人工作室,Z,90,XCX,3,38.0,F,汉,4535,3,01,SIBLING,FRIENDS,3,70.0,山西省,CONSUME,01,,37.807716495016659,112.49209395537446,ANDROID,,山西省太原市晋源区义井街道化工路2号,0
100000,102,桂林市,华隆文具有限公司,C,24,XCX,4,46.0,M,汉,478,2,01,SIBLING,COLLEAGUE,1,70.0,广西壮族自治区,CONSUME,02,,23.300615313494,116.370269789349,ANDROID,,广东省汕头市潮阳区贵屿镇昌安三路,0
100000,,衡阳市,杨水源个人工作室,Z,90,XCX,2,44.1,M,汉,2253,4,01,MATE,COLLEAGUE,1,70.0,湖南省,CONSUME,01,,26.951823621954959,112.18318739916713,ANDROID,,湖南省衡阳市衡阳县井头镇,0
100000,,达州市,众兴塑胶有限公司,Z,90,APP,2,38.7,F,汉,4928,2,01,MATE,FRIENDS,1,70.0,四川省,CONSUME,01,,23.388172470866495,116.71617963036688,ANDROID,,广东省汕头市龙湖区金霞街道科技东路8号,0
100000,,达州市,众兴塑胶有限公司,Z,90,XCX,2,38.7,F,汉,4928,2,01,MATE,FRIENDS,1,70.0,四川省,CONSUME,01,,23.388172470866495,116.71617963036688,ANDROID,,广东省汕头市龙湖区金霞街道科技东路8号,0
100000,,朝阳市,教育个体,Z,90,XCX,4,34.6,F,蒙古,4834,2,01,FATHER,RELATIVES,2,92.043,辽宁省,CONSUME,01,,41.84965103866013,123.47710331417042,IOS,,辽宁省沈阳市大东区前进街道观泉三路,0
100000,104,宜春市,芜湖市琅华劳务服务经营部,Z,90,APP,2,30.4,M,汉,7085,2,01,FATHER,COLLEAGUE,2,70.0,江西省,CONSUME,01,,31.439916,118.386392,ANDROID,,安徽省芜湖市鸠江区芜湖经济技术开发区龙山路,0
100000,102,上海市,宝付网络科技,G,13,APP,3,34.6,M,汉,5332,2,01,SIBLING,FRIENDS,2,77.524,上海市,CONSUME,01,,31.29326357239034,121.63075886572163,ANDROID,,上海市浦东新区曹路镇东靖路,1
100000,105,长沙市,长沙蓝盾包装高新产业园基地,C,24,XCX,3,41.7,F,汉,4739,2,01,FATHER,FATHER,1,70.0,湖南省,CONSUME,01,,28.364527,112.89949,ANDROID,,湖南省长沙市望城区丁字湾街道新港路,0
100000,,哈尔滨市,利达医院,Z,90,APP,3,27.8,F,汉,1521,2,01,MATE,MOTHER,1,84.412,黑龙江省,CONSUME,01,,46.40982376238327,125.32792309720813,ANDROID,,黑龙江省绥化市安达市安达镇牛街240号,1
100000,105,张家界市,李春娥个人工作室,Z,90,XCX,2,35.7,F,土家,6420,4,01,COLLEAGUE,COLLEAGUE,1,70.0,湖南省,CONSUME,01,,29.12438286675347,110.48185519748264,ANDROID,,湖南省张家界市永定区永定街道淘宝街,0
100000,,绍兴市,陈国铭个人工作室,Z,90,XCX,3,47.8,M,汉,927,4,01,OTHER,OTHER,1,70.0,浙江省,CONSUME,01,,28.236448567708333,113.08091824001735,IOS,,湖南省长沙市长沙县星沙街道金茂路,1
100000,103,宜昌市,湖北省宜昌市西陵区西陵一路19-1-1-2301号,C,24,APP,4,46.7,F,土家,2130,4,01,FATHER,COLLEAGUE,1,70.0,湖北省,CONSUME,01,,30.706721220409027,111.29609070403628,ANDROID,,湖北省宜昌市西陵区西陵街道东山隧道,0
100000,104,邯郸市,拓博克贸易有限公司,C,24,XCX,2,33.1,F,汉,4769,2,01,FRIENDS,SIBLING,1,70.0,河北省,CONSUME,01,,36.524879900647977,113.40333177198582,ANDROID,,山西省长治市黎城县洪井镇,0
100000,105,滨州市,西安纽恩泰,H,54,APP,3,38.3,M,汉,4681,2,01,MATE,OTHER,1,70.0,山东省,CONSUME,01,,34.36382320034103,109.0471224796368,ANDROID,,陕西省西安市灞桥区新筑街道和祥路,0
100000,102,北京市,北京奕泓互动网络科技有限公司,G,13,APP,2,34.3,M,汉,4313,2,01,MOTHER,FRIENDS,2,70.0,北京市,CONSUME,01,,39.87280202553589,116.54557303607072,ANDROID,,北京市朝阳区王四营(地区)乡白鹿司中街,0
100000,102,南通市,上海建工集团,E,24,XCX,4,31.6,M,汉,5280,4,01,MATE,SIBLING,,83.552,江苏省,CONSUME,01,,32.06068499401039,121.0797805318791,IOS,,江苏省南通市通州区金新街道杏园东路,0
100000,105,温州市,平阳县万臻建设劳务有限责任公司,E,24,XCX,4,43.0,M,汉,4011,3,01,MATE,SIBLING,1,92.027,浙江省,CONSUME,01,,27.09976866810235,119.68779049975145,ANDROID,,福建省宁德市福安市城阳镇,0
100000,,济南市,章丘莳嘉薇服饰有限公司,Z,90,APP,2,35.7,F,汉,6620,2,01,MATE,FRIENDS,1,70.0,山东省,CONSUME,01,,36.693075,117.525722,ANDROID,,山东省济南市章丘区明水街道唐王山路,1
100000,105,重庆市,重庆顺志机电有限公司,G,13,APP,2,41.9,F,汉,3596,4,01,CHILDREN,SIBLING,1,89.95,重庆市,CONSUME,01,,29.3862975393521,106.61895090832772,ANDROID,,重庆市巴南区界石镇,0
100000,,锦州市,沈阳铁西区雨韫美容美体工作室,O,17,XCX,2,33.5,F,满,6000,3,01,FATHER,FRIENDS,1,85.07077,辽宁省,CONSUME,01,,42.046612594213705,123.52584178046061,IOS,,辽宁省沈阳市沈北新区新城子街道贵州路,0
100000,103,延安市,天安财险,J,13,APP,3,32.5,M,汉,1225,2,01,CHILDREN,FATHER,1,88.421,陕西省,CONSUME,01,,36.652001557869478,109.51816295761336,ANDROID,,陕西省延安市宝塔区新城街道,0
100000,,海口市,海口黄冈金盘学校,P,13,XCX,3,31.1,F,汉,5563,2,01,FRIENDS,MOTHER,1,70.0,海南省,CONSUME,02,,19.992349446614583,110.32079399956598,ANDROID,,海南省海口市龙华区城西镇金盘路37号,0
100000,102,朔州市,上海安能聚创供应链管理有限公司,H,54,APP,4,36.7,M,汉,4774,4,01,PARENTS,FRIENDS,1,70.0,山西省,CONSUME,01,,37.863669,112.626291,ANDROID,,山西省太原市杏花岭区杨家峪街道,0
100000,,漳州市,朱玲个人工作室,Z,90,XCX,4,33.1,F,汉,6797,3,01,PARENTS,MATE,1,90.496,福建省,CONSUME,01,,24.57244411892361,118.10394829644098,ANDROID,,福建省厦门市集美区集美街道浔江路,0
100000,105,上海市,上海隆麦机械设备工程有限公司,C,24,APP,3,48.3,M,汉,4859,3,01,MATE,COLLEAGUE,1,70.0,上海市,CONSUME,01,,31.03200710399471,121.53980178594965,ANDROID,,上海市闵行区浦江镇北徐路,0
100000,102,连云港市,海头镇旭冉装饰公司,C,24,XCX,2,37.2,M,汉,3234,3,01,MATE,FATHER,1,70.0,江苏省,CONSUME,01,,34.95402435224739,119.20037007403004,ANDROID,,江苏省连云港市赣榆区海头镇海滨大道,0
100000,102,牡丹江市,牡丹江市阳明区花田城堡幼儿园,P,13,APP,3,48.1,M,汉,1676,4,01,FATHER,SIBLING,3,90.887,黑龙江省,CONSUME,01,,18.242125214058715,109.52028199288412,ANDROID,,海南省三亚市吉阳区龙趾路,0
100000,102,牡丹江市,牡丹江市阳明区花田城堡幼儿园,P,13,APP,3,48.1,M,汉,1676,4,01,FATHER,SIBLING,3,90.887,黑龙江省,CONSUME,01,,18.242125214058715,109.52028199288412,ANDROID,,海南省三亚市吉阳区龙趾路,0
100000,,常州市,金坛龙腾汽修,E,24,XCX,2,46.1,M,汉,4391,3,01,OTHER,OTHER,1,70.0,江苏省,CONSUME,01,,31.75527,119.424018,ANDROID,,江苏省常州市金坛区薛埠镇,0
100000,103,商丘市,杭州景茂建设有限公司,E,24,APP,2,37.7,M,汉,4772,2,01,MATE,FRIENDS,1,93.037,河南省,CONSUME,01,,30.05016801630944,119.9681811435424,ANDROID,,浙江省杭州市富阳区富春街道新沙渡,0
100000,,上饶市,开店伊利冰淇淋批发,Z,90,XCX,2,40.2,M,汉,3043,4,01,PARENTS,FRIENDS,1,70.0,江西省,CONSUME,01,,29.086638278686217,116.75370609510876,ANDROID,,江西省上饶市鄱阳县四十里街镇G236,0
100000,,广安市,仇欢欢个人工作室,Z,90,APP,3,26.3,F,汉,3363,4,01,FATHER,COLLEAGUE,2,87.424,四川省,CONSUME,02,,30.484178,106.646679,ANDROID,,四川省广安市广安区北辰街道滨江路北段,0
100000,310,衡阳市,祁东县永晟木业加工有限公司,H,54,APP,3,32.8,M,汉,5047,3,01,FATHER,FATHER,1,70.0,湖南省,CONSUME,01,,26.798288,112.011636,ANDROID,,湖南省衡阳市祁东县风石堰镇,0
100000,103,宿迁市,下城区自由职业,Z,90,APP,4,30.1,F,汉,6200,3,01,FATHER,FATHER,1,83.008,江苏省,CONSUME,01,,34.09382196193451,118.78198790659286,IOS,,江苏省宿迁市沭阳县沭城街道,1
100000,,随州市,襄阳誉丰盛商贸有限公司,Z,90,XCX,3,41.1,F,汉,2570,3,01,FATHER,SIBLING,1,70.0,湖北省,CONSUME,01,,32.005633,112.104683,IOS,,湖北省襄阳市襄城区檀溪街道滨湖路,0
100000,,景德镇市,昌恒航空科技有限公司,F,17,XCX,4,35.8,F,汉,3988,4,01,FRIENDS,MATE,1,70.0,江西省,CONSUME,01,,29.313238360984383,117.2136882841003,ANDROID,,江西省景德镇市珠山区新村街道广场北路501,0
100000,105,泉州市,惠安县东岭镇思明水果店,H,54,APP,3,45.0,M,汉,3646,4,01,MATE,FATHER,1,70.0,福建省,CONSUME,01,,24.955922533887209,118.89977692060606,ANDROID,,福建省泉州市惠安县东岭镇,0
100000,,广安市,广西龙腾飞跃科技有限公司,G,13,APP,2,43.0,M,汉,1119,4,01,RELATIVES,RELATIVES,1,70.0,四川省,CONSUME,01,,25.334379,113.376383,ANDROID,,广东省韶关市乐昌市九峰镇,0
100000,307,成都市,美团优选,Z,90,XCX,2,46.6,F,汉,244,2,01,RELATIVES,FRIENDS,1,70.0,四川省,CONSUME,01,,28.5544189453125,112.34985026041667,ANDROID,,湖南省益阳市赫山区朝阳街道康富南路30号,0
100000,105,烟台市,莱州市国平美食,I,54,XCX,3,39.0,M,汉,6195,4,01,COLLEAGUE,FRIENDS,1,70.0,山东省,CONSUME,01,,37.16101,119.949538,ANDROID,,山东省烟台市莱州市文峰路街道南阳河南街,0
100000,,衡阳市,华宇金属有限公司,C,24,XCX,2,36.5,M,汉,5903,4,01,PARENTS,PARENTS,2,89.356,湖南省,CONSUME,01,,27.160450303819445,112.73306803385417,ANDROID,,湖南省衡阳市衡山县萱洲镇,0
100000,105,滨州市,山东六丰机械有限公司,C,24,XCX,2,33.2,M,汉,4985,4,01,PARENTS,FRIENDS,1,70.0,山东省,CONSUME,01,,36.88604709220026,117.76799741435018,ANDROID,,山东省滨州市邹平市高新街道会仙三路,0
100000,,南京市,苏州汉道建筑材料有限公司,Z,90,APP,4,31.3,M,汉,380,3,01,MATE,FRIENDS,1,70.0,江苏省,CONSUME,01,,31.116180477813044,120.63442287343153,ANDROID,,江苏省苏州市吴江区松陵街道芦荡路,0
100000,105,迪庆藏族自治州,和政萍个人工作室,Z,90,APP,3,28.0,F,藏,268,4,01,COLLEAGUE,COLLEAGUE,2,70.0,云南省,CONSUME,01,,27.57362140025872,99.35478005004745,IOS,,云南省迪庆藏族自治州维西傈僳族自治县塔城镇,0
100000,105,云浮市,维肯模具,H,54,XCX,2,41.5,M,汉,3872,2,,COLLEAGUE,COLLEAGUE,1,70.0,广东省,CONSUME,04,,22.82045437282986,111.63340874565972,ANDROID,,广东省云浮市郁南县大湾镇康乐大道,0
100000,105,云浮市,维肯模具,H,54,XCX,2,41.5,M,汉,3872,2,,COLLEAGUE,COLLEAGUE,1,70.0,广东省,CONSUME,04,,22.82045437282986,111.63340874565972,ANDROID,,广东省云浮市郁南县大湾镇康乐大道,0
100000,,扬州市,朵伊生活美容工作室,Z,90,APP,4,42.0,F,汉,6005,2,01,MATE,FRIENDS,1,70.0,江苏省,CONSUME,01,,32.44208198895564,119.56478423297398,ANDROID,,江苏省扬州市江都区仙女镇泰山路,0
100000,,衡阳市,麦寻女装,H,54,XCX,2,26.5,F,汉,1288,2,01,MATE,FATHER,1,70.0,湖南省,CONSUME,01,,26.919709,112.573846,ANDROID,,湖南省衡阳市蒸湘区蒸湘街道立新路,0
100000,103,重庆市,茁騰塑胶五金制品有限公司,C,24,APP,3,36.3,M,汉,4474,3,01,FATHER,FATHER,2,70.0,重庆市,CONSUME,01,,23.091001050476164,113.63704631557359,ANDROID,,广东省东莞市中堂镇中麻路120号-4,0
100000,,盐城市,奇台县东广电动门销售部,H,54,XCX,2,49.5,M,汉,2939,4,01,SIBLING,FRIENDS,1,70.0,江苏省,CONSUME,01,,34.01069202986825,119.8275870133095,ANDROID,,江苏省盐城市滨海县东坎街道景湖路,0
100000,103,大庆市,赵井辉个人工作室,Z,90,XCX,2,37.9,M,汉,5451,4,01,MOTHER,FRIENDS,2,70.0,黑龙江省,CONSUME,01,,39.10670515623061,116.74403392443263,ANDROID,,河北省廊坊市霸州市东段乡芳润道,0
100000,307,南通市,上海乾荚建筑安装装饰工程有限公司,E,24,XCX,2,39.1,M,汉,3023,3,01,PARENTS,COLLEAGUE,1,70.0,江苏省,CONSUME,01,,31.91033300294955,121.59549501628838,ANDROID,,江苏省南通市启东市王鲍镇新开路,0
100000,,马鞍山市,海尔全屋定制,Z,90,APP,3,27.9,M,汉,6809,2,01,SIBLING,COLLEAGUE,2,70.0,安徽省,CONSUME,01,,31.675786,118.536913,ANDROID,,安徽省马鞍山市花山区解放路街道雨山东路,0
100000,103,西安市,张亚锋个人工作室,E,24,APP,3,46.5,M,汉,831,2,01,MATE,COLLEAGUE,1,70.0,陕西省,CONSUME,01,,34.17416536333724,108.80050483156788,ANDROID,,陕西省西安市长安区细柳街道上林苑七路,0
100000,102,青岛市,青岛德衡人力资源管理有限公司,O,17,APP,2,26.3,M,汉,896,4,01,PARENTS,FRIENDS,2,70.0,山东省,CONSUME,01,,36.50961110328999,117.87534244754653,ANDROID,,山东省淄博市博山区城东街道五龙北路,0
100000,105,重庆市,杨波个人工作室,Z,90,APP,2,49.0,M,汉,99999,3,01,COLLEAGUE,COLLEAGUE,1,93.807,重庆市,CONSUME,01,,29.608127098867525,106.55376565284409,ANDROID,,重庆市渝北区天宫殿街道木桃路,0
100000,104,江门市,广州市昊誉信息科技有限公司,G,13,APP,4,22.9,F,汉,1368,2,01,FATHER,SIBLING,2,84.962,广东省,CONSUME,01,,23.123197214622285,113.41812757008296,IOS,,广东省广州市天河区珠吉街道东横三路8号,0
100000,,承德市,申海洋个人工作室,Z,90,APP,4,36.1,M,满,4089,3,01,MATE,SIBLING,1,70.0,河北省,CONSUME,01,,39.90103736601205,116.49473968853639,ANDROID,,北京市朝阳区南磨房(地区)乡百子湾路,0
100000,,九江市,亮亮不锈钢加工有限公司,Z,90,XCX,2,35.1,M,汉,5557,2,01,MOTHER,COLLEAGUE,1,88.869,江西省,CONSUME,01,,29.228121,115.095189,ANDROID,,江西省九江市武宁县万福经济技术开发区,0
100000,,大庆市,日月启航幼儿园,P,13,APP,3,27.8,F,汉,456,2,01,MATE,COLLEAGUE,1,70.0,黑龙江省,CONSUME,01,,45.740773,126.652508,ANDROID,,黑龙江省哈尔滨市南岗区革新街道文敏街17号,0
100000,,常德市,张集成个人工作室,Z,90,APP,2,35.9,M,汉,3717,4,01,PARENTS,SIBLING,1,99.0,湖南省,CONSUME,01,,22.406760796440974,113.53537679036458,ANDROID,,广东省珠海市香洲区唐家湾镇新沙五路,0
100000,104,成都市,陈书艳个人工作室,Z,90,APP,2,40.7,F,汉,3842,4,01,FATHER,FATHER,1,70.0,四川省,CONSUME,01,,30.567944417026128,103.53330248579595,ANDROID,,四川省成都市大邑县晋原街道邑新大道辅路,0
100000,,驻马店市,河南省遂平县和兴镇李庄村前李庄00-00,Z,90,APP,2,29.3,M,汉,443,2,,FATHER,FRIENDS,2,85.002,河南省,CONSUME,02,,33.151387261284725,114.00926703559028,ANDROID,,河南省驻马店市遂平县瞿阳街道文化路,0
100000,,滁州市,安徽大海米业有限公司,Z,90,APP,4,24.9,M,汉,1749,3,01,SIBLING,SIBLING,2,70.0,安徽省,CONSUME,01,,34.283908,109.062396,ANDROID,,陕西省西安市灞桥区席王街道柳鸣路,0
100000,105,成都市,绵阳市灵峰鸿腾新材料科技有限公司,G,13,XCX,3,41.9,M,汉,5859,3,01,PARENTS,SIBLING,2,70.0,四川省,CONSUME,01,,31.07577703885608,105.03900460260289,IOS,,四川省绵阳市三台县乐安镇,0
100000,,菏泽市,济南易途软件科技有限公司,Z,90,APP,4,33.9,M,汉,7111,4,01,FATHER,OTHER,2,70.0,山东省,CONSUME,01,,36.6776218204157,117.02084510162715,IOS,,山东省济南市历下区大明湖街道明湖北路,0
100000,,玉溪市,云南空港百事特商务有限公司,L,17,APP,4,33.7,M,汉,4633,3,01,MATE,FATHER,1,70.0,云南省,CONSUME,02,,24.966712,102.74541,ANDROID,,云南省昆明市官渡区小板桥街道世纪城中路,0
100000,102,肇庆市,广宁县教育局,S,11,APP,4,48.3,M,汉,309,2,01,FATHER,FATHER,1,84.149,广东省,CONSUME,01,,23.626189,112.453898,ANDROID,,广东省肇庆市广宁县南街街道,0
100000,,上海市,上海赴力电力正程有限公司,E,24,APP,2,45.2,M,汉,3312,3,,FATHER,FATHER,1,70.0,上海市,CONSUME,01,,30.910531,121.478058,ANDROID,,上海市奉贤区南桥镇南港路1391,0
100000,102,成都市,成都市翼虎守护押运中心,O,17,APP,2,33.2,M,汉,5332,4,01,PARENTS,SIBLING,2,91.723,四川省,CONSUME,01,,30.88455313639092,104.21460784351364,ANDROID,,四川省成都市青白江区弥牟镇华金大道一段,0
100000,,齐齐哈尔市,黑龙江省齐齐哈尔市铁路电务公司,F,17,XCX,4,49.1,M,汉,14,4,01,MATE,FRIENDS,1,83.07,黑龙江省,CONSUME,01,,47.35117878872124,123.99732238590515,ANDROID,,黑龙江省齐齐哈尔市铁锋区光荣街道站前北大街,0
100000,,佛山市,杭州信雅达网络服务有限公司,Z,90,XCX,3,29.6,M,汉,1478,2,01,SIBLING,FRIENDS,2,93.652,广东省,CONSUME,01,,22.899480794270833,112.93087565104166,ANDROID,,广东省佛山市南海区西樵镇,0
100000,103,黄冈市,浙江信嘉诺通信技术有限公司,G,13,APP,4,38.1,M,汉,3863,2,01,FATHER,MATE,1,90.214,湖北省,CONSUME,02,,27.936797,120.65241,ANDROID,,浙江省温州市瓯海区梧田街道仙慈大道,0
100000,403,南京市,上海光明乳业有限公司南京分公司,H,54,APP,3,42.2,M,汉,4412,3,01,MATE,SIBLING,1,70.0,江苏省,CONSUME,01,,32.147451,118.723685,ANDROID,,江苏省南京市浦口区泰山街道百润西路,0
100000,,太原市,山西太原钢铁集团,Z,90,XCX,4,45.2,M,汉,3925,3,01,PARENTS,FRIENDS,3,70.0,山西省,CONSUME,01,,37.89959577060644,112.5781166653353,ANDROID,,山西省太原市杏花岭区杨家峪街道涧河路30号,0
100000,104,汕尾市,凯乐迪娱乐会所,R,17,XCX,2,41.6,M,汉,4891,3,01,RELATIVES,SIBLING,2,70.0,广东省,CONSUME,01,,22.946590983072916,115.4292396375868,ANDROID,,广东省汕尾市海丰县可塘镇,0
100000,403,萍乡市,工程造价咨询有限公司,P,13,APP,4,32.7,F,汉,5072,3,01,FATHER,COLLEAGUE,1,86.19,江西省,CONSUME,01,,28.591633036417254,115.82059807429798,ANDROID,,江西省南昌市南昌县东新乡,0
100000,,曲靖市,满天星通讯,H,54,XCX,2,31.0,F,汉,6594,2,01,FATHER,FRIENDS,1,85.472,云南省,CONSUME,01,,25.673466254340276,104.25333062065972,ANDROID,,云南省曲靖市富源县中安街道中安街124号,0
100000,,辽阳市,金昌矿业有限公司,C,24,APP,3,44.1,M,汉,4128,3,01,MATE,COLLEAGUE,1,70.0,辽宁省,CONSUME,01,,41.429981,123.353358,ANDROID,,辽宁省辽阳市灯塔市万宝桥街道S304(卫国路),0
100000,105,巴中市,美容美发,O,17,APP,2,28.8,M,汉,632,4,01,FRIENDS,RELATIVES,2,70.0,四川省,CONSUME,01,,31.586429530698536,107.09787177674541,ANDROID,,四川省巴中市平昌县江口街道,0
100000,102,大理白族自治州,无锡顺茂物业管理有限公司大理分公司,L,17,APP,3,48.9,M,彝,1405,3,,MATE,COLLEAGUE,1,70.0,云南省,CONSUME,04,,25.550682,100.076922,ANDROID,,云南省大理白族自治州大理市太邑彝族乡,0
100000,,重庆市,上海瀚昱环保材料有限公司,Z,90,XCX,2,43.4,M,汉,4105,2,01,MATE,COLLEAGUE,1,76.411,重庆市,CONSUME,01,,31.023566590354294,121.33864734651579,ANDROID,,上海市闵行区马桥镇曙光路,0
100000,,咸阳市,修正药业集团天汉药业有限公司,Z,90,APP,4,29.9,M,汉,2197,3,01,MOTHER,RELATIVES,1,87.988,陕西省,CONSUME,01,,33.136241915241,107.345054631917,ANDROID,,陕西省汉中市城固县三合镇汉黄路,0
100000,,信阳市,罗山县华联超市,H,54,XCX,4,39.4,M,汉,4334,2,01,MATE,FRIENDS,1,88.0,河南省,CONSUME,01,,32.20915045183822,114.51952993791493,ANDROID,,河南省信阳市罗山县城关镇民政北路,0
100000,,攸县皇图岭镇市,曾令川个人工作室,Z,90,APP,3,36.9,M,汉,4075,4,01,PARENTS,SIBLING,1,77.806145,湖南省,CONSUME,01,,22.676050875310837,114.04154407655136,ANDROID,,广东省深圳市龙华区龙华街道龙华大道,0
100000,103,衡阳市,衡南县合胜专业种养合作社,A,27,APP,2,40.2,M,汉,3072,3,,SIBLING,MATE,1,70.0,湖南省,CONSUME,04,,39.896131,116.746207,ANDROID,,北京市通州区潞城镇春明西路,0
100000,,聊城市,黄岛区瑞欣文化创意设计工作室,R,17,XCX,4,29.2,M,汉,433,3,01,FATHER,FRIENDS,2,78.27699,山东省,CONSUME,01,,35.96796431910192,120.23963885243089,ANDROID,,山东省青岛市黄岛区薛家岛街道S293(滨海大道),0
100000,,阜阳市,周精三个人工作室,Z,90,XCX,2,46.3,M,汉,446,4,01,MATE,SIBLING,1,99.0,安徽省,CONSUME,01,,28.244623059527672,121.26971199722523,ANDROID,,浙江省台州市玉环市清港镇S76,0
100000,104,东莞市,威煌电器制品有限公司,C,24,XCX,3,37.4,M,汉,3543,2,,FRIENDS,MATE,1,70.0,广东省,CONSUME,01,,22.877449544270835,114.08999972873264,ANDROID,,广东省东莞市樟木头镇金洋路73号,0
100000,104,昭通市,恒鼎装饰,E,24,APP,4,33.2,M,回,4772,2,,MATE,FRIENDS,1,93.0,云南省,CONSUME,04,,27.31950073425647,103.71857503291247,IOS,,云南省昭通市昭阳区凤凰街道G352(二环南路),0
100000,301,潍坊市,天津市保总保安服务有限公司,O,17,APP,2,37.8,M,汉,3492,2,01,FRIENDS,FATHER,2,93.0,山东省,CONSUME,01,,39.002268371341859,117.35275752541989,ANDROID,,天津市津南区咸水沽镇雅深路,0
100000,102,揭阳市,德力西智控技术有限公司,Z,90,XCX,3,26.9,M,汉,1313,2,01,SIBLING,SIBLING,2,81.295,广东省,CONSUME,01,,22.937923,114.311149,ANDROID,,广东省惠州市惠阳区镇隆镇,0
100000,103,天津市,天津璐隽,H,54,APP,2,35.0,M,汉,4137,4,01,RELATIVES,FRIENDS,3,86.0,天津市,CONSUME,01,,39.623360896107929,116.97806043205222,ANDROID,,天津市武清区河西务镇X537(青龙湾右堤路),1
100000,105,泉州市,福建中邮物流有限公司,F,17,APP,3,44.0,M,汉,3906,2,01,COLLEAGUE,COLLEAGUE,1,70.0,福建省,CONSUME,01,,24.91766611413825,118.6691744081869,ANDROID,,福建省泉州市丰泽区城东街道,0
100000,,郴州市,顺宽五金厂,C,24,XCX,2,46.1,M,汉,5565,2,01,FATHER,FRIENDS,3,95.0,湖南省,CONSUME,01,,23.02730841164339,113.75842045787648,ANDROID,,广东省东莞市莞城街道旗峰路,0
100000,103,保定市,鑫顺印染有限公司,C,24,APP,2,37.2,M,汉,4927,4,01,MATE,FATHER,1,70.0,河北省,CONSUME,01,,38.81350262861468,115.83003050350315,ANDROID,,河北省保定市安新县同口镇,0
100000,302,芜湖市,上海市微畅服饰有限公司,C,24,XCX,3,41.9,F,汉,3970,4,01,RELATIVES,FRIENDS,1,70.0,安徽省,CONSUME,01,,31.162298,118.088262,ANDROID,,安徽省芜湖市繁昌区新港镇,1
100000,105,厦门市,厦门三三有味食品有限公司,C,24,APP,3,42.3,M,汉,3260,4,01,MATE,PARENTS,1,99.0,福建省,CONSUME,01,,24.727062554366815,118.18893029977896,ANDROID,,福建省厦门市同安区洪塘镇月龙路,0
100000,103,芜湖市,李辉韩成,H,54,APP,2,38.1,F,汉,4622,3,01,FATHER,FATHER,1,70.0,安徽省,CONSUME,01,,31.47630606919827,118.41238983019993,ANDROID,,安徽省芜湖市鸠江区芜湖经济技术开发区保顺路,0
100000,102,重庆市,江西二建荆州分公司,Z,90,XCX,2,44.9,M,土家,391,2,01,PARENTS,FRIENDS,1,70.0,重庆市,CONSUME,01,,30.274789225260417,112.349716796875,ANDROID,,湖北省荆州市沙市区岑河镇上海大道,0
100000,,枝江市,个体私营,Z,90,XCX,2,39.9,M,汉,3100,2,01,PARENTS,FRIENDS,1,70.0,湖北省,CONSUME,01,,30.431730676997984,111.766539753372,ANDROID,,湖北省宜昌市枝江市马家店街道迎宾大道辅路,0
100000,103,常州市,洪福建材,E,24,APP,2,47.9,M,汉,1217,4,01,MATE,COLLEAGUE,1,85.381,江苏省,CONSUME,01,,31.437278005929217,119.50992559105852,ANDROID,,江苏省常州市溧阳市溧城街道,0
100000,103,揭阳市,高洁珊个人工作室,Z,90,APP,4,34.2,F,汉,5711,2,01,FATHER,SIBLING,3,84.26564,广东省,CONSUME,01,,23.414307738198077,116.23337397280668,IOS,,广东省揭阳市普宁市洪阳镇,0
100000,,惠州市,深圳腾飞电力工程有限公司,Z,90,APP,3,49.2,M,汉,5391,4,01,MATE,SIBLING,1,70.0,广东省,CONSUME,01,,23.105641,114.457403,IOS,,广东省惠州市惠城区水口街道G205(山深线),0
100000,403,自贡市,宝贝女人,H,54,APP,3,29.1,F,汉,6439,4,01,RELATIVES,RELATIVES,1,79.615,四川省,CONSUME,01,,29.32178,104.772295,ANDROID,,四川省自贡市自流井区红旗街道丹桂大街,0
100000,105,黄冈市,中建新疆建工,E,24,APP,2,39.0,M,汉,4303,3,01,FRIENDS,COLLEAGUE,1,91.509,湖北省,CONSUME,02,,28.630409495099607,115.95460590537923,ANDROID,,江西省南昌市青山湖区江西青山湖高新技术产业园区罗城公路,0
100000,103,潮州市,林培浩个人工作室,Z,90,APP,2,44.0,M,汉,3933,4,,MATE,FRIENDS,1,85.66462,广东省,CONSUME,04,,32.134639244693818,118.98996263719288,IOS,,江苏省南京市栖霞区西岗街道天佑路辅路,1
100000,103,济宁市,邹城市利民城投有限公司,Z,90,APP,2,43.8,M,汉,4151,2,01,MOTHER,FRIENDS,1,70.0,山东省,CONSUME,01,,37.82071190894829,120.79550486731373,ANDROID,,山东省烟台市蓬莱区蓬莱阁街道,0
100000,,上海市,崇明区融媒体中心,R,17,XCX,4,36.0,M,汉,3731,4,01,MATE,RELATIVES,1,77.53841,上海市,CONSUME,01,,31.633348128795587,121.44340434768283,ANDROID,,上海市崇明区城桥镇X522辅路,0
100000,,上饶市,贝恩教育,P,13,XCX,4,25.3,M,汉,2029,2,,MATE,FATHER,1,79.205,江西省,CONSUME,01,,31.254968532986112,121.41136528862847,ANDROID,,上海市普陀区石泉路街道铜川路276弄1-129号2-98号,0
100000,104,金华市,义乌利星汽车销售服务有限公司,H,54,APP,3,35.0,M,汉,4342,2,01,RELATIVES,FRIENDS,2,70.0,浙江省,CONSUME,01,,29.454534512567784,120.01269417464558,ANDROID,,浙江省金华市浦江县黄宅镇官岩路,0
100000,,吉安市,L立讯有限公司SHUK,Z,90,XCX,3,39.6,M,汉,4019,3,01,MATE,FRIENDS,1,70.0,江西省,CONSUME,01,,26.95604802804316,114.8771606238085,ANDROID,,江西省吉安市吉安县横江镇,0
100000,105,周口市,上海恒舒货运代理有限公司,Z,90,APP,2,41.3,M,汉,4655,4,01,MATE,FRIENDS,1,70.0,河南省,CONSUME,01,,31.379010195795435,121.4547258716862,ANDROID,,上海市宝山区杨行镇铁山路256号,0
100000,,营口市,威尔摄影,O,17,XCX,4,35.7,M,汉,4579,3,01,MATE,RELATIVES,1,70.0,辽宁省,CONSUME,01,,31.772728949652777,119.89891004774306,ANDROID,,江苏省常州市钟楼区五星街道S340(怀德中路),0
100000,102,连云港市,连云港市美翔建材有限公司,E,24,APP,3,36.1,M,汉,6938,3,01,MATE,COLLEAGUE,1,70.0,江苏省,CONSUME,01,,34.69789984809028,119.1429359266493,ANDROID,,江苏省连云港市赣榆区墩尚镇小康路,0
100000,102,晋中市,灵石县翠峰镇大通商贸行,H,54,APP,3,31.8,M,汉,5942,2,01,FATHER,MATE,1,70.0,山西省,CONSUME,01,,36.857177,111.794451,ANDROID,,山西省晋中市灵石县东城管理委员会S221(新建东街),0
100000,302,陆丰市,广濠不锈钢玻璃工程,Z,90,XCX,2,28.8,F,汉,468,2,01,RELATIVES,FRIENDS,2,70.0,广东省,CONSUME,01,,23.068398033615723,114.00765862730181,ANDROID,,广东省东莞市企石镇宝石路208号,0
100000,,临汾市,中国二十冶,C,24,APP,4,33.2,M,汉,5584,4,01,PARENTS,FRIENDS,1,70.0,山西省,CONSUME,01,,36.01105671550986,111.35403759369848,ANDROID,,山西省临汾市襄汾县襄陵镇河黄线,0
100000,103,侯马市,蓝佳纺织品有限公司,C,24,XCX,4,32.7,F,汉,6071,2,01,FATHER,SIBLING,2,75.78123,山西省,CONSUME,01,,25.11776218342908,102.77914461198644,ANDROID,,云南省昆明市盘龙区龙泉街道九龙湾立交,0
100000,,武汉市,武汉天河国际机场,F,17,XCX,3,27.0,M,汉,1382,2,01,RELATIVES,FRIENDS,2,70.0,湖北省,CONSUME,01,,29.504222819010415,119.3169127061632,ANDROID,,浙江省杭州市建德市洋溪街道G6021(杭长高速),0
100000,105,运城市,亦友51便利店,H,54,APP,3,36.8,F,汉,3806,2,01,FRIENDS,FRIENDS,1,70.0,山西省,CONSUME,01,,35.02868008669103,111.0070652715699,ANDROID,,山西省运城市盐湖区东城街道河东东街215号,0
100000,,洛阳市,大郭运输队,Z,90,XCX,2,44.6,M,汉,2823,3,01,FATHER,FATHER,1,70.0,河南省,CONSUME,01,,34.57446,112.70283,ANDROID,,河南省洛阳市偃师区大口镇火焦路,0
100000,105,安阳市,北京城建远东集团顺义新城,E,24,XCX,2,39.7,M,汉,4723,2,01,FATHER,COLLEAGUE,1,70.0,河南省,CONSUME,01,,28.111656629774306,113.00744764539931,ANDROID,,湖南省长沙市雨花区井湾子街道农博街,0
100000,104,上饶市,广东省中山市华润万家有限公司,H,54,XCX,4,36.6,F,汉,6559,4,01,MATE,FATHER,1,70.0,江西省,CONSUME,01,,28.342536513724043,118.20411115917612,ANDROID,,江西省上饶市广丰区少阳乡,0
100000,,汕头市,东莞市以纯集团有限公司,C,24,APP,4,36.2,M,汉,4997,4,01,COLLEAGUE,FRIENDS,1,70.0,广东省,CONSUME,01,,30.648312174479166,104.08168375651042,ANDROID,,四川省成都市锦江区锦官驿街道天仙桥南路6号-附2,0
100000,103,湖州市,万肖伊个人工作室,Z,90,APP,3,40.0,F,汉,5556,4,01,MATE,SIBLING,1,70.0,浙江省,CONSUME,01,,30.618708,119.677482,ANDROID,,浙江省湖州市安吉县递铺街道丰华路,0
100000,,承德市,兴隆县大杖子进帅修理部,O,17,XCX,4,48.7,M,汉,547,4,01,FATHER,FRIENDS,1,70.0,河北,CONSUME,01,,40.941812879774304,117.3519517686632,ANDROID,,河北省承德市滦平县滦平镇,0
100000,,承德市,兴隆县大杖子进帅修理部,O,17,XCX,4,48.7,M,汉,547,4,01,FATHER,FRIENDS,1,70.0,河北,CONSUME,01,,40.941812879774304,117.3519517686632,ANDROID,,河北省承德市滦平县滦平镇,0
100000,105,沈阳市,中国人寿保险股份有限公司,J,13,APP,4,32.3,M,汉,6324,3,01,SIBLING,SIBLING,2,70.0,辽宁省,CONSUME,01,,41.524498,122.750516,ANDROID,,辽宁省沈阳市辽中区蒲西街道蒲西街,0
100000,,营口市,中镁高温耐火材料有限公司,M,11,XCX,3,36.8,F,汉,4121,2,01,FRIENDS,RELATIVES,1,70.0,辽宁省,CONSUME,01,,41.43766877764886,123.33822835580438,ANDROID,,辽宁省辽阳市灯塔市万宝桥街道,0
100000,,六安市,花海国际,R,17,XCX,3,46.2,F,汉,657,3,01,CHILDREN,RELATIVES,1,70.0,安徽省,CONSUME,01,,30.289273937675995,120.09442225951263,ANDROID,,浙江省杭州市西湖区文新街道文一西路249号,0
100000,,遂宁市,诚信彩钢,H,54,XCX,2,28.8,M,汉,975,3,01,FATHER,FRIENDS,1,70.0,四川省,CONSUME,01,,31.099049568577067,105.10560790027697,ANDROID,,四川省绵阳市三台县北坝镇,0
100000,105,曲靖市,锐源洒坊,A,27,APP,3,43.2,F,汉,4247,4,01,MOTHER,FATHER,1,95.072,云南省,CONSUME,01,,26.12513677209292,104.03378957892848,ANDROID,,云南省曲靖市宣威市落水镇,0
100000,,杭州市,龙翔印染,Z,90,XCX,3,45.9,M,汉,392,2,01,FATHER,FATHER,1,70.0,浙江省,CONSUME,01,,28.13516574435764,112.98637912326389,ANDROID,,湖南省长沙市天心区文源街道青园路163号,0
100000,,泉州市,巴黎卡丹有限公司,Z,90,XCX,4,38.1,M,汉,5117,2,01,FRIENDS,COLLEAGUE,2,70.0,福建省,CONSUME,01,,24.766751,118.75167,ANDROID,,福建省泉州市石狮市祥芝镇横二路,0
100000,102,东莞市,桥头医院,Q,11,XCX,3,34.1,M,汉,5742,2,01,RELATIVES,FRIENDS,2,70.0,广东省,CONSUME,01,,23.012280766079298,114.10426205468153,ANDROID,,广东省东莞市桥头镇,0
100000,,广安市,金妈家烤肉,I,54,XCX,2,41.2,M,汉,4235,2,01,MOTHER,SIBLING,1,84.175,四川省,CONSUME,01,,30.458573126693279,106.07845111614989,ANDROID,,四川省广安市武胜县烈面镇,0
100000,,东莞市,清溪镇政府,S,11,XCX,4,44.7,F,汉,2561,4,01,MATE,MOTHER,1,70.0,广东省,CONSUME,01,,28.15678955078125,113.03114312065972,ANDROID,,湖南省长沙市雨花区黎托街道古曲南路,0
100000,,南阳市,南阳建业酒店集团建业森林半岛假日酒店,Z,90,APP,3,35.6,M,汉,5955,4,01,RELATIVES,MOTHER,1,70.0,河南省,CONSUME,01,,33.025080747300837,112.61165573690663,ANDROID,,河南省南阳市宛城区汉冶街道,0
100000,,咸宁市,鑫粤模具科技有限公司,H,54,XCX,3,42.9,M,汉,4506,3,01,PARENTS,SIBLING,1,70.0,湖北省,CONSUME,01,,25.81298065581,113.016052255965,ANDROID,,湖南省郴州市北湖区北湖街道国庆北路,0
100000,102,沈阳市,辽宁赢德合同能源管理有限公司,Z,90,APP,4,27.7,M,朝鲜,2556,4,01,FATHER,FRIENDS,2,86.071,辽宁省,CONSUME,01,,41.8860190475337,123.41476093771463,ANDROID,,辽宁省沈阳市皇姑区陵东街道陵北街129-2号,0
100000,102,巴中市,姜川个人工作室,Z,90,XCX,2,27.5,M,汉,1178,3,01,FRIENDS,SIBLING,2,70.0,四川省,CONSUME,01,,31.1296826171875,121.58661187065972,ANDROID,,上海市浦东新区康桥镇川周公路3407号,0
100000,,成都市,宝钢制罐,Z,90,XCX,2,30.3,M,汉,6790,4,01,PARENTS,FRIENDS,2,70.0,四川省,CONSUME,01,,30.850120311016718,104.21661260826552,ANDROID,,四川省成都市新都区新都街道元溪路,0
100000,,衡水市,河北西斯派尔机械配件有限公司,C,24,APP,2,28.4,M,汉,699,3,01,FRIENDS,FRIENDS,2,70.0,河北省,CONSUME,01,,37.603069,116.015804,ANDROID,,河北省衡水市景县龙华镇,0
100000,,盐城市,北京上药爱心伟业医药有限公司,Z,90,XCX,4,49.6,M,汉,4352,2,01,MOTHER,SIBLING,1,70.0,江苏省,CONSUME,01,,40.361004,116.841611,ANDROID,,北京市密云区鼓楼街道南河路,0
100000,105,常德市,浙江铭图电器科技有限公司,G,13,XCX,4,43.9,M,汉,817,4,,MATE,FRIENDS,1,70.0,湖南省,CONSUME,04,,28.182447645399307,121.03596598307291,ANDROID,,浙江省温州市乐清市天成街道龙江路,1
100000,,廊坊市,董微个人工作室,Z,90,XCX,4,40.4,F,汉,4765,2,01,MATE,MOTHER,1,81.829,河北省,CONSUME,01,,39.001453179253474,116.36512641059028,ANDROID,,河北省廊坊市文安县新镇镇保定东街62,0
100000,310,温州市,温州市一霖医疗美容门诊部有限公司,Q,11,APP,2,36.7,M,汉,4212,3,01,PARENTS,FRIENDS,2,70.0,浙江省,CONSUME,01,,28.013447054658465,120.78101374552036,ANDROID,,浙江省温州市鹿城区七都街道G15(沈海高速),1
100000,104,天津市,天津五大道旅游资源经营有限公司,O,17,APP,4,39.8,F,汉,5002,2,01,FATHER,FRIENDS,1,92.10326,天津市,CONSUME,01,,39.07478762635975,117.28239443482302,IOS,,天津市河西区柳林街道台儿庄南路,1
100000,309,西安市,渭南师范学院,P,13,APP,4,45.1,M,汉,3556,4,01,MATE,COLLEAGUE,1,78.23834,陕西省,CONSUME,01,,34.29048553905409,108.92616560776402,ANDROID,,陕西省西安市莲湖区红庙坡街道永新路12号,0
100000,103,邢台市,沙河市运输管理中心,F,17,APP,4,34.9,M,汉,4474,2,01,MATE,COLLEAGUE,1,70.0,河北省,CONSUME,01,,36.876048,114.51813,ANDROID,,河北省邢台市沙河市桥东街道人民大街71,0
100000,,南京市,安徽奥能锅炉有限公司,Z,90,XCX,4,40.7,M,汉,3629,3,01,MOTHER,FRIENDS,1,70.0,江苏省,CONSUME,01,,32.22816567123621,118.74805860737631,ANDROID,,江苏省南京市六合区大厂街道新华路290号,0
100000,,铜陵市,高章敏个人工作室,Z,90,XCX,2,42.9,M,汉,5027,4,01,MATE,FATHER,1,70.0,安徽省,CONSUME,01,,30.962078895590488,117.80261253949014,ANDROID,,安徽省铜陵市义安区五松镇湖东路,0
100000,104,安顺地区,青岛新融能源有限公司,D,17,APP,4,45.3,M,汉,3521,2,01,FATHER,SIBLING,1,90.648,贵州省,CONSUME,01,,35.89242845961856,120.07850291108375,IOS,,山东省青岛市黄岛区灵山卫街道G228(滨海大道),0
100000,104,绵阳市,新阜商品混泥土有限公司,H,54,XCX,4,31.1,M,汉,1467,4,01,MATE,FATHER,1,89.092,四川省,CONSUME,01,,31.54066347733116,104.5523763092636,ANDROID,,四川省绵阳市安州区花荄镇好医生大道中段,0
100000,105,宜昌市,宜都市好食光农家小院,H,54,APP,2,40.1,M,汉,4374,3,01,MATE,COLLEAGUE,1,70.0,湖北省,CONSUME,01,,30.381822882953779,111.43505972018763,ANDROID,,湖北省宜昌市宜都市姚家店镇名都路,0
100000,105,宜昌市,宜都市好食光农家小院,H,54,APP,2,40.1,M,汉,4374,3,01,MATE,COLLEAGUE,1,70.0,湖北省,CONSUME,01,,30.381822882953779,111.43505972018763,ANDROID,,湖北省宜昌市宜都市姚家店镇名都路,0
100000,403,娄底市,湖南大乘医药化工有限公司,M,11,APP,3,38.2,F,汉,4138,4,01,FRIENDS,MATE,1,88.094,湖南省,CONSUME,01,,27.62106020735588,111.53024615577931,ANDROID,,湖南省娄底市冷水江市铎山镇,0
100000,,信阳市,姜娟个人工作室,Z,90,XCX,4,25.0,F,汉,1390,4,01,FATHER,MOTHER,2,70.0,河南省,CONSUME,01,,32.150667360769308,115.86343450628437,ANDROID,,河南省信阳市固始县张广庙镇,0
100000,105,深圳市,深圳市爱天尚家具有限公司,C,24,APP,2,47.3,M,汉,2346,4,01,FATHER,MATE,3,70.0,广东省,CONSUME,01,,22.665051520456826,114.20787733234131,ANDROID,,广东省深圳市龙岗区园山街道红棉立交,0
100000,104,金华市,云水子洛工作室,Z,90,APP,3,29.1,M,汉,720,4,01,FATHER,OTHER,2,70.0,浙江省,CONSUME,01,,28.898744481095613,120.03915992977623,IOS,,浙江省金华市永康市东城街道望春东路一四零弄,0
100000,,楚雄彝族自治州,太原重信劳务有限公司,O,17,XCX,2,38.0,F,汉,4067,2,01,FATHER,SIBLING,1,70.0,云南省,CONSUME,01,,37.76138603186998,112.62042001350675,ANDROID,,山西省太原市小店区黄陵街道,0
100000,,沧州市,京东橡胶有限公司,C,24,APP,2,41.4,M,汉,4808,2,01,MATE,COLLEAGUE,1,76.347,河北省,CONSUME,01,,38.792372,116.094001,ANDROID,,河北省沧州市任丘市北辛庄镇广安街,0
100000,,宿州市,大明股份有限公司,Z,90,APP,3,30.3,M,汉,2066,3,,MATE,SIBLING,2,70.0,安徽省,CONSUME,01,,28.207044640599486,121.04250995879942,ANDROID,,浙江省温州市乐清市虹桥镇城南大道辅路,0
100000,104,绍兴市,浙江中财管道科技股份有限公司,C,24,APP,4,32.3,M,汉,596,4,01,MATE,FATHER,1,70.0,浙江省,CONSUME,01,,29.59126702235357,120.85984929323256,ANDROID,,浙江省绍兴市嵊州市嵊州经济开发区经环东路,0
100000,104,马鞍山市,独立工作人员,H,54,XCX,4,38.2,F,汉,4277,4,01,SIBLING,FRIENDS,,70.0,安徽省,CONSUME,01,,31.572957749386135,118.51496343509116,IOS,,安徽省马鞍山市雨山区银塘镇太白东路,0
100000,,成都市,艺味艺术学校,P,13,XCX,4,27.8,F,汉,738,4,01,MATE,FATHER,2,70.0,四川省,CONSUME,01,,30.529445461805318,104.04207391377949,ANDROID,,四川省成都市双流区华阳街道剑南大道南段辅路,0
100000,102,金华市,义乌铁路枢纽指挥部,F,17,APP,3,47.1,M,汉,3824,2,01,MOTHER,MATE,1,70.0,浙江省,CONSUME,01,,29.320552249199449,120.05470169378126,ANDROID,,浙江省金华市义乌市北苑街道雪峰西路242号,0
100000,103,洛阳市,明琦焊接件厂,H,54,XCX,2,45.8,M,汉,623,4,01,MATE,FRIENDS,1,88.323,河南省,CONSUME,01,,29.591050570917383,120.18229291202906,ANDROID,,浙江省绍兴市诸暨市牌头镇S24(绍诸高速),0
100000,,保定市,北京日日通机械有限公司,Z,90,APP,3,43.4,M,汉,1295,3,01,MATE,COLLEAGUE,1,70.0,河北省,CONSUME,01,,39.24398723959897,116.19742219413446,ANDROID,,河北省廊坊市固安县礼让店乡利民街,0
100000,105,常州市,苏州杰伦机械科技有限公司,G,13,APP,3,37.2,M,汉,4199,4,01,FATHER,FRIENDS,1,70.0,江苏省,CONSUME,01,,31.378017952444798,120.4990086684295,ANDROID,,江苏省苏州市虎丘区浒墅关镇文昌路,1
100000,105,宿迁市,上海莱爵特实业有限公司,C,24,APP,3,33.1,M,汉,4861,3,01,FATHER,FRIENDS,2,70.0,江苏省,CONSUME,01,,31.225264,121.048971,ANDROID,,江苏省苏州市昆山市千灯镇鹿场东路,0
100000,102,达州市,商业大厦,H,54,XCX,3,24.3,F,汉,2061,4,01,MATE,FATHER,2,70.0,四川省,CONSUME,01,,30.616485973333658,103.99867573037742,ANDROID,,四川省成都市武侯区华兴街道龙井东街,0
100000,104,苏州市,苏州弘森药业股份有限公司,M,11,APP,4,42.9,M,汉,1581,4,01,MATE,FATHER,1,92.754,江苏省,CONSUME,01,,31.454420468014143,121.1058229107402,ANDROID,,江苏省苏州市太仓市城厢镇向阳路18号,0
100000,307,通化市,吉林省集安益盛药业股份有限公司,Z,90,XCX,4,34.2,M,汉,5700,4,01,RELATIVES,FRIENDS,2,70.0,吉林省,CONSUME,01,,39.11747006487905,117.31750006940716,ANDROID,,天津市东丽区万新街道S113(克黄线),0
100000,,广安市,仇欢欢个人工作室,Z,90,APP,3,26.3,F,汉,3363,4,01,FATHER,COLLEAGUE,2,87.424,四川省,CONSUME,02,,30.484178,106.646679,ANDROID,,四川省广安市广安区北辰街道滨江路北段,0
100000,,上海市,徐瑾个人工作室,Z,90,XCX,3,39.7,F,汉,4880,4,01,FRIENDS,FRIENDS,1,70.0,上海市,CONSUME,01,,31.179954427083334,121.44546902126736,ANDROID,,上海市徐汇区龙华街道龙华路2577号-3号楼,0
100000,,上海市,徐瑾个人工作室,Z,90,XCX,3,39.7,F,汉,4880,4,01,FRIENDS,FRIENDS,1,70.0,上海市,CONSUME,01,,31.179954427083334,121.44546902126736,ANDROID,,上海市徐汇区龙华街道龙华路2577号-3号楼,0
100000,,汉中市,汉中博诚商贸,H,54,XCX,4,42.7,M,汉,4074,4,01,PARENTS,FRIENDS,1,70.0,陕西省,CONSUME,01,,33.0985594099788,107.01034463073853,ANDROID,,陕西省汉中市汉台区鑫源街道天汉大道北段辅路,0
100000,104,泉州市,厦门市湖里区八度幺甜品店,H,54,XCX,2,26.6,F,汉,1339,2,01,FRIENDS,FRIENDS,1,79.487,福建省,CONSUME,01,,24.48331793667659,118.09394538587689,ANDROID,,福建省厦门市思明区筼筜街道湖滨北路辅路,0
100000,105,亳州市,布石皮草,H,54,XCX,2,30.7,F,汉,5936,3,01,RELATIVES,RELATIVES,2,70.0,安徽省,CONSUME,01,,33.83351043265101,115.79002668585712,ANDROID,,安徽省亳州市谯城区十九里镇杜仲路辅路,0
100000,,徐州市,旭鑫商贸有限公司,H,54,XCX,3,36.0,M,汉,6905,3,01,FATHER,COLLEAGUE,2,90.121,江苏省,CONSUME,01,,34.68156277126736,116.5990345594618,ANDROID,,江苏省徐州市丰县中阳里街道工农路,0
100000,307,成都市,美团优选,Z,90,XCX,2,46.6,F,汉,244,2,01,RELATIVES,FRIENDS,1,70.0,四川省,CONSUME,01,,28.5544189453125,112.34985026041667,ANDROID,,湖南省益阳市赫山区朝阳街道康富南路30号,0
100000,104,阜阳市,安徽归真集团有限公司,H,54,APP,2,39.6,M,汉,3849,4,01,PARENTS,MATE,1,70.0,安徽省,CONSUME,01,,31.75304618922413,117.3555071533282,ANDROID,,安徽省合肥市包河区淝河镇辽宁路,0
100000,,重庆市,重庆市巫山县笃坪乡地六堂殡葬服务批发部,H,54,XCX,3,36.2,F,汉,4289,3,01,MATE,MOTHER,1,70.0,重庆市,CONSUME,01,,31.081023,109.865689,ANDROID,,重庆市巫山县高唐街道平安路,0
100000,,晋中市,东山车友汽车服务有限公司,O,17,APP,2,36.7,F,汉,6692,4,01,MATE,FRIENDS,1,87.287,山西省,CONSUME,01,,37.733679,112.725218,ANDROID,,山西省晋中市榆次区郭家堡乡汇丰街,0
100000,,信阳市,杭州妙聚餐饮有限公司,Z,90,APP,2,25.8,M,汉,1340,3,01,MATE,FRIENDS,1,89.512,河南省,CONSUME,01,,30.18105,120.21134,ANDROID,,浙江省杭州市滨江区西兴街道聚业路9号,0
100000,102,吉安市,永安电梯,H,54,APP,2,35.0,M,汉,4656,2,01,COLLEAGUE,FATHER,1,70.0,江西省,CONSUME,01,,27.755478769969839,115.36586996413777,ANDROID,,江西省吉安市新干县界埠镇,0
100000,,鹰潭市,中国平安财产保险股份有限公司,J,13,APP,3,30.4,M,汉,6944,2,01,FATHER,COLLEAGUE,2,70.0,江西省,CONSUME,01,,28.259748,117.062137,ANDROID,,江西省鹰潭市月湖区梅园街道,0
100000,,南京市,苏州汉道建筑材料有限公司,Z,90,XCX,4,31.3,M,汉,380,3,01,MATE,FRIENDS,1,70.0,江苏省,CONSUME,01,,31.116180477813044,120.63442287343153,ANDROID,,江苏省苏州市吴江区松陵街道芦荡路,0
100000,103,眉山地区,乐山金华汽车销售服务有限公司,H,54,XCX,4,32.2,F,汉,6515,3,01,MOTHER,FRIENDS,2,89.073,四川省,CONSUME,01,,29.61479097667166,103.74530477277952,IOS,,四川省乐山市市中区通江街道通江街111号,1
100000,104,许昌市,河南文博物业管理有限公司,L,17,XCX,2,44.7,M,汉,5105,2,01,FATHER,SIBLING,2,70.0,河南省,CONSUME,01,,34.75343885,113.63141921,ANDROID,,河南省郑州市二七区五里堡街道建设东路,0
100000,103,新乡市,李建辉个人工作室,Z,90,APP,2,23.1,M,汉,2733,4,01,SIBLING,SIBLING,2,88.121,河南省,CONSUME,01,,34.839466,113.677044,ANDROID,,河南省郑州市金水区国基路街道魏河北路,0
100000,102,吉安市,永安电梯,H,54,APP,2,35.0,M,汉,4656,2,01,COLLEAGUE,FATHER,1,70.0,江西省,CONSUME,01,,27.755478769969839,115.36586996413777,ANDROID,,江西省吉安市新干县界埠镇,0
100000,103,宜春市,黄明个人工作室,Z,90,APP,4,34.7,M,汉,4663,4,01,MATE,FATHER,1,89.995,江西省,CONSUME,01,,30.19939838390838,120.340311934751,ANDROID,,浙江省杭州市萧山区新街街道建设四路辅路,0
100000,305,长治市,郑州中域永信网络科技有限公司,Z,90,XCX,4,24.3,M,汉,835,3,01,PARENTS,MATE,1,70.0,山西省,CONSUME,01,,34.8033231658722,113.68436566239525,ANDROID,,河南省郑州市金水区北林路街道金明路,0
100000,305,长治市,郑州中域永信网络科技有限公司,Z,90,XCX,4,24.3,M,汉,835,3,01,PARENTS,MATE,1,70.0,山西省,CONSUME,01,,34.8033231658722,113.68436566239525,ANDROID,,河南省郑州市金水区北林路街道金明路,0
100000,,曲靖市,常州比亚迪,Z,90,APP,3,27.7,M,汉,378,3,01,PARENTS,MOTHER,2,70.0,云南省,CONSUME,01,,31.9380428380821,119.97051743676976,ANDROID,,江苏省常州市新北区春江街道X207(长江北路),0
100000,,马鞍山市,海尔全屋定制,Z,90,APP,3,27.9,M,汉,6809,2,01,SIBLING,COLLEAGUE,2,70.0,安徽省,CONSUME,01,,31.675786,118.536913,ANDROID,,安徽省马鞍山市花山区解放路街道雨山东路,0
100000,104,成都市,鸿富锦精密电子有限公司,G,13,APP,2,34.6,M,汉,5831,3,01,PARENTS,FRIENDS,2,70.0,四川省,CONSUME,01,,30.798242136386127,103.87688059223842,ANDROID,,四川省成都市郫都区郫筒街道蜀信西路,0
100000,,梅州市,深圳市文辉工程有限公司,E,24,XCX,4,48.0,M,汉,3646,4,01,MATE,FRIENDS,1,70.0,广东省,CONSUME,01,,22.673176,113.927790,IOS,,广东省深圳市宝安区石岩街道建兴二路,0
100000,,大庆市,日月启航幼儿园,P,13,APP,3,27.8,F,汉,456,2,01,MATE,COLLEAGUE,1,70.0,黑龙江省,CONSUME,01,,45.740773,126.652508,ANDROID,,黑龙江省哈尔滨市南岗区革新街道文敏街17号,0
100000,,普洱市,暂未提供公司名称,H,54,XCX,2,45.2,F,汉,1737,2,01,MOTHER,SIBLING,1,70.0,云南省,CONSUME,01,,24.004704,101.111413,ANDROID,,云南省普洱市镇沅彝族哈尼族拉祜族自治县恩乐镇人民路,0
100000,,抚州市,江南折耳根种植基地合作社,C,24,XCX,3,39.6,M,汉,4235,2,01,FATHER,FRIENDS,1,70.0,江西省,CONSUME,01,,27.287797013164757,116.92221922566985,IOS,,江西省抚州市黎川县日峰镇新华一河两岸健走步道,0
100000,105,苏州市,张奶奶鱼丸,Z,90,XCX,3,38.4,F,汉,3715,2,01,FRIENDS,RELATIVES,1,70.0,江苏省,CONSUME,01,,31.31253010260147,121.04728352682102,ANDROID,,江苏省苏州市昆山市陆家镇陆家浜南路,0
100000,102,阜阳市,上海锦营餐饮管理有限公司,I,54,APP,2,24.9,M,汉,1947,4,01,FATHER,MOTHER,2,90.11208,安徽省,CONSUME,01,,30.992646182041537,121.51063944535518,IOS,,上海市奉贤区金汇镇浦星公路999,0
100000,,信阳市,湖北银灿建材有限公司,Z,90,XCX,2,41.0,M,汉,2816,4,01,FATHER,FRIENDS,1,70.0,河南省,CONSUME,01,,32.274675311007708,113.92601544509768,ANDROID,,河南省信阳市浉河区游河镇,0
100000,,信阳市,湖北银灿建材有限公司,Z,90,XCX,2,41.0,M,汉,2816,4,01,FATHER,FRIENDS,1,70.0,河南省,CONSUME,01,,32.274675311007708,113.92601544509768,ANDROID,,河南省信阳市浉河区游河镇,0
100000,301,信阳市,上海拥振包装有限公司,C,24,APP,2,32.0,M,汉,5285,4,01,PARENTS,FRIENDS,1,70.0,河南省,CONSUME,01,,30.922080397022055,121.61837086444555,ANDROID,,上海市奉贤区奉城镇奉高路,0
100000,,恩施市,东莞银桥酒店,Z,90,XCX,2,33.9,F,土家,517,4,01,RELATIVES,RELATIVES,1,70.0,湖北省,CONSUME,01,,2,109.1023442925347,IOS,,[],0
100000,305,泉州市,东莞市石碣顺华胶粘带制品厂,C,24,APP,2,44.1,M,汉,4194,4,01,MATE,FRIENDS,1,70.0,福建省,CONSUME,01,,23.137254,113.864286,ANDROID,,广东省惠州市博罗县石湾镇石湾北路101,0
100000,,重庆市,河南蜀北有限公司,Z,90,XCX,2,38.6,M,汉,4067,3,01,MATE,COLLEAGUE,1,76.737,重庆市,CONSUME,01,,28.246420355902778,113.11227674696181,ANDROID,,湖南省长沙市长沙县星沙街道东七路,0
100000,,台州市,中凯装饰公司,Z,90,XCX,4,49.9,M,汉,1090,3,01,FATHER,FATHER,1,70.0,浙江省,CONSUME,01,,27.72396538628472,111.31381646050347,IOS,,湖南省娄底市新化县上渡办事处富康路,0
100000,102,重庆市,范小丽个人工作室,Z,90,APP,2,48.1,F,汉,1346,4,01,MOTHER,FRIENDS,1,70.0,重庆市,CONSUME,01,,29.704782301817205,105.72983590932975,ANDROID,,重庆市大足区棠香街道二环北路东段,0
100000,103,上饶市,立业门窗,H,54,APP,2,40.5,M,汉,2261,3,01,MATE,FRIENDS,1,70.0,江西省,CONSUME,01,,30.33531352767427,120.13977474069154,ANDROID,,浙江省杭州市拱墅区上塘街道瓜山立交桥,0
100000,105,长沙市,宁乡碧盛房地产开发有限公司,K,17,XCX,4,40.6,F,汉,3222,3,01,SIBLING,MOTHER,1,88.359,湖南省,CONSUME,01,,28.2633646256682,112.54287599323978,ANDROID,,湖南省长沙市宁乡市玉潭街道金桂路17-～19号,0
100000,102,济南市,济南槐荫木一水网络文化传媒工作室,R,17,APP,3,37.8,M,回,5788,4,01,MATE,FRIENDS,1,93.925,山东省,CONSUME,02,,36.660481,116.938691,ANDROID,,山东省济南市槐荫区段店北路街道北村南路2-18号,0
100000,105,宜春市,宁波中阀流体有限公司,Z,90,APP,2,43.7,M,汉,1596,2,01,MOTHER,COLLEAGUE,1,70.0,江西省,CONSUME,01,,29.857483784846975,121.46565391232397,ANDROID,,浙江省宁波市海曙区集士港镇聚才路,0
100000,105,宜春市,宁波中阀流体有限公司,Z,90,APP,2,43.7,M,汉,1596,2,01,MOTHER,COLLEAGUE,1,70.0,江西省,CONSUME,01,,29.857483784846975,121.46565391232397,ANDROID,,浙江省宁波市海曙区集士港镇聚才路,0
100000,105,安康市,安康市顺安特种设备安全技术有限公司,C,24,APP,3,38.2,F,汉,5385,2,01,RELATIVES,RELATIVES,1,70.0,陕西省,CONSUME,01,,32.703454263129938,108.97282001063626,ANDROID,,陕西省安康市汉滨区建民街道安康大道,0
100000,105,宜春市,江西世纪新贵陶瓷有限公司,C,24,APP,3,45.9,M,汉,5476,3,01,MATE,FRIENDS,1,76.884766,江西省,CONSUME,01,,28.333695715771069,114.90459728102349,ANDROID,,江西省宜春市宜丰县澄塘镇,0
100000,,重庆市,上海瀚昱环保材料有限公司,Z,90,XCX,2,43.4,M,汉,4105,2,01,MATE,COLLEAGUE,1,76.411,重庆市,CONSUME,01,,31.023566590354294,121.33864734651579,ANDROID,,上海市闵行区马桥镇曙光路,0
100000,105,麻城市,书颜服装店,H,54,XCX,4,41.8,M,汉,4626,2,01,RELATIVES,FRIENDS,1,70.0,湖北省,CONSUME,01,,31.187890666893947,115.01465922653228,ANDROID,,湖北省黄冈市麻城市龙池桥街道青年路,0
100000,,盐城市,徐进个人工作室,Z,90,XCX,2,42.7,M,汉,3582,3,01,MATE,SIBLING,1,70.0,江苏省,CONSUME,01,,33.316652,120.09435,ANDROID,,江苏省盐城市盐都区盐龙街道智融东路,0
100000,103,锦州市,绿源肉业有限公司,I,54,XCX,3,30.4,M,汉,429,2,01,COLLEAGUE,COLLEAGUE,1,70.0,辽宁省,CONSUME,01,,42.02566487630208,122.33132975260416,ANDROID,,辽宁省锦州市黑山县小东种畜场S314,0
100000,305,成都市,百悦集团成都分公司,H,54,APP,4,45.2,M,汉,1713,4,01,MATE,FRIENDS,1,70.0,四川省,CONSUME,01,,30.703976601103613,104.01279905745524,ANDROID,,四川省成都市金牛区茶店子街道育仁西路,0
100000,103,重庆市,唯美轩家居,C,24,APP,2,45.7,M,汉,3683,2,01,FRIENDS,FRIENDS,1,92.956,重庆市,CONSUME,01,,29.98065451207342,106.27534831755551,ANDROID,,重庆市合川区南津街街道中南路678号,0
100000,,上海市,单位餐饮,I,54,APP,2,48.3,M,汉,3554,2,01,FATHER,SIBLING,1,70.0,上海市,CONSUME,01,,31.593631,121.480064,ANDROID,,上海市崇明区城桥镇推虾港路,0
100000,304,福州市,仁强电脑店,H,54,APP,2,44.2,F,汉,3836,2,01,MATE,MOTHER,1,70.0,福建省,CONSUME,02,,25.720577,119.372601,ANDROID,,福建省福州市福清市玉屏街道江滨路78号,1
100000,,攸县皇图岭镇市,曾令川个人工作室,Z,90,APP,3,36.9,M,汉,4075,4,01,PARENTS,SIBLING,1,79.798965,湖南省,CONSUME,01,,22.676050875310837,114.04154407655136,ANDROID,,广东省深圳市龙华区龙华街道龙华大道,0
100000,105,郑州市,曹旭阳个人工作室,Z,90,APP,4,26.5,M,汉,1365,2,01,MATE,FRIENDS,2,81.84,河南省,CONSUME,01,,34.76191275763638,112.8074030133704,IOS,,河南省洛阳市偃师区邙岭镇光上路,1
100000,104,九江市,佑爱房产有限公司,K,17,XCX,3,36.6,F,汉,5104,4,01,FATHER,FRIENDS,2,98.0,江西省,CONSUME,01,,31.198683526519667,121.40649137187697,ANDROID,,上海市长宁区虹桥街道虹桥路1077弄,0
100000,,亳州市,安徽恒杭钢铁贸易有限公司,Z,90,XCX,3,40.5,M,汉,4114,2,01,OTHER,OTHER,1,70.0,安徽省,CONSUME,01,,32.609484,116.261856,IOS,,安徽省阜阳市颍上县慎城镇顺河南路,0
100000,301,武汉市,武汉鼎森电子科技有限公司,G,13,APP,4,36.1,M,汉,6471,3,01,RELATIVES,FRIENDS,2,70.0,湖北省,CONSUME,01,,30.613864367624527,114.24858279301329,ANDROID,,湖北省武汉市江汉区常青街街道后襄河二路,0
100000,,湘潭市,下摄司街道栗塘社区,Z,90,XCX,4,33.4,F,汉,7183,4,01,PARENTS,MATE,1,70.0,湖南省,CONSUME,01,,27.82816832846127,112.96089174153697,ANDROID,,湖南省湘潭市岳塘区双马街道晓塘东路,1
100000,,武汉市,张玲个人工作室,H,54,XCX,3,41.8,F,汉,3758,4,01,MATE,FATHER,1,70.0,湖北省,CONSUME,01,,30.8272948930335,114.22420733032101,ANDROID,,湖北省武汉市黄陂区祁家湾街道,0
100000,102,唐山市,国能朔黄铁路有限公司,F,17,APP,4,44.2,M,汉,817,4,,FATHER,MOTHER,1,70.0,河北省,CONSUME,01,,38.28458197699653,117.79466118706597,ANDROID,,河北省沧州市黄骅市新村回族乡,0
100000,,平顶山市,汝州市大华商贸有限公司,H,54,XCX,2,37.2,M,汉,6290,4,01,MATE,SIBLING,1,70.0,河南省,CONSUME,01,,34.17276778855066,112.85054971566392,ANDROID,,河南省平顶山市汝州市洗耳河街道城垣路,0
100000,,邢台市,宁宁装修装饰,E,24,APP,3,33.9,M,汉,4562,3,01,MATE,SIBLING,1,70.0,河北省,CONSUME,01,,37.701406,115.191919,ANDROID,,河北省邢台市宁晋县四芝兰镇,0
100000,102,扬州市,扬州西湖城管大队,S,11,XCX,3,37.1,M,汉,6208,4,01,FRIENDS,PARENTS,,70.0,江苏省,CONSUME,01,,32.44183890950528,119.3902470146194,ANDROID,,江苏省扬州市邗江区平山乡蜀冈东路,0
100000,102,运城市,浙江泛阳特中箱,C,24,APP,2,38.4,M,汉,5187,2,01,FRIENDS,COLLEAGUE,1,70.0,山西省,CONSUME,01,,30.963342949536654,118.68180446070991,ANDROID,,安徽省宣城市宣州区敬亭山街道G50(沪渝高速),0
100000,105,咸阳市,陕西金丰汽车运输服务有限公司,Z,90,XCX,2,42.2,M,汉,4447,3,01,RELATIVES,FRIENDS,1,70.0,陕西省,CONSUME,01,,34.321592,108.989959,ANDROID,,陕西省西安市未央区谭家街道北辰路辅路,0
100000,,赤峰市,北京湖西岛有机农业发展有限公司,A,27,XCX,2,41.8,M,汉,100,4,01,PARENTS,SIBLING,1,70.0,内蒙古自治区,CONSUME,01,,41.446617,122.483208,ANDROID,,辽宁省鞍山市台安县西佛镇西阿线,0
100000,104,汕头市,广州万鲸科技有限公司,G,13,APP,3,27.7,M,汉,990,4,,FATHER,FRIENDS,2,89.34822,广东省,CONSUME,02,,22.801737750187475,113.56444790057314,ANDROID,,广东省广州市南沙区南沙街道佳创紫峰一街,0
100000,105,曲靖市,张波个人工作室,Z,90,APP,3,38.7,M,汉,2982,4,01,FATHER,MATE,1,70.0,云南省,CONSUME,01,,28.187732110450967,113.05039131739967,ANDROID,,湖南省长沙市雨花区黎托街道长善路,0
100000,104,秦皇岛市,中轻建设工程有限公司,Z,90,APP,2,29.6,M,满,6315,2,01,FATHER,FRIENDS,2,88.892,河北省,CONSUME,01,,21.028825,110.432907,ANDROID,,广东省湛江市麻章区东山街道,0
100000,103,成都市,综合市场,S,11,XCX,2,37.7,F,汉,5501,4,01,MATE,FRIENDS,1,70.0,四川省,CONSUME,01,,30.40645112100458,103.71599062356397,ANDROID,,四川省成都市邛崃市羊安街道双横路,0
100000,102,廊坊市,神州减震,H,54,APP,2,31.8,M,汉,5242,4,01,MATE,RELATIVES,1,82.272,河北省,CONSUME,01,,38.69141188311491,116.53482201100009,ANDROID,,河北省廊坊市大城县广安镇,0
100000,105,泉州市,福建顺兴石材,C,24,APP,2,41.1,M,汉,3750,3,01,MATE,FRIENDS,1,79.4245,福建省,CONSUME,01,,32.08932936209476,112.07799339827693,ANDROID,,湖北省襄阳市樊城区柿铺街道S302(邓城大道),0
100000,,恩施土家族苗族自治州,刘兆绪个人工作室,Z,90,XCX,2,44.1,F,汉,2505,3,01,SIBLING,RELATIVES,2,70.0,湖北省,CONSUME,01,,22.540816243489584,114.06305772569445,ANDROID,,广东省深圳市福田区福田街道彩田路3016-18,0
100000,103,苏州市,常熟市迅达机械,C,24,APP,2,43.6,M,汉,3720,4,01,PARENTS,FRIENDS,1,70.0,江苏省,CONSUME,01,,31.588063234599944,120.57486335146685,ANDROID,,江苏省苏州市常熟市辛庄镇,0
100000,,兰州市,王玮个人工作室,Z,90,APP,3,30.0,F,汉,6662,4,01,MATE,SIBLING,1,70.0,甘肃省,CONSUME,01,,36.142445181135659,103.6551295482387,ANDROID,,甘肃省兰州市安宁区安宁堡街道,0
100000,103,湖州市,浙江国民机械有限公司,C,24,XCX,4,30.1,F,汉,261,3,01,SIBLING,FATHER,1,70.0,浙江省,CONSUME,01,,39.931337678089608,116.82181323842629,ANDROID,,河北省廊坊市三河市康城街道,0
100000,102,成都市,成都市友谊小学校,Z,90,APP,4,45.1,F,汉,1576,3,01,FATHER,SIBLING,1,79.24085,四川省,CONSUME,01,,30.711848545046704,104.01863457498283,IOS,,四川省成都市金牛区西华街道金牛立交,0
100000,,德阳市,LOVINWED钟爱一生,H,54,XCX,2,31.7,F,汉,5369,4,01,FATHER,RELATIVES,2,70.0,四川省,CONSUME,01,,31.138952,104.381413,ANDROID,,四川省德阳市旌阳区天元街道西外街119号,0
100000,104,上海市,罗门哈斯国际贸易上海有限公司,Z,90,XCX,4,43.4,F,汉,3417,3,01,RELATIVES,FRIENDS,2,70.0,上海市,CONSUME,01,,31.27667263454861,121.52849907769097,ANDROID,,上海市杨浦区大桥街道周家嘴路3118弄-20号,1
100000,,南充市,意华宝美利时电子深圳有限公司,Z,90,XCX,2,38.4,F,汉,3810,2,01,FATHER,FATHER,1,70.0,四川省,CONSUME,01,,22.903735,114.0931,ANDROID,,广东省东莞市樟木头镇笔架山路,0
100000,,潮州市,汽车配件有限公司,Z,90,APP,2,36.7,F,汉,6816,4,01,MATE,FRIENDS,1,70.0,广东省,CONSUME,01,,23.622135430427979,116.65349230024589,ANDROID,,广东省潮州市湘桥区磷溪镇,0
100000,102,周口市,诸事顺杀猪粉,I,54,APP,2,22.6,M,汉,2352,2,01,RELATIVES,FRIENDS,2,70.0,河南省,CONSUME,01,,29.353199265506487,120.05822921474345,ANDROID,,浙江省金华市义乌市后宅街道通泰路,0
100000,,合肥市,安徽建工机械有限公司,E,24,XCX,3,37.2,M,汉,5158,2,01,MATE,COLLEAGUE,1,96.0,安徽,CONSUME,01,,31.616307426619149,117.86397596853785,ANDROID,,安徽省合肥市巢湖市卧牛山街道长江西路,0
100000,103,六安市,浙江凯蓝有限责任公司,Z,90,XCX,3,23.3,F,汉,2489,2,01,RELATIVES,FRIENDS,2,70.0,安徽省,CONSUME,01,,30.229727072697846,120.26135035408791,ANDROID,,浙江省杭州市萧山区盈丰街道扬帆路,0
100000,102,台州市,金华金田汽车贸易有限公司,C,24,XCX,3,24.5,M,汉,2061,2,01,MOTHER,COLLEAGUE,2,87.461,浙江省,CONSUME,01,,29.0888158610229,119.70255461570167,ANDROID,,浙江省金华市金东区多湖街道环城南路辅路,0
100000,304,驻马店市,发现鞋业,H,54,APP,2,46.6,M,汉,412,3,01,MATE,PARENTS,1,70.0,河南省,CONSUME,01,,33.29156950868065,114.24278417210665,ANDROID,,河南省驻马店市上蔡县卧龙街道开源路,0
100000,105,郑州市,吕欣欣个人工作室,Z,90,APP,3,36.5,F,汉,6467,3,01,MATE,MOTHER,1,70.0,河南省,CONSUME,02,,34.53346,113.377872,ANDROID,,河南省郑州市新密市青屏街街道嵩山大道西段43,0
100000,,保定市,美尔特购物广场,H,54,XCX,2,35.0,F,汉,316,2,01,FATHER,FRIENDS,1,92.46435,河北省,CONSUME,01,,39.02427209671109,115.46091647337093,IOS,,河北省保定市徐水区正村镇法治街,0
100000,,怀化市,华源纺织有限公司,C,24,APP,2,42.9,F,汉,5333,2,01,SIBLING,FRIENDS,3,70.0,湖南省,CONSUME,01,,27.098973,110.000416,ANDROID,,湖南省怀化市洪江市桂花园乡,0
100000,,安康市,江西美宝粘胶科技有限公司,G,13,XCX,3,48.0,M,汉,1457,4,01,MATE,COLLEAGUE,1,70.0,陕西省,CONSUME,01,,28.983251139322917,115.80890869140624,ANDROID,,江西省九江市永修县永丰垦殖场兴业一路,0
100000,105,丽水市,梅卫青个人工作室,E,24,APP,2,47.5,M,汉,3117,4,01,RELATIVES,RELATIVES,1,88.951,浙江省,CONSUME,01,,27.995255208485078,119.64860126946664,ANDROID,,浙江省丽水市景宁畲族自治县红星街道,0
100000,,聊城市,濮阳市智源幼儿园,P,13,APP,3,38.4,M,汉,3995,2,01,FATHER,SIBLING,1,70.0,山东省,CONSUME,01,,36.377328,114.399589,ANDROID,,河北省邯郸市磁县磁州镇中华慈大街,0
100000,,亳州市,合肥森阳物流有限公司,F,17,APP,2,25.5,M,汉,1477,2,01,FATHER,FRIENDS,2,70.0,安徽省,CONSUME,01,,32.006898,117.245696,ANDROID,,安徽省合肥市长丰县双墩镇兴隆路,0
100000,102,北京市,珠海豹趣科技有限公司,G,13,APP,3,38.4,F,汉,3609,4,01,PARENTS,SIBLING,2,70.0,北京市,CONSUME,01,,39.92719728662846,116.46844293062213,ANDROID,,北京市朝阳区六里屯街道水碓子东路20号楼,0
100000,,怀化市,华源纺织有限公司,C,24,APP,2,42.9,F,汉,5333,2,01,SIBLING,FRIENDS,3,70.0,湖南省,CONSUME,01,,27.098973,110.000416,ANDROID,,湖南省怀化市洪江市桂花园乡,0
100000,,资阳市,嘉兴奥普劲达厨卫科技有限公司,Z,90,XCX,2,25.1,M,汉,1918,2,01,MATE,SIBLING,1,70.0,四川省,CONSUME,01,,30.705487467447917,120.75394911024306,ANDROID,,浙江省嘉兴市南湖区长水街道禹江路,0
100000,310,南通市,姚港路27号303,C,24,APP,4,40.0,F,汉,5538,2,01,MOTHER,FRIENDS,1,70.0,江苏省,CONSUME,01,,32.02815812947667,120.893029478219,ANDROID,,江苏省南通市崇川区城东街道中新二路,0
100000,103,丹东市,东港市小秀才培训中心,P,13,APP,2,38.3,F,汉,4118,2,01,FATHER,MATE,1,85.291,辽宁省,CONSUME,01,,39.95515628776702,124.09065158176019,ANDROID,,辽宁省丹东市东港市十字街镇,0
100000,,安庆市,伟星建筑公司,E,24,XCX,3,40.7,M,汉,4601,4,01,FRIENDS,FRIENDS,1,70.0,安徽省,CONSUME,01,,31.983583984375,119.95177463107639,ANDROID,,江苏省常州市新北区春江街道省庄河路,0
100000,104,邢台市,河北邢台辉升劳务建筑有限公司,O,17,XCX,3,30.7,F,汉,5719,4,01,PARENTS,FRIENDS,1,70.0,河北省,CONSUME,01,,37.009375,114.67344590928819,ANDROID,,河北省邢台市南和区和阳镇宋璟大街,0
100000,103,泉州市,金玉水泥管有限公司,Z,90,XCX,2,32.4,F,汉,5165,2,,MATE,SIBLING,1,70.0,福建省,CONSUME,04,,24.919854329427082,118.39416829427083,ANDROID,,福建省泉州市南安市柳城街道,0
100000,105,嘉峪关市,陈玉芬个人工作室,Z,90,XCX,2,45.4,F,汉,5286,4,01,MATE,FATHER,1,70.0,甘肃省,CONSUME,01,,39.788692227499598,98.30079750788748,ANDROID,,甘肃省嘉峪关市钢城街道兰新东路,0
100000,,遵义市,廷斌五金加工厂,Z,90,APP,2,48.1,M,苗,2659,4,01,MATE,CHILDREN,1,70.0,贵州省,CONSUME,01,,22.678785285774209,113.18932832575264,ANDROID,,广东省佛山市顺德区均安镇华光螺沙路,0
100000,,南通市,天福禅寺,S,11,XCX,2,36.1,M,汉,4695,4,01,MATE,FRIENDS,1,89.9842,江苏省,CONSUME,01,,32.61968929255663,120.57507825698103,ANDROID,,江苏省南通市海安市海安县农场,0
100000,,东莞市,广东通用医药有限公司,Z,90,XCX,3,29.1,M,汉,6482,2,01,FATHER,SIBLING,2,70.0,广东省,CONSUME,01,,23.085913628472223,113.74603624131944,ANDROID,,广东省东莞市石碣镇颐龙东路,0
100000,403,潜江市,张微个人工作室,Z,90,APP,4,41.5,F,汉,3820,3,01,MATE,COLLEAGUE,1,87.075,湖北省,CONSUME,01,,30.313869456942677,112.29084793234188,IOS,,湖北省荆州市沙市区联合乡三湾路57号,0
100000,,徐州市,欣瑞管道技术股份有限公司,C,24,XCX,2,38.7,M,汉,4093,4,01,PARENTS,FRIENDS,2,70.0,江苏省,CONSUME,01,,34.89902960428963,116.89786267561417,ANDROID,,江苏省徐州市沛县杨屯镇,0
100000,105,湛江市,广东高供电力有限公司,D,17,XCX,3,38.1,M,汉,5187,4,01,FATHER,FRIENDS,1,70.0,广东省,CONSUME,01,,28.247661262309575,113.11134554897454,ANDROID,,湖南省长沙市长沙县星沙街道东七路,0
100000,105,张掖地区,拉卡拉云商网络有限公司,G,13,APP,4,30.5,F,汉,6077,2,01,FATHER,MOTHER,2,88.99,甘肃省,CONSUME,01,,32.49417448490088,120.15234237084415,ANDROID,,江苏省泰州市姜堰区罗塘街道太宇路,0
100000,,淮安市,汽车配件有限公司,Z,90,XCX,3,40.8,M,汉,4424,4,01,RELATIVES,FRIENDS,2,70.0,江苏省,CONSUME,01,,33.61912108896013,119.01942475447737,ANDROID,,江苏省淮安市淮阴区王家营街道黄河东路26号,0
100000,105,合肥市,南京鼎亚物流有限公司,F,17,APP,4,42.8,F,汉,1979,4,01,RELATIVES,FRIENDS,1,70.0,安徽省,CONSUME,01,,32.12725213373803,119.043845011651,ANDROID,,江苏省镇江市句容市宝华镇养正路,1
100000,104,丹东市,鑫发食品,H,54,XCX,3,40.2,M,汉,3925,4,01,PARENTS,FRIENDS,1,70.0,辽宁省,CONSUME,01,,40.443888,118.174183,ANDROID,,河北省承德市兴隆县蘑菇峪镇S255(承栗线),0
100000,301,汕头市,自由职业者,H,54,XCX,4,30.4,F,汉,1998,4,01,SIBLING,RELATIVES,1,83.92774,广东省,CONSUME,01,,22.550824070880009,114.14801920620275,ANDROID,,广东省深圳市罗湖区黄贝街道延芳路,0
100000,103,徐州市,欧迪斯厨柜门厂,C,24,XCX,2,37.5,F,汉,4199,4,01,MATE,FATHER,1,70.0,江苏省,CONSUME,01,,32.38811996846988,120.54009677204133,ANDROID,,江苏省南通市如皋市如城街道瓜园路,0
100000,105,信阳市,郑乐龙个人工作室,Z,90,APP,3,31.9,M,汉,5756,4,01,FRIENDS,SIBLING,1,70.0,河南省,CONSUME,01,,31.046395,121.317303,ANDROID,,上海市松江区车墩镇书海路,0
100000,,大连市,巡特警大队,S,11,APP,4,29.7,M,汉,512,4,01,FRIENDS,MOTHER,1,70.0,辽宁省,CONSUME,01,,39.627611,121.999461,ANDROID,,辽宁省大连市瓦房店市共济街道新华路17号,0
100000,403,揭阳市,美景制衣有限公司,C,24,APP,2,40.0,M,汉,5035,4,01,MATE,MOTHER,1,70.0,广东省,CONSUME,01,,23.3957701751131,116.73833727405999,ANDROID,,广东省汕头市龙湖区龙祥街道和新街41号,0
100000,,西双版纳傣族自治州,上海中驰集团,Z,90,APP,3,33.8,M,汉,5000,3,01,FATHER,FRIENDS,2,70.0,云南省,CONSUME,01,,31.238656,121.415423,ANDROID,,上海市普陀区长风新村街道曹杨路482号,0
100000,,南京市,滨海维德防腐工程有限公司,G,13,XCX,3,33.1,M,汉,5059,3,01,FATHER,RELATIVES,1,70.0,江苏省,CONSUME,01,,33.47146940353895,119.79805853758677,ANDROID,,江苏省盐城市建湖县近湖街道兴建路,0
100000,308,临沂市,山东高速工程建设集团有限公司,E,24,APP,3,23.8,M,汉,1771,2,01,FATHER,FRIENDS,2,77.05108,山东省,CONSUME,01,,35.26669292306956,118.50084469551881,ANDROID,,山东省临沂市河东区汤头街道观唐街,0
100000,102,贺州市,星语西饼蛋糕店,I,54,APP,2,43.2,M,瑶,4298,2,01,MATE,RELATIVES,1,70.0,广西壮族自治区,CONSUME,01,,22.961917,114.348675,ANDROID,,广东省惠州市惠阳区镇隆镇S357,0
100000,102,潍坊市,山东驰威投资管理有限公司,J,13,APP,3,41.0,M,汉,3874,2,01,MATE,FRIENDS,1,81.068,山东省,CONSUME,01,,36.43393169952754,119.23859400095796,ANDROID,,山东省潍坊市安丘市兴安街道,0
100000,105,临夏回族自治州,五人行商行,H,54,APP,2,45.3,M,汉,713,4,01,MATE,FRIENDS,1,70.0,甘肃省,CONSUME,01,,36.039617339381248,103.84339316450292,ANDROID,,甘肃省兰州市城关区铁路东村街道何家庄西街24,0
100000,,内江市,南丝路服务有限公司,H,54,APP,3,29.0,F,汉,6419,3,,FATHER,FRIENDS,2,70.0,四川省,CONSUME,01,,27.87705,102.27584,ANDROID,,四川省凉山彝族自治州西昌市西郊乡航天大道五段辅路,0
100000,,南阳市,南阳建业酒店集团建业森林半岛假日酒店,Z,90,APP,3,35.6,M,汉,5955,4,01,RELATIVES,MOTHER,1,70.0,河南省,CONSUME,01,,33.025080747300837,112.61165573690663,ANDROID,,河南省南阳市宛城区汉冶街道,0
100000,104,南京市,南京开通自动化技术有限公司,G,13,APP,3,35.1,F,汉,5017,4,01,FATHER,RELATIVES,1,81.93863,江苏省,CONSUME,01,,31.948874607953845,118.8958405237611,IOS,,江苏省南京市江宁区淳化街道G104辅路,0
100000,,广州市,广州市白云区大荣精细化工有限公司,Z,90,XCX,4,26.5,M,汉,1446,2,01,MOTHER,FATHER,2,70.0,广东省,CONSUME,01,,23.295800448499209,113.31306336489571,ANDROID,,广东省广州市白云区龙归街道夏良横路,0
100000,105,德州市,明德物业有限公司,L,17,APP,3,39.1,M,汉,5591,4,01,FATHER,FATHER,1,70.0,山东省,CONSUME,01,,31.409031697840999,118.39627116174226,ANDROID,,安徽省芜湖市鸠江区湾里街道G205(九华北路),0
100000,,成都市,艺佳钢构,H,54,XCX,2,36.8,M,汉,4054,4,01,MATE,FRIENDS,1,85.73559,四川省,CONSUME,01,,31.910931,102.190569,ANDROID,,四川省阿坝藏族羌族自治州马尔康市马尔康镇G317(俄尔雅路一段),0
100000,,滁州市,南京通泰装饰安装工程有限公司,Z,90,APP,2,28.9,M,汉,1759,3,,FATHER,FRIENDS,1,70.0,安徽省,CONSUME,04,,32.763976,118.01964,ANDROID,,安徽省滁州市明光市明光街道双拥路,0
100000,,上海市,星美国际影城,O,17,APP,3,37.6,F,汉,5466,2,01,FATHER,MATE,1,70.0,上海市,CONSUME,02,,31.244501,121.384171,ANDROID,,上海市普陀区长征镇巴丹路1542号,0
100000,,滁州市,江苏诺得胜工具有限公司,C,24,XCX,3,34.1,M,汉,6484,3,01,FATHER,MATE,1,70.0,安徽省,CONSUME,01,,32.087633734809025,119.76730414496528,ANDROID,,江苏省镇江市丹阳市丹北镇飞达大道,0
100000,,福州市,闽侯县祥谦供销社,Z,90,XCX,3,39.9,F,汉,3908,4,01,MOTHER,SIBLING,1,70.0,福建省,CONSUME,01,,25.928506,119.377611,IOS,,福建省福州市闽侯县尚干镇淘江大道,0
100000,,贵港市,广州汇东制冷设备有限公司,C,24,XCX,2,39.3,M,瑶,4184,2,01,MATE,RELATIVES,1,91.53768,广西壮族自治区,CONSUME,01,,23.16431683445584,113.27943309061779,ANDROID,,广东省广州市白云区同和街道S15(广州环城高速),0
100000,307,丽水市,浙江追追网络科技有限公司,G,13,APP,3,33.5,F,汉,209,2,01,COLLEAGUE,COLLEAGUE,2,70.0,浙江省,CONSUME,01,,30.33865353190348,120.09298075728111,ANDROID,,浙江省杭州市余杭区良渚街道大吉路,0
100000,403,周口市,王松涛个人工作室,Z,90,APP,2,48.2,M,汉,3624,4,01,MATE,SIBLING,1,70.0,河南省,CONSUME,01,,34.8239650961883,112.44726021986574,ANDROID,,河南省洛阳市孟津区城关镇桂花大道,0
100000,,三亚市,黄琳个人工作室,Z,90,APP,2,41.7,F,黎,2056,4,01,MATE,SIBLING,1,70.0,海南省,CONSUME,01,,18.362592,109.600429,ANDROID,,海南省三亚市吉阳区,0
100000,104,日照市,日照迈盛贸易有限公司,C,24,APP,3,37.3,M,汉,6473,2,01,MATE,COLLEAGUE,1,95.072,山东省,CONSUME,01,,35.454984180048629,119.57230788774909,IOS,,山东省日照市东港区卧龙山街道太公岛三路,0
100000,,衡阳市,广州市公用公交站场管理服务有限公司,Z,90,XCX,3,31.1,F,汉,6510,4,01,MOTHER,FRIENDS,2,70.0,湖南省,CONSUME,01,,23.124551501600157,113.38596817896895,ANDROID,,广东省广州市天河区天园街道车陂路96号,0
100000,,松原市,长春威卡威汽车零部件有限公司,C,24,APP,2,37.2,M,汉,4289,2,01,PARENTS,FRIENDS,3,70.0,吉林省,CONSUME,01,,28.285912000868056,112.91767822265625,ANDROID,,湖南省长沙市望城区月亮岛街道金潇路,0
100000,,保定市,中国移动通信集团河北有限公司雄县公司,G,13,XCX,4,38.4,M,汉,3935,2,01,MATE,SIBLING,1,70.0,河北省,CONSUME,01,,28.285268012152777,112.91748969184027,ANDROID,,湖南省长沙市望城区月亮岛街道金潇路,0
100000,102,广州市,广州几点信息科技有限公司,G,13,XCX,4,39.1,F,汉,3452,4,01,MATE,FRIENDS,1,70.0,广东省,CONSUME,01,,23.072956,113.265414,ANDROID,,广东省广州市海珠区南石头街道南辉路17-47,1
100000,,保定市,中国移动通信集团河北有限公司雄县公司,G,13,XCX,4,38.4,M,汉,3935,2,01,MATE,SIBLING,1,70.0,河北省,CONSUME,01,,28.285268012152777,112.91748969184027,ANDROID,,湖南省长沙市望城区月亮岛街道金潇路,0
100000,,滁州市,天津航天瑞莱科技有限公司,Z,90,APP,4,24.9,M,汉,574,3,01,MOTHER,FATHER,2,70.0,安徽省,CONSUME,01,,31.017763,121.307846,ANDROID,,上海市松江区车墩镇虬长路86号,0
100000,,榆林市,陕西千丰集团有限公司,Z,90,APP,3,41.1,M,汉,3584,3,01,PARENTS,MATE,1,70.0,陕西省,CONSUME,01,,28.22873779296875,113.0740589735243,ANDROID,,湖南省长沙市长沙县泉塘街道天华南路,0
100000,,泰州市,海陵区普恵家电经营中心,H,54,XCX,4,39.2,M,汉,3906,4,01,MATE,COLLEAGUE,1,70.0,江苏省,CONSUME,01,,32.46844319661459,120.00153293185764,ANDROID,,江苏省泰州市海陵区苏陈镇S35(泰镇高速),0
100000,,上饶市,柯诗树个人工作室,H,54,XCX,3,43.2,M,汉,4227,4,01,RELATIVES,RELATIVES,1,70.0,江西省,CONSUME,01,,3,117.98246,ANDROID,,[],0
100000,,任丘市,纤维布厂,C,24,APP,2,34.1,F,汉,4982,4,01,SIBLING,COLLEAGUE,1,70.0,河北省,CONSUME,01,,38.826416,116.109479,ANDROID,,河北省保定市雄县鄚州镇育才街,0
100000,,周口市,汕头市盛氏工程机械租赁有限公司,L,17,XCX,2,36.2,M,汉,5006,2,01,MATE,FRIENDS,1,70.0,河南省,CONSUME,01,,23.413641607579078,116.68931932905794,ANDROID,,广东省汕头市金平区岐山街道揭东路,0
100000,105,扬州市,扬州广陵区城管局东关大队,S,11,APP,2,31.6,M,汉,6386,2,01,MOTHER,FRIENDS,2,70.0,江苏省,CONSUME,01,,32.38775064758355,119.46881292026147,ANDROID,,江苏省扬州市广陵区曲江街道运河南路,1
100000,301,深圳市,深圳市福田区晖选百货部,Z,90,APP,3,30.2,M,汉,6125,3,01,MOTHER,COLLEAGUE,2,70.0,广东省,CONSUME,01,,22.550687,114.044009,ANDROID,,广东省深圳市福田区莲花街道商报东路31号,1
100000,,上海市,张勤个人工作室,Z,90,XCX,3,44.2,F,汉,2281,4,01,RELATIVES,RELATIVES,1,70.0,上海市,CONSUME,01,,3,121.51484123325,IOS,,[],0
100000,,宜春市,枫尚商务公寓,L,17,XCX,2,41.8,F,汉,4509,4,01,MATE,RELATIVES,1,70.0,江西省,CONSUME,01,,28.24616916232639,113.11003879123264,ANDROID,,湖南省长沙市长沙县星沙街道东七路,0
100000,301,深圳市,深圳市福田区晖选百货部,Z,90,APP,3,30.2,M,汉,6125,3,01,MOTHER,COLLEAGUE,2,70.0,广东省,CONSUME,01,,22.550687,114.044009,ANDROID,,广东省深圳市福田区莲花街道商报东路31号,0
100000,103,天津市,天津鑫凯佳人力资源服务有限公司,O,17,XCX,2,41.8,F,汉,3671,4,01,PARENTS,FRIENDS,1,85.786,天津市,CONSUME,01,,41.57982086475567,120.45749949793277,ANDROID,,辽宁省朝阳市双塔区北塔街道北大街188号,1
100000,102,牡丹江市,中英人寿,J,13,APP,4,41.7,F,汉,3934,2,01,SIBLING,FRIENDS,1,89.07708,黑龙江省,CONSUME,01,,44.584382953259147,129.64923825543745,ANDROID,,黑龙江省牡丹江市东安区兴隆镇,0
100000,,荆门市,方便就买,Z,90,APP,2,36.4,M,汉,6658,4,01,MATE,SIBLING,1,70.0,湖北省,CONSUME,01,,31.051288,112.230744,ANDROID,,湖北省荆门市东宝区牌楼镇,0
100000,,福州市,个体工商户,Z,90,XCX,2,42.2,M,汉,1876,3,01,MOTHER,FRIENDS,3,70.77064,福建省,CONSUME,01,,25.671325,119.436766,ANDROID,,福建省福州市福清市海口镇X178,0
100000,105,淮南市,中丹丹冷链有限公司,Z,90,APP,2,45.9,M,汉,376,4,01,PARENTS,FRIENDS,1,70.0,安徽省,CONSUME,01,,31.021758685088558,121.1704811753748,ANDROID,,上海市松江区小昆山镇G60(沪昆高速),0
100000,102,江门市,广州市天启网络科技有限公司,G,13,XCX,2,29.0,M,汉,625,2,01,SIBLING,FRIENDS,2,70.0,广东省,CONSUME,01,,22.44435736798513,112.68089664060968,ANDROID,,广东省江门市开平市月山镇,0
100000,,常德市,湖南韦闻机械有限公司,Z,90,XCX,4,42.2,M,汉,3796,4,01,RELATIVES,COLLEAGUE,1,70.0,湖南省,CONSUME,01,,29.04709117170228,111.69997521126585,ANDROID,,湖南省常德市武陵区丹阳街道实通巷,0
100000,,遵义市,格蕾雅服装厂,C,24,XCX,3,46.7,M,汉,4335,4,01,MATE,SIBLING,1,70.0,贵州省,CONSUME,01,,23.355126,116.424381,ANDROID,,广东省汕头市潮阳区谷饶镇进出站路,0
100000,102,衡水市,衡水锐世电子商务有限公司,Z,90,APP,3,35.8,M,汉,6523,3,01,MATE,FATHER,1,90.761,河北省,CONSUME,01,,34.618959,112.446282,ANDROID,,河南省洛阳市洛龙区开元路街道开元大道230号,0
100000,105,衢州市,中江旺盛消防有限公司,S,11,APP,2,42.9,M,汉,4426,4,01,MATE,FRIENDS,,92.042,浙江省,CONSUME,01,,39.852396396352,116.24255445343137,ANDROID,,北京市丰台区五里店街道丰台西路,1
100000,,咸宁市,征途快捷电子有限公司,Z,90,APP,3,38.5,M,汉,4363,3,01,MATE,SIBLING,1,70.0,湖北省,CONSUME,01,,22.754208,113.858664,IOS,,广东省深圳市宝安区松岗街道华美路,0
100000,105,宝鸡市,礼嘉镇梦家园家具厂,E,24,XCX,2,32.8,M,汉,896,2,01,RELATIVES,FRIENDS,2,70.0,陕西省,CONSUME,01,,31.618821,119.989877,ANDROID,,江苏省常州市武进区礼嘉镇青洋快速路,0
100000,104,揭阳市,恒青石业有限公司,H,54,APP,2,40.7,M,汉,3943,3,01,MATE,FRIENDS,1,70.0,广东省,CONSUME,01,,23.461189770559654,116.53597112605189,ANDROID,,广东省揭阳市榕城区地都镇,0
100000,102,萍乡市,萍乡路达运输服务有限公司,F,17,XCX,2,45.8,M,汉,4501,4,01,FATHER,SIBLING,3,70.0,江西省,CONSUME,01,,27.628693718851645,113.86501401846911,ANDROID,,江西省萍乡市安源区安源镇南环路544号,0
100000,,宿州市,宁波起重设备有限公司,C,24,XCX,2,48.7,M,汉,926,2,01,RELATIVES,FRIENDS,1,70.0,安徽省,CONSUME,01,,29.294317441105567,121.43643177294247,ANDROID,,浙江省宁波市宁海县跃龙街道人民大道380号,0
100000,,绥化市,张咪个人工作室,Z,90,APP,4,35.5,F,汉,4432,2,01,RELATIVES,FRIENDS,2,70.0,黑龙江省,CONSUME,01,,45.84395,126.646223,ANDROID,,黑龙江省哈尔滨市松北区松浦街道中源大道辅路,0
100000,105,南昌市,南昌聚投资有限公司,J,13,XCX,3,31.8,M,汉,5613,4,01,RELATIVES,RELATIVES,1,70.0,江西省,CONSUME,01,,3,115.782891,ANDROID,,"Malinau, Kalimantan Utara, Indonesia",0
100000,105,绵阳市,中铁五局电务城通公司,E,24,APP,3,36.3,M,汉,4727,4,01,MATE,RELATIVES,1,79.72085,四川省,CONSUME,01,,22.674793556806237,114.00632752927904,ANDROID,,广东省深圳市龙华区龙华街道龙澜大道,0
100000,104,绵阳市,尤海容个人工作室,Z,90,APP,2,48.4,F,汉,454,2,01,SIBLING,FRIENDS,3,83.221,四川省,CONSUME,01,,31.507176,104.751429,ANDROID,,四川省绵阳市游仙区游仙街道春雷路,0
100000,105,济宁市,山东禾苗信息科技有限公司,G,13,XCX,3,34.9,M,汉,5301,4,01,MATE,FRIENDS,1,70.0,山东省,CONSUME,01,,34.86996272506961,117.56256581399447,ANDROID,,山东省枣庄市市中区中心街街道胜利东路95号,1
100000,105,宁德市,白沙闽兴公司,Z,90,XCX,2,42.9,M,汉,4445,3,01,RELATIVES,FRIENDS,1,70.0,福建省,CONSUME,01,,26.154538845486112,119.13094482421874,ANDROID,,福建省福州市闽侯县甘蔗街道大元巷,0
100000,103,上海市,上海商榻农工商,C,24,APP,3,36.3,F,汉,7105,2,01,FRIENDS,COLLEAGUE,1,86.082,上海市,CONSUME,01,,31.02332143198105,120.93920739097084,ANDROID,,上海市青浦区金泽镇,0
100000,102,沈阳市,沈阳市于洪区玺帛商贸经营部,H,54,APP,4,40.9,M,汉,3627,2,01,MATE,SIBLING,2,90.01,辽宁省,CONSUME,01,,41.86151495409857,123.41262635329535,ANDROID,,辽宁省沈阳市皇姑区三台子街道黄河北大街19-1号,0
100000,103,肇庆市,石头记纸包鱼,I,54,XCX,3,33.3,M,汉,5301,3,01,COLLEAGUE,FRIENDS,2,70.0,广东省,CONSUME,01,,23.328858748888924,112.71502606690723,ANDROID,,广东省肇庆市四会市贞山街道水仙路,0
100000,102,河源市,惠州市欣达海建筑材料有限公司,E,24,APP,3,39.2,F,汉,3922,4,01,MOTHER,FRIENDS,3,90.721,广东省,CONSUME,01,,23.152016386580649,114.4424571386831,ANDROID,,广东省惠州市惠城区汝湖镇惠民大道,0
100000,105,湖州市,安吉管斌斌茶叶商行,H,54,APP,2,35.6,F,汉,5297,4,01,MATE,SIBLING,1,80.392,浙江省,CONSUME,01,,30.606375,119.701257,ANDROID,,浙江省湖州市安吉县递铺街道绕城南路,0
100000,103,邢台市,灵活就业者,E,24,APP,3,37.1,M,汉,4536,4,01,PARENTS,FRIENDS,1,70.0,河北省,CONSUME,01,,38.10181509896538,114.54689879154852,ANDROID,,河北省石家庄市长安区高营镇古城东路108号,0
100000,,宁德市,尤琼琳个人工作室,Z,90,XCX,4,31.8,F,汉,6676,4,01,MOTHER,COLLEAGUE,2,70.0,福建省,CONSUME,01,,26.69427117663983,119.52952419801541,ANDROID,,福建省宁德市蕉城区金涵畲族乡G104(京福线),0
100000,103,信阳市,华通果业有限公司,Z,90,APP,2,38.1,M,汉,4125,3,01,PARENTS,FRIENDS,1,70.0,河南省,CONSUME,01,,30.748222230703364,120.70656210205984,ANDROID,,浙江省嘉兴市南湖区城南街道梁林路,0
100000,102,邯郸市,邯郸德路康医药连锁安通药房,H,54,XCX,2,45.3,F,汉,273,4,01,MATE,SIBLING,1,70.0,河北省,CONSUME,01,,36.62864904014699,114.12719007693807,ANDROID,,河北省邯郸市武安市午汲镇,0
100000,,廊坊市,樊陈西个人工作室,Z,90,XCX,2,37.2,M,满,4723,3,01,RELATIVES,COLLEAGUE,1,70.0,河北省,CONSUME,01,,39.183337,116.393433,ANDROID,,河北省廊坊市霸州市南孟镇S273(廊霸线),0
100000,,永州市,衡东兴盛建设工程有限公司,E,24,APP,2,38.0,M,汉,3641,3,01,SIBLING,FRIENDS,3,70.0,湖南省,CONSUME,01,,26.448088596308239,111.575932381949642,ANDROID,,湖南省永州市冷水滩区珊瑚街道金竹路,0
100000,103,杭州市,日辉不锈钢门窗店,H,54,APP,3,42.2,M,汉,4276,4,01,MATE,FATHER,1,93.053,浙江省,CONSUME,01,,30.45956524578246,119.68526540032329,ANDROID,,浙江省湖州市安吉县山川乡霞大线,0
100000,105,长沙市,长沙锦菜源农业科技有限公司,A,27,APP,2,40.5,M,汉,2122,2,01,RELATIVES,FRIENDS,1,88.685,湖南省,CONSUME,01,,28.251409235735485,113.08936238750815,ANDROID,,湖南省长沙市长沙县星沙街道棠坡路,0
100000,,来宾市,东莞君雄精密五金有限公司,Z,90,XCX,3,38.8,M,壮,5187,3,01,FRIENDS,COLLEAGUE,3,70.0,广西壮族自治区,CONSUME,01,,23.065311,114.001213,ANDROID,,广东省东莞市企石镇S120(宝石路),0
100000,103,成都市,东都休闲,R,17,APP,2,33.1,M,汉,198,4,01,MATE,FRIENDS,1,70.0,四川省,CONSUME,01,,30.609052,104.262384,ANDROID,,四川省成都市龙泉驿区龙泉街道,0
100000,102,齐齐哈尔市,杰克琼斯,H,54,XCX,3,33.8,M,汉,4870,2,,SIBLING,MATE,2,70.0,黑龙江省,CONSUME,01,,47.333423665364585,123.99222086588541,ANDROID,,黑龙江省齐齐哈尔市铁锋区东湖街道先锋街125号,1
100000,302,北京市,泰康人寿保险有限公司,J,13,XCX,4,40.7,F,汉,5589,4,01,FATHER,FRIENDS,1,70.0,北京市,CONSUME,01,,39.854918737064249,116.41453467793099,ANDROID,,北京市丰台区东铁匠营街道顺三条,0
100000,104,嘉兴市,温州商学院,P,13,XCX,4,25.8,M,汉,307,4,01,RELATIVES,OTHER,2,86.983,浙江省,CONSUME,01,,30.751918305198115,120.74799622866598,IOS,,浙江省嘉兴市南湖区南湖街道禾兴南路,0
100000,,聊城市,太平洋光纤光缆公司,Z,90,XCX,3,25.7,M,汉,989,2,01,MATE,SIBLING,2,85.433,山东省,CONSUME,01,,36.11375517901386,115.75160493353329,ANDROID,,山东省聊城市阳谷县狮子楼街道运河西路,0
100000,102,青岛市,嘉兴花好月圆商业运营管理有限公司,H,54,APP,3,24.2,M,汉,1739,2,01,FATHER,FATHER,2,70.0,山东省,CONSUME,02,,36.962475,117.188126,ANDROID,,山东省济南市济阳区济阳街道经五路,0
100000,,徐州市,徐州市维维集团,Z,90,XCX,3,41.1,M,汉,3458,4,01,RELATIVES,FRIENDS,1,70.0,江苏省,CONSUME,01,,34.162691884420869,117.60046774888532,ANDROID,,江苏省徐州市铜山区伊庄镇S252,0
100000,,阜阳市,安徽省水泽木业有限公司,C,24,APP,3,41.1,M,汉,3696,3,01,MATE,PARENTS,1,70.0,安徽省,CONSUME,01,,30.09216796875,113.1058447265625,ANDROID,,湖北省荆州市监利市网市镇,0
100000,,汕尾市,路桥公司,Z,90,XCX,2,41.5,M,汉,4088,4,01,MOTHER,COLLEAGUE,1,70.0,广东省,CONSUME,01,,22.822058720091748,114.98131168550687,ANDROID,,广东省汕尾市海丰县鹅埠街道深汕高速,0
100000,,利川市,闽槐建材有限公司,E,24,XCX,2,49.1,M,汉,3136,3,01,MATE,SIBLING,2,86.327,湖北省,CONSUME,01,,18.34491,109.587957,ANDROID,,海南省三亚市吉阳区,0
100000,,利川市,闽槐建材有限公司,E,24,XCX,2,49.1,M,汉,3136,3,01,MATE,SIBLING,2,86.327,湖北省,CONSUME,01,,18.34491,109.587957,ANDROID,,海南省三亚市吉阳区,0
100000,306,鹤岗市,方寸工作室,Z,90,APP,3,31.3,F,汉,71,3,01,PARENTS,FRIENDS,2,70.0,黑龙江省,CONSUME,01,,22.632101506249833,114.04333710852703,ANDROID,,广东省深圳市龙华区民治街道G94(珠三角环线高速),0
100000,,莆田市,胜伟加油站,D,17,XCX,2,43.9,M,汉,4138,4,01,MATE,FRIENDS,1,94.0,福建省,CONSUME,01,,34.39415192047936,115.65947594702435,ANDROID,,河南省商丘市睢阳区新城街道香君路辅路,0
100000,104,阜阳市,上海磊傲建设工程有限公司,Z,90,APP,3,31.3,M,汉,6888,3,,SIBLING,MOTHER,1,86.101,安徽省,CONSUME,01,,31.02704907682372,121.2373022395622,ANDROID,,上海市松江区中山街道沪松路163号,0
100000,,汕尾市,联达加工厂,C,24,XCX,2,38.6,F,汉,4396,4,01,FATHER,SIBLING,1,70.0,广东省,CONSUME,01,,23.014964402436758,114.70269252997973,ANDROID,,广东省惠州市惠东县大岭街道东进大道,0
100000,,宣城市,中鼎像塑,H,54,APP,3,28.1,M,汉,569,2,01,COLLEAGUE,COLLEAGUE,2,70.0,安徽省,CONSUME,02,,30.647859,119.014133,ANDROID,,安徽省宣城市宁国市河沥溪街道东城大道,0
100000,,衡水市,北京市海淀区华宝大厦,Z,90,XCX,3,49.1,M,汉,4401,2,01,MATE,FRIENDS,1,70.0,河北省,CONSUME,01,,38.046618674855007,115.98825163147093,ANDROID,,河北省衡水市武强县武强镇G307(歧银线),0
100000,,南阳市,姜博个人工作室,Z,90,APP,4,37.4,M,汉,3894,3,01,MATE,COLLEAGUE,1,88.627,河南省,CONSUME,01,,27.555231,109.962954,ANDROID,,湖南省怀化市鹤城区迎丰街道鹤州路113号,0
100000,104,南昌市,江西标正技术工程有限公司,Z,90,APP,4,42.0,F,汉,3061,2,01,MOTHER,SIBLING,1,70.0,江西省,CONSUME,01,,28.203548804383016,112.8743549079038,ANDROID,,湖南省长沙市岳麓区麓谷街道八家湾路,1
100000,,内江市,李江梅个人工作室,Z,90,APP,3,39.2,F,汉,4811,3,01,MATE,CHILDREN,1,70.0,四川省,CONSUME,01,,24.999570730665753,118.7854818147848,ANDROID,,福建省泉州市惠安县螺阳镇,0
100000,103,潮州市,千意陶瓷有限公司,C,24,XCX,3,41.2,M,汉,3976,4,01,RELATIVES,RELATIVES,1,70.0,广东省,CONSUME,01,,29.57370814210319,106.57286771726659,IOS,,重庆市江北区江北城街道红会路67号,0
100000,,六安市,孙泽东个人工作室,Z,90,APP,2,41.8,M,汉,4503,2,01,MATE,FRIENDS,1,70.0,安徽省,CONSUME,01,,31.783819,116.085434,ANDROID,,安徽省六安市金寨县白塔畈镇,0
100000,403,天津市,雅园茶叶店,H,54,XCX,3,45.1,F,汉,3807,4,01,FRIENDS,FATHER,1,82.401,天津市,CONSUME,01,,39.150076158730637,117.27796079967779,IOS,,天津市河东区鲁山道街道秀丽园道,0
100000,103,合肥市,小芒果童装店,H,54,XCX,2,39.3,F,汉,2483,4,01,MATE,FRIENDS,1,70.0,安徽省,CONSUME,01,,31.857378217104249,117.26646078230138,ANDROID,,安徽省合肥市庐阳区三孝口街道环城路,0
100000,,广州市,广州市领意汽车租赁服务有限公司,Z,90,XCX,3,37.8,M,汉,3381,2,01,FATHER,FATHER,2,70.0,广东省,CONSUME,01,,23.134807,113.55581,ANDROID,,广东省广州市增城区新塘镇陈家林路,0
100000,,无锡市,新东方素质成长中心,P,13,APP,4,23.6,M,汉,973,2,01,FATHER,FRIENDS,2,88.0233,江苏省,CONSUME,01,,31.55055761527911,120.29554282974168,ANDROID,,江苏省无锡市梁溪区惠山街道运河东路436号,0
100000,304,哈尔滨市,七天连锁酒店,Z,90,XCX,4,32.1,M,汉,6419,4,01,FRIENDS,MOTHER,2,84.582,黑龙江省,CONSUME,01,,22.431831126339558,113.56369906524272,ANDROID,,广东省中山市南朗街道,0
100000,310,芜湖市,芜湖市丰美华标准件有限公司,C,24,APP,4,28.9,M,汉,6365,4,01,PARENTS,COLLEAGUE,2,70.0,安徽省,CONSUME,01,,31.123758784255146,118.59592761270005,ANDROID,,安徽省芜湖市湾沚区湾沚镇S104(芜屯路),0
100000,105,漯河市,顺丰快递,F,17,APP,2,22.9,M,汉,2228,2,01,RELATIVES,FRIENDS,2,70.0,河南省,CONSUME,01,,31.369259570016184,120.98765280222236,ANDROID,,江苏省苏州市昆山市玉山镇景秀路,0
100000,307,济南市,日立电梯（中国）有限公司山东分公司,Z,90,APP,4,36.5,F,汉,4446,3,01,MATE,FATHER,1,70.0,山东省,CONSUME,01,,36.679964,117.221965,ANDROID,,山东省济南市历城区唐冶街道唐冶中路辅路,0
100000,307,济南市,日立电梯（中国）有限公司山东分公司,Z,90,APP,4,36.5,F,汉,4446,3,01,MATE,FATHER,1,70.0,山东省,CONSUME,01,,36.679964,117.221965,ANDROID,,山东省济南市历城区唐冶街道唐冶中路辅路,0
100000,,天水市,甘肃益民永盛智能设备有限公司,Z,90,XCX,3,33.4,M,汉,5798,4,01,PARENTS,COLLEAGUE,1,70.0,甘肃省,CONSUME,01,,36.054659747831497,103.9171965308432,ANDROID,,甘肃省兰州市城关区雁园街道雁北路高架桥,0
100000,,镇江市,无限货运,Z,90,XCX,4,23.4,M,汉,2741,2,01,SIBLING,FRIENDS,2,70.0,江苏省,CONSUME,01,,31.952906358506944,120.41450575086806,ANDROID,,江苏省苏州市张家港市金港街道中圩路,0
100000,102,泉州市,福建省石狮供水股份有限公司,D,17,XCX,3,44.0,F,汉,1769,2,01,MOTHER,OTHER,1,89.741,福建省,CONSUME,01,,24.733958,118.645075,IOS,,福建省泉州市石狮市湖滨街道福辉路116号,0
100000,103,舟山市,宁波亚虎进出口有限公司,C,24,XCX,4,29.9,F,汉,1275,3,01,COLLEAGUE,COLLEAGUE,2,70.0,浙江省,CONSUME,01,,29.976051330566406,121.47579956054688,IOS,,浙江省宁波市江北区慈城镇祥符路,0
100000,105,六安市,燕子姐纯手工鞋店,H,54,APP,2,38.4,F,汉,5749,2,,MATE,RELATIVES,1,94.27,安徽省,CONSUME,01,,31.720356,117.157128,ANDROID,,安徽省合肥市肥西县上派镇三河路113号,0
100000,,重庆市,谢开杰个人工作室,Z,90,XCX,2,34.4,M,汉,5423,4,01,MATE,SIBLING,1,70.0,重庆市,CONSUME,01,,29.489697407283086,105.42790948499877,ANDROID,,重庆市荣昌区仁义镇,0
100000,102,嘉兴市,嘉兴市秀洲区秀洲保安公司,O,17,APP,2,39.0,M,汉,4779,4,01,COLLEAGUE,MOTHER,1,70.0,浙江省,CONSUME,01,,30.669619,120.666917,ANDROID,,浙江省嘉兴市秀洲区洪合镇,0
100000,105,自贡市,电瓶车修理店,H,54,APP,4,39.5,M,汉,3395,3,01,FRIENDS,FRIENDS,1,70.0,四川省,CONSUME,01,,30.121766695789274,104.67183748128187,ANDROID,,四川省资阳市雁江区宝莲街道宝台大道,0
100000,103,绍兴市,郭庆丰个人工作室,E,24,XCX,3,44.5,M,汉,3726,4,01,FATHER,OTHER,1,70.0,浙江省,CONSUME,01,,31.07045266035543,121.54678684073768,ANDROID,,上海市闵行区浦江镇革新村十二组3号桥,0
100000,,宿州市,大明股份有限公司,Z,90,APP,3,30.3,M,汉,2066,3,,MATE,SIBLING,2,70.0,安徽省,CONSUME,01,,28.207044640599486,121.04250995879942,ANDROID,,浙江省温州市乐清市虹桥镇城南大道辅路,0
100000,,宁波市,徐灏个人工作室,Z,90,APP,4,27.4,M,汉,240,2,01,FATHER,FRIENDS,2,84.26352,浙江省,CONSUME,01,,29.93727645584299,121.63475894472548,IOS,,浙江省宁波市镇海区庄市街道北环东路辅路,0
100000,104,宁波市,宁波佳必可食品有限公司,C,24,APP,2,46.0,M,汉,261,4,01,OTHER,OTHER,2,78.31664,浙江省,CONSUME,01,,29.5727470537628,121.5301747167178,ANDROID,,浙江省宁波市奉化区莼湖街道,1
100000,301,菏泽市,潍坊广播电视台,R,17,APP,4,37.1,M,汉,6420,3,01,MOTHER,FRIENDS,2,90.341,山东省,CONSUME,01,,36.693898,119.133558,ANDROID,,山东省潍坊市奎文区梨园街道健康东街318号,0
100000,301,九江市,江西省九江市第三建筑工程公司,E,24,XCX,3,43.1,F,汉,3828,4,01,PARENTS,FRIENDS,1,70.0,江西省,CONSUME,01,,29.692796300503603,115.98274055830571,ANDROID,,江西省九江市濂溪区十里街道十里大道827号,0
100000,,齐齐哈尔市,交通银行信用卡中心沈阳分中心,J,13,XCX,3,27.8,M,汉,209,4,01,PARENTS,FRIENDS,2,70.0,黑龙江省,CONSUME,01,,47.33975371153908,123.20165331094805,ANDROID,,黑龙江省齐齐哈尔市龙江县龙江镇恒丰街,0
100000,104,张家口市,捷停停车场服务有限责任公司,L,17,APP,3,34.8,M,汉,4664,2,01,RELATIVES,FRIENDS,1,70.0,河北省,CONSUME,01,,40.8383688306858,114.87712340996026,ANDROID,,河北省张家口市桥西区大境门街道北环路,0
100000,103,金华市,汽车配件有限公司,C,24,APP,2,49.8,M,汉,565,2,01,RELATIVES,FRIENDS,,70.0,浙江省,CONSUME,01,,28.874660623849214,120.24619253656357,IOS,,浙江省金华市永康市舟山镇,0
100000,102,宁波市,宁波华拓化工有限公司,C,24,APP,4,42.5,M,汉,5052,4,01,MATE,FRIENDS,1,99.0,浙江省,CONSUME,01,,29.8939281200906,121.62465455131417,ANDROID,,浙江省宁波市鄞州区聚贤街道丹桂路,0
100000,403,北京市,李宁宁个人工作室,Z,90,XCX,4,43.7,F,汉,4187,4,01,FATHER,FRIENDS,1,88.006,北京市,CONSUME,01,,28.229468833628667,113.08849820275052,IOS,,湖南省长沙市长沙县泉塘街道东二路辅路,1
100000,,信阳市,李帅个人工作室,Z,90,APP,2,29.7,M,汉,942,2,01,COLLEAGUE,RELATIVES,1,70.0,河南省,CONSUME,02,,39.199682,117.13338,ANDROID,,天津市北辰区天穆镇双环路辅路,0
100000,102,怀化市,靖州中学,P,13,APP,4,34.2,F,苗,4843,4,01,RELATIVES,FRIENDS,1,70.0,湖南省,CONSUME,01,,26.571503752415219,109.70512342161557,IOS,,湖南省怀化市靖州苗族侗族自治县渠阳镇S319,0
100000,,河源市,虹欣四海,H,54,APP,2,38.0,M,汉,231,2,01,SIBLING,FRIENDS,2,70.0,广东省,CONSUME,01,,23.05467230902778,113.12535617404514,ANDROID,,广东省佛山市南海区桂城街道海四路,0
100000,102,南昌市,天线宝宝幼儿园,P,13,XCX,2,39.4,F,汉,4542,4,01,SIBLING,CHILDREN,1,70.0,江西省,CONSUME,02,,28.395288899739583,116.24494059244792,ANDROID,,江西省南昌市进贤县民和镇云桥北路,0
100000,105,庆阳市,安宁乐彩广告,R,17,APP,3,29.8,M,汉,6823,4,01,FATHER,FRIENDS,2,70.0,甘肃省,CONSUME,01,,36.1156737026949,103.73814347329732,ANDROID,,甘肃省兰州市安宁区培黎街道,0
100000,103,益阳市,赢都装饰,E,24,APP,2,36.9,M,汉,3421,2,01,SIBLING,SIBLING,1,78.502,湖南省,CONSUME,01,,28.30361123221338,112.580222886158,ANDROID,,湖南省长沙市宁乡市城郊街道明珠路,0
100000,,保定市,北京日日通机械有限公司,Z,90,APP,3,43.4,M,汉,1295,3,01,MATE,COLLEAGUE,1,70.0,河北省,CONSUME,01,,39.24398723959897,116.19742219413446,ANDROID,,河北省廊坊市固安县礼让店乡利民街,0
100000,102,达州市,商业大厦,H,54,XCX,3,24.3,F,汉,2061,4,01,MATE,FATHER,2,70.0,四川省,CONSUME,01,,30.616485973333658,103.99867573037742,ANDROID,,四川省成都市武侯区华兴街道龙井东街,0
100000,,南阳市,毅顺省模抛光,Z,90,APP,2,33.5,M,汉,81,4,01,FATHER,FRIENDS,2,70.0,河南省,CONSUME,01,,32.88347983287176,112.85142592285836,ANDROID,,河南省南阳市社旗县晋庄镇,0
100000,301,信阳市,广东华杰建设工程监理咨询有限公司,E,24,APP,4,40.1,M,汉,5448,4,01,FATHER,SIBLING,1,70.0,河南省,CONSUME,01,,21.672010204562395,110.88753016207814,ANDROID,,广东省茂名市茂南区河西街道G325(油城三路),0
100000,,菏泽市,山东省菏泽市曹县山东省菏泽市曹县,C,24,XCX,4,29.7,M,汉,147,2,01,MATE,FRIENDS,1,70.0,山东省,CONSUME,01,,34.82980605646318,115.58296897352,ANDROID,,山东省菏泽市曹县磐石街道,1
100000,102,丽水市,丽水市中心医院,Q,11,APP,3,23.8,M,畲,3046,4,01,FATHER,COLLEAGUE,2,70.0,浙江省,CONSUME,01,,28.472336475062158,119.92863146494298,ANDROID,,浙江省丽水市莲都区岩泉街道寿尔福北路,0
100000,102,宜宾市,宜宾惠邦商贸有限公司,H,54,APP,3,36.3,M,汉,4215,4,01,FRIENDS,MOTHER,2,70.0,四川省,CONSUME,01,,28.7614013802764,104.65789569295625,ANDROID,,四川省宜宾市叙州区南岸街道滨江环线,0
100000,,上饶市,开店伊利冰淇淋批发,Z,90,XCX,2,40.2,M,汉,3043,4,01,PARENTS,FRIENDS,1,70.0,江西省,CONSUME,01,,29.086638278686217,116.75370609510876,ANDROID,,江西省上饶市鄱阳县四十里街镇G236,0
100000,,常州市,金坛龙腾汽修,E,24,XCX,2,46.1,M,汉,4391,3,01,OTHER,OTHER,1,70.0,江苏省,CONSUME,01,,31.75527,119.424018,ANDROID,,江苏省常州市金坛区薛埠镇,0
100000,310,衡阳市,祁东县永晟木业加工有限公司,H,54,APP,3,32.8,M,汉,5047,3,01,FATHER,FATHER,1,70.0,湖南省,CONSUME,01,,26.798288,112.011636,ANDROID,,湖南省衡阳市祁东县风石堰镇,0
100000,103,楚雄彝族自治州,楚雄市产投供应链管理有限公司,H,54,APP,3,24.6,F,汉,1714,3,01,MOTHER,FRIENDS,2,70.0,云南省,CONSUME,01,,25.024246067466668,101.5549530527518,ANDROID,,云南省楚雄彝族自治州楚雄市鹿城镇阳光大道112-、114-、116-、118号,0
100000,,随州市,襄阳誉丰盛商贸有限公司,Z,90,XCX,3,41.1,F,汉,2570,3,01,FATHER,SIBLING,1,70.0,湖北省,CONSUME,01,,32.005633,112.104683,IOS,,湖北省襄阳市襄城区檀溪街道滨湖路,0
100000,403,齐齐哈尔市,贵族女鞋,H,54,APP,2,44.8,F,汉,3550,4,01,FRIENDS,MATE,1,79.653,黑龙江省,CONSUME,01,,47.89710469245469,125.32204972862665,ANDROID,,黑龙江省齐齐哈尔市依安县依安镇,0
100000,103,大理白族自治州,剑川县甸南镇天马街杨倩车行,H,54,APP,3,42.0,M,白,4742,3,01,MATE,FRIENDS,1,70.0,云南省,CONSUME,01,,26.459410805210639,99.92834715426833,ANDROID,,云南省大理白族自治州剑川县甸南镇回龙村公路,0
100000,102,衡水市,杭州中美华东制药有限公司,M,11,XCX,4,23.0,F,汉,2786,3,01,FATHER,FATHER,2,79.894,河北省,CONSUME,01,,40.08372848802836,116.4404077530435,ANDROID,,北京市昌平区北七家镇X025(回南路),0
100000,,济南市,济南市蕾娜范康养中心,S,11,XCX,3,37.8,M,汉,5462,4,01,MATE,SIBLING,1,70.0,山东省,CONSUME,01,,36.718936631944445,116.8973206922743,ANDROID,,山东省济南市槐荫区美里湖街道美里路,0
100000,,曲靖市,富源县文学艺术界联合会,S,11,XCX,3,43.9,M,汉,3926,3,01,FATHER,COLLEAGUE,1,70.0,云南省,CONSUME,01,,25.670243869357638,104.25216145833333,ANDROID,,云南省曲靖市富源县中安街道清溪路84号,0
100000,103,南通市,启东市陆卫水产加工厂,C,24,XCX,3,36.0,M,汉,3767,3,01,RELATIVES,FRIENDS,1,70.0,江苏省,CONSUME,01,,32.013411,121.726886,ANDROID,,江苏省南通市启东市海复镇十四路,1
100000,310,沈阳市,沈阳德科斯米尔有限公司,Z,90,APP,3,37.2,F,汉,4453,2,,SIBLING,MATE,1,70.0,辽宁省,CONSUME,01,,41.83151848913341,123.41231528492235,ANDROID,,辽宁省沈阳市皇姑区新乐街道黄河南大街76-1号,0
100000,,临汾市,刘荣荣个人工作室,Z,90,XCX,2,33.0,F,汉,4752,4,01,MATE,FATHER,1,70.0,山西省,CONSUME,01,,36.41167041433461,111.73572068793567,ANDROID,,山西省临汾市洪洞县赵城镇,0
100000,103,新乡市,李建辉个人工作室,Z,90,APP,2,23.1,M,汉,2733,4,01,SIBLING,SIBLING,2,88.121,河南省,CONSUME,01,,34.839466,113.677044,ANDROID,,河南省郑州市金水区国基路街道魏河北路,0
100000,105,湘潭市,幼儿园学校,P,13,APP,2,41.0,F,汉,4031,2,01,MATE,MATE,1,70.0,湖南省,CONSUME,01,,27.88668221684629,112.66300848376935,ANDROID,,湖南省湘潭市湘潭县云湖桥镇,0
100000,102,盐城市,江苏科技有限公司,G,13,APP,4,28.4,M,汉,822,4,01,SIBLING,FRIENDS,2,70.0,江苏省,CONSUME,01,,31.224254421415954,120.65360541176998,IOS,,江苏省苏州市吴中区城南街道兴中路,0
100000,105,南京市,南京江北中北旅游客运有限公司,O,17,APP,2,38.0,M,汉,3724,3,01,FATHER,FRIENDS,1,84.0,江苏省,CONSUME,01,,32.33751231278654,118.8611502106753,IOS,,江苏省南京市六合区雄州街道机场东路辅路,0
100000,,临汾市,刘荣荣个人工作室,Z,90,XCX,2,33.0,F,汉,4752,4,01,MATE,FATHER,1,70.0,山西省,CONSUME,01,,36.41167041433461,111.73572068793567,ANDROID,,山西省临汾市洪洞县赵城镇,0
100000,104,九江市,智城智能化建筑有限公司,Z,90,XCX,2,40.7,M,汉,4477,3,01,RELATIVES,RELATIVES,1,70.0,江西省,CONSUME,01,,28.19476996527778,113.00477403428819,ANDROID,,湖南省长沙市芙蓉区朝阳街街道车站路103号,0
100000,,泸州市,重庆庆华建设,E,24,XCX,2,37.0,M,汉,3754,4,01,MATE,RELATIVES,1,70.0,四川省,CONSUME,01,,28.840849310945019,106.05455456278361,ANDROID,,四川省泸州市合江县甘雨镇,0
100000,103,眉山市,美丽物语养生会所,O,17,APP,2,29.6,F,汉,1604,4,01,PARENTS,FRIENDS,1,85,四川省,CONSUME,01,,30.021868630093853,104.17410771781543,ANDROID,,四川省眉山市仁寿县珠嘉镇天府仁寿大道辅路,0
100000,103,商丘市,商丘市方良纸制品有限公司,Z,90,APP,3,46.8,M,汉,2350,4,01,FATHER,FATHER,1,70.0,河南省,CONSUME,01,,34.24521553131153,115.69507848150734,ANDROID,,河南省商丘市睢阳区冯桥镇,0
100000,303,合肥市,安徽濯清信息科技有限公司,Z,90,APP,4,43.2,F,汉,99999,4,01,FATHER,FRIENDS,1,70.0,安徽省,CONSUME,01,,31.790009392694047,117.19896237577328,ANDROID,,安徽省合肥市蜀山区芙蓉社区石鼓路15号,0
100000,,衡阳市,中山市万鼎餐饮服务有限公司,Z,90,XCX,2,39.6,M,汉,5924,4,01,MATE,PARENTS,1,89.932,湖南省,CONSUME,01,,22.523967264573238,113.37985795894172,ANDROID,,广东省中山市东区街道孙文东路52号,0
100000,302,广州市,宁基贸易公司,Z,90,APP,2,48.9,F,汉,1834,2,01,FATHER,FATHER,1,70.0,广东省,CONSUME,01,,23.215149709246629,113.26753000725012,IOS,,广东省广州市白云区鹤龙街道云康南路,0
100000,,温州市,龙港市三登工艺礼品厂,Z,90,XCX,2,35.8,F,汉,3795,2,01,FATHER,SIBLING,1,70.0,浙江省,CONSUME,01,,27.51552300347222,120.51289930555555,ANDROID,,浙江省温州市龙港市江山片区灵宜线,0
100000,,佛山市,杭州信雅达网络服务有限公司,Z,90,XCX,3,29.6,M,汉,1478,2,01,SIBLING,FRIENDS,2,93.652,广东省,CONSUME,01,,22.899480794270833,112.93087565104166,ANDROID,,广东省佛山市南海区西樵镇,0
100000,,滁州市,天长红声置业有限公司,K,17,XCX,2,32.4,F,汉,5425,4,01,FATHER,FRIENDS,1,70.0,安徽省,CONSUME,01,,32.52941677517361,118.9943874782986,ANDROID,,安徽省滁州市天长市冶山镇颐养大道,0
100000,103,潍坊市,山东亮鸿安全技术服务有限公司,C,24,XCX,4,33.4,M,汉,910,4,01,MATE,FRIENDS,1,70.0,山东省,CONSUME,01,,36.86192174647094,118.7974153748082,IOS,,山东省潍坊市寿光市洛城街道弥河东坝,0
100000,,重庆市,重庆鸿沃畜牧有限责任公司,Z,90,APP,4,34.1,M,汉,659,2,01,FATHER,FRIENDS,1,86.348,重庆市,CONSUME,01,,30.922159,108.725026,ANDROID,,重庆市云阳县青龙街道S103(移民大道),0
100000,105,临沂市,贝因美奶粉,H,54,APP,2,27.8,M,汉,6998,4,01,RELATIVES,FRIENDS,1,70.0,山东省,CONSUME,01,,35.538757967369189,117.65105497352279,IOS,,山东省临沂市平邑县平邑街道S241(泗河路),0
100000,,武汉市,张玲个人工作室,H,54,XCX,3,41.8,F,汉,3758,4,01,MATE,FATHER,1,70.0,湖北省,CONSUME,01,,30.8272948930335,114.22420733032101,ANDROID,,湖北省武汉市黄陂区祁家湾街道,1
100000,105,玉溪市,江川区育英幼儿园,P,13,XCX,3,37.0,F,汉,3862,4,01,FATHER,MOTHER,1,88.743,云南省,CONSUME,01,,24.306651538024818,102.64445865983747,ANDROID,,云南省玉溪市江川区九溪镇S34(玉江高速),0
100000,105,嘉兴市,桐乡市崇福牧凤服装店,H,54,APP,3,44.8,M,汉,3528,2,01,MATE,FATHER,1,90.803,浙江省,CONSUME,01,,30.541728987884853,120.45901749833912,ANDROID,,浙江省嘉兴市桐乡市崇福镇G320辅路,1
100000,104,抚州市,中国联通抚州分么司,G,13,APP,4,49.0,M,汉,4750,4,01,MATE,FATHER,1,88.918,江西省,CONSUME,01,,27.75643166175555,116.52818460026714,ANDROID,,江西省抚州市临川区腾桥镇,0
100000,,孝感市,深圳市龙岗左庭右院海豚母婴店,H,54,APP,2,47.2,F,汉,145,3,01,SIBLING,FRIENDS,2,70.0,湖北省,CONSUME,01,,22.647149,114.180009,ANDROID,,广东省深圳市龙岗区横岗街道埔夏路80号,0
100000,,上海市,单位餐饮,I,54,APP,2,48.3,M,汉,3554,2,01,FATHER,SIBLING,1,70.0,上海市,CONSUME,01,,31.593631,121.480064,ANDROID,,上海市崇明区城桥镇推虾港路,0
100000,,青岛市,青岛美欧学校,P,13,XCX,4,29.9,F,汉,5976,3,01,MOTHER,FATHER,1,70.0,山东省,CONSUME,01,,36.354084201388886,120.34720675998264,ANDROID,,山东省青岛市即墨区通济街道,0
100000,103,文山壮族苗族自治州,文山市强浩水电安装经营部,D,17,APP,4,35.7,M,彝,6231,4,01,PARENTS,RELATIVES,2,70.0,云南省,CONSUME,01,,23.340611,104.254877,ANDROID,,云南省文山壮族苗族自治州文山市新平街道348县道,0
100000,308,泰州市,园林美容美发,O,17,XCX,3,40.7,F,汉,3902,4,01,PARENTS,MATE,1,89.223,江苏省,CONSUME,01,,32.45250983822395,119.92677358102141,ANDROID,,江苏省泰州市海陵区凤凰街道引凤路,0
100000,105,北京市,北京味好美餐饮管理有限公司,P,13,APP,4,45.0,M,汉,5732,4,01,FATHER,FRIENDS,1,70.0,北京市,CONSUME,01,,39.97604338823099,116.33239031596389,ANDROID,,北京市海淀区中关村街道知春路47号院-1号楼,1
100000,103,青岛市,金锋食品科技苏州有限公司,G,13,XCX,4,33.1,F,汉,5027,4,01,MATE,FRIENDS,2,70.0,山东省,CONSUME,01,,30.54359181839851,104.3019586384964,IOS,,四川省成都市龙泉驿区山泉镇,0
100000,103,盖州市,大连中集集装箱有限公司,F,17,APP,2,35.9,M,汉,4636,4,01,PARENTS,FRIENDS,1,70.0,辽宁省,CONSUME,01,,39.005696,121.563241,ANDROID,,辽宁省大连市甘井子区南关岭街道西洼街,1
100000,,漯河市,河南省漯河市海樱调味料公司,Z,90,XCX,2,39.6,M,汉,3947,4,01,PARENTS,SIBLING,1,70.0,河南省,CONSUME,01,,33.556865,114.05961,ANDROID,,河南省漯河市召陵区翟庄街道珠江路,0
100000,309,上饶市,硕维轨道股份有限公司,F,17,APP,3,25.9,M,汉,1530,3,01,FRIENDS,FRIENDS,2,88.425,江西省,CONSUME,01,,30.299232874095787,120.48594476020829,ANDROID,,浙江省杭州市钱塘区义蓬街道横一路辅路,0
100000,104,北京市,北京希尔顿逸林酒店,I,54,XCX,4,39.8,M,汉,3657,3,01,MATE,FRIENDS,1,70.0,北京市,CONSUME,01,,39.98127140679619,116.35685666411756,ANDROID,,北京市海淀区花园路街道学院路38号院-11号楼,0
100000,403,保定市,吴亚洲个人工作室,Z,90,APP,4,38.1,M,汉,4948,4,01,FRIENDS,FRIENDS,1,87.293,河北省,CONSUME,01,,38.71652435304702,115.15150229455404,ANDROID,,河北省保定市望都县望都镇北环东路,0
100000,102,常德市,常德市溢硕建设工程有限公司,E,24,XCX,3,38.4,F,汉,4305,2,01,FRIENDS,RELATIVES,1,70.0,湖南省,CONSUME,01,,29.660374,111.757372,ANDROID,,湖南省常德市澧县澧阳街道解放路,0
100000,,聊城市,山东猛力电机有限公司,C,24,APP,2,35.9,M,汉,5683,3,01,MATE,FRIENDS,1,70.0,山东省,CONSUME,01,,36.872818,115.81641,ANDROID,,山东省聊城市临清市先锋路街道,0
100000,103,运城市,鼎盛图文,R,17,APP,3,36.0,F,汉,3908,3,01,RELATIVES,FRIENDS,1,70.0,山西省,CONSUME,01,,35.291957,111.361793,ANDROID,,山西省运城市闻喜县裴社镇,0
100000,102,蚌埠市,芜湖婷胜园艺有限公司,A,27,APP,2,32.7,F,汉,995,4,01,MATE,SIBLING,1,88.403,安徽省,CONSUME,01,,33.10547394876621,117.10413410207073,ANDROID,,安徽省蚌埠市怀远县古城镇二号路,0
100000,102,西安市,刘梦迪个人工作室,Z,90,APP,2,31.0,F,汉,6202,4,01,MATE,FATHER,3,70.0,陕西省,CONSUME,01,,34.41229092505578,109.00274617589762,ANDROID,,陕西省西安市未央区未央湖街道启源三路,0
100000,105,温州市,瑞安市子远副食,H,54,APP,2,45.9,M,汉,394,3,01,MATE,COLLEAGUE,1,95.072,浙江省,CONSUME,01,,27.774077621842605,120.6547906157537,ANDROID,,浙江省温州市瑞安市安阳街道则诚路,0
100000,105,东莞市,东莞市交投集团常虎高速分公司,H,54,APP,3,30.4,M,汉,5843,4,01,PARENTS,FRIENDS,2,70.0,广东省,CONSUME,01,,22.84576837129481,114.1303898185519,ANDROID,,广东省东莞市清溪镇清溪百家路,0
100000,104,南阳市,中广核中国能建,Z,90,XCX,2,37.1,M,汉,4272,4,01,FATHER,FRIENDS,2,70.0,河南省,CONSUME,01,,27.202908,120.516351,ANDROID,,浙江省温州市苍南县霞关镇核岛北路,0
100000,105,黄冈市,中建新疆建工,E,24,APP,2,39.0,M,汉,4303,3,01,FRIENDS,COLLEAGUE,1,91.509,湖北省,CONSUME,02,,28.630409495099607,115.95460590537923,ANDROID,,江西省南昌市青山湖区江西青山湖高新技术产业园区罗城公路,0
100000,,汕尾市,深圳市生命源水业有限公司,Z,90,APP,2,35.0,M,汉,4473,2,01,SIBLING,FRIENDS,2,70.0,广东省,CONSUME,01,,22.588494,114.192632,ANDROID,,广东省深圳市罗湖区东湖街道,0
100000,102,广州市,广州市龙湖街旺村老人安置中心,K,17,APP,3,32.1,M,汉,7128,3,01,RELATIVES,FRIENDS,2,84.646,广东省,CONSUME,01,,23.280504007716869,113.58714535137203,ANDROID,,广东省广州市黄埔区新龙镇丰彩街,0
100000,103,昭通市,中国铁通,G,13,XCX,2,29.3,M,汉,6113,2,01,RELATIVES,COLLEAGUE,2,70.0,云南省,CONSUME,01,,28.6574365234375,103.86496799045139,ANDROID,,云南省昭通市绥江县南岸镇珍珠路,0
100000,103,扬州市,糜清个人工作室,Z,90,APP,3,31.9,F,汉,6616,4,01,MATE,SIBLING,1,83.948,江苏省,CONSUME,01,,32.469012381242539,119.3517451103076,IOS,,江苏省扬州市邗江区甘泉街道庵庄路,0
100000,105,东莞市,东莞市瑞辰密封件有限公司,C,24,APP,3,49.3,M,汉,2009,4,01,MOTHER,FATHER,3,70.0,广东省,CONSUME,01,,23.114379680227466,113.85299705757632,ANDROID,,广东省东莞市石龙镇联合街68号,0
100000,103,达州市,华顺灯饰有限公司,C,24,APP,2,33.1,M,汉,5663,4,01,SIBLING,FRIENDS,1,93.164,四川省,CONSUME,02,,28.901821993090967,121.2076494475021,ANDROID,,浙江省台州市临海市大田街道柏叶东路,0
100000,,西双版纳傣族自治州,普洱顺飞商贸有限公司,Z,90,XCX,3,40.8,M,哈尼,4795,3,01,FATHER,FRIENDS,1,70.0,云南省,CONSUME,01,,22.813957,100.970251,ANDROID,,云南省普洱市思茅区思茅街道孟连路,0
100000,105,茂名市,湛江市厚源药业有限公司,M,11,APP,4,39.8,F,汉,4999,4,01,FATHER,COLLEAGUE,1,90.44055,广东省,CONSUME,01,,21.270746661101659,110.3395860909306,IOS,,广东省湛江市赤坎区寸金街道燕岭大道中,0
100000,102,周口市,诸事顺杀猪粉,I,54,XCX,2,22.6,M,汉,2352,2,01,RELATIVES,FRIENDS,2,70.0,河南省,CONSUME,01,,29.353199265506487,120.05822921474345,ANDROID,,浙江省金华市义乌市后宅街道通泰路,0
100000,104,七台河市,武汉吉美空间设计有限公司潍坊分公司,H,54,APP,4,31.5,F,汉,5741,4,01,MATE,PARENTS,1,92.2799,黑龙江省,CONSUME,01,,28.22942249119489,113.08845707829399,ANDROID,,湖南省长沙市长沙县泉塘街道东二路辅路,0
100000,102,上海市,马丁个人工作室,Z,90,XCX,3,38.9,M,汉,3290,4,01,MOTHER,FRIENDS,1,86.932,上海市,CONSUME,01,,31.154156998449154,121.12745314218835,ANDROID,,上海市青浦区夏阳街道公园路1828号,0
100000,,咸阳市,吕桥个人工作室,Z,90,APP,4,25.3,F,汉,1708,4,01,FATHER,FRIENDS,2,70.66245,陕西省,CONSUME,01,,34.56306281163933,108.51210357552667,ANDROID,,陕西省咸阳市礼泉县赵镇S108,0
100000,102,梧州市,星宝缝纫制品（深圳）有限公司,C,24,APP,4,38.9,F,汉,4366,3,01,FRIENDS,MATE,1,87.037,广西壮族自治区,CONSUME,01,,22.702968476953829,114.24870677112514,ANDROID,,广东省深圳市龙岗区龙岗街道宝南路,0
100000,105,周口市,上海恒舒货运代理有限公司,Z,90,APP,2,41.3,M,汉,4655,4,01,MATE,FRIENDS,1,70.0,河南省,CONSUME,01,,31.379010195795435,121.4547258716862,ANDROID,,上海市宝山区杨行镇铁山路256号,0
100000,103,咸阳市,暂未提供公司名称,Z,90,APP,3,44.8,M,汉,695,3,01,MATE,OTHER,1,70.0,陕西省,CONSUME,01,,34.655013803026097,109.23002059611649,ANDROID,,陕西省西安市阎良区新华路街道试飞院路8号,0
100000,102,资阳市,瑞联电气股份有限公司,G,13,APP,3,36.5,F,汉,4415,2,01,FATHER,RELATIVES,2,70.0,四川省,CONSUME,01,,30.690120098117317,103.96613298270381,ANDROID,,四川省成都市青羊区苏坡街道黄土街,1
100000,102,南充市,吴雪平个人工作室,L,17,APP,3,41.5,M,汉,4286,4,01,FATHER,FATHER,1,85.399,四川省,CONSUME,01,,31.298006,106.552324,ANDROID,,四川省南充市仪陇县文星镇,0
100000,,南通市,天福禅寺,S,11,APP,2,36.1,M,汉,4695,4,01,MATE,FRIENDS,1,89.9842,江苏省,CONSUME,01,,32.61968929255663,120.57507825698103,ANDROID,,江苏省南通市海安市海安县农场,0
100000,103,威海市,界石镇中心幼儿园,P,13,XCX,3,26.4,F,汉,1534,4,01,FATHER,COLLEAGUE,2,70.0,山东省,CONSUME,01,,37.18939272843775,122.06667956729982,ANDROID,,山东省威海市文登区天福路街道天福路,0
100000,103,威海市,界石镇中心幼儿园,P,13,XCX,3,26.4,F,汉,1534,4,01,FATHER,COLLEAGUE,2,70.0,山东省,CONSUME,01,,37.18939272843775,122.06667956729982,ANDROID,,山东省威海市文登区天福路街道天福路,0
100000,105,邯郸市,魏县耀东矿山设备有限公司,C,24,APP,3,27.0,F,汉,7145,4,01,RELATIVES,FRIENDS,2,70.0,河北省,CONSUME,01,,36.609984651772219,114.54409360345898,ANDROID,,河北省邯郸市丛台区兼庄乡G4(京港澳高速),0
100000,,吉安市,深圳。威特朗电子有限公司,Z,90,APP,2,32.9,M,汉,5039,4,,MOTHER,RELATIVES,2,70.0,江西省,CONSUME,04,,22.782268,113.833376,ANDROID,,广东省深圳市宝安区松岗街道溪头工业一路,0
100000,102,苏州市,苏州天盛建设工程有限公司,E,24,APP,3,38.8,M,汉,5944,2,01,MATE,FRIENDS,1,88.657,江苏省,CONSUME,01,,31.424438142603763,120.44161522662877,ANDROID,,江苏省苏州市相城区望亭镇紫竹街,0
100000,,吉安市,深圳。威特朗电子有限公司,Z,90,APP,2,32.9,M,汉,5039,4,,MOTHER,RELATIVES,2,70.0,江西省,CONSUME,04,,22.782268,113.833376,ANDROID,,广东省深圳市宝安区松岗街道溪头工业一路,0
100000,,临汾市,中国二十冶,C,24,APP,4,33.2,M,汉,5584,4,01,PARENTS,FRIENDS,1,70.0,山西省,CONSUME,01,,36.01105671550986,111.35403759369848,ANDROID,,山西省临汾市襄汾县襄陵镇河黄线,0
100000,103,邢台市,邢台市达扬建筑工程有限公司,E,24,APP,4,35.3,M,汉,4573,4,01,MATE,FATHER,1,85.628,河北省,CONSUME,01,,37.00371353883719,115.28326056808051,ANDROID,,河北省邢台市威县贺营镇G106(世纪大街),0
100000,105,南阳市,河南冠睿建筑工程有限公司,E,24,APP,3,38.4,M,汉,4502,4,01,PARENTS,FRIENDS,1,70.0,河南省,CONSUME,01,,33.02343032318817,112.21220330847487,ANDROID,,河南省南阳市镇平县雪枫街道,1
100000,,重庆市,吴静怡个人工作室,Z,90,XCX,2,30.3,F,汉,178,2,01,PARENTS,FRIENDS,2,70.0,重庆市,CONSUME,01,,31.36600778191241,108.0206978834273,ANDROID,,四川省达州市宣汉县南坝镇,0
100000,102,哈尔滨市,哈锅锅炉制造技术有限公司,C,24,APP,4,31.0,M,汉,5680,4,01,PARENTS,FATHER,2,88.302,黑龙江省,CONSUME,01,,45.5872253604695,126.59231848221575,ANDROID,,黑龙江省哈尔滨市平房区平新街道哈南第二大道,0
100000,,赣州市,厦门浩旺医药有限公司,Z,90,XCX,2,35.3,M,汉,176,4,01,MATE,COLLEAGUE,3,70.0,江西省,CONSUME,01,,25.041707286389007,118.11215988856074,ANDROID,,福建省泉州市安溪县官桥镇,0
100000,103,湖州市,万肖伊个人工作室,Z,90,APP,3,40.0,F,汉,5556,4,01,MATE,SIBLING,1,70.0,浙江省,CONSUME,01,,30.618708,119.677482,ANDROID,,浙江省湖州市安吉县递铺街道丰华路,0
100000,105,沈阳市,中国人寿保险股份有限公司,J,13,APP,4,32.3,M,汉,6324,3,01,SIBLING,SIBLING,2,70.0,辽宁省,CONSUME,01,,41.524498,122.750516,ANDROID,,辽宁省沈阳市辽中区蒲西街道蒲西街,0
100000,,淮南市,罗曼女装,H,54,APP,2,39.8,F,汉,4894,4,01,PARENTS,FRIENDS,1,70.0,安徽省,CONSUME,01,,32.659623,117.024665,ANDROID,,安徽省淮南市田家庵区新淮街道香港街,0
100000,103,丽水市,珠海市千裕装修有限公司,E,24,APP,2,41.3,F,汉,5256,4,01,RELATIVES,OTHER,1,70.0,浙江省,CONSUME,01,,31.568558864748746,105.9665155220756,IOS,,四川省南充市阆中市江南街道阆南桥街44号,0
100000,,杭州市,龙翔印染,Z,90,XCX,3,45.9,M,汉,392,2,01,FATHER,FATHER,1,70.0,浙江省,CONSUME,01,,28.13516574435764,112.98637912326389,ANDROID,,湖南省长沙市天心区文源街道青园路163号,0
100000,,广安市,金妈家烤肉,I,54,XCX,2,41.2,M,汉,4235,2,01,MOTHER,SIBLING,1,84.175,四川省,CONSUME,01,,30.458573126693279,106.07845111614989,ANDROID,,四川省广安市武胜县烈面镇,0
100000,,大连市,巡特警大队,S,11,APP,4,29.7,M,汉,512,2,01,MOTHER,FRIENDS,1,70.0,辽宁省,CONSUME,01,,39.627611,121.999461,ANDROID,,辽宁省大连市瓦房店市共济街道新华路17号,0
100000,104,泉州市,泉州宝鹰卫浴有效公司,C,24,XCX,2,34.5,M,汉,5676,3,01,MATE,FRIENDS,1,70.0,福建省,CONSUME,01,,25.020971825268938,118.2872785720499,ANDROID,,福建省泉州市南安市仑苍镇G358,1
100000,,咸宁市,鑫粤模具科技有限公司,H,54,XCX,3,42.9,M,汉,4506,3,01,PARENTS,SIBLING,1,70.0,湖北省,CONSUME,01,,25.81298065581,113.016052255965,ANDROID,,湖南省郴州市北湖区北湖街道国庆北路,0
100000,403,周口市,苗建飞个人工作室,Z,90,APP,3,44.2,M,汉,4090,4,01,RELATIVES,CHILDREN,1,70.0,河南省,CONSUME,01,,31.390313140441344,121.47269302045105,ANDROID,,上海市宝山区杨行镇,0
100000,,太原市,山西聚福鑫建筑安装工程有限,E,24,APP,2,32.1,M,汉,6727,2,01,MATE,FRIENDS,1,70.0,山西省,CONSUME,01,,33.861774,109.943590,ANDROID,,陕西省商洛市商州区城关街道秦鼎路,0
100000,102,沈阳市,辽宁赢德合同能源管理有限公司,Z,90,APP,4,27.7,M,朝鲜,2556,4,01,FATHER,FRIENDS,2,86.071,辽宁省,CONSUME,01,,41.8860190475337,123.41476093771463,ANDROID,,辽宁省沈阳市皇姑区陵东街道陵北街129-2号,0
100000,,广州市,广州市白云区大荣精细化工有限公司,Z,90,XCX,4,26.5,M,汉,1446,2,01,MOTHER,FATHER,2,70.0,广东省,CONSUME,01,,23.295800448499209,113.31306336489571,ANDROID,,广东省广州市白云区龙归街道夏良横路,0
100000,103,重庆市,重庆佐佐舞团,C,24,XCX,4,25.7,F,汉,1898,4,01,MOTHER,FRIENDS,2,73.086,重庆市,CONSUME,01,,29.524440419800667,106.58163861803428,IOS,,重庆市南岸区南坪镇江南立交,0
100000,103,永州市,大庆坪乡政府,S,11,APP,2,33.7,M,汉,5557,4,01,PARENTS,FRIENDS,1,70.0,湖南省,CONSUME,01,,25.933037500067067,111.31069532712046,ANDROID,,湖南省永州市零陵区大庆坪乡,0
100000,,汉中市,汉中海轩宇建筑工程有限公司,E,24,APP,2,38.7,F,汉,4788,4,01,MATE,RELATIVES,1,95.0,陕西省,CONSUME,01,,32.826916193465859,106.26064551406252,ANDROID,,陕西省汉中市宁强县汉源街道环城路,0
100000,,南阳市,蔡伏坤个人工作室,H,54,XCX,2,36.4,M,汉,4475,4,01,MATE,COLLEAGUE,1,70.0,河南省,CONSUME,01,,33.226287642555967,119.667848945563009,ANDROID,,江苏省扬州市宝应县广洋湖镇X303,0
100000,403,盐城市,上海迅庄建筑工程有限公司,E,24,APP,2,31.7,F,汉,5969,4,01,RELATIVES,RELATIVES,1,70.0,江苏省,CONSUME,01,,31.44997282545231,121.41471709824899,IOS,,上海市宝山区月浦镇经二路,0
100000,,通辽市,途虎养车工场店,Z,90,APP,2,46.4,M,蒙古,249,3,01,FRIENDS,MATE,3,70.0,内蒙古自治区,CONSUME,01,,40.171829,116.495661,ANDROID,,北京市顺义区高丽营镇四村后街19号,0
100000,105,榆林市,一出戏推理社,H,54,APP,3,29.4,M,汉,1933,2,01,FATHER,FRIENDS,2,85.025,陕西省,CONSUME,01,,38.23156225134368,109.76047943522849,IOS,,陕西省榆林市榆阳区长城路街道庆华路,0
100000,104,成都市,大唐房屋中介公司,Z,90,APP,2,28.5,M,汉,1960,2,01,MOTHER,FRIENDS,2,70.0,四川省,CONSUME,02,,29.602672,103.484289,ANDROID,,四川省乐山市峨眉山市绥山镇绥山西路60号,0
100000,,淮北市,恒鑫汽车维修养护中心,Z,90,XCX,3,25.2,F,汉,2269,3,01,MATE,SIBLING,1,82.27,安徽省,CONSUME,01,,34.034343804253474,116.86807996961805,ANDROID,,安徽省淮北市杜集区朔里镇北外环路,0
100000,105,巴中市,成都一秒文化发展有限公司,R,17,APP,3,37.4,M,汉,6113,2,01,FATHER,FRIENDS,2,82.885,四川省,CONSUME,01,,30.65417306476476,103.98851778401428,ANDROID,,四川省成都市武侯区晋阳街道万华街35,0
100000,,黔东南苗族侗族自治州,黎平县智辉房屋建筑制图工作室,K,17,XCX,3,41.6,M,侗,3820,3,01,COLLEAGUE,MATE,1,70.0,贵州,CONSUME,01,,27.745260145399307,112.05667995876736,ANDROID,,湖南省娄底市娄星区大埠桥街道泉塘街,0
100000,,巴中市,西一实业有限公司,C,24,XCX,2,31.0,M,汉,38,4,01,MATE,FRIENDS,1,70.0,四川省,CONSUME,01,,31.98382305181556,106.79996300742106,ANDROID,,四川省巴中市巴州区天马山镇,0
100000,,黔东南苗族侗族自治州,黎平县智辉房屋建筑制图工作室,K,17,XCX,3,41.6,M,侗,3820,3,01,COLLEAGUE,MATE,1,70.0,贵州,CONSUME,01,,27.745260145399307,112.05667995876736,ANDROID,,湖南省娄底市娄星区大埠桥街道泉塘街,0
100000,104,常德市,皮黎明个人工作室,Z,90,APP,2,28.1,M,汉,6964,4,01,MATE,FATHER,2,70.0,湖南省,CONSUME,01,,22.67425296028106,113.93998315177483,ANDROID,,广东省深圳市宝安区石岩街道石清大道,0
100000,,常州市,溧阳市炜鸿实业发展有限公司,C,24,XCX,4,30.0,M,汉,6153,4,,MATE,COLLEAGUE,1,73.849,江苏省,CONSUME,04,,31.39242892795139,119.50109944661459,ANDROID,,江苏省常州市溧阳市溧城街道金汇路,0
100000,,巴中市,西一实业有限公司,C,24,XCX,2,31.0,M,汉,38,4,01,MATE,FRIENDS,1,70.0,四川省,CONSUME,01,,31.98382305181556,106.79996300742106,ANDROID,,四川省巴中市巴州区天马山镇,0
100000,105,台州市,金山农家乐,H,54,APP,2,47.5,M,汉,5448,3,01,RELATIVES,COLLEAGUE,1,87.93,浙江省,CONSUME,01,,28.666933,121.253409,ANDROID,,浙江省台州市黄岩区东城街道大桥路,0
100000,,福州市,金辉城市,Z,90,XCX,2,47.8,F,汉,2850,2,01,MOTHER,FRIENDS,1,70.0,福建省,CONSUME,01,,25.61770462444968,119.49635750097025,ANDROID,,福建省福州市福清市龙田镇G228(滨海大通道),0
100000,,曲靖市,无成都满江红鱼府,Z,90,XCX,3,49.5,M,汉,2817,4,01,OTHER,OTHER,2,70.0,云南省,CONSUME,01,,25.292189,103.877934,ANDROID,,云南省曲靖市麒麟区越州镇,0
100000,,日照市,徐雅倩个人工作室,Z,90,APP,4,29.0,F,汉,1004,4,01,FATHER,FRIENDS,2,83.576,山东省,CONSUME,01,,23.456705730875677,103.34623379955905,ANDROID,,云南省红河哈尼族彝族自治州蒙自市雨过铺街道宜民路,0
100000,103,忻州市,自己的挖掘机,Z,90,APP,3,33.4,M,汉,6431,4,01,MATE,FRIENDS,1,89.015,山西省,CONSUME,01,,38.65439015258173,113.16249013738019,ANDROID,,山西省忻州市五台县东冶镇,0
100000,,清远市,日诚金属制品有限公司,C,24,APP,2,30.1,M,汉,199,4,01,FATHER,FRIENDS,2,90.244,广东省,CONSUME,01,,23.17610967960472,113.15229950505464,ANDROID,,广东省佛山市南海区里水镇大头岗路,0
100000,,上饶市,凯耀移门商行,H,54,XCX,3,26.5,M,汉,1190,4,01,FATHER,COLLEAGUE,2,70.0,江西省,CONSUME,01,,28.96152045355903,118.91972846137153,ANDROID,,浙江省衢州市衢江区樟潭街道山庄路,0
100000,,安顺市,国委液压厂,C,24,XCX,2,35.3,M,汉,4486,4,01,FRIENDS,COLLEAGUE,1,70.0,贵州省,CONSUME,01,,29.91402,120.372248,ANDROID,,浙江省绍兴市诸暨市店口镇解放东路,0
100000,103,齐齐哈尔市,伟鸿美食城,I,54,APP,2,38.5,M,汉,4285,2,01,FATHER,SIBLING,2,70.0,黑龙江省,CONSUME,01,,41.89671109910095,123.50059257186469,ANDROID,,辽宁省沈阳市大东区文官街道G1501(京哈高速),0
100000,,辽源市,企业文化,R,17,APP,2,32.1,M,汉,1051,4,01,RELATIVES,RELATIVES,2,70.0,吉林省,CONSUME,01,,2,125.702908,ANDROID,,[],0
100000,,宜春市,枫尚商务公寓,L,17,XCX,2,41.8,F,汉,4509,4,01,MATE,RELATIVES,1,70.0,江西省,CONSUME,01,,28.24616916232639,113.11003879123264,ANDROID,,湖南省长沙市长沙县星沙街道东七路,0
100000,102,聊城市,济南泉立方公司,P,13,APP,4,29.1,M,汉,6791,2,01,FATHER,FRIENDS,2,92.31,山东省,CONSUME,01,,36.41059277337782,115.9704753859222,ANDROID,,山东省聊城市东昌府区湖西街道松桂大街,0
100000,102,益阳市,耐普泵业有限公司,C,24,APP,4,38.1,F,汉,5804,4,01,MATE,MOTHER,1,72.121,湖南省,CONSUME,01,,28.452639437866929,112.62870816886694,ANDROID,,湖南省长沙市宁乡市双江口镇S324,0
100000,,重庆市,助友创美,Z,90,XCX,2,42.6,F,汉,2630,4,01,MATE,SIBLING,1,70.0,重庆市,CONSUME,01,,28.106465657552082,113.01333387586806,IOS,,湖南省长沙市雨花区洞井街道洞井路,0
100000,103,揭阳市,黄埔家荣便利店,H,54,APP,3,49.9,M,汉,285,3,01,MATE,CHILDREN,1,70.0,广东省,CONSUME,01,,23.088424963448565,113.52718934225912,ANDROID,,广东省广州市黄埔区南岗街道农林上路一横路16号401,0
100000,,清远市,嘉衡珠宝有限公司,C,24,XCX,2,44.0,M,汉,5072,2,01,FATHER,SIBLING,1,70.0,广东省,CONSUME,01,,22.959866,113.347986,ANDROID,,广东省广州市番禺区沙头街道格田大街,0
100000,,阜阳市,宋倩倩个人工作室,R,17,XCX,4,27.1,F,汉,926,4,01,FATHER,FRIENDS,2,90.533,安徽省,CONSUME,01,,30.29854551707076,120.04417538871762,IOS,,浙江省杭州市余杭区五常街道余杭塘路,0
100000,,开封市,王芬个人工作室,Z,90,XCX,3,43.3,F,汉,1821,4,01,FRIENDS,FRIENDS,1,70.0,河南省,CONSUME,01,,34.431946,114.18164,ANDROID,,河南省开封市尉氏县邢庄乡安康路,0
100000,102,晋中市,逯瑞萍个人工作室,Z,90,APP,2,49.7,F,汉,1044,4,01,FATHER,FRIENDS,3,70.0,山西省,CONSUME,01,,37.862279,113.338604,ANDROID,,山西省晋中市寿阳县尹灵芝镇G20(青银高速),0
100000,,曲靖市,师宗县龙庆幼儿园,Z,90,APP,4,36.2,F,彝,4440,2,01,COLLEAGUE,COLLEAGUE,2,70.0,云南省,CONSUME,01,,24.827503,104.014246,ANDROID,,云南省曲靖市师宗县丹凤街道福昆线辅路,1
100000,102,许昌市,丁晓阳个人工作室,Z,90,XCX,2,37.0,M,汉,4732,2,01,MOTHER,FRIENDS,1,70.0,河南省,CONSUME,01,,34.66734086742112,113.66153466239797,ANDROID,,河南省郑州市管城回族区十八里河街道南四环,0
100000,,沈阳市,沈阳工业大学,Z,90,XCX,4,29.0,M,汉,6379,3,01,FATHER,FRIENDS,2,70.0,辽宁省,CONSUME,01,,41.89274439575543,123.41641072617303,ANDROID,,辽宁省沈阳市皇姑区陵东街道蔷薇河北街,0
100000,103,聊城市,聊城睿阔汽车服务有限公司,O,17,APP,2,26.4,M,汉,443,4,01,FATHER,SIBLING,2,70.0,山东省,CONSUME,01,,36.51103984159128,116.00720400952325,ANDROID,,山东省聊城市东昌府区北城街道S706辅路,0
100000,310,沈阳市,北京贝威通能源科技有限公司沈阳分公司,G,13,XCX,3,25.1,M,汉,1991,2,01,RELATIVES,FRIENDS,1,86.863,辽宁省,CONSUME,01,,41.95207841102813,123.47047337933788,ANDROID,,辽宁省沈阳市沈北新区虎石台街道冬雪湖街,0
100000,102,西安市,刘驰宇个人工作室,Z,90,XCX,2,23.6,M,汉,2552,4,01,PARENTS,FRIENDS,2,70.0,陕西省,CONSUME,01,,34.21036807775295,108.9030953221904,ANDROID,,陕西省西安市雁塔区电子城街道电子三路13,0
100000,,蚌埠市,汪友宠物店,Z,90,XCX,2,41.6,F,汉,4678,4,01,RELATIVES,FRIENDS,1,70.0,安徽省,CONSUME,01,,32.95115755803941,117.41072945567879,ANDROID,,安徽省蚌埠市龙子湖区曹山街道X003,0
100000,102,桂林市,景德镇市瑞邦电子,G,13,XCX,4,41.0,M,汉,3443,3,01,FATHER,MATE,1,70.0,广西壮族自治区,CONSUME,01,,29.222566,117.086271,ANDROID,,江西省景德镇市昌江区鲇鱼山镇,0
100000,102,商洛市,吴枝涛个人工作室,Z,90,APP,2,32.3,M,汉,6144,2,,PARENTS,MATE,1,83.358,陕西省,CONSUME,01,,33.430177382340009,109.17167366958492,ANDROID,,陕西省商洛市镇安县永乐街道G65(包茂高速),0
100000,103,甘孜藏族自治州,土登邓珠个人工作室,Z,90,XCX,3,45.9,M,藏,924,2,01,MOTHER,FATHER,2,70.0,四川省,CONSUME,01,,32.97512160041257,98.10195363882522,IOS,,四川省甘孜藏族自治州石渠县尼呷镇恩康街,0
100000,104,南昌市,江西易车汽车销售服务有限公司,H,54,APP,3,39.0,M,汉,3533,3,01,MATE,FRIENDS,1,70.0,江西省,CONSUME,01,,24.72329030666467,118.63912048504771,ANDROID,,福建省泉州市石狮市湖滨街道书塔大道,0
100000,,宿州市,宁波起重设备有限公司,C,24,XCX,2,48.7,M,汉,926,2,01,RELATIVES,FRIENDS,1,70.0,安徽省,CONSUME,01,,29.294317441105567,121.43643177294247,ANDROID,,浙江省宁波市宁海县跃龙街道人民大道380号,0
100000,104,苏州市,苏州协诚信息科技有限公司,G,13,APP,4,45.0,M,汉,3555,4,,FATHER,SIBLING,1,70.0,江苏省,CONSUME,01,,31.437961,120.688832,ANDROID,,江苏省苏州市相城区太平街道富升路,0
100000,,济宁市,山东昊晟全铝家居科技有限公司,Z,90,XCX,3,30.3,M,汉,1087,4,01,MATE,FRIENDS,1,70.0,山东省,CONSUME,01,,35.22043298874088,116.45367467551773,ANDROID,,山东省济宁市任城区喻屯镇,0
100000,,扬州市,江苏空间新盛建设工程有限公司,E,24,XCX,2,46.6,M,汉,79,3,01,MOTHER,FRIENDS,1,91.558,江苏省,CONSUME,01,,32.51404106987847,119.61404541015625,ANDROID,,江苏省扬州市江都区丁伙镇花庄路,0
100000,103,重庆市,翟航物流,F,17,APP,2,39.4,M,汉,4136,3,01,FRIENDS,MATE,1,70.0,重庆市,CONSUME,01,,29.46712884912226,106.24127451626907,ANDROID,,重庆市璧山区青杠街道青杠服务区,0
100000,309,温州市,四川省江油市德力西电器有限公司,C,24,APP,4,39.4,M,汉,2637,4,01,RELATIVES,FRIENDS,1,70.0,浙江省,CONSUME,01,,31.77323682476197,104.75689783639555,ANDROID,,四川省绵阳市江油市长城街道聚慧路,0
100000,,青岛市,李晓晶个人工作室,Z,90,XCX,4,38.6,F,汉,2951,3,01,MOTHER,MATE,1,70.0,山东省,CONSUME,02,,36.15611762152778,120.42257378472222,ANDROID,,山东省青岛市李沧区浮山路街道九水路86-4,0
100000,103,常德市,李洪霞个人工作室,Z,90,XCX,2,31.3,F,汉,6277,2,01,FATHER,FATHER,1,70.0,湖南省,CONSUME,01,,29.644457,111.745052,IOS,,湖南省常德市澧县澧阳街道澧州路925,0
100000,,开封市,批发零售企业,Z,90,APP,2,28.5,F,汉,2040,2,01,FATHER,OTHER,1,70.0,河南省,CONSUME,01,,34.407187,114.178516,ANDROID,,河南省开封市尉氏县城关镇西关南路三巷,0
100000,105,咸阳市,西安菜根产业运营有限公司,G,13,XCX,3,36.5,M,汉,3813,2,01,FRIENDS,FRIENDS,2,70.0,陕西省,CONSUME,02,,30.196207,121.277146,ANDROID,,浙江省宁波市慈溪市白沙路街道北三环东路1899号,0
100000,102,淮安市,瑞思英语,P,13,XCX,4,30.4,F,汉,6426,2,01,FATHER,RELATIVES,2,85.539,江苏省,CONSUME,01,,31.405765120585856,120.61622246845114,ANDROID,,江苏省苏州市相城区元和街道富元路辅路,0
100000,,遂宁市,精瑞博钢材厂,C,24,XCX,2,34.0,M,汉,5767,4,01,PARENTS,FRIENDS,2,70.0,四川省,CONSUME,01,,23.527258029513888,116.75478624131945,ANDROID,,广东省汕头市澄海区莲上镇,0
100000,103,邢台市,灵活就业者,E,24,APP,3,37.1,M,汉,4536,4,01,PARENTS,FRIENDS,1,70.0,河北省,CONSUME,01,,38.10181509896538,114.54689879154852,ANDROID,,河北省石家庄市长安区高营镇古城东路108号,0
100000,,青岛市,鑫永聚餐饮有限公司,Z,90,XCX,4,35.4,M,汉,4595,2,01,OTHER,OTHER,1,70.0,山东省,CONSUME,01,,36.480812,120.464469,ANDROID,,山东省青岛市即墨区北安街道S213(墨城路),0
100000,105,成都市,成都第六建筑有限公司,E,24,APP,3,32.3,M,汉,1143,2,01,MATE,FRIENDS,1,70.0,四川省,CONSUME,01,,30.959268972606396,103.64677901753284,ANDROID,,四川省成都市都江堰市奎光塔街道走马河西路下段,0
100000,102,恩施土家族苗族自治州,广州市玛茜特皮具有限公司,Z,90,APP,4,40.4,M,汉,5159,3,01,FATHER,FRIENDS,1,70.0,湖北省,CONSUME,01,,23.352364,113.272011,ANDROID,,广东省广州市白云区人和镇太成立交,0
100000,105,无锡市,虞科言个人工作室,Z,90,XCX,3,23.8,M,汉,2768,3,01,FATHER,MOTHER,2,93.286,江苏省,CONSUME,01,,31.378843270399753,119.87826850803943,ANDROID,,江苏省无锡市宜兴市新庄街道,0
100000,102,朝阳市,方正宽带网络服务有限公司,G,13,APP,3,40.0,M,汉,4312,3,01,MATE,COLLEAGUE,1,78.20023,辽宁省,CONSUME,01,,39.80970145776428,116.38278057888062,ANDROID,,北京市丰台区和义街道,0
100000,105,绵阳市,天湖美镇金科物业,L,17,APP,2,35.6,F,汉,4590,2,01,RELATIVES,FRIENDS,1,70.0,四川省,CONSUME,01,,35.39271349482782,103.88685394376553,ANDROID,,甘肃省定西市临洮县洮阳镇,0
100000,,四平市,国辉御景快捷酒店石家庄有限责任公司,Z,90,APP,3,24.1,F,汉,1914,2,01,FATHER,MATE,1,70.0,吉林省,CONSUME,01,,38.080917,114.556149,ANDROID,,河北省石家庄市长安区高营镇金益街,0
100000,,廊坊市,樊陈西个人工作室,Z,90,XCX,2,37.2,M,满,4723,3,01,RELATIVES,COLLEAGUE,1,70.0,河北省,CONSUME,01,,39.183337,116.393433,ANDROID,,河北省廊坊市霸州市南孟镇S273(廊霸线),0
100000,,邯郸市,王鹏彬个人工作室,Z,90,XCX,2,23.2,M,汉,2649,4,01,PARENTS,PARENTS,1,70.0,河北省,CONSUME,01,,39.098897026909725,116.38447509765625,IOS,,河北省廊坊市霸州市霸州经济技术开发区益津南路1268号,0
100000,105,佳木斯市,会云教育,P,13,XCX,3,33.3,F,汉,5024,2,01,RELATIVES,FRIENDS,1,70.0,黑龙江省,CONSUME,01,,45.781635821368677,131.0207326191511,ANDROID,,黑龙江省七台河市桃山区万宝河镇东胜路,0
100000,,东莞市,东莞市喜美福地产,K,17,XCX,4,44.2,M,汉,3197,4,01,MATE,FRIENDS,1,70.0,广东省,CONSUME,01,,23.11745090060764,113.80254475911458,ANDROID,,广东省东莞市石碣镇西沙路36号,0
100000,103,长乐市,闽乐钢材,H,54,APP,2,48.1,M,汉,476,2,01,MATE,FRIENDS,1,70.0,福建省,CONSUME,01,,25.661523,104.266408,ANDROID,,云南省曲靖市富源县中安街道,0
100000,102,三门峡市,杭州集炎贸易有限公司,C,24,APP,3,35.8,M,汉,5595,2,01,PARENTS,COLLEAGUE,2,86.722,河南省,CONSUME,01,,30.050610954991926,119.93775571752119,ANDROID,,浙江省杭州市富阳区富春街道桂花西路151号,0
100000,102,兰州市,兰州工务机械段,Z,90,APP,3,46.2,M,汉,428,2,01,MOTHER,FRIENDS,1,70.0,甘肃省,CONSUME,01,,36.107616,103.619576,ANDROID,,甘肃省兰州市西固区西固城街道西固西路辅路,0
100000,,常德市,孙敏个人工作室,Z,90,XCX,2,33.4,F,汉,6368,2,01,FATHER,RELATIVES,1,78.71345,湖南省,CONSUME,01,,28.218951783807776,112.91606976957945,ANDROID,,湖南省长沙市岳麓区咸嘉湖街道望岳南路59号,0
100000,,黔南布依族苗族自治州,福建九齿钉耙企业管理有限公司,L,17,APP,4,28.0,M,布依,837,2,01,FATHER,FRIENDS,2,70.0,贵州省,CONSUME,02,,26.066457,119.295431,ANDROID,,福建省福州市台江区上海街道工业路中段256号,0
100000,105,太原市,西山电机厂,D,17,APP,4,41.1,M,汉,4129,2,01,FATHER,SIBLING,2,70.0,山西省,CONSUME,01,,37.849348,112.441158,ANDROID,,山西省太原市万柏林区南寒街道西矿街388号,0
100000,,潮州市,香纸批发,Z,90,APP,4,35.2,M,汉,5836,3,,FATHER,FRIENDS,2,90.47,广东省,CONSUME,02,,24.10930427546576,116.88903321505626,ANDROID,,广东省潮州市饶平县饶洋镇,0
100000,102,自贡市,亿瑞密封有限公司,Z,90,APP,2,34.1,F,汉,6026,4,01,MATE,CHILDREN,1,89.497,四川省,CONSUME,01,,27.758081236710038,120.70020209111454,ANDROID,,浙江省温州市瑞安市莘塍街道二号干线,0
100000,,商丘市,金柳单板厂,Z,90,XCX,3,44.9,M,汉,2060,2,01,MATE,FRIENDS,1,70.0,河南省,CONSUME,01,,38.964702,116.553745,ANDROID,,河北省廊坊市文安县大柳河镇X758,0
100000,,商丘市,金柳单板厂,Z,90,XCX,3,44.9,M,汉,2060,2,01,MATE,FRIENDS,1,70.0,河南省,CONSUME,01,,38.964702,116.553745,ANDROID,,河北省廊坊市文安县大柳河镇X758,0
100000,,衡阳市,私营业主,Z,90,XCX,3,35.8,F,汉,6049,4,01,MATE,FRIENDS,1,70.0,湖南省,CONSUME,01,,23.044212297804394,113.1557572626225,ANDROID,,广东省佛山市南海区桂城街道Y005(夏平西路),0
100000,,常州市,丹阳晨辉机点,Z,90,XCX,4,34.6,F,汉,4212,4,01,COLLEAGUE,OTHER,1,70.0,江苏省,CONSUME,01,,31.952978515625,119.66124348958333,ANDROID,,江苏省镇江市丹阳市陵口镇X201(埤导线),0
100000,102,盐城市,江苏省大星集团有限公司,S,11,APP,4,39.4,M,汉,5081,2,01,MATE,SIBLING,1,70.0,江苏省,CONSUME,01,,33.376347,120.155224,ANDROID,,江苏省盐城市亭湖区五星街道跃进路,0
100000,,南通市,城建指挥部,Z,90,XCX,4,33.1,F,汉,6075,4,01,FATHER,SIBLING,1,70.0,江苏省,CONSUME,01,,31.825059,121.623342,IOS,,江苏省南通市启东市汇龙镇S336(人民西路),0
100000,308,济宁市,浙江波普公司,Z,90,XCX,2,37.2,M,汉,5770,4,01,PARENTS,FRIENDS,3,78.619,山东省,CONSUME,01,,36.6582446607346,117.01755780331091,ANDROID,,山东省济南市历下区趵突泉街道全胜街,0
100000,,宜昌市,武汉海纳百汇商贸有限公司,Z,90,XCX,3,38.6,F,土家,3677,2,01,RELATIVES,FRIENDS,1,70.0,湖北省,CONSUME,01,,30.627567848417948,114.36924746847039,IOS,,湖北省武汉市青山区红卫路街道建设二路36-2号,0
100000,105,武威市,和夏建筑有限公司,E,24,XCX,2,30.7,M,汉,7275,4,01,MATE,FATHER,1,70.0,甘肃省,CONSUME,01,,37.94982106354562,102.59533581940629,ANDROID,,甘肃省武威市凉州区柏树镇和平大道,0
100000,105,金华市,圣都家居装饰有限公司,Z,90,APP,4,29.0,M,汉,413,4,01,FATHER,FRIENDS,2,83.875,浙江省,CONSUME,01,,30.33998588644702,120.12790228610474,ANDROID,,浙江省杭州市拱墅区祥符街道祥园路,0
100000,,梅州市,梅州市梅县区白渡镇人民政府,Z,90,APP,4,25.9,M,汉,1488,2,01,FATHER,MOTHER,2,70.0,广东省,CONSUME,01,,24.500579310069936,116.2074403677091,ANDROID,,广东省梅州市梅县区白渡镇,0
100000,,南充市,美智科技有限公司,Z,90,APP,3,24.5,M,汉,1952,2,01,MOTHER,FRIENDS,2,88.069,四川省,CONSUME,01,,31.351806,118.484708,ANDROID,,安徽省芜湖市鸠江区芜湖经济技术开发区赤铸山路,0
100000,102,菏泽市,山东圣奥化学科技有限公司,G,13,APP,4,31.5,M,汉,5301,4,01,MATE,FRIENDS,1,100.0,山东省,CONSUME,01,,34.95563355372149,115.56441642857478,ANDROID,,山东省菏泽市曹县普连集镇,0
100000,102,凉山彝族自治州,浙江伟星实业发展股份有限责任公司临海拉链分公司,C,24,APP,3,38.2,M,汉,3134,2,01,MOTHER,FRIENDS,1,70.0,四川省,CONSUME,01,,28.88374138101224,121.21247601491148,ANDROID,,浙江省台州市临海市大洋街道江石西路,0
100000,105,漳州市,体面科技有限公司,G,13,APP,2,30.7,F,汉,6480,2,01,FRIENDS,SIBLING,1,70.0,福建省,CONSUME,01,,24.446323,118.158152,ANDROID,,福建省厦门市思明区滨海街道观光旅游大道,0
100000,,赣州市,中粮集团,H,54,XCX,3,43.6,M,汉,5403,3,01,FRIENDS,COLLEAGUE,3,70.0,江西省,CONSUME,01,,25.827389051649305,114.91537462022569,ANDROID,,江西省赣州市章贡区水南街道龙南路,0
100000,,盐城市,上海魁拔网络销售有限公司,G,13,XCX,3,26.2,M,汉,1060,2,01,MATE,FRIENDS,2,70.0,江苏省,CONSUME,01,,32.072204213493879,121.03787995571916,ANDROID,,江苏省南通市通州区金沙街道石江路,0
100000,403,天津市,雅园茶叶店,H,54,XCX,3,45.1,F,汉,3807,4,01,FRIENDS,FATHER,1,82.401,天津市,CONSUME,01,,39.150076158730637,117.27796079967779,IOS,,天津市河东区鲁山道街道秀丽园道,0
100000,302,信阳市,齐明明个人工作室,Z,90,APP,4,28.7,F,汉,724,4,01,FATHER,FRIENDS,1,86.23,河南省,CONSUME,01,,39.03199356782427,113.62084478646617,IOS,,山西省忻州市五台县台怀镇,0
100000,,三门峡市,河南通熙建筑安装工程有限公司,Z,90,XCX,3,37.2,F,汉,6678,4,01,MATE,FRIENDS,1,70.0,河南省,CONSUME,01,,34.77599679244391,111.19557389665238,ANDROID,,河南省三门峡市湖滨区涧河街道文明路,0
100000,105,北京市,北京盛鑫万通建筑工程公司,E,24,APP,3,45.8,F,汉,4905,2,01,PARENTS,FRIENDS,3,89.735,北京市,CONSUME,01,,39.7253709251534,116.41371386021159,ANDROID,,北京市大兴区黄村(地区)镇X015(西三路),0
100000,,信阳市,杨海霞个人工作室,Z,90,XCX,2,37.9,F,汉,5299,4,01,MATE,FATHER,1,70.0,河南省,CONSUME,01,,32.21307500704212,115.01834856726176,ANDROID,,河南省信阳市潢川县隆古乡,0
100000,,宜昌市,湖北泰盛化工有限公司,C,24,XCX,4,34.8,M,汉,4390,4,01,MATE,FRIENDS,1,70.0,湖北省,CONSUME,01,,30.672954141372045,111.332670542090156,ANDROID,,湖北省宜昌市伍家岗区宝塔河街道,0
100000,,昆明市,云南若然科技有限公司,G,13,XCX,3,32.3,F,汉,1334,4,01,MOTHER,FATHER,2,70.0,云南省,CONSUME,01,,25.02449925105929,102.75432807113225,ANDROID,,云南省昆明市官渡区金马街道凉亭路,1
100000,103,无锡市,养路工程队,O,17,APP,2,40.0,M,汉,3510,3,01,FATHER,MOTHER,1,70.0,江苏省,CONSUME,01,,31.704357086813329,120.50011445794836,IOS,,江苏省无锡市锡山区东港镇东三路,1
100000,,大理白族自治州,祥云县云南驿镇神野矿泉水经营部前所店,Z,90,XCX,2,29.3,M,汉,6861,4,01,FATHER,FRIENDS,2,90.63,云南省,CONSUME,01,,28.24539577907986,113.09880289713541,ANDROID,,湖南省长沙市长沙县星沙街道凉塘路,0
100000,,眉山市,彭鑫个人工作室,Z,90,APP,2,22.5,M,汉,1472,2,01,FATHER,MOTHER,2,70.0,四川省,CONSUME,01,,29.857067,104.231992,ANDROID,,四川省眉山市仁寿县始建镇,0
100000,102,松原市,兄弟鞋厂,Z,90,APP,2,37.8,F,汉,5773,2,01,SIBLING,FRIENDS,1,89.385,吉林省,CONSUME,01,,22.763769,114.382926,ANDROID,,广东省惠州市惠阳区秋长街道秋宝南路,0
100000,103,荆州市,励智教育,P,13,APP,4,36.0,M,汉,3935,2,01,MATE,SIBLING,1,70.0,湖北省,CONSUME,01,,23.06842800564236,114.4141015625,ANDROID,,广东省惠州市惠城区河南岸街道南岸路96号,0
100000,,肇庆市,尚景西苑,H,54,XCX,2,39.0,F,汉,5787,4,01,SIBLING,FRIENDS,1,70.0,广东省,CONSUME,01,,23.050528971354165,112.49074679904514,ANDROID,,广东省肇庆市端州区城东街道金津路,0
100000,,庆阳市,刘震个人工作室,Z,90,APP,2,35.5,M,汉,6544,4,01,FRIENDS,OTHER,1,70.0,甘肃省,CONSUME,01,,35.84253,107.25909,ANDROID,,甘肃省庆阳市镇原县孟坝镇Y010,0
100000,,酒泉市,李倩个人工作室,Z,90,XCX,2,44.1,F,汉,1044,4,01,MOTHER,SIBLING,1,70.0,甘肃省,CONSUME,01,,40.286675,97.05234,ANDROID,,甘肃省酒泉市玉门市玉门镇石油路,0
100000,,北京市,隆开源消防安全检测中心,Z,90,XCX,4,47.7,M,汉,3796,4,01,MATE,FRIENDS,1,70.0,北京市,CONSUME,01,,39.8906920030382,116.63335367838542,ANDROID,,北京市通州区杨庄街道运河西大街58号院,0
100000,103,凉山彝族自治州,川投西昌医院,Q,11,XCX,4,29.6,F,蒙古,6088,4,01,RELATIVES,FRIENDS,2,70.0,四川省,CONSUME,01,,27.92925,101.279107,ANDROID,,四川省凉山彝族自治州木里藏族自治县乔瓦镇扎昌街65,0
100000,102,南京市,盈家房产中心,K,17,APP,3,32.2,M,汉,6968,2,01,FATHER,COLLEAGUE,1,89.109,江苏省,CONSUME,01,,32.33031126277862,118.85530021569466,ANDROID,,江苏省南京市六合区雄州街道X203(瓜埠路),0
100000,102,济南市,德邦物流有限公司,F,17,APP,3,36.8,M,汉,5397,3,01,FATHER,FRIENDS,1,70.0,山东省,CONSUME,01,,36.531258006775228,117.85822268106864,ANDROID,,山东省淄博市博山区白塔镇,0
100000,,玉林市,惠州市东程激光设备有限公司,Z,90,APP,3,27.0,M,汉,7014,3,01,MOTHER,SIBLING,2,89.452,广西壮族自治区,CONSUME,01,,28.902499,111.483317,ANDROID,,湖南省常德市桃源县漳江街道滨河路,0
100000,102,上海市,浦东绿地铂骊酒店,I,54,APP,4,44.8,M,汉,2641,4,01,MATE,OTHER,2,70.0,上海市,CONSUME,01,,31.27552,121.664902,ANDROID,,上海市浦东新区曹路镇川沙路,0
100000,102,宜宾市,皓天物业,L,17,XCX,4,32.8,M,汉,5279,2,01,PARENTS,FRIENDS,1,70.0,四川省,CONSUME,01,,28.74612450015009,104.62069035008462,ANDROID,,四川省宜宾市叙州区赵场街道睦邻路,0
100000,102,北海市,黄钦贤个人工作室,Z,90,APP,2,37.9,M,汉,6277,2,,SIBLING,MOTHER,2,70.0,广西壮族自治区,CONSUME,02,,22.821591,113.724834,ANDROID,,广东省东莞市虎门镇大岗山路,0
100000,104,市辖区,中煤科工集团,H,54,XCX,4,29.8,M,汉,1718,3,01,FATHER,FRIENDS,2,90.568,重庆市,CONSUME,02,,29.51889194492023,106.32455507232415,ANDROID,,重庆市九龙坡区金凤镇含金路,0
100000,,内江市,李记家宴馆,H,54,XCX,2,49.0,M,汉,488,4,01,MATE,RELATIVES,1,70.0,四川省,CONSUME,01,,29.77932900337097,104.62609016163747,ANDROID,,四川省内江市资中县铁佛镇,0
100000,105,齐齐哈尔市,个体经营,Z,90,XCX,2,34.7,F,汉,4653,2,01,PARENTS,FRIENDS,1,70.0,黑龙江省,CONSUME,01,,39.85111428867764,116.38920966703573,ANDROID,,北京市丰台区大红门街道海户路,0
100000,,宿州市,都市丽人内衣店,H,54,APP,3,49.1,F,汉,166,3,01,FATHER,FATHER,1,70.0,安徽省,CONSUME,01,,33.73866,117.036151,ANDROID,,安徽省宿州市埇桥区顺河镇万祝路,0
100000,301,成都市,内江市爱唯婴托育有限公司,Z,90,APP,3,34.7,F,汉,4426,4,01,FATHER,FRIENDS,2,70.0,四川省,CONSUME,01,,29.609701981700103,105.11534418229197,ANDROID,,四川省内江市东兴区高桥街道红桥街,0
100000,,绵阳市,赵从全个人工作室,Z,90,XCX,4,48.0,M,汉,800,2,01,MATE,FRIENDS,1,82.07421,四川省,CONSUME,01,,28.202447102864582,112.890791015625,ANDROID,,湖南省长沙市岳麓区天顶街道映日路,0
100000,103,武汉市,黄思个人工作室,Z,90,APP,2,37.3,F,汉,4516,4,01,MOTHER,SIBLING,2,70.0,湖北省,CONSUME,01,,30.614732867997526,114.28923616666708,ANDROID,,湖北省武汉市江岸区劳动街道惠济路38号,0
100000,103,苏州市,中国人民解放军,S,11,APP,4,25.0,M,汉,1945,2,01,FATHER,COLLEAGUE,2,88.855,江苏省,CONSUME,01,,30.325984260535276,120.22794273502987,ANDROID,,浙江省杭州市上城区笕桥街道,0
100000,102,青岛市,临沂鑫海新材料有限公司,M,11,APP,4,43.4,M,汉,3372,3,01,MATE,COLLEAGUE,1,94.999,山东省,CONSUME,01,,35.503414436647549,117.62836426013624,ANDROID,,山东省临沂市平邑县平邑街道利民街61号院,0
100000,103,邯郸市,康正阳个人工作室,Z,90,APP,4,23.6,M,汉,3247,2,01,MATE,FRIENDS,1,87.551,河北省,CONSUME,01,,32.058611666770989,118.76873905104663,ANDROID,,江苏省南京市鼓楼区宁海路街道上海路191号,0
100000,103,广州市,镇龙村委会,S,11,APP,3,30.7,M,汉,6839,3,01,FATHER,FRIENDS,2,89.908,广东省,CONSUME,01,,23.271773484169427,113.59576291870825,ANDROID,,广东省广州市增城区中新镇,0
100000,,营口市,晓荷塘火锅,Z,90,XCX,2,47.4,M,汉,3407,2,01,FATHER,COLLEAGUE,1,70.0,辽宁省,CONSUME,01,,41.17217254157139,121.3603691687855,ANDROID,,辽宁省锦州市凌海市大凌河街道国庆路40号,0
100000,,临沂市,钟大建材有限公司,E,24,APP,2,41.3,M,汉,5063,2,01,PARENTS,FRIENDS,3,70.0,山东省,CONSUME,01,,34.575028255716308,118.34826944694109,ANDROID,,山东省临沂市郯城县高峰头镇,0
100000,,红河哈尼族彝族自治州,撒玛阳光,Z,90,XCX,4,44.2,F,彝,1034,2,01,MOTHER,FRIENDS,1,70.0,云南省,CONSUME,01,,23.378257850007608,102.43220362044906,ANDROID,,云南省红河哈尼族彝族自治州红河县迤萨镇,0
100000,,淮南市,蓝昕科技,Z,90,APP,3,35.1,M,汉,5801,2,01,PARENTS,FRIENDS,2,70.0,安徽省,CONSUME,01,,39.928848212666597,116.64580371900851,ANDROID,,北京市通州区永顺镇北运河绿道东郊段,0
100000,105,淮南市,上海竹亭贸易有限公司,C,24,APP,4,36.7,F,汉,4179,4,01,FRIENDS,MOTHER,2,70.0,安徽省,CONSUME,01,,31.757303891430298,117.31270429185565,ANDROID,,安徽省合肥市包河区义城街道锦绣大道辅路,0
100000,103,汕头市,广美公司,Z,90,APP,3,32.7,M,汉,5277,2,01,FATHER,FATHER,1,70.0,广东省,CONSUME,01,,23.267854069863945,116.4280969110039,ANDROID,,广东省汕头市潮南区峡山街道峡华路,0
100000,102,江门市,金海岸开元度假酒店,I,54,APP,2,39.7,M,汉,2710,4,01,MATE,FRIENDS,1,77.45845,广东省,CONSUME,01,,22.222699332224527,112.36154787166378,ANDROID,,广东省江门市恩平市恩城街道,0
100000,103,潍坊市,青州驰通运输,F,17,APP,3,42.1,M,汉,4639,4,01,FATHER,FRIENDS,1,83.798,山东省,CONSUME,01,,29.766992609700659,121.46049054968066,ANDROID,,浙江省宁波市鄞州区姜山镇鄞城大道辅路,0
100000,,张家口市,火锅底料,Z,90,APP,3,24.8,M,汉,3415,2,01,FRIENDS,OTHER,2,88.34,河北省,CONSUME,01,,39.893248,116.468455,ANDROID,,北京市朝阳区双井街道东柏南小街,0
100000,,张家口市,火锅底料,Z,90,APP,3,24.8,M,汉,3415,2,01,FRIENDS,OTHER,2,88.34,河北省,CONSUME,01,,39.893248,116.468455,ANDROID,,北京市朝阳区双井街道东柏南小街,0
100000,,合肥市,杭州千野美子服饰有限公司,Z,90,XCX,2,41.7,F,汉,2646,3,01,CHILDREN,FRIENDS,1,70.0,安徽省,CONSUME,01,,31.240900065104167,118.56908637152777,ANDROID,,安徽省芜湖市湾沚区六郎镇新团路,0
100000,104,杭州市,江苏恒通国际货运有限公司,F,17,APP,3,23.6,F,汉,1725,2,01,FATHER,FRIENDS,2,79.303,浙江省,CONSUME,01,,29.865860890559927,121.52456068170449,IOS,,浙江省宁波市海曙区白云街道苍松路478号,0
100000,,合肥市,杭州千野美子服饰有限公司,Z,90,XCX,2,41.7,F,汉,2646,3,01,CHILDREN,FRIENDS,1,70.0,安徽省,CONSUME,01,,31.240900065104167,118.56908637152777,ANDROID,,安徽省芜湖市湾沚区六郎镇新团路,0
100000,,萍乡市,财税无忧,H,54,XCX,2,39.9,F,汉,4548,2,01,RELATIVES,FRIENDS,1,70.0,江西省,CONSUME,01,,27.868228895399305,113.8139111328125,ANDROID,,江西省萍乡市上栗县上栗镇杨岐山大道,0
100000,105,佛山市,美达工贸有限公司,C,24,APP,4,44.3,M,汉,645,4,01,FATHER,MATE,1,91.176,广东省,CONSUME,01,,23.03048688309527,113.18169105622477,ANDROID,,广东省佛山市南海区桂城街道平西大道,0
100000,,南通市,如东厚泓纺织品经营部,C,24,XCX,3,35.1,M,汉,4787,4,01,FATHER,FATHER,1,70.0,江苏省,CONSUME,01,,31.98030490451389,120.9120895724826,IOS,,江苏省南通市崇川区狼山镇街道世伦路,0
100000,,南阳市,南阳建业酒店集团建业森林半岛假日酒店,Z,90,XCX,3,35.6,M,汉,5955,4,01,RELATIVES,MOTHER,1,70.0,河南省,CONSUME,01,,33.025080747300837,112.61165573690663,ANDROID,,河南省南阳市宛城区汉冶街道,0
100000,,昭通市,温州市帅皮丘童鞋厂,C,24,APP,2,38.1,M,汉,4739,3,01,MATE,COLLEAGUE,1,79.89247,云南省,CONSUME,01,,27.385176763059243,104.13324553358642,ANDROID,,云南省昭通市彝良县龙街苗族彝族乡,0
100000,104,成都市,大唐房屋中介公司,Z,90,APP,2,28.5,M,汉,1960,2,01,MOTHER,FRIENDS,2,70.0,四川省,CONSUME,02,,29.602672,103.484289,ANDROID,,四川省乐山市峨眉山市绥山镇绥山西路60号,0
100000,,双鸭山市,张静个人工作室,Z,90,XCX,4,32.7,F,汉,5353,4,01,FRIENDS,PARENTS,2,86.668,黑龙江省,CONSUME,01,,46.77221798685878,131.81220695535323,ANDROID,,黑龙江省双鸭山市友谊县友谊镇邮政街,0
100000,103,邢台市,华天衣百盛服饰广场,C,24,APP,2,37.1,F,汉,4569,4,01,PARENTS,FRIENDS,3,70.0,河北省,CONSUME,01,,37.06736825145296,114.49675754044896,ANDROID,,河北省邢台市襄都区西门里街道西仓巷26号,0
100000,103,邯郸市,西咸新区灿分焊割材料有限公司,C,24,XCX,2,40.7,M,汉,4669,4,01,MATE,FRIENDS,1,77.90316,河北省,CONSUME,01,,36.26862630722442,114.3041921502703,ANDROID,,河北省邯郸市磁县讲武城镇,0
100000,,宁国市,邓云鹏个人工作室,H,54,XCX,2,35.4,F,汉,6068,4,01,PARENTS,FRIENDS,1,70.0,安徽省,CONSUME,01,,30.606369700103607,118.97265816115297,ANDROID,,安徽省宣城市宁国市南山街道麻石巷,0
100000,,贵港市,广州汇东制冷设备有限公司,C,24,APP,2,39.3,M,瑶,4184,2,01,MATE,RELATIVES,1,91.53768,广西壮族自治区,CONSUME,01,,23.16431683445584,113.27943309061779,ANDROID,,广东省广州市白云区同和街道S15(广州环城高速),0
100000,403,红河哈尼族彝族自治州,杨红琴个人工作室,Z,90,XCX,2,36.2,F,汉,3845,4,01,MATE,FATHER,1,70.0,云南省,CONSUME,01,,24.546178233682125,103.62584907492296,ANDROID,,云南省红河哈尼族彝族自治州泸西县午街铺镇,0
100000,,亳州市,王仁杰个人工作室,G,13,XCX,3,26.3,M,汉,1355,2,01,SIBLING,FRIENDS,2,84.438,安徽省,CONSUME,01,,38.67375162760417,116.02902479383681,ANDROID,,河北省沧州市任丘市出岸镇,0
100000,,茂名市,大横琴城资,Z,90,APP,3,23.4,M,汉,1474,2,01,FATHER,MOTHER,2,70.0,广东省,CONSUME,02,,22.862678,113.519251,ANDROID,,广东省广州市南沙区黄阁镇驰辉一路,0
100000,,广州市,嘉禾申通快递,Z,90,XCX,2,29.6,M,汉,465,4,01,PARENTS,FRIENDS,2,70.0,广东省,CONSUME,01,,23.222273763020834,113.26767740885417,ANDROID,,广东省广州市白云区鹤龙街道鹤龙东路,0
100000,,邯郸市,河北省特种设备监督检验研究院邯郸分院,M,11,XCX,4,35.3,M,汉,5252,4,01,FATHER,COLLEAGUE,2,85.68384,河北省,CONSUME,01,,36.721899,114.513185,ANDROID,,河北省邯郸市永年区界河店乡环村南路,0
100000,307,阜阳市,上海金牛家装饰工程有限公司,E,24,XCX,3,28.1,M,汉,825,4,01,PARENTS,FRIENDS,1,70.0,安徽省,CONSUME,01,,32.95620996690995,115.78965562026588,ANDROID,,安徽省阜阳市颍泉区中市街道光华路,1
100000,102,宜春市,曹昌文个人工作室,Z,90,APP,2,32.6,M,汉,6578,2,01,MATE,FRIENDS,2,89.419,江西省,CONSUME,01,,22.01512033388352,113.38781387484663,ANDROID,,广东省珠海市金湾区三灶镇长沙栏路,0
100000,,清远市,日诚金属制品有限公司,C,24,APP,2,30.1,M,汉,199,4,01,FATHER,FRIENDS,2,90.244,广东省,CONSUME,01,,23.17610967960472,113.15229950505464,ANDROID,,广东省佛山市南海区里水镇大头岗路,0
100000,,滁州市,天津航天瑞莱科技有限公司,Z,90,APP,4,24.9,M,汉,574,3,01,MOTHER,FATHER,2,70.0,安徽省,CONSUME,01,,31.017763,121.307846,ANDROID,,上海市松江区车墩镇虬长路86号,0
100000,,岳阳市,小叮当幼儿园,Z,90,APP,3,46.4,M,汉,483,3,01,MATE,FRIENDS,1,86.177,湖南省,CONSUME,01,,29.435325,112.430228,ANDROID,,湖南省岳阳市华容县操军镇,0
100000,403,大庆市,邢国龙个人工作室,Z,90,APP,3,43.9,M,汉,1764,4,01,RELATIVES,RELATIVES,1,70.0,黑龙江省,CONSUME,01,,45.536335,125.084294,ANDROID,,黑龙江省大庆市肇源县和平乡,1
100000,102,达州市,烧烤大排挡,Z,90,APP,2,36.2,M,汉,4499,3,01,MATE,FRIENDS,1,70.0,四川省,CONSUME,01,,31.196454,107.502037,ANDROID,,四川省达州市达川区翠屏街道西环路108,0
100000,,任丘市,纤维布厂,C,24,APP,2,34.1,F,汉,4982,4,01,SIBLING,COLLEAGUE,1,70.0,河北省,CONSUME,01,,38.826416,116.109479,ANDROID,,河北省保定市雄县鄚州镇育才街,0
100000,303,岳阳市,徐婷个人工作室,Z,90,APP,4,28.1,F,土家,6561,2,01,MATE,FRIENDS,2,83.742,湖南省,CONSUME,01,,26.897129007391244,112.61120090289418,IOS,,湖南省衡阳市雁峰区先锋街道湘江南路74,0
100000,,孝感市,张旗个人工作室,Z,90,XCX,4,32.5,M,汉,6704,4,01,MATE,SIBLING,1,70.0,湖北省,CONSUME,01,,31.483640766758137,114.37267342602437,ANDROID,,湖北省孝感市大悟县彭店乡河乔线,0
100000,,周口市,大同镇祥和公租房小区1栋102室,Z,90,XCX,2,40.7,M,汉,4983,3,01,PARENTS,FRIENDS,1,70.0,河南省,CONSUME,01,,25.85351714450887,116.331466214016,ANDROID,,福建省龙岩市长汀县大同镇,0
100000,403,阜阳市,张金瑞个人工作室,Z,90,APP,2,43.6,M,汉,968,2,01,FATHER,MATE,1,70.0,安徽省,CONSUME,01,,38.87696043163316,116.4782181175989,ANDROID,,河北省廊坊市文安县文安镇,0
100000,,台州市,便民服务中心,Z,90,XCX,3,28.0,M,汉,420,4,01,FATHER,SIBLING,2,70.0,浙江省,CONSUME,01,,28.44472416007153,119.50024792048699,ANDROID,,浙江省丽水市松阳县西屏街道长虹东路,0
100000,105,湛江市,湛江市银丰农业技术开发有限公司,A,27,APP,3,31.1,M,汉,6358,4,01,RELATIVES,FRIENDS,2,70.0,广东省,CONSUME,01,,21.21946200472061,110.40052291449458,ANDROID,,广东省湛江市霞山区泉庄街道绿民路,0
100000,,清远市,德兴私房菜,Z,90,XCX,3,27.5,M,汉,744,3,01,PARENTS,FRIENDS,2,70.0,广东省,CONSUME,01,,23.046051457776306,113.08532160062902,ANDROID,,广东省佛山市禅城区张槎街道九江基65号,0
100000,102,无锡市,鑫风渔具用品店,H,54,APP,2,40.9,F,汉,3659,4,01,MATE,MOTHER,1,70.0,江苏省,CONSUME,01,,31.478856648412149,120.44982777057675,ANDROID,,江苏省无锡市新吴区硕放街道振发路175,0
100000,105,无锡市,常州锦江国际大酒店有限公司,I,54,APP,3,35.1,F,汉,6600,4,01,SIBLING,MATE,1,82.73,江苏省,CONSUME,02,,31.860739983220986,120.00997940910175,ANDROID,,江苏省无锡市江阴市璜土镇西贯路,0
100000,,益阳市,广东省阳江市阳东区东城镇中心幼儿园,P,13,XCX,4,43.0,F,汉,1325,2,01,MATE,FRIENDS,1,93.0,湖南省,CONSUME,01,,21.868127886755479,111.96145451800718,ANDROID,,广东省阳江市江城区城东街道西平路辅路,0
100000,,塔城地区,白杨市沁芯水站服务部,Z,90,XCX,3,28.8,M,汉,6516,2,01,FATHER,MOTHER,1,88.945,新疆维吾尔自治区,CONSUME,01,,34.313883,108.934367,ANDROID,,陕西省西安市未央区张家堡街道凤鸣路,0
100000,309,成都市,四川广电网络,R,17,APP,3,33.9,F,汉,6193,4,01,MATE,FRIENDS,1,87.452,四川省,CONSUME,01,,30.82258476655001,104.15181770298051,ANDROID,,四川省成都市新都区新都街道公园路116号-附23号,0
100000,,自贡市,木子美甲美业美肤馆,Z,90,XCX,4,33.9,F,汉,7084,3,01,PARENTS,SIBLING,3,87.656,四川省,CONSUME,01,,28.202313368055556,112.86181423611112,ANDROID,,湖南省长沙市岳麓区麓谷街道弼时路,0
100000,105,菏泽市,山东佳如物业服务集团,L,17,APP,2,44.2,F,汉,1164,4,01,FATHER,COLLEAGUE,1,91.76495,山东省,CONSUME,01,,35.231233963270209,115.49037583864134,ANDROID,,山东省菏泽市牡丹区丹阳街道人民路399号,0
100000,,遵义市,格蕾雅服装厂,C,24,XCX,3,46.7,M,汉,4335,4,01,MATE,SIBLING,1,70.0,贵州省,CONSUME,01,,23.355126,116.424381,ANDROID,,广东省汕头市潮阳区谷饶镇进出站路,0
100000,308,大连市,半湾酒店,I,54,APP,4,45.3,F,满,380,4,01,MATE,MOTHER,1,75.63125,辽宁省,CONSUME,01,,38.92695527720554,121.67796230489845,ANDROID,,辽宁省大连市中山区人民路街道港浦路,0
100000,103,成都市,江阴勃仑化学有限公司,C,24,APP,2,39.7,M,汉,5553,4,01,PARENTS,FRIENDS,1,77.958,四川省,CONSUME,01,,-6.936323999240813,107.55643499999998,ANDROID,,"Simpang Susun Pasir Koja, Bandung, Jawa Barat, Indonesia",0
100000,,咸阳市,暂未提供公司名称,Z,90,XCX,2,43.1,M,汉,4817,2,01,FRIENDS,OTHER,2,70.0,陕西省,CONSUME,01,,34.477869,108.454502,ANDROID,,陕西省咸阳市礼泉县城关街道,0
100000,105,南京市,南京国轩新能源有限公司,C,24,XCX,3,35.1,M,汉,4233,2,01,RELATIVES,FRIENDS,3,70.0,江苏省,CONSUME,01,,32.352564,118.826651,ANDROID,,江苏省南京市六合区雄州街道复兴路,0
100000,,天津市,天津市北辰区肉墩墩母婴用品店,H,54,XCX,3,36.6,F,汉,3557,2,,MOTHER,CHILDREN,1,70.0,天津市,CONSUME,04,,39.21074761284722,117.09009250217014,ANDROID,,天津市北辰区北仓镇铁西路,0
100000,,沈阳市,沈阳工业大学,Z,90,XCX,4,29.0,M,汉,6379,3,01,FATHER,FRIENDS,2,70.0,辽宁省,CONSUME,01,,41.89274439575543,123.41641072617303,ANDROID,,辽宁省沈阳市皇姑区陵东街道蔷薇河北街,0
100000,102,汕头市,广东龙湖科技股份有限公司,G,13,APP,4,34.8,M,汉,4105,2,01,FATHER,FRIENDS,2,79.88805,广东省,CONSUME,01,,23.321715090429227,116.72206324510646,ANDROID,,广东省汕头市濠江区礐石街道潮人大道,0
100000,,邯郸市,馆陶县职业技术教育中心,P,13,XCX,3,42.2,M,汉,4494,3,01,FATHER,COLLEAGUE,2,70.0,河北省,CONSUME,01,,36.55921571368782,115.29889101756763,ANDROID,,河北省邯郸市馆陶县馆陶镇武馆线,0
100000,,常州市,天目公司,Z,90,APP,2,39.7,M,汉,3624,3,01,RELATIVES,FRIENDS,1,70.0,江苏省,CONSUME,01,,31.42210229215941,119.49150603896412,ANDROID,,江苏省常州市溧阳市溧城街道平陵中路1号,1
100000,102,百色地区,东莞同德社会工作服务中心,S,11,XCX,4,25.2,M,汉,1176,4,01,FATHER,RELATIVES,2,75.208725,广西壮族自治区,CONSUME,01,,22.981404024912569,113.7398633991765,ANDROID,,广东省东莞市南城街道环城南路辅路,0
100000,,龙岩市,芳园美甲美睫,O,17,XCX,2,40.4,F,汉,5665,2,01,MOTHER,FRIENDS,1,70.0,福建省,CONSUME,01,,24.74549863789948,116.74842307057577,ANDROID,,福建省龙岩市永定区凤城街道S40(漳武高速),0
100000,102,平顶山市,舞钢市五星板材有限公司,C,24,APP,3,38.9,F,汉,4524,4,01,FATHER,MATE,1,81.59,河南省,CONSUME,01,,33.30383077425002,113.53331878952814,ANDROID,,河南省平顶山市舞钢市垭口街道常州路,0
100000,,龙岩市,芳园美甲美睫,O,17,XCX,2,40.4,F,汉,5665,2,01,MOTHER,FRIENDS,1,70.0,福建省,CONSUME,01,,24.74549863789948,116.74842307057577,ANDROID,,福建省龙岩市永定区凤城街道S40(漳武高速),0
100000,,开封市,批发零售企业,Z,90,APP,2,28.5,F,汉,2040,2,01,FATHER,OTHER,1,70.0,河南省,CONSUME,01,,34.407187,114.178516,ANDROID,,河南省开封市尉氏县城关镇西关南路三巷,0
100000,,沈阳市,沈阳天竺电动车商行,H,54,XCX,3,46.7,M,汉,854,2,01,FATHER,FRIENDS,3,70.0,辽宁省,CONSUME,01,,41.66765542357463,123.35520068280955,ANDROID,,辽宁省沈阳市苏家屯区中兴街道雪莲街,0
100000,102,广州市,广州易兴宏食品贸易有限公司,C,24,APP,4,29.6,F,汉,315,3,01,OTHER,FATHER,1,70.0,广东省,CONSUME,01,,23.54270875797572,113.59163114361293,ANDROID,,广东省广州市从化区江埔街道河东南路49号,0
100000,,江门市,海州安能物流,F,17,XCX,2,44.8,F,汉,4165,4,01,RELATIVES,RELATIVES,1,70.0,广东省,CONSUME,01,,2,113.19155883789062,ANDROID,,"Kapit, Sarawak, Malaysia",0
100000,,青岛市,鑫永聚餐饮有限公司,Z,90,XCX,4,35.4,M,汉,4595,2,01,OTHER,OTHER,1,70.0,山东省,CONSUME,01,,36.480812,120.464469,ANDROID,,山东省青岛市即墨区北安街道S213(墨城路),0
100000,105,宣城市,湖州阔家家具有限公司,C,24,APP,2,29.4,M,汉,1721,2,01,FRIENDS,FRIENDS,2,70.0,安徽省,CONSUME,01,,30.701057782750778,120.40792495192422,ANDROID,,浙江省湖州市南浔区练市镇南环路,0
100000,103,邢台市,汽车配件有限公司,C,24,APP,2,42.0,M,汉,4488,4,01,RELATIVES,FRIENDS,2,90.73,河北省,CONSUME,01,,37.63074152974115,114.94596948723685,ANDROID,,河北省邢台市宁晋县凤凰镇赵宁线,0
100000,105,北京市,烟台君炜商贸有限公司,H,54,APP,4,37.9,M,汉,5606,4,01,MATE,SIBLING,1,86.348,北京市,CONSUME,01,,39.9434215427386,116.43883737858119,ANDROID,,北京市东城区东直门街道东直门外小街甲27号,1
100000,102,遂宁市,田艳个人工作室,Z,90,APP,2,32.7,F,汉,1197,4,01,MATE,SIBLING,1,70.0,四川省,CONSUME,01,,30.609840841923267,104.1163146117222,ANDROID,,四川省成都市锦江区狮子山街道潼川南路,0
100000,,德州市,山东省德州市夏津县税务局,Z,90,XCX,3,46.4,M,汉,259,4,01,MATE,FRIENDS,1,70.0,山东省,CONSUME,01,,36.948201538099429,116.00976919250418,ANDROID,,山东省德州市夏津县南城镇朝阳东路,0
100000,,巢湖市,安徽庆华电缆有限公司,Z,90,APP,2,46.7,M,汉,246,2,01,MATE,RELATIVES,2,70.0,安徽省,CONSUME,01,,31.120942233810888,117.94910146476602,ANDROID,,安徽省芜湖市无为市高沟镇龙庵东路,0
100000,,百色市,常平维龙中欧跨境贸易产业,H,54,APP,2,26.6,M,汉,1390,4,01,FATHER,FRIENDS,2,91.79766,广西壮族自治区,CONSUME,01,,23.004498339257954,113.99480710127335,ANDROID,,广东省东莞市常平镇环莞快速路,0
100000,,百色市,常平维龙中欧跨境贸易产业,H,54,APP,2,26.6,M,汉,1390,4,01,FATHER,FRIENDS,2,91.79766,广西壮族自治区,CONSUME,01,,23.004498339257954,113.99480710127335,ANDROID,,广东省东莞市常平镇环莞快速路,0
100000,,滁州市,常州市新颖二手车销售有限公司,Z,90,XCX,2,36.7,F,汉,3845,4,01,MATE,FRIENDS,1,70.0,安徽省,CONSUME,01,,31.678828544046639,119.53554438862419,ANDROID,,江苏省常州市金坛区西城街道,0
100000,,黔南布依族苗族自治州,福建九齿钉耙企业管理有限公司,L,17,APP,4,28.0,M,布依,837,2,01,FATHER,FRIENDS,2,70.0,贵州省,CONSUME,02,,26.066457,119.295431,ANDROID,,福建省福州市台江区上海街道工业路中段256号,0
100000,,曲靖市,曲靖建新劳务有限公司,Z,90,XCX,4,30.1,M,汉,55,2,01,MATE,COLLEAGUE,1,70.0,云南省,CONSUME,01,,26.306182565304846,104.26989187999929,ANDROID,,云南省曲靖市宣威市龙场镇,0
100000,103,宿州市,国泰华创服装有限公司,C,24,APP,2,36.5,M,汉,3960,3,01,MATE,FRIENDS,1,88.092,安徽省,CONSUME,01,,30.879983354322179,120.24495478167668,ANDROID,,浙江省湖州市吴兴区织里镇湖织大道辅路,0
100000,,安庆市,安徽省安庆市太湖县怀乳峰农村合作社,Z,90,XCX,2,34.1,F,汉,6340,2,01,MOTHER,FRIENDS,1,70.0,安徽省,CONSUME,01,,30.4823151294285,116.34052573043083,ANDROID,,安徽省安庆市太湖县晋熙镇G105(京澳线),0
100000,,河源市,国家税务局总局河源市源城区税务局,H,54,XCX,3,40.3,F,汉,4119,3,01,MATE,OTHER,1,70.0,广东省,CONSUME,01,,23.73727023654514,114.6879763454861,ANDROID,,广东省河源市源城区新江街道卫星大桥南路12号,0
100000,,铁岭市,桥北金属加工,C,24,XCX,4,48.1,F,汉,474,3,01,MOTHER,OTHER,1,70.0,辽宁省,CONSUME,01,,42.690753038194444,124.82899332682291,ANDROID,,辽宁省铁岭市西丰县更刻镇,0
100000,103,扬州市,沁园汽车维修服务部,O,17,XCX,2,49.1,M,汉,2837,3,01,FATHER,FATHER,1,70.0,江苏省,CONSUME,01,,22.703170455674678,115.55984274875924,IOS,,广东省汕尾市城区遮浪街道,0
100000,,漳州市,杰耐斯柯鞋业公司,Z,90,XCX,2,40.6,M,汉,3477,4,01,RELATIVES,RELATIVES,1,70.0,福建省,CONSUME,01,,2,117.197714,ANDROID,,"Berau, Kalimantan Timur, Indonesia",0
100000,102,齐齐哈尔市,克山镇早市,H,54,APP,2,35.3,F,汉,4429,4,01,RELATIVES,FRIENDS,1,70.0,黑龙江省,CONSUME,01,,48.048180055684309,125.8794257914904,ANDROID,,黑龙江省齐齐哈尔市克山县克山镇,0
100000,105,汕头市,深圳市建工集团股份有限公司,E,24,APP,3,42.3,M,汉,4475,4,01,MATE,SIBLING,1,70.0,广东省,CONSUME,01,,22.630007416459465,114.06005267058556,ANDROID,,广东省深圳市龙岗区坂田街道布龙路580,0
100000,,金华市,武义东创商硂有限公司,Z,90,XCX,3,30.9,M,汉,195,4,01,PARENTS,RELATIVES,2,70.0,浙江省,CONSUME,01,,28.897688,119.818469,ANDROID,,浙江省金华市武义县白洋街道新兴路10号,0
100000,102,济南市,长清湖润园,H,54,XCX,2,47.1,F,汉,155,4,01,SIBLING,FRIENDS,1,89.823,山东省,CONSUME,01,,36.54555818414215,116.8149323685607,ANDROID,,山东省济南市长清区崮云湖街道紫薇路,0
100000,,亳州市,华易达装饰有限公司,Z,90,APP,2,28.9,M,汉,685,3,01,MOTHER,RELATIVES,2,70.0,安徽省,CONSUME,01,,31.402788,120.947667,ANDROID,,江苏省苏州市昆山市玉山镇北门路280号,0
100000,103,上海市,上海汉康豆类食品有限公司,C,24,APP,3,37.2,M,汉,6410,2,01,MOTHER,FATHER,1,70.0,上海市,CONSUME,02,,31.425748,121.361094,ANDROID,,上海市宝山区罗店镇X651(潘泾路),0
100000,105,成都市,戢皓个人工作室,Z,90,APP,3,39.4,M,汉,5964,4,01,MOTHER,FRIENDS,2,70.0,四川省,CONSUME,01,,30.64445,104.246744,ANDROID,,四川省成都市龙泉驿区西河街道阙黄路,0
100000,,汕尾市,路桥公司,Z,90,XCX,2,41.5,M,汉,4088,4,01,MOTHER,COLLEAGUE,1,70.0,广东省,CONSUME,01,,22.822058720091748,114.98131168550687,ANDROID,,广东省汕尾市海丰县鹅埠街道深汕高速,0
100000,105,徐州市,济南物资集团总公司,H,54,XCX,3,41.7,M,汉,5010,2,01,FRIENDS,MATE,2,70.0,江苏省,CONSUME,01,,36.67508437634108,117.00721663054492,ANDROID,,山东省济南市天桥区制锦市街道顺河东街2号,1
100000,102,衡水市,河北恒歌路桥工程有限公司,E,24,APP,2,35.0,M,汉,4242,3,01,FATHER,SIBLING,1,87.451,河北省,CONSUME,01,,34.23149526563908,116.16882637601539,ANDROID,,河南省商丘市夏邑县曹集乡韩桑路,0
100000,301,无锡市,江苏中超控股股份有限公司,Z,90,APP,4,29.9,M,汉,6037,3,01,RELATIVES,FATHER,2,70.0,江苏省,CONSUME,01,,31.589329,120.293075,ANDROID,,江苏省无锡市梁溪区北大街街道江阴巷,0
100000,,宣城市,中鼎像塑,H,54,APP,3,28.1,M,汉,569,2,01,COLLEAGUE,COLLEAGUE,2,70.0,安徽省,CONSUME,02,,30.647859,119.014133,ANDROID,,安徽省宣城市宁国市河沥溪街道东城大道,0
100000,403,佳木斯市,梁毅伟个人工作室,Z,90,APP,3,47.2,M,汉,463,3,01,FATHER,FATHER,1,70.0,黑龙江省,CONSUME,01,,28.247816724799788,113.11103680830405,ANDROID,,湖南省长沙市长沙县星沙街道G319辅路,0
100000,105,南京市,益丰医药配送中心有限公司,F,17,XCX,3,34.3,M,汉,263,2,01,RELATIVES,FRIENDS,1,70.0,江苏省,CONSUME,01,,31.771413346647738,118.81556861474029,ANDROID,,江苏省南京市江宁区禄口街道翔宇路,0
100000,403,阳泉市,阳泉千叶园林绿化工程有限公司,Z,90,APP,4,44.1,F,汉,3962,4,01,FRIENDS,RELATIVES,1,86.475,山西省,CONSUME,01,,37.940221,113.549747,ANDROID,,山西省阳泉市郊区荫营镇荫营西大街,1
100000,,盐城市,上海魁拔网络销售有限公司,G,13,XCX,3,26.2,M,汉,1060,2,01,MATE,FRIENDS,2,70.0,江苏省,CONSUME,01,,32.072204213493879,121.03787995571916,ANDROID,,江苏省南通市通州区金沙街道石江路,0
100000,103,沧州市,河间市阿凡提玻璃制品有限公司,C,24,APP,4,38.3,F,汉,5697,2,01,FATHER,MATE,1,70.0,河北省,CONSUME,01,,38.425905,116.181353,ANDROID,,河北省沧州市河间市沙洼乡,0
100000,105,驻马店市,吕淼个人工作室,Z,90,APP,4,30.7,F,汉,6518,4,01,MATE,FATHER,2,70.0,河南省,CONSUME,01,,33.00530576564755,114.02563357361,ANDROID,,河南省驻马店市驿城区金河街道金山路,0
100000,105,广元市,重庆精元电脑有限公司,H,54,APP,2,32.3,M,汉,5214,4,01,FATHER,COLLEAGUE,1,70.0,四川省,CONSUME,01,,31.725924541538644,105.96032482038678,ANDROID,,四川省广元市苍溪县陵江镇,0
100000,102,襄阳市,北京市疯狂体育产业管理有限公司,H,54,XCX,4,33.4,M,汉,78,2,01,MATE,FRIENDS,1,70.0,湖北省,CONSUME,02,,39.515417,116.301096,ANDROID,,北京市大兴区榆垡镇祥瑞街,0
100000,,菏泽市,王艳个人工作室,Z,90,XCX,2,37.4,F,汉,4139,4,01,MOTHER,SIBLING,1,70.0,山东省,CONSUME,01,,34.75374507059911,115.54684397675843,ANDROID,,山东省菏泽市曹县阎店楼镇,0
100000,403,阜阳市,上海恭汇贸易有限公司,C,24,APP,2,27.7,M,汉,359,4,01,FATHER,FRIENDS,2,92.043,安徽省,CONSUME,01,,31.154259420643965,121.12649457693206,IOS,,上海市青浦区夏阳街道公园东路2025号,0
100000,,临沂市,中交一航局第二工程有限公司,Z,90,XCX,2,41.1,M,汉,3401,2,01,MATE,COLLEAGUE,1,70.0,山东省,CONSUME,01,,31.80798031716089,121.08455772021513,ANDROID,,江苏省南通市海门区南通市海门区经济技术开发区新安江路,0
100000,,大理白族自治州,祥云县云南驿镇神野矿泉水经营部前所店,Z,90,XCX,2,29.3,M,汉,6861,4,01,FATHER,FRIENDS,2,90.63,云南省,CONSUME,01,,28.24539577907986,113.09880289713541,ANDROID,,湖南省长沙市长沙县星沙街道凉塘路,0
100000,307,南阳市,河南省南阳市油脂集团公司,C,24,APP,3,44.5,M,汉,737,3,01,MATE,COLLEAGUE,1,78.568474,河南省,CONSUME,01,,33.028704730765849,112.58026073154108,ANDROID,,河南省南阳市卧龙区张衡街道工专路,0
100000,103,信阳市,鸿科金属材料有限公司,C,24,APP,2,32.3,M,汉,5569,3,,MATE,SIBLING,1,70.0,河南省,CONSUME,03,,30.682625,120.518132,ANDROID,,浙江省嘉兴市桐乡市乌镇镇东升大道18号,0
100000,103,保定市,拾光科技天津有限公司,G,13,APP,3,39.7,M,汉,4628,2,01,COLLEAGUE,COLLEAGUE,1,98.0,河北省,CONSUME,01,,36.859745725044167,112.86471170959828,IOS,,山西省长治市武乡县丰州镇,0
100000,102,齐齐哈尔市,杰克琼斯,H,54,XCX,3,33.8,M,汉,4870,2,,SIBLING,MATE,2,70.0,黑龙江省,CONSUME,01,,47.333423665364585,123.99222086588541,ANDROID,,黑龙江省齐齐哈尔市铁锋区东湖街道先锋街125号,0
100000,,葫芦岛市,葫芦岛绥发电力工程有限责任公司,D,17,APP,2,47.4,F,汉,675,4,01,SIBLING,FRIENDS,1,70.0,辽宁省,CONSUME,01,,40.08215398267347,120.0088568906429,IOS,,辽宁省葫芦岛市绥中县前所镇,0
100000,303,上海市,宁波奥扬体育文化发展有限公司,R,17,APP,2,38.0,M,汉,3339,4,01,FATHER,FRIENDS,2,70.0,上海市,CONSUME,01,,31.259378035688078,121.38877983426646,IOS,,上海市普陀区真如镇街道芝川路584号,0
100000,,重庆市,璧山区阿进维修部,Z,90,APP,2,38.3,M,汉,4331,2,01,FATHER,FRIENDS,2,70.0,重庆市,CONSUME,01,,29.58051816775753,106.23307975740285,ANDROID,,重庆市璧山区璧城街道青北路719号,0
100000,,郑州市,郑州市第一人民医院南院区,Q,11,XCX,4,46.9,M,汉,2861,2,01,MATE,OTHER,1,70.0,河南省,CONSUME,02,,34.395008911505929,113.75121067251959,ANDROID,,河南省郑州市新郑市新华路街道康庄大道,0
100000,104,新乡市,老兰家餐饮有限公司,I,54,APP,2,46.9,F,汉,625,2,01,MATE,RELATIVES,1,70.0,河南省,CONSUME,01,,34.256995042445748,108.94697884055661,ANDROID,,陕西省西安市碑林区柏树林街道二环路沿线商业经济带东木头市110号,0
100000,305,昭通市,豪达汽车配件有限公司,C,24,APP,4,25.8,M,汉,2901,2,01,FATHER,COLLEAGUE,2,88.144,云南省,CONSUME,01,,28.56635397055192,121.34899712134562,ANDROID,,浙江省台州市路桥区螺洋街道十路线,0
100000,,玉林市,惠州市东程激光设备有限公司,Z,90,APP,3,27.0,M,汉,7014,3,01,MOTHER,SIBLING,2,89.452,广西壮族自治区,CONSUME,01,,28.902499,111.483317,ANDROID,,湖南省常德市桃源县漳江街道滨河路,0
100000,102,北海市,黄钦贤个人工作室,Z,90,APP,2,37.9,M,汉,6277,2,,SIBLING,MOTHER,2,70.0,广西壮族自治区,CONSUME,02,,22.821591,113.724834,ANDROID,,广东省东莞市虎门镇大岗山路,0
100000,105,德州市,通达救援公司,C,24,APP,2,28.0,M,回,2837,4,01,MOTHER,RELATIVES,2,70.0,山东省,CONSUME,01,,41.23970190279109,121.90708729103966,ANDROID,,辽宁省盘锦市盘山县太平街道,0
100000,104,重庆市,瑞驰汽车实业有限公司,C,24,XCX,3,26.5,M,汉,1565,4,01,FATHER,FRIENDS,2,82.493,重庆市,CONSUME,01,,30.434803167367958,120.17844759625517,IOS,,浙江省杭州市临平区塘栖镇,0
100000,,苏州市,诚峰智造苏州有限公司,Z,90,XCX,3,29.8,M,汉,1591,3,01,MOTHER,COLLEAGUE,1,70.0,江苏省,CONSUME,01,,31.115928326113218,120.64192862698434,ANDROID,,江苏省苏州市吴江区松陵街道芦荡路,0
100000,102,长春市,中国铁建大桥局,H,54,APP,4,25.8,M,汉,1208,2,01,FATHER,COLLEAGUE,2,95.072,吉林省,CONSUME,01,,22.517666037004916,113.2708283295631,ANDROID,,广东省中山市横栏镇一村街,0
100000,,兰州市,甘肃省兰州新区鑫科技网络有限公司峰,Z,90,APP,4,44.6,M,汉,5926,2,01,MOTHER,SIBLING,2,70.0,甘肃省,CONSUME,01,,36.11945835078223,103.61007990171925,ANDROID,,甘肃省兰州市西固区柳泉镇清水北街,0
100000,306,樟树市,江西省渡海科技有限公司,G,13,APP,3,25.1,M,汉,2008,2,01,COLLEAGUE,FRIENDS,2,70.0,江西省,CONSUME,02,,28.209595,112.913437,ANDROID,,湖南省长沙市岳麓区望城坡街道洛家塘路,0
100000,,雅安市,余明丽个人工作室,Z,90,XCX,3,35.4,F,汉,4228,4,01,RELATIVES,RELATIVES,2,70.0,四川省,CONSUME,01,,3,102.99832153320312,ANDROID,,"Rompin, Pahang, Malaysia",0
100000,,雅安市,余明丽个人工作室,Z,90,XCX,3,35.4,F,汉,4228,4,01,RELATIVES,RELATIVES,2,70.0,四川省,CONSUME,01,,3,102.99832153320312,ANDROID,,"Rompin, Pahang, Malaysia",0
100000,105,雷州市,庄英个人工作室,G,13,APP,3,31.0,M,汉,6037,3,01,CHILDREN,SIBLING,2,70.0,广东省,CONSUME,01,,21.231798,110.402815,ANDROID,,广东省湛江市霞山区乐华街道乐金路辅路,0
100000,,台州市,玉环市第二人民医院,Q,11,XCX,4,44.4,F,汉,5460,2,01,MATE,FRIENDS,1,70.0,浙江省,CONSUME,01,,28.09005,121.27785,ANDROID,,浙江省台州市玉环市坎门街道坎台路,0
100000,403,襄阳市,宜城市刘猴镇晓强精品百货,H,54,APP,4,38.4,F,汉,5742,4,01,MOTHER,FATHER,1,89.511,湖北省,CONSUME,01,,32.26495897512528,112.2424974057954,ANDROID,,湖北省襄阳市襄州区古驿镇石庄小桥,0
100000,,淮安市,浙江科佳建筑工程咨询有限公司,Z,90,XCX,3,29.8,M,汉,5971,4,01,FATHER,SIBLING,2,70.0,江苏省,CONSUME,01,,32.926002,119.066391,IOS,,江苏省淮安市金湖县金南镇Y153,0
100000,104,沧州市,黄骅神农居医院,Q,11,XCX,3,34.3,F,汉,4979,2,01,RELATIVES,FRIENDS,1,70.0,河北省,CONSUME,01,,38.38343382072478,117.36112083021608,ANDROID,,河北省沧州市黄骅市黄骅镇和平大街辅路,0
100000,,眉山市,何威个人工作室,Z,90,XCX,2,32.3,M,汉,5916,2,01,MOTHER,RELATIVES,1,70.0,四川省,CONSUME,01,,30.179296,103.855568,ANDROID,,四川省眉山市彭山区凤鸣街道柏华路三段,0
100000,104,青岛市,青岛二十年建材科技有限公司,Z,90,APP,3,43.0,M,汉,4779,2,01,FATHER,FRIENDS,2,70.0,山东省,CONSUME,01,,36.905549,120.493552,ANDROID,,山东省青岛市莱西市水集街道S215(广州北路),0
100000,,重庆市,兰敏个人工作室,Z,90,APP,3,36.0,F,汉,4093,4,01,MOTHER,MATE,1,70.0,重庆市,CONSUME,01,,31.387969965248869,108.61071461373173,ANDROID,,重庆市开州区温泉镇,0
100000,,茂名市,颜料袋家电子商务有限公司,Z,90,XCX,3,45.2,F,汉,344,3,01,MOTHER,FRIENDS,1,70.0,广东省,CONSUME,01,,21.624328645924899,110.96471520583052,ANDROID,,广东省茂名市电白区坡心镇X625,0
100000,,武穴市,东莞市湘华五金科技有限公司,C,24,APP,3,25.3,M,汉,608,2,01,MOTHER,FRIENDS,2,70.0,湖北省,CONSUME,01,,22.850633415577144,114.15137995474999,ANDROID,,广东省东莞市清溪镇松岗横路18,0
100000,105,徐州市,私营业主,Z,90,APP,2,36.5,F,汉,5154,3,01,MATE,RELATIVES,1,87.555,江苏省,CONSUME,01,,34.381750251476059,109.09029594558477,ANDROID,,陕西省西安市灞桥区新合街道港兴四路,0
100000,103,青岛市,青岛吉联运集团,H,54,XCX,2,27.2,F,汉,2065,4,01,PARENTS,FRIENDS,2,70.0,山东省,CONSUME,01,,36.67063941459986,120.58977256721428,ANDROID,,山东省青岛市莱西市姜山镇,0
100000,102,宿迁市,全优乐学,H,54,APP,4,35.3,F,汉,268,2,01,PARENTS,FATHER,2,70.0,江苏省,CONSUME,01,,31.28815181790857,120.6407771334101,ANDROID,,江苏省苏州市姑苏区双塔街道冬翠路,1
100000,105,佛山市,佛山市瀚文工程管理有限公司,E,24,APP,4,38.8,M,汉,3555,4,01,MATE,FRIENDS,1,70.0,广东省,CONSUME,01,,23.067218865256544,113.09636508704226,ANDROID,,广东省佛山市南海区狮山镇乐城二路北1号,0
100000,,红河哈尼族彝族自治州,撒玛阳光,Z,90,XCX,4,44.2,F,彝,1034,2,01,MOTHER,FRIENDS,1,70.0,云南省,CONSUME,01,,23.378257850007608,102.43220362044906,ANDROID,,云南省红河哈尼族彝族自治州红河县迤萨镇,0
100000,103,青岛市,青岛吉联运集团,H,54,XCX,2,27.2,F,汉,2065,4,01,PARENTS,FRIENDS,2,70.0,山东省,CONSUME,01,,36.67063941459986,120.58977256721428,ANDROID,,山东省青岛市莱西市姜山镇,0
100000,,长春市,北京康普特科技发展有限公司,G,13,XCX,4,26.7,M,汉,1320,4,01,FATHER,FRIENDS,2,95.50986,吉林省,CONSUME,01,,40.02167933665197,116.354873106714,ANDROID,,北京市朝阳区奥运村街道S50(北五环路),0
100000,,长春市,北京康普特科技发展有限公司,G,13,XCX,4,26.7,M,汉,1320,4,01,FATHER,FRIENDS,2,95.50986,吉林省,CONSUME,01,,40.02167933665197,116.354873106714,ANDROID,,北京市朝阳区奥运村街道S50(北五环路),0
100000,,诸暨市,诸暨市盾辉机械有限公司,C,24,APP,3,30.4,M,汉,1334,4,01,FATHER,RELATIVES,2,70.0,浙江省,CONSUME,01,,29.957841,120.355498,ANDROID,,浙江省绍兴市诸暨市店口镇,1
100000,403,眉山市,刘巧个人工作室,D,17,APP,2,34.0,F,汉,4457,4,01,MOTHER,MATE,1,70.0,四川省,CONSUME,01,,30.078131970898196,104.15926834057213,ANDROID,,四川省眉山市仁寿县大化镇,0
100000,,沈阳市,吉林省众创诚网络科技有限公司,R,17,XCX,3,25.5,F,满,1742,2,01,MATE,SIBLING,2,70.0,辽宁省,CONSUME,01,,41.807142,123.621454,IOS,,辽宁省沈阳市浑南区汪家街道东李线,0
100000,403,宁德市,丰泽菲凡咖啡店,I,54,APP,2,29.9,F,畲,6823,2,01,MOTHER,FRIENDS,2,90.002,福建省,CONSUME,01,,24.877904786286068,118.64500645018707,ANDROID,,福建省泉州市丰泽区东海街道东海大街,0
100000,,青岛市,段孝展个人工作室,Z,90,APP,2,49.0,M,汉,99999,4,01,MATE,FRIENDS,1,88.121,山东省,CONSUME,01,,36.125031,120.546538,ANDROID,,山东省青岛市崂山区沙子口街道崂山景区旅游专用路,0
100000,,青岛市,段孝展个人工作室,Z,90,APP,2,49.0,M,汉,99999,4,01,MATE,FRIENDS,1,88.121,山东省,CONSUME,01,,36.125031,120.546538,ANDROID,,山东省青岛市崂山区沙子口街道崂山景区旅游专用路,0
100000,103,永州市,云雾山超市,H,54,APP,2,43.1,F,瑶,3535,4,01,MATE,FATHER,1,89.476,湖南省,CONSUME,01,,25.052201426040566,110.99675456192115,ANDROID,,湖南省永州市江永县源口瑶族乡,0
100000,,宿州市,泗县锦美装饰工程有限公司,Z,90,APP,3,40.1,M,汉,4814,4,01,PARENTS,MATE,1,70.0,安徽省,CONSUME,01,,33.47886952022483,117.89418938984423,ANDROID,,安徽省宿州市泗县泗城镇虹乡路,0
100000,,肇庆市,广东顺盈森能源有限公司,D,17,APP,3,34.9,M,汉,5502,2,01,MATE,SIBLING,1,70.0,广东省,CONSUME,02,,23.38653,111.509546,ANDROID,,广东省肇庆市封开县江口街道G321(广信三路),0
100000,104,南京市,爱尔集新能源电池南京有限公司,C,24,XCX,3,37.1,M,汉,5627,4,01,PARENTS,FRIENDS,1,70.0,江苏省,CONSUME,01,,32.14981304471309,118.9030737768702,ANDROID,,江苏省南京市栖霞区栖霞街道兴广路,0
100000,,杭州市,浙江盘石信息技术股份有限公司,Z,90,XCX,4,30.2,M,汉,157,4,01,MATE,FRIENDS,1,84.149,浙江省,CONSUME,01,,30.351789614341699,120.11657937365394,ANDROID,,浙江省杭州市余杭区良渚街道好运街,1
100000,,益阳市,潘兴个人工作室,Z,90,APP,3,35.6,M,汉,4622,3,01,FATHER,FATHER,1,70.0,湖南省,CONSUME,01,,28.866263,112.308238,ANDROID,,湖南省益阳市沅江市新湾镇G234(兴阳线),0
100000,307,深圳市,中国太平人寿有限公司,J,13,XCX,3,46.7,F,汉,4766,4,01,FATHER,MOTHER,2,85.863,广东省,CONSUME,01,,22.700584708677704,113.99762156257693,IOS,,广东省深圳市龙华区大浪街道永乐路,0
100000,105,常州市,宜兴市诚一新型建材厂,H,54,APP,3,41.4,M,汉,4657,3,01,FATHER,FRIENDS,1,70.0,江苏省,CONSUME,01,,31.308063846301395,119.64839355343766,ANDROID,,江苏省无锡市宜兴市张渚镇S342,0
100000,103,铁岭市,福云祥烟酒行,H,54,XCX,2,39.0,F,汉,3919,2,01,MATE,RELATIVES,1,75.48642,辽宁省,CONSUME,01,,41.85746111876295,123.4565824406449,ANDROID,,辽宁省沈阳市皇姑区陵东街道长锦巷,0
100000,103,眉山市,青神羽翔建筑工程有限公司,E,24,XCX,2,29.4,M,汉,2347,2,01,FATHER,FATHER,2,70.0,四川省,CONSUME,01,,29.836689984136773,103.85966813979532,ANDROID,,四川省眉山市青神县白果乡岷江大桥,0
100000,105,天水市,李毅波个人工作室,Z,90,XCX,2,38.9,M,汉,5728,4,01,MATE,FATHER,1,70.0,甘肃省,CONSUME,01,,34.587315743120708,105.73041549434814,ANDROID,,甘肃省天水市秦州区玉泉镇罗玉路,0
100000,102,常州市,上海星巴克咖啡有限公司,I,54,APP,4,27.1,M,汉,1320,4,01,MOTHER,COLLEAGUE,3,88.259,江苏省,CONSUME,01,,31.73287883490848,119.58562474114435,ANDROID,,江苏省常州市金坛区东城街道南环二路387号,0
100000,103,保定市,易县灵龍铜雕装饰工程有限公司,E,24,APP,2,37.2,M,汉,4653,3,01,MATE,SIBLING,1,99.0,河北省,CONSUME,01,,30.930340475602614,116.2391112922883,IOS,,安徽省安庆市岳西县来榜镇G318(上聂线),0
100000,103,阜新市,Mei吧女装集合店,H,54,XCX,2,41.4,F,汉,5124,4,01,RELATIVES,FRIENDS,2,70.0,辽宁省,CONSUME,01,,42.367376,122.544333,ANDROID,,辽宁省阜新市彰武县彰武镇G304(丹霍线),0
100000,,黄冈市,湖北中蓝宏源新能源材料有限公司,M,11,APP,4,33.5,M,汉,7040,2,01,FATHER,FRIENDS,1,84.001,湖北省,CONSUME,01,,30.77436465238822,115.38807782024714,ANDROID,,湖北省黄冈市罗田县凤山镇拨云北路,0
100000,103,忻州市,杭州市天豪大酒店,I,54,XCX,2,43.5,M,汉,2735,4,01,PARENTS,FRIENDS,2,70.0,山西省,CONSUME,01,,30.221059794321584,120.18707438234977,ANDROID,,浙江省杭州市上城区紫阳街道之江路,0
100000,,重庆市,重庆市沐光农业开发有限公司,A,27,XCX,2,47.1,M,汉,202,2,01,MATE,RELATIVES,1,76.07683,四川省,CONSUME,01,,28.130714789496526,112.94268527560764,ANDROID,,湖南省长沙市岳麓区洋湖街道湘浦路,0
100000,,常州市,云都美发,C,24,APP,2,29.8,F,汉,1113,4,01,MATE,FRIENDS,1,94.688,江苏省,CONSUME,01,,31.724087,119.3715,ANDROID,,江苏省常州市金坛区薛埠镇S340(茅东大街),0
100000,103,金华市,李凯个人工作室,H,54,APP,3,33.6,M,汉,568,3,01,FATHER,FATHER,2,85.93,浙江省,CONSUME,01,,29.21044333472894,119.81653840635949,ANDROID,,浙江省金华市金东区孝顺镇广顺北街,0
100000,,巢湖市,安徽格力电器有限公司,C,24,XCX,3,49.9,M,汉,422,4,01,MATE,FATHER,1,70.0,安徽省,CONSUME,01,,31.505945371699185,117.27346540934598,ANDROID,,安徽省合肥市庐江县同大镇合铜公路,0
100000,403,淮安市,优亨装饰经营部,E,24,APP,2,46.9,M,汉,4311,4,01,MATE,FRIENDS,1,92.52057,江苏省,CONSUME,01,,32.38700427223655,119.49700226425688,ANDROID,,江苏省扬州市广陵区湾头镇金韵路,0
100000,,晋中市,上海安能聚创供应链管理有限公司,H,54,XCX,2,42.2,M,汉,5754,2,01,MATE,COLLEAGUE,1,92.0,山西省,CONSUME,02,,38.023016,114.734841,ANDROID,,河北省石家庄市藁城区岗上镇,0
100000,,湖州市,养殖有限公司,Z,90,APP,2,30.3,M,汉,6082,4,01,RELATIVES,FRIENDS,2,70.0,浙江省,CONSUME,01,,30.92904829200833,119.80110397873929,ANDROID,,浙江省湖州市长兴县林城镇桥向路,0
100000,104,赣州市,深圳市芯中动力有限公司,C,24,APP,2,38.5,M,汉,5524,4,01,MATE,MOTHER,1,89.252,江西省,CONSUME,01,,22.826292517401794,114.31150320235598,ANDROID,,广东省惠州市惠阳区新圩镇,0
100000,,滁州市,天天玩具,Z,90,XCX,2,49.3,M,汉,4642,2,01,MOTHER,FRIENDS,1,70.0,安徽省,CONSUME,01,,32.80830800160357,118.79172299245256,ANDROID,,安徽省滁州市天长市张铺镇,0
100000,,甘孜藏族自治州,康定市老龚客栈,I,54,APP,4,27.2,M,藏,1837,4,01,PARENTS,RELATIVES,1,70.0,四川省,CONSUME,01,,29.998694597902503,101.955801195786307,ANDROID,,四川省甘孜藏族自治州康定市榆林街道情歌路,0
100000,102,白银市,业之峰装修公司,E,24,APP,3,38.7,M,汉,3074,2,01,MATE,MOTHER,1,70.0,甘肃省,CONSUME,02,,22.678377,114.158526,ANDROID,,广东省深圳市龙岗区平湖街道宝鹅大道,0
100000,103,济南市,济南市槐荫区沃土文体店,H,54,APP,3,41.8,F,回,2148,2,01,MOTHER,SIBLING,1,70.0,山东省,CONSUME,01,,36.71594849510665,117.24195504097493,ANDROID,,山东省济南市历城区唐冶街道,0
100000,102,白银市,业之峰装修公司,E,24,APP,3,38.7,M,汉,3074,2,01,MATE,MOTHER,1,70.0,甘肃省,CONSUME,02,,22.678377,114.158526,ANDROID,,广东省深圳市龙岗区平湖街道宝鹅大道,0
100000,,临汾市,临汾瑞升合建筑劳务有限公司,O,17,XCX,3,41.6,F,汉,4024,3,01,MATE,FRIENDS,1,70.0,山西省,CONSUME,01,,36.03122,111.532787,ANDROID,,山西省临汾市尧都区贾得乡贾得村中心路,0
100000,,南通市,邓进国个人工作室,Z,90,XCX,2,46.5,M,汉,5882,4,01,FATHER,MATE,1,70.0,江苏省,CONSUME,01,,32.584128390475488,120.29602450115614,ANDROID,,江苏省南通市海安市南莫镇,0
100000,,南通市,邓进国个人工作室,Z,90,XCX,2,46.5,M,汉,5882,4,01,FATHER,MATE,1,70.0,江苏省,CONSUME,01,,32.584128390475488,120.29602450115614,ANDROID,,江苏省南通市海安市南莫镇,0
100000,104,合肥市,安徽皖信人力资源管理有限公司,J,13,XCX,4,38.8,F,汉,4845,3,,MOTHER,FRIENDS,1,72.188,安徽省,CONSUME,01,,31.81361572265625,117.24774034288194,ANDROID,,安徽省合肥市包河区常青街道学院路,0
100000,103,随州市,鑫诚装饰部,E,24,APP,3,36.4,M,汉,5677,4,01,MATE,SIBLING,1,94.0,湖北省,CONSUME,01,,31.70373743511152,113.84386828078783,ANDROID,,湖北省随州市广水市蔡河镇,0
100000,305,南昌市,江西筑融建筑工程有限公司,E,24,APP,3,37.1,M,汉,3463,3,01,FATHER,MATE,1,70.0,江西省,CONSUME,01,,28.671203,115.855208,ANDROID,,江西省南昌市红谷滩区红角洲管理区赣江中大道,0
100000,,邢台市,艺天创意,G,13,XCX,3,36.2,F,汉,4382,4,01,MOTHER,FRIENDS,2,70.0,河北省,CONSUME,01,,35.97624020141009,120.22017086524919,ANDROID,,山东省青岛市黄岛区薛家岛街道完达山路,0
100000,102,伊春市,郑州市晨炜餐饮服务有限公司,I,54,APP,3,47.3,M,汉,463,3,01,FATHER,FATHER,1,94.0,黑龙江省,CONSUME,01,,34.75589654255242,113.71460411315391,IOS,,河南省郑州市金水区未来路街道建业路,0
100000,,宁波市,余姚邦尔骨科医院,Z,90,XCX,3,27.7,F,汉,855,2,01,PARENTS,MATE,1,70.0,浙江省,CONSUME,01,,30.05184814453125,121.13503309461805,ANDROID,,浙江省宁波市余姚市阳明街道西石山北路41号,0
100000,302,承德市,没有公司,Z,90,XCX,4,34.4,M,回,6526,2,01,MOTHER,FRIENDS,1,90.562,河北省,CONSUME,01,,40.96699595078684,117.92063299535767,ANDROID,,河北省承德市双桥区石洞子沟街道富家沟路,0
100000,105,驻马店市,泌阳县农业农村局,A,27,APP,4,42.1,M,汉,3519,2,01,RELATIVES,COLLEAGUE,1,70.0,河南省,CONSUME,02,,32.738729,113.319645,ANDROID,,河南省驻马店市泌阳县花园街道G328(铜山湖大道),0
100000,,定西市,甘肃省陇西高速公路收费所,F,17,XCX,3,41.0,F,汉,3361,4,01,PARENTS,FRIENDS,1,70.0,甘肃省,CONSUME,01,,34.99991334559872,104.65867449888093,ANDROID,,甘肃省定西市陇西县巩昌镇中天路,0
100000,,清远市,余灿洪个人工作室,Z,90,APP,3,37.2,M,汉,5155,2,01,MATE,SIBLING,1,70.0,广东省,CONSUME,01,,23.742394,113.101093,ANDROID,,广东省清远市清城区东城街道S377(职教一路),0
100000,103,沧州市,江西科技学院,P,13,APP,4,24.5,F,汉,2151,2,01,FATHER,FRIENDS,2,75.40572,河北省,CONSUME,01,,38.38493748839989,117.33118035114366,ANDROID,,河北省沧州市黄骅市骅西街道G205(迎宾大街),0
100000,105,聊城市,冠县清华园学校,P,13,APP,4,25.5,M,汉,1877,2,01,FATHER,MOTHER,2,70.0,山东省,CONSUME,01,,29.684025180651113,120.15152524247216,ANDROID,,浙江省绍兴市诸暨市大唐街道西三环路辅路,0
100000,,定西市,暂未提供公司,Z,90,XCX,2,35.3,M,汉,4401,2,01,MATE,SIBLING,1,70.0,甘肃省,CONSUME,01,,35.82782741970486,102.75526801215278,ANDROID,,甘肃省临夏回族自治州积石山保安族东乡族撒拉族自治县大河家镇Y551,0
100000,403,南京市,南京乐信房地产销售有限公司,K,17,APP,2,32.1,M,汉,956,2,01,PARENTS,FRIENDS,2,70.0,江苏省,CONSUME,01,,32.04068359375,118.79479437934027,ANDROID,,江苏省南京市秦淮区五老村街道四条巷100号,0
100000,,成都市,成都市华强塑胶贸易有限公司,C,24,XCX,3,39.2,M,汉,5052,4,,FATHER,MOTHER,1,70.0,四川省,CONSUME,04,,30.627021484375,104.0336048719618,ANDROID,,四川省成都市武侯区肖家河街道科园二路29号,1
100000,,六安市,安徽明天氢能科技股份有限公司,G,13,XCX,3,29.4,M,汉,1038,4,01,PARENTS,FRIENDS,,70.0,安徽省,CONSUME,01,,31.756287719901363,116.54543837997299,ANDROID,,安徽省六安市金安区六安经济开发区劝学路,0
100000,,成都市,四川裕承大数据集团股份有限公司,G,13,XCX,4,45.0,M,汉,4550,4,,MATE,COLLEAGUE,1,70.0,四川省,CONSUME,01,,29.599565700954862,106.51783555772569,ANDROID,,重庆市渝北区龙溪街道红锦大道150号,0
100000,103,天津市,天津海尔专卖,Z,90,XCX,2,42.5,F,汉,3440,4,01,MATE,COLLEAGUE,1,70.0,天津市,CONSUME,01,,38.92220893012153,117.40456787109375,ANDROID,,天津市津南区北闸口镇月桥村路,1
100000,,福州市,福州顺丰速运有限公司,Z,90,APP,3,38.4,M,汉,7054,3,01,SIBLING,MATE,1,86.076,福建省,CONSUME,01,,26.068537,119.184576,ANDROID,,福建省福州市闽侯县上街镇源通西路,0
100000,,重庆市,渝北区利杰汽修,P,13,XCX,2,47.3,F,汉,357,4,01,PARENTS,FRIENDS,1,70.0,重庆市,CONSUME,01,,29.587323133680556,106.4649742296007,ANDROID,,重庆市江北区石马河街道石马河立交,0
100000,,泰安市,乐享科技有限公司,G,13,XCX,3,27.2,M,汉,2912,2,01,FATHER,FRIENDS,2,70.0,山东省,CONSUME,01,,36.17944580078125,117.08585991753472,ANDROID,,山东省泰安市岱岳区粥店街道东七里街,0
100000,103,泰州市,无锡申泰新能源有限公司,M,11,XCX,4,31.8,M,汉,173,2,01,FRIENDS,FATHER,2,70.0,江苏省,CONSUME,01,,31.688570149762368,120.33343632492486,ANDROID,,江苏省无锡市惠山区长安街道惠成路,0
100000,,深圳市,陈泽霖个人工作室,Z,90,XCX,4,31.8,M,汉,716,4,01,MATE,FRIENDS,1,70.0,广东省,CONSUME,01,,22.530602502841334,114.0771514696663,ANDROID,,广东省深圳市福田区南园街道滨河大道3197号,0
100000,,宜宾市,中国联通宜宾市长宁县分公司,G,13,XCX,4,41.8,F,汉,4548,2,01,OTHER,OTHER,1,70.0,四川省,CONSUME,01,,28.580320638020833,104.91667778862848,ANDROID,,四川省宜宾市长宁县长宁镇竹海路39号,0
100000,,重庆市,重庆忠信保安服务有限公司,O,17,XCX,3,29.9,M,汉,6515,4,01,MATE,FATHER,1,70.0,重庆市,CONSUME,01,,29.82541232638889,106.52712022569445,ANDROID,,重庆市北碚区水土街道云福路,0
100000,,运城市,运城市踔厉物流有限公司,Z,90,XCX,4,36.3,M,汉,5612,3,01,FRIENDS,FRIENDS,1,70.0,山西省,CONSUME,01,,34.956826,111.161460,ANDROID,,山西省运城市平陆县张店镇,0
100000,,徐州市,薛成宇个人工作室,Z,90,XCX,2,38.3,M,汉,4422,4,01,MATE,SIBLING,1,70.0,江苏省,CONSUME,01,,33.77276932346573,117.86506067244115,ANDROID,,江苏省徐州市睢宁县官山镇,0
100000,,运城市,运城市踔厉物流有限公司,Z,90,XCX,4,36.3,M,汉,5612,3,01,FRIENDS,FRIENDS,1,70.0,山西省,CONSUME,01,,34.956826,111.161460,ANDROID,,山西省运城市平陆县张店镇,0
100000,308,郑州市,月儿湾水育早教中心,P,13,APP,2,38.1,F,汉,4499,4,01,MATE,FRIENDS,1,70.0,河南省,CONSUME,01,,34.72445851865614,114.02023400987278,ANDROID,,河南省郑州市中牟县东风路街道青年西路,0
100000,,兴安盟,中国邮政速递EMS,Z,90,APP,4,24.8,M,汉,1763,4,01,MOTHER,RELATIVES,2,70.0,内蒙古自治区,CONSUME,01,,28.859744,120.855333,ANDROID,,浙江省台州市仙居县下各镇镇南路,0
100000,309,兰州市,厦门优保集团有限公司,H,54,APP,4,24.0,M,汉,717,2,01,FATHER,RELATIVES,2,88.605,甘肃省,CONSUME,01,,24.532543627635975,118.17031354653556,IOS,,福建省厦门市湖里区禾山街道,0
100000,104,杭州市,钱江印染化工有限公司,C,24,APP,2,32.1,M,汉,153,2,01,SIBLING,FATHER,2,70.0,浙江省,CONSUME,01,,30.349380335416293,120.50801900773587,ANDROID,,浙江省杭州市钱塘区义蓬街道,0
100000,105,枣庄市,枣庄市实验幼儿园,P,13,XCX,4,29.9,F,汉,204,4,01,FRIENDS,FATHER,2,70.0,山东省,CONSUME,01,,34.845244360269898,117.58832173920733,ANDROID,,山东省枣庄市市中区光明路街道S241(东环路),0
100000,105,武汉市,城智有限,Z,90,XCX,4,24.4,F,汉,622,2,01,MATE,FRIENDS,2,70.0,湖北省,CONSUME,01,,39.9316227239555,116.50684169560074,ANDROID,,北京市朝阳区平房(地区)乡青年路115号,0
100000,,曲靖市,福贡筑城,Z,90,APP,3,29.1,M,汉,1158,4,01,FATHER,COLLEAGUE,2,70.0,云南省,CONSUME,01,,26.86715,98.878842,ANDROID,,云南省怒江傈僳族自治州福贡县上帕镇,0
100000,104,廊坊市,三河市北京住达建筑门窗有限公司,E,24,APP,3,38.0,M,汉,4601,3,01,FRIENDS,RELATIVES,1,70.0,河北省,CONSUME,01,,40.000974,116.78969,ANDROID,,河北省廊坊市三河市燕顺路街道燕灵路,0
100000,305,马鞍山市,炜能网络科技南京有限公司,G,13,XCX,4,36.0,M,汉,5310,4,01,MOTHER,FRIENDS,2,70.0,安徽省,CONSUME,01,,31.707139756944443,118.54624538845486,ANDROID,,安徽省马鞍山市花山区慈湖乡,0
100000,105,连云港市,赣榆区消防救援大队,Z,90,APP,3,24.5,M,汉,2054,2,01,FATHER,MOTHER,2,90.355,江苏省,CONSUME,01,,31.176885,121.420585,ANDROID,,上海市徐汇区田林街道田林东路414弄-26-1号-临,0
100000,403,宣城市,国顺工艺品厂,C,24,XCX,3,44.1,M,汉,3022,2,01,FATHER,FRIENDS,2,70.0,安徽,CONSUME,01,,28.600915,121.25702,ANDROID,,浙江省台州市黄岩区南城街道劳动南路,0
100000,103,南京市,上海华虹宏力半导体有限公司,G,13,APP,3,40.1,M,汉,5258,4,01,FRIENDS,FRIENDS,1,70.0,江苏省,CONSUME,01,,31.185615694516039,121.7650262808475,ANDROID,,上海市浦东新区祝桥镇圩华路,0
100000,102,嘉兴市,嘉兴市峰创广告有限公司,R,17,APP,4,39.4,M,汉,5179,3,,OTHER,OTHER,1,70.0,浙江省,CONSUME,01,,30.736427,120.726096,ANDROID,,浙江省嘉兴市南湖区城南街道创新路,0
100000,104,晋中市,孟伟华个人工作室,Z,90,APP,3,41.1,M,汉,3780,4,01,FATHER,FRIENDS,1,88.965,山西省,CONSUME,01,,36.68156588374958,111.61786066943223,ANDROID,,山西省晋中市灵石县王禹乡,0
100000,102,重庆市,山国饮艺,H,54,APP,2,31.2,F,汉,6512,2,01,MOTHER,SIBLING,3,77.69444,重庆市,CONSUME,01,,30.693595769493706,108.44652233261796,ANDROID,,重庆市万州区新田镇,0
100000,,遵义市,饴源视频有限公司,Z,90,APP,2,22.9,M,汉,1179,2,01,FATHER,COLLEAGUE,2,80.468,贵州省,CONSUME,01,,22.27065945095486,113.47947808159722,ANDROID,,广东省中山市坦洲镇永兴路16号,0
100000,103,茂名市,林文个人工作室,Z,90,APP,2,40.7,M,汉,4002,4,01,MATE,FATHER,1,70.0,广东省,CONSUME,01,,21.550136266959539,111.42818880424466,ANDROID,,广东省茂名市电白区岭门镇,0
100000,103,长治市,霍尔辛赫煤业有限公司,C,24,XCX,3,42.2,M,汉,4227,4,01,RELATIVES,RELATIVES,1,70.0,山西省,CONSUME,01,,36.046041,113.049537,ANDROID,,山西省长治市上党区韩店街道民安西巷,0
100000,,丹东市,湖南长润机电有限公司,G,13,XCX,3,28.0,M,满,6585,2,01,FATHER,FRIENDS,2,77.758,辽宁省,CONSUME,01,,28.231988118489582,112.74217312282985,ANDROID,,湖南省长沙市望城区白箬铺镇金洲大道,0
100000,,徐州市,张林林个人工作室,Z,90,XCX,2,36.3,M,汉,4082,4,01,MATE,FATHER,1,70.0,江苏省,CONSUME,01,,34.44453364103338,117.00028414613145,ANDROID,,江苏省徐州市铜山区黄集镇Y150,0
100000,105,重庆市,赵勇个人工作室,Z,90,APP,2,35.4,M,汉,4335,4,01,MOTHER,FATHER,2,70.0,重庆市,CONSUME,01,,30.380136955618825,107.5199971640226,ANDROID,,重庆市垫江县永安镇,0
100000,,淮北市,段珂珂个人工作室,Z,90,XCX,3,28.4,F,汉,1001,3,01,MATE,FRIENDS,1,70.0,安徽省,CONSUME,01,,32.05229085286458,120.8844837782118,ANDROID,,江苏省南通市崇川区秦灶街道供销大道,0
100000,,杭州市,杭州韵码网络科技有限公司,G,13,APP,4,33.5,M,汉,516,3,01,FATHER,FRIENDS,1,70.0,浙江省,CONSUME,01,,29.801749,119.695667,ANDROID,,浙江省杭州市桐庐县城南街道白云源路508号,0
100000,,西安市,西安仲夏环境有限公司,M,11,XCX,2,27.9,M,汉,631,4,01,PARENTS,FRIENDS,1,70.0,陕西省,CONSUME,01,,34.155650628346429,108.333966137768883,ANDROID,,陕西省西安市周至县终南镇,0
100000,,阳江市,许宏物流货运部,Z,90,APP,3,34.8,M,汉,4242,3,01,MATE,COLLEAGUE,1,70.0,广东省,CONSUME,01,,22.600490953267224,113.06728631335203,ANDROID,,广东省江门市蓬江区环市街道迎宾大道西30号-12,0
100000,,石家庄市,付子飞个人工作室,Z,90,APP,2,38.9,M,汉,4240,3,01,MOTHER,SIBLING,1,81.611,河北省,CONSUME,01,,38.16466794435589,114.39543511315397,ANDROID,,河北省石家庄市鹿泉区大河镇光明街,0
100000,,西宁市,政协委员会,Z,90,XCX,4,37.8,M,汉,5272,4,01,MATE,SIBLING,1,70.0,青海省,CONSUME,01,,28.236561957465277,113.08165608723958,ANDROID,,湖南省长沙市长沙县星沙街道金茂路,0
100000,,石家庄市,付子飞个人工作室,Z,90,APP,2,38.9,M,汉,4240,3,01,MOTHER,SIBLING,1,81.611,河北省,CONSUME,01,,38.16466794435589,114.39543511315397,ANDROID,,河北省石家庄市鹿泉区大河镇光明街,0
100000,,西宁市,政协委员会,Z,90,XCX,4,37.8,M,汉,5272,4,01,MATE,SIBLING,1,70.0,青海省,CONSUME,01,,28.236561957465277,113.08165608723958,ANDROID,,湖南省长沙市长沙县星沙街道金茂路,0
100000,102,惠州市,燕海润滑油,H,54,APP,4,45.8,M,汉,313,2,01,FATHER,FRIENDS,1,92.18582,广东省,CONSUME,02,,23.57002558927036,114.43078116363316,ANDROID,,广东省惠州市博罗县公庄镇,0
100000,102,肇庆市,深圳市粤孚达商贸有限公司端州区盛丰源食品商行,H,54,APP,2,38.9,F,汉,4411,4,01,MATE,FRIENDS,1,70.0,广东省,CONSUME,01,,23.062629001341205,112.4958880284934,ANDROID,,广东省肇庆市端州区黄岗街道黄岗南路,0
100000,103,萍乡市,私鸳小吃店,I,54,APP,3,40.8,M,汉,4247,2,01,SIBLING,FRIENDS,1,70.0,江西省,CONSUME,01,,27.631467826502,113.852195742943,ANDROID,,江西省萍乡市安源区凤凰街道公园南路35号,0
100000,104,上海市,中田健身,R,17,XCX,4,38.2,F,汉,4317,3,01,FRIENDS,FRIENDS,2,80.878,上海市,CONSUME,01,,31.317459967615056,121.48199027403044,ANDROID,,上海市宝山区高境镇逸仙路1321弄-3支弄-13号,0
100000,,眉山市,彭鑫个人工作室,Z,90,APP,2,22.5,M,汉,1472,2,01,FATHER,MOTHER,2,70.0,四川省,CONSUME,01,,29.857067,104.231992,ANDROID,,四川省眉山市仁寿县始建镇,0
100000,102,松原市,兄弟鞋厂,Z,90,APP,2,37.8,F,汉,5773,2,01,SIBLING,FRIENDS,1,89.385,吉林省,CONSUME,01,,22.763769,114.382926,ANDROID,,广东省惠州市惠阳区秋长街道秋宝南路,0
100000,,重庆市,厦门佳德兴工贸有限公司,Z,90,APP,4,32.7,M,汉,6078,2,01,PARENTS,COLLEAGUE,2,70.0,重庆市,CONSUME,01,,24.704937737707586,118.13216472386033,ANDROID,,福建省厦门市同安区祥平街道集安路,0
100000,102,怀化市,深圳市均正发电子有限公司,G,13,APP,2,29.6,M,侗,2248,2,01,FATHER,RELATIVES,2,94.648,湖南省,CONSUME,01,,22.731425,114.295098,ANDROID,,广东省深圳市龙岗区宝龙街道爱南路,0
100000,303,泸州市,启迪设计集团有限公司,H,54,APP,4,30.3,M,汉,70,4,01,FATHER,MOTHER,2,70.0,四川省,CONSUME,01,,29.687437345097018,106.5813205399403,ANDROID,,重庆市渝北区翠云街道长福西路,0
100000,102,邯郸市,中国大地财产股份有限公司,J,13,XCX,3,33.4,F,汉,4643,4,,FATHER,MATE,1,70.0,河北省,CONSUME,01,,36.66419487847222,114.58637315538195,ANDROID,,河北省邯郸市丛台区黄粱梦镇G514(邯临公路),0
100000,,西双版纳傣族自治州,尤众华个人工作室,Z,90,APP,2,37.5,M,哈尼,4317,2,01,CHILDREN,MATE,1,70.0,云南省,CONSUME,01,,21.494009153650287,101.31901641605077,ANDROID,,云南省西双版纳傣族自治州勐腊县勐捧镇,0
100000,,德州市,德州市德城区城隍庙,Z,90,XCX,2,34.7,F,汉,345,4,01,MOTHER,FRIENDS,1,70.0,山东省,CONSUME,01,,37.45158417744824,116.2756123776688,ANDROID,,山东省德州市德城区运河街道新港街113号,0
100000,306,樟树市,江西省渡海科技有限公司,G,13,APP,3,25.1,M,汉,2008,2,01,COLLEAGUE,FRIENDS,2,70.0,江西省,CONSUME,02,,28.209595,112.913437,ANDROID,,湖南省长沙市岳麓区望城坡街道洛家塘路,0
100000,,武威市,许兴军个人工作室,Z,90,XCX,3,43.6,M,汉,3987,4,01,MATE,SIBLING,1,70.0,甘肃省,CONSUME,01,,37.67801870600837,103.0447211484408,ANDROID,,甘肃省武威市古浪县土门镇,0
100000,105,兰州市,甘肃省兰州新区鑫科技网络有限公司峰,Z,90,XCX,4,44.6,M,汉,5926,2,01,MOTHER,SIBLING,2,70.0,甘肃省,CONSUME,01,,36.11945835078223,103.61007990171925,ANDROID,,甘肃省兰州市西固区柳泉镇清水北街,0
100000,103,怀化市,曾珊个人工作室,Z,90,APP,2,39.3,F,汉,4269,4,01,FRIENDS,MATE,3,70.0,湖南省,CONSUME,01,,27.554633130968708,110.01586732742713,IOS,,湖南省怀化市鹤城区坨院街道,0
100000,,平凉市,甘肃省静宁企业建筑工程有限公司,E,24,APP,4,29.1,M,汉,283,3,01,FATHER,FRIENDS,2,70.0,甘肃省,CONSUME,01,,35.32096064888248,105.79667412713288,ANDROID,,甘肃省平凉市静宁县雷大镇,0
100000,,商洛市,陕西恒国通信有限公司,Z,90,XCX,3,30.6,F,汉,6601,2,,MATE,FRIENDS,1,70.0,陕西省,CONSUME,01,,33.427496579018697,109.1774942437819,ANDROID,,陕西省商洛市镇安县永乐街道,0
100000,403,襄阳市,宜城市刘猴镇晓强精品百货,H,54,APP,4,38.4,F,汉,5742,4,01,MOTHER,FATHER,1,89.511,湖北省,CONSUME,01,,32.26495897512528,112.2424974057954,ANDROID,,湖北省襄阳市襄州区古驿镇石庄小桥,0
100000,102,咸宁市,舒秀丹个人工作室,Z,90,APP,2,40.8,F,汉,4761,2,01,SIBLING,FRIENDS,1,70.0,湖北省,CONSUME,02,,39.42424,116.290446,ANDROID,,河北省廊坊市固安县固安镇迎宾街,0
100000,,宁德市,雷金妹个人工作室,C,24,XCX,2,30.5,F,畲,7048,4,01,SIBLING,FRIENDS,2,80.828,福建省,CONSUME,01,,26.980942,120.189804,ANDROID,,福建省宁德市霞浦县牙城镇G228,0
100000,105,成都市,成都龙涵商贸有限责任公司,H,54,XCX,3,37.5,M,汉,5916,3,01,FATHER,FATHER,1,70.0,四川省,CONSUME,01,,30.812311126141617,103.85025396355194,IOS,,四川省成都市郫都区友爱镇郫花路,0
100000,,宁德市,江新才个人工作室,Z,90,XCX,2,42.3,M,汉,3731,2,01,SIBLING,RELATIVES,2,70.0,福建省,CONSUME,01,,28.236311306423612,112.879990234375,ANDROID,,湖南省长沙市岳麓区天顶街道尖山路,0
100000,,长春市,北京康普特科技发展有限公司,G,13,XCX,4,26.7,M,汉,1320,4,01,FATHER,FRIENDS,2,95.50986,吉林省,CONSUME,01,,40.02167933665197,116.354873106714,ANDROID,,北京市朝阳区奥运村街道S50(北五环路),0
100000,102,商丘市,哈尔滨太平机场,F,17,APP,3,27.9,M,回,1240,2,01,RELATIVES,FRIENDS,2,70.0,河南省,CONSUME,01,,36.812776,117.887307,ANDROID,,山东省淄博市周村区北郊镇,0
100000,102,娄底市,长沙翎创文化传媒有限公司,R,17,APP,3,29.4,M,汉,1700,4,,MOTHER,SIBLING,2,95.103,湖南省,CONSUME,02,,28.222542,112.953064,ANDROID,,湖南省长沙市岳麓区银盆岭街道双百路70号,0
100000,,沈阳市,吉林省众创诚网络科技有限公司,R,17,XCX,3,25.5,F,满,1742,2,01,MATE,SIBLING,2,70.0,辽宁省,CONSUME,01,,41.807142,123.621454,IOS,,辽宁省沈阳市浑南区汪家街道东李线,0
100000,,萍乡市,财税无忧,H,54,XCX,2,39.9,F,汉,4548,2,01,RELATIVES,FRIENDS,1,70.0,江西省,CONSUME,01,,27.868228895399305,113.8139111328125,ANDROID,,江西省萍乡市上栗县上栗镇杨岐山大道,0
100000,102,天水市,天水市秦州区美之道健康管理所,C,24,APP,3,38.0,M,汉,5245,4,01,MATE,RELATIVES,1,70.0,甘肃省,CONSUME,01,,34.58469551027241,105.75079064630927,ANDROID,,甘肃省天水市秦州区七里墩街道岷山经三路,0
100000,,阿勒泰地区,安徽华安食品有限公司,Z,90,XCX,3,48.3,M,汉,2638,3,01,COLLEAGUE,COLLEAGUE,2,70.0,新疆维吾尔自治区,CONSUME,01,,34.289561360677084,109.01057373046875,ANDROID,,陕西省西安市新城区长乐中路街道华清东路48号,0
100000,102,绍兴市,锐锋电商,G,13,APP,2,33.9,F,汉,4955,2,01,SIBLING,FRIENDS,2,70.0,浙江省,CONSUME,01,,30.001147532504473,120.59256470717277,ANDROID,,浙江省绍兴市越城区蕺山街道环城东路1821-、1823号,0
100000,,聊城市,刘振杰个人工作室,K,17,APP,2,36.8,M,汉,4544,3,01,MATE,FRIENDS,1,70.0,山东省,CONSUME,01,,36.740795149189,115.679580699418,ANDROID,,山东省聊城市临清市尚店镇S247,0
100000,102,无锡市,乐茵七彩宝贝,Z,90,XCX,2,38.5,F,汉,3410,4,,MOTHER,COLLEAGUE,3,70.0,江苏省,CONSUME,01,,31.88734809027778,120.29560492621528,ANDROID,,江苏省无锡市江阴市澄江街道G2(京沪高速),0
100000,302,眉山市,余文明五金建材,H,54,APP,2,49.9,M,汉,3387,4,01,MATE,CHILDREN,1,70.0,四川省,CONSUME,01,,29.490862322483417,106.57686332524256,ANDROID,,重庆市南岸区海棠溪街道,0
100000,,中山市,中山公用水务有限公司东升分公司,Z,90,XCX,4,41.4,F,汉,3950,4,01,MATE,FRIENDS,1,70.0,广东省,CONSUME,01,,47.76578517303851,128.94519308743896,IOS,,黑龙江省伊春市伊美区伊林经营所,1
100000,105,南阳市,杨森个人工作室,Z,90,APP,3,38.6,M,汉,4320,3,01,MATE,FRIENDS,1,84.78618,河南省,CONSUME,01,,33.47389126287209,112.4505830976372,ANDROID,,河南省南阳市南召县城郊乡东滨河路,0
100000,,安庆市,十八元快餐,I,54,XCX,2,42.0,F,汉,2441,3,01,PARENTS,SIBLING,1,70.0,安徽省,CONSUME,01,,30.871419915107,116.296623233782,ANDROID,,安徽省安庆市岳西县安徽岳西县经济开发区G318(莲云大道),0
100000,,商丘市,明嘉防腐木有限公司,Z,90,XCX,2,30.8,M,汉,6631,2,01,FATHER,FATHER,2,70.0,河南省,CONSUME,01,,34.166804,115.988459,IOS,,河南省商丘市夏邑县济阳镇,0
100000,,揭阳市,黄利军个人工作室,Z,90,APP,2,42.7,M,汉,4445,2,,MATE,SIBLING,1,70.0,广东省,CONSUME,01,,23.065087,116.482567,ANDROID,,广东省揭阳市惠来县仙庵镇G228(丹东线),0
100000,105,泸州市,四川恒固建设工程检测有限公司,E,24,APP,3,32.3,M,汉,6945,4,01,MATE,FRIENDS,1,88.251,四川省,CONSUME,01,,28.823128349650678,105.82860419856077,ANDROID,,四川省泸州市合江县符阳街道合江长江公路大桥,0
100000,105,宿迁市,苏州鑫康特机械科技有限公司,Z,90,XCX,2,39.2,M,汉,3762,4,01,FRIENDS,FATHER,1,70.0,江苏省,CONSUME,01,,31.50464626736111,120.72254638671875,ANDROID,,江苏省苏州市相城区阳澄湖镇田多里路11号,0
100000,,芜湖市,丁懿个人工作室,Z,90,APP,3,29.7,M,汉,6414,4,01,FATHER,FRIENDS,2,90.507,安徽省,CONSUME,01,,30.92185305761377,118.304597426268,ANDROID,,安徽省芜湖市南陵县家发镇龙汇路,0
100000,,重庆市,上海宗保保安服务有限公司,Z,90,APP,3,29.3,M,汉,626,2,01,MOTHER,FRIENDS,2,79.56,重庆市,CONSUME,01,,31.119943,121.418398,ANDROID,,上海市闵行区梅陇镇普乐路618,0
100000,307,北京市,三一重能股份有限公司,Z,90,APP,4,31.7,M,汉,5223,4,01,MOTHER,MATE,1,70.0,北京市,CONSUME,02,,39.949571,116.694424,ANDROID,,北京市通州区宋庄镇潞邑东路,0
100000,,衢州市,浙江傲克密有限公司,Z,90,APP,4,41.2,F,汉,4221,4,01,FATHER,FRIENDS,1,93.85052,浙江省,CONSUME,02,,28.91560403081162,118.50160209651172,ANDROID,,浙江省衢州市常山县紫港街道常文线,1
100000,105,上海市,上海市生旺实验动物养殖有限公司,A,27,APP,2,48.1,F,汉,5242,4,01,MOTHER,FATHER,1,83.687,上海市,CONSUME,01,,31.168402235243054,121.49513264973959,ANDROID,,上海市浦东新区三林镇杨新东路,0
100000,,汕头市,汕头市潮南区陇田中心卫生院,Q,11,XCX,3,46.2,M,汉,6320,2,01,SIBLING,FRIENDS,1,70.0,广东省,CONSUME,01,,23.245337456597223,116.43503879123264,ANDROID,,广东省汕头市潮南区峡山街道G324(福昆线),0
100000,,南阳市,刘海洋个人工作室,Z,90,XCX,2,46.3,F,汉,4866,4,01,MOTHER,FRIENDS,1,79.291084,河南省,CONSUME,01,,33.251825444055949,113.03545674217668,ANDROID,,河南省南阳市方城县凤瑞街道,0
100000,,常州市,云都美发,C,24,APP,2,29.8,F,汉,1113,4,01,MATE,FRIENDS,1,94.688,江苏省,CONSUME,01,,31.724087,119.3715,ANDROID,,江苏省常州市金坛区薛埠镇S340(茅东大街),0
100000,103,大连市,北京高思教育,P,13,APP,4,29.1,F,汉,6257,4,01,FATHER,FRIENDS,2,77.22774,辽宁省,CONSUME,01,,40.02416024713615,116.55888697332077,ANDROID,,北京市朝阳区孙河(地区)乡福淀路,0
100000,,福安市,彭妮个人工作室,R,17,XCX,2,42.3,F,汉,2234,2,01,PARENTS,FRIENDS,1,70.0,福建省,CONSUME,01,,29.89001708984375,121.83763102213541,ANDROID,,浙江省宁波市北仑区霞浦街道泰东河路135号,0
100000,,临汾市,山西省汾西县东大街新建路平安小区8号楼七单元302号,Z,90,XCX,4,40.6,M,汉,4289,4,01,MATE,FRIENDS,1,70.0,山西省,CONSUME,01,,36.658685204490279,111.57521190856557,ANDROID,,山西省临汾市汾西县永安镇X587(仕佃线),0
100000,301,渭南市,侯丽珍个人工作室,Z,90,APP,2,38.2,F,汉,4319,4,01,RELATIVES,FRIENDS,1,95.072,陕西省,CONSUME,01,,35.17804159236278,109.94672382296281,ANDROID,,陕西省渭南市澄城县城关街道,0
100000,102,资阳市,四川省南充市嘉陵区丽妍美妆,H,54,APP,3,47.3,M,汉,970,4,01,MATE,FRIENDS,1,70.0,四川省,CONSUME,01,,30.765802798173764,106.07642531777327,ANDROID,,四川省南充市嘉陵区火花街道桓子河大桥,0
100000,,蚌埠市,南京市浦口区杜兆云石料经营部,Z,90,XCX,4,31.5,F,汉,5545,2,01,MATE,FRIENDS,1,70.0,安徽省,CONSUME,01,,28.22147488064236,112.87290147569445,IOS,,湖南省长沙市岳麓区麓谷街道麓云路,0
100000,103,锦州市,义县文化旅游发展中心,Z,90,XCX,4,44.0,F,锡伯,5179,3,01,CHILDREN,OTHER,1,70.0,辽宁省,CONSUME,01,,28.22949756940366,113.08859431385685,IOS,,湖南省长沙市长沙县泉塘街道东二路辅路,0
100000,102,济宁市,张凯悦个人工作室,Z,90,XCX,3,26.4,F,汉,12,4,01,FATHER,FATHER,1,70.0,山东省,CONSUME,01,,35.659199,117.282763,ANDROID,,山东省济宁市泗水县济河街道古城路,0
100000,102,赣州市,21世纪不动产,Z,90,APP,2,33.5,M,汉,4704,2,,SIBLING,MATE,1,70.0,江西省,CONSUME,01,,22.742140268547474,113.851231429282,ANDROID,,广东省深圳市宝安区新桥街道芙蓉大道12号,0
100000,103,邵阳市,东莞市信泰塑胶制品有限公司,Z,90,XCX,3,38.7,F,瑶,5755,3,01,OTHER,OTHER,1,70.0,湖南省,CONSUME,01,,23.060461,113.770020,ANDROID,,广东省东莞市东城街道东城中路,0
100000,,邢台市,艺天创意,G,13,XCX,3,36.2,F,汉,4382,4,01,MOTHER,FRIENDS,2,70.0,河北省,CONSUME,01,,35.97624020141009,120.22017086524919,ANDROID,,山东省青岛市黄岛区薛家岛街道完达山路,0
100000,103,衡阳市,赵福平个人工作室,Z,90,XCX,2,36.7,M,汉,6761,4,01,PARENTS,FRIENDS,,70.0,湖南省,CONSUME,01,,27.041647709072703,112.7511333322357,ANDROID,,湖南省衡阳市衡东县大浦镇,0
100000,,内江市,四川绿州建筑劳务有限公司,O,17,XCX,3,49.8,M,汉,853,4,01,MATE,COLLEAGUE,1,70.0,四川省,CONSUME,01,,28.250939,113.107687,ANDROID,,湖南省长沙市长沙县星沙街道棠坡路,0
100000,302,成都市,天翼佳音网络信息有限责任公司,G,13,APP,3,34.9,F,汉,5283,2,01,PARENTS,SIBLING,1,70.0,四川省,CONSUME,01,,30.58611283479442,104.30493100595362,ANDROID,,四川省成都市龙泉驿区龙泉街道,0
100000,103,宁波市,奉化天汇汽车销售服务有限公司,H,54,APP,2,37.3,M,汉,6498,4,01,MATE,FRIENDS,1,89.04,浙江省,CONSUME,01,,29.67514751760742,121.40418440936888,ANDROID,,浙江省宁波市奉化区锦屏街道茗阳路,0
100000,103,宿迁市,晨美便利店,H,54,APP,3,36.0,M,汉,5535,2,01,FRIENDS,FRIENDS,3,87.809,江苏省,CONSUME,01,,33.48831134824341,118.21878084115655,ANDROID,,江苏省宿迁市泗洪县青阳镇双沟东路,0
100000,,云浮市,李伟健个人工作室,H,54,APP,2,28.5,M,汉,503,2,01,MATE,SIBLING,1,70.0,广东省,CONSUME,01,,23.122159,111.969676,ANDROID,,广东省云浮市云安区六都镇S368,0
100000,,盐城市,中交美庐城,H,54,XCX,3,37.4,F,汉,4473,3,01,MOTHER,FRIENDS,1,70.0,江苏省,CONSUME,01,,33.20475984971028,120.50743881648788,ANDROID,,江苏省盐城市大丰区丰华街道健康路,0
100000,,宿州市,世源科技（嘉兴医疗电子有限公司）,G,13,APP,3,33.5,M,汉,498,3,01,FATHER,FRIENDS,1,70.0,安徽省,CONSUME,01,,30.615779,121.105391,ANDROID,,浙江省嘉兴市平湖市乍浦镇金海洋大道,0
100000,102,邯郸市,个人工作室,Z,90,XCX,2,35.7,M,汉,6280,3,01,RELATIVES,FRIENDS,1,70.0,河北省,CONSUME,01,,36.718400499603557,114.5689990833661,ANDROID,,河北省邯郸市永年区西苏镇,0
100000,105,宜春市,南苑小区,H,54,XCX,3,24.7,M,汉,541,2,01,FATHER,FRIENDS,2,78.31339,江西省,CONSUME,01,,22.63982813203684,114.08745648932056,ANDROID,,广东省深圳市龙岗区吉华街道吉华路,0
100000,103,徐州市,徐州方德食品有限公司,F,17,XCX,3,36.8,M,汉,3813,2,01,FATHER,FRIENDS,1,70.0,江苏省,CONSUME,01,,34.16894934033618,117.33234816772786,ANDROID,,江苏省徐州市云龙区潘塘街道,1
100000,,红河哈尼族彝族自治州,何典娜个人工作室,Z,90,XCX,4,28.0,F,壮,1829,3,01,SIBLING,FRIENDS,2,70.0,云南省,CONSUME,01,,30.669839,104.099954,ANDROID,,四川省成都市成华区跳蹬河街道培华西路,0
100000,104,大连市,远景铸造有限公司,Z,90,APP,2,24.2,F,满,1996,2,01,MOTHER,FRIENDS,1,70.0,辽宁省,CONSUME,01,,39.941631,121.875071,ANDROID,,辽宁省大连市瓦房店市永宁镇,0
100000,,揭阳市,胡晓生仙庵食品,Z,90,XCX,2,23.3,M,汉,2734,4,01,SIBLING,MOTHER,2,91.691,广东省,CONSUME,01,,26.118754943522096,119.32147487419609,ANDROID,,福建省福州市晋安区茶园街道涧田路,0
100000,,赣州市,江西嘉音美,Z,90,XCX,2,23.1,F,汉,2611,4,01,FATHER,SIBLING,2,70.0,江西省,CONSUME,01,,26.236852213541667,115.28243326822917,ANDROID,,江西省赣州市兴国县龙口镇,0
100000,102,泰安市,铁塔公司,Z,90,APP,2,38.3,F,汉,3423,4,01,MATE,FRIENDS,1,76.81306,山东省,CONSUME,01,,36.14035196403544,117.1319631449369,ANDROID,,山东省泰安市泰山区徐家楼街道,0
100000,,揭阳市,艾佛森门厂厂有限公司,C,24,XCX,4,43.9,M,汉,950,3,01,FRIENDS,RELATIVES,2,81.622,广东省,CONSUME,01,,28.226519639756944,113.0761599392361,ANDROID,,湖南省长沙市长沙县泉塘街道天华路,0
100000,105,渭南市,上海盐莘建筑劳务有限公司,O,17,XCX,2,42.9,F,汉,3320,4,01,MATE,RELATIVES,1,87.5339,陕西省,CONSUME,01,,31.196230473205824,121.71654640165326,ANDROID,,上海市浦东新区川沙新镇X589(凌空路),0
100000,403,六安市,上海建工二建筑有限公司,E,24,APP,2,36.2,M,汉,6529,3,01,FATHER,RELATIVES,3,70.0,安徽省,CONSUME,02,,31.313124,121.386931,ANDROID,,上海市宝山区大场镇上大路927号,0
100000,105,荆州市,珠海市祥盛特种门实业有限公司,C,24,XCX,3,42.4,M,汉,5256,3,01,FATHER,FRIENDS,2,79.46978,湖北省,CONSUME,01,,22.258880921616574,113.53615478600396,ANDROID,,广东省珠海市香洲区梅华街道,1
100000,,泸州市,胡国鹏个人工作室,G,13,XCX,4,26.0,M,汉,15,2,01,FATHER,RELATIVES,2,95.072,四川省,CONSUME,01,,27.837927411609088,105.96990067697611,ANDROID,,四川省泸州市古蔺县白泥镇,0
100000,105,上海市,上海途腾展览服务有限公司,R,17,XCX,3,35.3,F,汉,4502,2,01,FATHER,FRIENDS,1,91.414,上海市,CONSUME,01,,31.143244394189038,121.1494276560063,ANDROID,,上海市青浦区赵巷镇崧漪一路,0
100000,,永州市,何国超个人工作室,Z,90,APP,4,35.9,M,汉,5045,3,01,FRIENDS,FRIENDS,2,89.666,湖南省,CONSUME,01,,22.674944,113.978438,ANDROID,,广东省深圳市龙华区大浪街道布龙路591号,0
100000,102,温州市,温州华康印业,Z,90,XCX,3,35.1,M,汉,4978,4,,MOTHER,FATHER,1,70.0,浙江省,CONSUME,01,,27.486089,120.573674,ANDROID,,浙江省温州市苍南县钱库镇农贸路179号,0
100000,,宜宾市,中国联通宜宾市长宁县分公司,G,13,XCX,4,41.8,F,汉,4548,2,01,OTHER,OTHER,1,70.0,四川省,CONSUME,01,,28.580320638020833,104.91667778862848,ANDROID,,四川省宜宾市长宁县长宁镇竹海路39号,0
100000,,广州市,广州市瑞民医药科技有限公司,G,13,XCX,3,33.1,F,回,6253,2,01,PARENTS,FRIENDS,2,88.722,广东省,CONSUME,01,,23.072686,113.235149,ANDROID,,广东省广州市荔湾区白鹤洞街道锦心街,0
100000,,重庆市,渝北区利杰汽修,P,13,XCX,2,47.3,F,汉,357,4,01,PARENTS,FRIENDS,1,70.0,重庆市,CONSUME,01,,29.587323133680556,106.4649742296007,ANDROID,,重庆市江北区石马河街道石马河立交,0
100000,,泉州市,货拉拉货运,Z,90,XCX,2,36.8,M,汉,6270,3,01,FATHER,FRIENDS,3,70.0,福建省,CONSUME,01,,24.826498,118.507946,IOS,,福建省泉州市晋江市磁灶镇东昇路辅路,0
100000,103,天水市,个体户商,Z,90,APP,3,37.8,M,汉,5336,4,01,RELATIVES,FRIENDS,1,70.0,甘肃省,CONSUME,01,,34.75999276744116,106.14534814545837,ANDROID,,甘肃省天水市清水县永清镇,0
100000,,鄂尔多斯市,鄂尔多斯市巨鼎科技有限责任公司,Z,90,XCX,4,27.6,M,蒙古,1858,3,01,FATHER,MATE,1,70.0,内蒙古自治区,CONSUME,01,,38.098962,109.510543,ANDROID,,陕西省榆林市横山区波罗镇,0
100000,,榆林市,榆林志强建筑公司,Z,90,APP,3,42.9,M,汉,4640,3,01,COLLEAGUE,FRIENDS,3,70.0,陕西省,CONSUME,01,,34.191535,108.943759,ANDROID,,陕西省西安市雁塔区长延堡街道长安立交,0
100000,,洛阳市,洛阳市众达劳务服务公司,Z,90,XCX,3,44.3,M,汉,4263,2,01,MATE,MOTHER,1,70.0,河南省,CONSUME,01,,34.628189,112.463519,ANDROID,,河南省洛阳市洛龙区关林街道顺驰洛阳第一大街北门,1
100000,,蚌埠市,上海振龙房地产开发有限公司,Z,90,XCX,4,37.2,M,汉,5659,4,01,CHILDREN,FRIENDS,1,70.0,安徽省,CONSUME,01,,31.15308635408395,121.57553193241921,ANDROID,,上海市浦东新区康桥镇康桥路1385号,0
100000,103,临沂市,山东悦和国际贸易有限公司,C,24,APP,4,32.5,M,汉,5098,4,01,MATE,FATHER,3,70.0,山东省,CONSUME,01,,35.44880143715757,117.89689768251889,ANDROID,,山东省临沂市平邑县卞桥镇,0
100000,,榆林市,榆林志强建筑公司,Z,90,APP,3,42.9,M,汉,4640,3,01,COLLEAGUE,FRIENDS,3,70.0,陕西省,CONSUME,01,,34.191535,108.943759,ANDROID,,陕西省西安市雁塔区长延堡街道长安立交,0
100000,,延安市,洛川大明宫诚信石材,Z,90,APP,3,36.1,F,汉,5585,3,01,RELATIVES,FRIENDS,1,70.0,陕西省,CONSUME,01,,35.755819,109.430038,ANDROID,,陕西省延安市洛川县凤栖街道长明巷,0
100000,,泰安市,北京市西城区审计局,Z,90,XCX,4,38.3,F,汉,5084,4,01,MOTHER,FATHER,1,70.0,山东省,CONSUME,01,,39.90162489149306,116.34981499565973,ANDROID,,北京市西城区月坛街道复兴门南大街3号楼-1,0
100000,104,玉溪市,红山土木有限公司,Z,90,APP,2,36.0,M,彝,3899,2,01,RELATIVES,FRIENDS,1,70.0,云南省,CONSUME,01,,24.067436631576773,101.99628964305738,ANDROID,,云南省玉溪市新平彝族傣族自治县桂山街道新平大道2号,0
100000,105,菏泽市,孟凡胜个人工作室,Z,90,APP,2,33.1,M,汉,6026,4,01,MATE,SIBLING,2,70.0,山东省,CONSUME,01,,35.28680335067952,115.52764391760998,ANDROID,,山东省菏泽市牡丹区牡丹街道G3511(京九铁路公铁立交),0
100000,102,巴中市,四川省创真科技有限公司,G,13,APP,3,45.5,M,汉,595,2,01,PARENTS,COLLEAGUE,1,70.0,四川省,CONSUME,01,,31.87043524407872,106.776061026212,ANDROID,,四川省巴中市巴州区大茅坪镇天星路,0
100000,,鹤壁市,上海江南长兴造船有限责任公司,C,24,XCX,2,26.7,M,汉,1082,3,01,FATHER,MATE,1,70.0,河南省,CONSUME,01,,32.071766,120.411607,ANDROID,,江苏省泰州市靖江市西来镇,0
100000,103,临沂市,华圣保险公估公司山东分公司,Z,90,APP,4,29.3,M,汉,387,2,01,FATHER,FRIENDS,2,85.0,山东省,CONSUME,01,,36.62342187100441,117.0171802217184,ANDROID,,山东省济南市市中区舜玉路街道致远路,0
100000,103,温州市,李泰铜业,H,54,XCX,4,32.5,M,汉,1215,2,01,RELATIVES,FRIENDS,1,88.781,浙江省,CONSUME,01,,22.796215741394638,113.82324559091349,ANDROID,,广东省深圳市宝安区燕罗街道洋涌路,0
100000,105,潍坊市,潍坊市坊子区慧智校外托管服务中心,S,11,APP,2,37.9,F,汉,3963,2,01,MATE,FATHER,1,87.569,山东省,CONSUME,01,,36.66666349397249,119.16486011572293,IOS,,山东省潍坊市坊子区凤凰街道金山街,0
100000,,洛阳市,洛阳市众达劳务服务公司,Z,90,XCX,3,44.3,M,汉,4263,2,01,MATE,MOTHER,1,70.0,河南省,CONSUME,01,,34.628189,112.463519,ANDROID,,河南省洛阳市洛龙区关林街道顺驰洛阳第一大街北门,0
100000,,保定市,诺博汽车座椅,Z,90,APP,2,23.4,M,汉,2310,2,01,FRIENDS,FRIENDS,1,83.1,河北省,CONSUME,01,,39.037023,115.478678,ANDROID,,河北省保定市徐水区正村镇,0
100000,,池州市,池州市九华山风景区提拉米酥店,Z,90,XCX,3,30.3,M,汉,998,4,01,PARENTS,MATE,1,70.0,安徽省,CONSUME,01,,30.634728732638887,117.48424479166667,ANDROID,,安徽省池州市贵池区平天湖风景区G318(长江南路),1
100000,105,福州市,福建省福州市北浪企业有限公司,Z,90,APP,4,23.4,M,汉,2479,4,,SIBLING,RELATIVES,2,70.0,福建省,CONSUME,01,,26.357917,119.760189,ANDROID,,福建省福州市连江县坑园镇,0
100000,,吕梁市,山西临县华烨煤业有限公司,E,24,XCX,3,35.1,M,汉,4167,4,01,FATHER,FRIENDS,2,70.0,山西省,CONSUME,01,,37.52265654682708,111.12883967862162,ANDROID,,山西省吕梁市离石区莲花池街道滨河北西路139号,0
100000,,河源市,东莞市悦霖礼品有限公司,C,24,XCX,4,27.3,F,汉,441,2,01,FATHER,FRIENDS,1,70.0,广东省,CONSUME,01,,23.520566677517362,114.7093310546875,ANDROID,,广东省河源市紫金县古竹镇旅游大道,0
100000,102,滁州市,禧悦酒店,I,54,XCX,2,28.5,M,汉,6480,2,01,FATHER,MATE,1,86.186,安徽省,CONSUME,01,,32.30015027486026,118.34522130634088,ANDROID,,安徽省滁州市琅琊区扬子街道中新大道,0
100000,,深圳市,前海密码精灵深圳,Z,90,XCX,4,26.6,M,汉,2940,4,01,PARENTS,PARENTS,2,70.0,广东省,CONSUME,01,,22.589974902236738,114.11910007226334,ANDROID,,广东省深圳市罗湖区东晓街道金稻田路1137,0
100000,,酒泉市,甘肃怡林生态环境建设有限公司,E,24,XCX,4,35.9,M,汉,4185,4,01,FATHER,FRIENDS,2,73.32688,甘肃省,CONSUME,01,,39.74130850129792,98.50332147324808,IOS,,甘肃省酒泉市肃州区西南街街道西环南路,0
100000,,广安市,嘉兴市驿百客餐饮有限公司,Z,90,XCX,2,46.0,M,汉,3381,3,01,FATHER,COLLEAGUE,3,70.0,四川省,CONSUME,01,,30.81374267578125,120.7615074327257,ANDROID,,浙江省嘉兴市秀洲区油车港镇菱坊路,0
100000,,杭州市,深圳宏耐建材有限公司,E,24,XCX,3,39.7,M,汉,3416,4,01,SIBLING,FRIENDS,1,70.0,浙江省,CONSUME,01,,30.257188219982947,119.978708559631073,ANDROID,,浙江省杭州市余杭区闲林街道林杨线,0
100000,105,红河哈尼族彝族自治州,云南冠捷电力工程有限公司,D,17,APP,4,30.3,M,彝,7133,4,01,SIBLING,FRIENDS,2,83.961,云南省,CONSUME,01,,24.549525053798566,103.76819191730194,ANDROID,,云南省红河哈尼族彝族自治州泸西县中枢镇,0
100000,105,嘉兴市,许英个人工作室,H,54,XCX,2,39.1,F,汉,11673,4,01,PARENTS,FRIENDS,1,70.0,浙江省,CONSUME,01,,31.287942,121.104488,ANDROID,,江苏省苏州市昆山市花桥镇圣心东环路,0
100000,,恩施土家族苗族自治州,彭恩清个人工作室,Z,90,APP,2,38.4,F,汉,3939,3,01,FATHER,FRIENDS,1,70.0,湖北省,CONSUME,01,,30.385461,109.514494,ANDROID,,湖北省恩施土家族苗族自治州恩施市龙凤镇龙洞路,0
100000,103,资阳市,资阳市雁江区橘好专业合作社,Z,90,APP,3,40.0,M,汉,5283,4,01,FATHER,SIBLING,1,70.0,四川省,CONSUME,01,,30.055012432831228,104.59253199468961,ANDROID,,四川省资阳市雁江区丰裕镇迎接枢纽,0
100000,309,西宁市,西安纬纳空间教育科技有限公司,L,17,APP,3,28.6,M,汉,6463,2,01,RELATIVES,MOTHER,2,81.42,青海省,CONSUME,01,,34.231452,108.837448,ANDROID,,陕西省西安市雁塔区鱼化寨街道西三环,0
100000,102,南阳市,孙文龙个人工作室,Z,90,APP,3,37.0,M,汉,4104,2,01,FATHER,RELATIVES,2,70.0,河南省,CONSUME,01,,32.778985,112.957964,ANDROID,,河南省南阳市唐河县源潭镇,0
100000,105,福州市,湖北全耀建设工程有限公司,E,24,XCX,4,33.2,M,汉,560,4,01,FATHER,SIBLING,2,76.6667,福建省,CONSUME,01,,33.44381458967296,109.75072628186448,ANDROID,,陕西省商洛市山阳县板岩镇,0
100000,105,绍兴市,蓓享家庭教育,C,24,XCX,3,33.5,F,汉,4950,2,01,SIBLING,SIBLING,1,70.0,浙江省,CONSUME,01,,32.046891,118.908317,ANDROID,,江苏省南京市栖霞区马群街道马高路,0
100000,,柳州市,旭峰复合绣花厂,C,24,XCX,3,31.9,F,汉,7061,2,01,SIBLING,FATHER,3,79.883,广西壮族自治区,CONSUME,01,,30.428062445939,113.728263852925,ANDROID,,湖北省武汉市蔡甸区侏儒山街道G50(沪渝高速),0
100000,307,永州市,欧菲光集团有限公司,H,54,APP,2,29.6,M,汉,100,4,01,FATHER,SIBLING,2,70.0,湖南省,CONSUME,01,,22.899973638698769,113.9252985093149,ANDROID,,广东省东莞市大朗镇阿里山路,0
100000,,无锡市,南京轩逸信息科技有限公司,G,13,XCX,4,25.4,M,汉,231,2,,FATHER,SIBLING,2,81.683,江苏省,CONSUME,01,,31.486623263888887,119.89886203342014,ANDROID,,江苏省无锡市宜兴市和桥镇,1
100000,104,南通市,中国移动,G,13,APP,2,35.8,M,汉,6552,4,01,MATE,FATHER,1,70.0,江苏省,CONSUME,01,,32.30600366200066,121.20475502623849,ANDROID,,江苏省南通市如东县掘港街道港南竖路,0
100000,,东台市,私营业主,Z,90,XCX,2,33.9,M,汉,729,2,01,MATE,FATHER,1,86.0,江苏省,CONSUME,01,,32.872716312488247,120.32653706475246,ANDROID,,江苏省盐城市东台市东台镇吴九路,0
100000,,无锡市,南京轩逸信息科技有限公司,G,13,XCX,4,25.4,M,汉,231,2,,FATHER,SIBLING,2,81.683,江苏省,CONSUME,01,,31.486623263888887,119.89886203342014,ANDROID,,江苏省无锡市宜兴市和桥镇,0
100000,,毕节市,吴元志个人工作室,Z,90,XCX,4,44.5,M,汉,4473,2,01,FRIENDS,FRIENDS,2,70.0,贵州省,CONSUME,01,,32.546247,120.52165,ANDROID,,江苏省南通市海安市城东镇天立路,0
100000,104,大理白族自治州,云南多特住宅科技有限公司,M,11,APP,4,41.6,M,白,2314,3,01,FRIENDS,FRIENDS,1,70.0,云南省,CONSUME,02,,24.003377,97.8618,ANDROID,,云南省德宏傣族景颇族自治州瑞丽市勐卯街道瑞江路58号,0
100000,103,昆明市,禄劝翠华文明医院,Q,11,APP,3,48.1,M,汉,1454,4,01,MOTHER,COLLEAGUE,1,70.0,云南省,CONSUME,02,,25.640806,102.584615,ANDROID,,云南省昆明市禄劝彝族苗族自治县翠华镇S215,0
100000,102,菏泽市,龙固镇中心卫生院,Q,11,APP,3,25.1,M,汉,1207,3,01,MOTHER,FRIENDS,2,70.0,山东省,CONSUME,01,,35.29570670291857,115.90261184805371,ANDROID,,山东省菏泽市巨野县龙固镇G327(连菏线),0
100000,,绥化市,徐伟个人工作室,Z,90,APP,4,30.9,M,汉,5594,4,01,MATE,FATHER,1,70.0,黑龙江省,CONSUME,01,,47.29007744047349,127.17247295166256,ANDROID,,黑龙江省绥化市绥棱县克音河乡Y003,0
100000,103,宿州市,萧县乐得福饭店,I,54,APP,2,43.3,M,汉,4201,4,01,CHILDREN,MATE,1,70.0,安徽省,CONSUME,01,,32.34030586861061,120.12844271558758,ANDROID,,江苏省泰州市泰兴市新街镇新顾线,0
100000,,迪庆藏族自治州,巴叁拉木个人工作室,Z,90,XCX,3,26.3,F,藏,1365,4,01,MATE,FRIENDS,2,92.40531,云南省,CONSUME,01,,28.436672855893104,98.83244326821342,IOS,,云南省迪庆藏族自治州德钦县云岭乡西当公路,0
100000,105,阜新市,艺颜理发店,H,54,APP,3,31.3,F,汉,290,2,01,SIBLING,OTHER,1,70.0,辽宁省,CONSUME,01,,40.34351960954777,115.82101321125747,ANDROID,,河北省张家口市怀来县东花园镇,0
100000,104,赣州市,王向清个人工作室,Z,90,APP,2,42.8,M,汉,4877,4,01,FRIENDS,COLLEAGUE,1,90.877,江西省,CONSUME,01,,25.38361083984375,114.92960530598958,ANDROID,,江西省赣州市信丰县嘉定镇解放路101,0
100000,104,佳木斯市,大锦农农业有限公司,A,27,APP,3,23.7,M,汉,2192,2,,FATHER,FRIENDS,2,70.0,黑龙江省,CONSUME,02,,32.872913,105.907554,ANDROID,,陕西省汉中市宁强县燕子砭镇,0
100000,,阜阳市,无为板鸭,H,54,XCX,2,36.3,F,汉,3820,3,01,MOTHER,FRIENDS,1,70.0,安徽省,CONSUME,01,,33.39177714121407,115.47079918143897,ANDROID,,安徽省阜阳市太和县大庙集镇,0
100000,,徐州市,弹性工作者,Z,90,XCX,2,40.5,M,汉,5966,2,01,OTHER,OTHER,1,70.0,江苏省,CONSUME,01,,32.940159,119.190082,IOS,,江苏省淮安市金湖县塔集镇,0
100000,102,怒江傈僳族自治州,云南电信怒江分公司,G,13,APP,3,39.3,F,傈僳,4689,4,01,FATHER,RELATIVES,1,89.23,云南省,CONSUME,01,,25.859668905675016,98.85645415614505,IOS,,云南省怒江傈僳族自治州泸水市六库街道青山路43,0
100000,103,扬州市,永丰余生活用纸扬州有限公司,C,24,XCX,3,31.9,M,汉,1208,3,01,FATHER,COLLEAGUE,1,70.0,江苏省,CONSUME,01,,32.261707899305556,119.40358100043403,ANDROID,,江苏省扬州市邗江区八里镇晶龙大道,0
100000,,徐州市,弹性工作者,Z,90,XCX,2,40.5,M,汉,5966,2,01,OTHER,OTHER,1,70.0,江苏省,CONSUME,01,,32.940159,119.190082,IOS,,江苏省淮安市金湖县塔集镇,0
100000,301,太原市,太原众城建筑工程有限公司,E,24,APP,2,24.0,F,汉,2321,2,01,FATHER,FRIENDS,2,87.988,山西省,CONSUME,01,,37.929641817676579,112.57282629041372,IOS,,山西省太原市杏花岭区中涧河镇卧虎山路,0
100000,,武汉市,深圳市鑫食尚餐饮有限公司,Z,90,APP,3,41.5,M,汉,5185,2,01,FATHER,FRIENDS,1,70.0,湖北省,CONSUME,01,,23.096515,113.558555,ANDROID,,广东省广州市黄埔区南岗街道,0
100000,301,太原市,太原众城建筑工程有限公司,E,24,XCX,2,24.0,F,汉,2321,2,01,FATHER,FRIENDS,2,87.988,山西省,CONSUME,01,,37.929641817676579,112.57282629041372,IOS,,山西省太原市杏花岭区中涧河镇卧虎山路,0
100000,102,呼伦贝尔市,随品衣柜,H,54,XCX,2,32.8,M,汉,4853,2,01,MATE,RELATIVES,1,70.0,内蒙古自治区,CONSUME,01,,22.60329677359362,114.06326588881842,ANDROID,,广东省深圳市龙岗区坂田街道S301(雅宝西三号桥),0
100000,,武汉市,深圳市鑫食尚餐饮有限公司,Z,90,APP,3,41.5,M,汉,5185,2,01,FATHER,FRIENDS,1,70.0,湖北省,CONSUME,01,,23.096515,113.558555,ANDROID,,广东省广州市黄埔区南岗街道,0
100000,103,孝感市,大悟嘉伟,H,54,APP,2,40.8,M,汉,4758,2,01,RELATIVES,FRIENDS,1,70.0,湖北省,CONSUME,01,,30.701028,114.400327,ANDROID,,湖北省武汉市黄陂区武湖街道发展路,0
100000,,绍兴市,老裘建筑工程队,E,24,XCX,4,35.1,M,汉,4289,4,01,PARENTS,FATHER,1,70.0,浙江省,CONSUME,01,,30.157697,121.353179,ANDROID,,浙江省宁波市慈溪市桥头镇车头路,1
100000,105,南阳市,龚伟远个人工作室,Z,90,XCX,4,34.3,M,汉,6516,4,01,FATHER,SIBLING,1,87.783,河南省,CONSUME,01,,33.04267313747614,112.52786851692992,ANDROID,,河南省南阳市卧龙区七里园乡,0
100000,104,郴州市,欧阳素英个人工作室,Z,90,APP,2,37.9,F,汉,4833,4,01,MATE,FATHER,1,70.0,湖南省,CONSUME,01,,23.040648654083009,114.0283161539641,ANDROID,,广东省东莞市企石镇东部快速干线辅路,0
100000,104,普洱市,领创设计服务部,H,54,APP,4,37.1,M,拉祜,3365,4,01,PARENTS,MATE,1,70.0,云南省,CONSUME,01,,22.760239772422478,100.98805415531595,ANDROID,,云南省普洱市思茅区南屏镇梅园路30号,1
100000,105,昆明市,云南昊邦医药有限公司,M,11,APP,3,39.4,F,汉,3505,4,01,RELATIVES,FRIENDS,1,70.0,云南省,CONSUME,01,,23.382524374061484,103.38367970246498,ANDROID,,云南省红河哈尼族彝族自治州蒙自市观澜街道龙树路,0
100000,301,晋中市,王小妹商店,H,54,APP,2,49.7,M,汉,3487,4,01,RELATIVES,RELATIVES,1,70.0,山西省,CONSUME,01,,37.73878,112.58767,ANDROID,,山西省太原市小店区西温庄乡庆云南街,0
100000,103,漳州市,厦门市万宝创客商务服务有限公司,L,17,APP,3,35.0,M,汉,4982,2,01,PARENTS,FRIENDS,2,70.0,福建省,CONSUME,01,,24.466394091158869,118.08605406241786,ANDROID,,福建省厦门市思明区开元街道厦禾路571-20号,0
100000,301,晋中市,王小妹商店,H,54,APP,2,49.7,M,汉,3487,4,01,RELATIVES,RELATIVES,1,70.0,山西省,CONSUME,01,,37.73878,112.58767,ANDROID,,山西省太原市小店区西温庄乡庆云南街,0
100000,,长治市,杏花堂餐饮有限公司,Z,90,APP,3,27.0,F,汉,268,3,01,PARENTS,SIBLING,2,70.0,山西省,CONSUME,01,,36.219143938557198,113.10470380077646,ANDROID,,山西省长治市潞州区长治市漳泽工业转型试验区城西北路88号,0
100000,,赤峰市,上海阿波罗机械股份有限公司,Z,90,APP,4,27.8,M,汉,2905,2,01,FATHER,FRIENDS,2,90.477,内蒙古自治区,CONSUME,01,,30.977503,121.444294,ANDROID,,上海市奉贤区西渡街道扶港路,0
100000,,甘南藏族自治州,秦斯毅个人工作室,Z,90,APP,4,35.8,M,藏,4130,2,01,MATE,FRIENDS,1,70.0,甘肃省,CONSUME,01,,36.068963,103.87005,ANDROID,,甘肃省兰州市城关区雁北街道雁西路1119号,0
100000,103,徐州市,徐州正通,H,54,APP,2,42.7,M,汉,1566,2,01,COLLEAGUE,FRIENDS,2,90.0,江苏省,CONSUME,01,,34.38669071167963,118.43183280573349,ANDROID,,江苏省徐州市新沂市双塘镇,0
100000,403,佳木斯市,紫园饼中王,H,54,APP,2,38.2,F,汉,5976,4,01,MOTHER,FRIENDS,3,70.0,黑龙江省,CONSUME,01,,47.26059774245939,132.0484363421152,ANDROID,,黑龙江省佳木斯市富锦市富锦镇进思大街,0
100000,,泉州市,泉州狮兔商贸有限公司,H,54,XCX,4,23.5,M,汉,2283,2,01,MATE,FRIENDS,2,92.34158,福建省,CONSUME,01,,24.731999116175989,118.64862928640064,IOS,,福建省泉州市石狮市宝盖镇八七路605-607号,0
100000,103,台州市,杭州嗨送电子商务有限公司,G,13,APP,2,39.5,M,汉,3821,2,01,SIBLING,MATE,1,70.0,浙江省,CONSUME,01,,29.188361871167144,120.94267813855542,ANDROID,,浙江省台州市天台县白鹤镇G104,0
100000,104,上海市,上海靓色图文设计有限公司,Z,90,APP,3,37.4,M,汉,3330,2,01,COLLEAGUE,FRIENDS,2,70.0,上海市,CONSUME,01,,31.143588646927925,121.53821552745529,ANDROID,,上海市浦东新区三林镇S20(环南一大道),0
100000,,玉林市,梁庆品个人工作室,Z,90,APP,2,40.1,M,汉,4387,2,01,MOTHER,SIBLING,2,70.0,广西壮族自治区,CONSUME,01,,22.627829,113.859452,ANDROID,,广东省深圳市宝安区航城街道北二路,0
100000,,六安市,合肥博瑞经济技术发展责任有限公司,Z,90,XCX,4,29.2,M,汉,1008,3,01,MOTHER,COLLEAGUE,2,70.0,安徽省,CONSUME,01,,31.765038519965277,116.50961968315973,ANDROID,,安徽省六安市金安区中市街道皋城路,0
100000,,玉林市,广州秀妆生物科技有限公司的,Z,90,APP,3,24.5,F,汉,1558,2,01,FRIENDS,SIBLING,2,81.232,广西壮族自治区,CONSUME,01,,23.344706,113.293919,ANDROID,,广东省广州市白云区人和镇人和村爱民路,0
100000,104,吕梁市,金晖荣泰煤业有限公司,C,24,APP,2,33.1,M,汉,6158,4,01,MATE,FATHER,1,70.0,山西省,CONSUME,01,,37.59305525920871,111.15288395011571,ANDROID,,山西省吕梁市离石区西属巴街道,0
100000,,怒江傈僳族自治州,雪儿足浴,R,17,APP,2,38.5,F,傈僳,4455,4,01,PARENTS,FRIENDS,1,70.0,云南省,CONSUME,01,,26.097176,100.261894,ANDROID,,云南省大理白族自治州鹤庆县黄坪镇,0
100000,,莆田市,廖国水个人工作室,Z,90,APP,2,38.1,M,汉,6307,2,01,FRIENDS,COLLEAGUE,1,70.0,福建省,CONSUME,01,,31.413435,121.072459,ANDROID,,江苏省苏州市昆山市花桥镇剑湖路,0
100000,,松原市,龙盈信息科技有限公司,G,13,APP,4,32.1,M,汉,5698,4,01,FATHER,MOTHER,2,77.634,吉林省,CONSUME,02,,39.870328,116.69695,ANDROID,,北京市通州区临河里街道砖厂南二街,0
100000,102,成都市,文凯伦个人工作室,Z,90,APP,3,28.7,M,汉,850,2,01,FATHER,FRIENDS,2,70.0,四川省,CONSUME,01,,30.631857,103.691764,ANDROID,,四川省成都市崇州市崇阳街道东兴北街,0
100000,302,西安市,陕西达成晟建工程有限公司,E,24,XCX,2,44.7,M,汉,3880,3,01,MATE,FRIENDS,1,88.145,陕西省,CONSUME,01,,34.36651080110033,108.96780006618448,ANDROID,,陕西省西安市未央区未央湖街道北三环,0
100000,,湛江市,深圳市美香儿服饰有限公司,Z,90,APP,2,24.5,M,汉,3194,3,01,SIBLING,FRIENDS,1,70.0,广东省,CONSUME,01,,22.538645,114.073958,ANDROID,,广东省深圳市福田区福田街道福安街65号,0
100000,,湛江市,深圳市美香儿服饰有限公司,Z,90,APP,2,24.5,M,汉,3194,3,01,SIBLING,FRIENDS,1,70.0,广东省,CONSUME,01,,22.538645,114.073958,ANDROID,,广东省深圳市福田区福田街道福安街65号,0
100000,103,邢台市,重庆庄园广告有限公司,R,17,APP,2,45.0,M,汉,657,2,01,MATE,COLLEAGUE,1,70.0,河北省,CONSUME,01,,29.690582217698908,106.59621114136594,ANDROID,,重庆市渝北区宝圣湖街道兴科一路64号,0
100000,103,济宁市,山东永阳汽车科技股份有限公司,C,24,APP,2,49.1,M,汉,99999,2,01,MATE,FRIENDS,1,91.948,山东省,CONSUME,01,,35.72683403462372,116.12033132866573,ANDROID,,山东省济宁市梁山县拳铺镇,0
100000,,邢台市,宏鹏建筑有限责任公司,Z,90,APP,2,32.5,M,汉,6550,4,01,COLLEAGUE,FRIENDS,2,70.0,河北省,CONSUME,01,,36.9719060751565,114.84611869977104,ANDROID,,河北省邢台市南和区东三召乡,0
100000,,揭阳市,喜羅澜内衣厂,C,24,XCX,2,33.2,M,汉,590,2,01,SIBLING,SIBLING,2,70.0,广东省,CONSUME,01,,23.317159288194443,116.18542317708334,ANDROID,,广东省揭阳市普宁市流沙东街道龙溪路,0
100000,102,河源市,广州随行汽车用品有限公司,C,24,APP,4,24.2,F,汉,805,4,01,MOTHER,FRIENDS,2,88.039,广东省,CONSUME,01,,23.12683101100929,113.29116136712071,IOS,,广东省广州市越秀区东山街道小东路14号,0
100000,105,阜阳地区,移动公司,G,13,APP,2,46.7,F,汉,5336,4,01,MATE,FRIENDS,1,85.39,安徽省,CONSUME,01,,32.967419406486659,115.52714746637459,ANDROID,,安徽省阜阳市颍州区九龙镇致富路,0
100000,,焦作市,河南省焦作市武陟县小东乡高村星亮点食品有限公司,C,24,XCX,2,46.6,F,汉,371,4,01,MOTHER,FRIENDS,1,70.0,河南省,CONSUME,01,,35.078273383246525,113.23197157118055,ANDROID,,河南省焦作市武陟县小董乡X015,0
100000,104,忻州市,长沙昭原龙翰信息服务有限责任公司,H,54,APP,4,31.3,F,汉,5836,2,01,PARENTS,FRIENDS,2,70.0,山西省,CONSUME,01,,28.239728968726327,112.98692604208043,ANDROID,,湖南省长沙市开福区伍家岭街道蒋家垅街67号,0
100000,103,营口市,晨明装饰,E,24,XCX,2,46.7,F,汉,4894,3,01,MATE,FRIENDS,1,70.0,辽宁省,CONSUME,01,,40.373901433753278,122.39384541373467,ANDROID,,辽宁省营口市盖州市东城街道盖梁线,0
100000,,绥化市,龙江驾校,P,13,XCX,3,42.3,M,汉,4606,2,,MATE,MOTHER,1,70.0,黑龙江省,CONSUME,01,,46.87492552930877,127.52367831660888,ANDROID,,黑龙江省绥化市庆安县柳河镇东商业街,0
100000,103,盐城市,宏鑫企业管理有限公司,L,17,APP,2,37.8,M,汉,4089,3,01,FATHER,FATHER,1,70.0,江苏省,CONSUME,01,,33.59445366095692,119.6295585900157,ANDROID,,江苏省盐城市阜宁县益林镇,0
100000,102,石家庄市,京能公司物业,L,17,APP,4,24.5,M,汉,2151,2,01,FATHER,FRIENDS,2,70.0,河北省,CONSUME,02,,37.895502,114.462836,ANDROID,,河北省石家庄市元氏县马村镇装院路,0
100000,,茂名市,广州市鑫源批发有限公司,Z,90,XCX,4,44.2,M,汉,3986,4,01,FRIENDS,FATHER,2,70.0,广东省,CONSUME,01,,23.12683058,113.23235567,ANDROID,,广东省广州市荔湾区逢源街道恩洲北横街65号,0
100000,,淮南市,霍山县超源劳务服务部,Z,90,APP,2,29.8,F,汉,99,4,01,MATE,COLLEAGUE,1,70.0,安徽省,CONSUME,01,,31.715909958848994,116.48079043578282,ANDROID,,安徽省六安市裕安区六安市裕安区经济开发区水厂路,0
100000,,石家庄市,河北省开亿玻璃制品有限公司,Z,90,XCX,3,39.8,F,汉,3701,4,01,FATHER,FATHER,1,70.0,河北省,CONSUME,01,,38.045961,114.56541,ANDROID,,河北省石家庄市长安区谈固街道谈固东街,0
100000,,大理白族自治州,福州朴朴电子商务有限公司,G,13,XCX,2,22.5,M,彝,2391,2,01,FATHER,MOTHER,2,70.0,云南省,CONSUME,01,,22.754559190538195,114.16753743489583,ANDROID,,广东省东莞市凤岗镇金凤凰大道,0
100000,104,盐城市,爱果乐科技,G,13,APP,3,34.1,F,汉,5498,4,01,MOTHER,FATHER,1,70.0,江苏省,CONSUME,01,,31.364160458380377,120.72928824613232,ANDROID,,江苏省苏州市苏州工业园区唯亭街道唯新路,0
100000,105,福州市,大泽科技,G,13,APP,3,40.4,M,汉,4899,4,01,MATE,FATHER,1,70.0,福建省,CONSUME,01,,26.494907696011713,119.56884189215805,ANDROID,,福建省福州市罗源县凤山镇光明路,0
100000,,宜春市,宜春市源头新材料有限公司,Z,90,APP,4,40.6,M,汉,3953,2,01,MATE,SIBLING,1,70.0,江西省,CONSUME,01,,28.110219,114.226796,ANDROID,,江西省宜春市万载县潭埠镇,0
100000,403,广元市,康养器械,E,24,APP,2,40.2,M,汉,4930,2,01,RELATIVES,OTHER,1,70.0,四川省,CONSUME,01,,32.45106254344644,105.84019508411522,ANDROID,,四川省广元市利州区东坝街道,0
100000,,济宁市,张新苓个人工作室,Z,90,APP,2,35.7,M,汉,6160,4,01,MATE,FRIENDS,1,70.0,山东省,CONSUME,01,,35.65857703251447,116.75174070813911,ANDROID,,山东省济宁市兖州区漕河镇,0
100000,104,台州市,宏晟达电子产品营销部,H,54,APP,3,47.1,M,汉,2641,3,01,FATHER,FRIENDS,1,70.0,浙江省,CONSUME,01,,28.71402193602865,121.39703106412118,ANDROID,,浙江省台州市椒江区章安街道S203,0
100000,,阳江市,新兴铸管有限公司,H,54,XCX,3,30.8,M,汉,6218,2,,PARENTS,COLLEAGUE,2,70.0,广东省,CONSUME,01,,22.101991644965278,111.67866753472222,ANDROID,,广东省阳江市阳春市马水镇,0
100000,103,晋城市,泽州县宾馆,H,54,APP,4,43.9,F,汉,4240,2,01,MOTHER,SIBLING,1,87.063,山西省,CONSUME,01,,35.49430653628709,112.84162690670053,ANDROID,,山西省晋城市城区南街街道瑞丰路1669号,0
100000,,阜阳市,临泉县单桥镇鑫业农场,A,27,XCX,2,45.3,M,汉,4143,4,01,MATE,FRIENDS,1,70.0,安徽省,CONSUME,01,,32.994246590906929,115.30147317416622,ANDROID,,安徽省阜阳市临泉县单桥镇,0
100000,102,广州市,白云皮具,H,54,APP,4,44.8,F,汉,4353,4,01,FATHER,SIBLING,3,92.043,广东省,CONSUME,01,,23.309039817958977,113.26868193300844,IOS,,广东省广州市白云区人和镇高翔路,0
100000,103,商丘市,徐帅个人工作室,E,24,XCX,3,39.7,M,汉,4037,4,01,FATHER,FATHER,1,70.0,河南省,CONSUME,02,,29.235884,119.963455,ANDROID,,浙江省金华市义乌市义亭镇国贸大道辅路,0
100000,,三明市,厦门谊诚知识产权代理有限公司,O,17,APP,4,38.4,M,汉,4920,2,,FATHER,FRIENDS,1,70.0,福建省,CONSUME,02,,23.298698,113.831389,ANDROID,,广东省广州市增城区荔城街道城丰廖屋街,0
100000,103,咸阳市,三原鑫辉机械制造有限公司,C,24,APP,3,43.0,M,汉,2272,4,01,MATE,FATHER,1,70.0,陕西省,CONSUME,01,,34.588157544179619,108.99318410450157,ANDROID,,陕西省咸阳市三原县陂西镇高三路,0
100000,,青岛市,佰键升音,Z,90,APP,3,23.8,F,汉,2389,2,01,COLLEAGUE,FRIENDS,2,89.055,山东省,CONSUME,01,,36.341101,120.231972,ANDROID,,山东省青岛市城阳区棘洪滩街道,0
100000,102,保定市,高阳建筑,E,24,APP,2,39.0,M,汉,4962,4,01,SIBLING,FATHER,2,70.0,河北省,CONSUME,02,,37.778889,112.548464,ANDROID,,山西省太原市小店区龙城街道龙兴南街,0
100000,,甘孜藏族自治州,综合行政执法局,Z,90,XCX,3,31.1,M,藏,399,4,01,RELATIVES,RELATIVES,2,70.0,四川省,CONSUME,01,,3,98.57719,ANDROID,,"Simalungun, Sumatera Utara, Indonesia",0
100000,,普洱市,农垦集团公司,Z,90,APP,3,32.0,M,傣,415,4,01,RELATIVES,FRIENDS,1,70.0,云南省,CONSUME,01,,22.758274,100.956825,ANDROID,,云南省普洱市思茅区南屏镇G213(普洱大道),0
100000,102,东营市,山东美宜佳涂料有限公司,C,24,XCX,3,33.9,M,汉,4502,3,01,PARENTS,FRIENDS,1,70.0,山东省,CONSUME,01,,37.061873,118.409977,ANDROID,,山东省东营市广饶县乐安街道民安路,0
100000,,成都市,弹性工作者,Z,90,XCX,4,27.7,F,汉,1242,4,01,FATHER,FRIENDS,2,70.0,四川省,CONSUME,01,,30.676275454605784,104.05912599812264,IOS,,四川省成都市青羊区草市街街道王家塘街84号,0
100000,,抚州市,陈超个人工作室,Z,90,APP,4,25.8,M,汉,101,2,01,CHILDREN,FRIENDS,1,70.0,江西省,CONSUME,01,,27.42984,115.836693,ANDROID,,江西省抚州市乐安县鳌溪镇象山路,0
100000,103,哈尔滨市,张新萍个人工作室,Z,90,APP,2,45.1,F,汉,393,4,01,MATE,FATHER,1,89.78,黑龙江省,CONSUME,01,,45.777639526974308,126.6187816065304,ANDROID,,黑龙江省哈尔滨市道里区斯大林街道友谊路57号,0
100000,,菏泽市,段从云个人工作室,Z,90,APP,2,41.4,F,汉,3876,3,01,OTHER,OTHER,1,70.0,山东省,CONSUME,01,,34.795223,116.101539,ANDROID,,山东省菏泽市单县北城街道君子北路辅路,0
100000,103,哈尔滨市,绥芬河市融钰建筑工程有限公司,E,24,APP,3,46.5,M,汉,707,4,01,RELATIVES,FRIENDS,1,70.0,黑龙江省,CONSUME,01,,46.248581772785858,130.58087606600908,ANDROID,,黑龙江省佳木斯市桦南县桦南镇,0
100000,,孟州市,马伟个人工作室,Z,90,XCX,2,39.5,M,汉,3129,4,01,OTHER,OTHER,1,70.0,河南省,CONSUME,01,,34.891346,112.695875,ANDROID,,河南省焦作市孟州市西虢镇联盟路,0
100000,,东莞市,东莞市南峰物业管理有限公司,Z,90,APP,2,43.3,M,汉,3432,2,01,MATE,COLLEAGUE,1,70.0,广东省,CONSUME,01,,22.931026,113.918328,ANDROID,,广东省东莞市大朗镇美景路769号,0
100000,103,哈尔滨市,绥芬河市融钰建筑工程有限公司,E,24,APP,3,46.5,M,汉,707,4,01,RELATIVES,FRIENDS,1,70.0,黑龙江省,CONSUME,01,,46.248581772785858,130.58087606600908,ANDROID,,黑龙江省佳木斯市桦南县桦南镇,0
100000,,汕头市,陈海雄个人工作室,Z,90,XCX,2,31.4,M,汉,5670,4,01,MATE,FATHER,1,70.0,广东省,CONSUME,01,,23.373524072510788,116.36112215346822,ANDROID,,广东省汕头市潮阳区贵屿镇,0
100000,102,哈尔滨市,邱婷婷个人工作室,Z,90,APP,4,23.0,F,汉,1348,2,01,RELATIVES,FRIENDS,2,70.0,黑龙江省,CONSUME,01,,45.744699666795209,126.64856697292207,IOS,,黑龙江省哈尔滨市南岗区革新街道文平街8-4,0
100000,,保山地区,腾冲星罗清洁服务有限公司,Z,90,XCX,4,39.6,M,汉,4017,3,01,FRIENDS,FRIENDS,1,70.0,云南省,CONSUME,01,,25.034294,98.485394,ANDROID,,云南省保山市腾冲市腾越街道教场路,0
100000,302,咸阳市,西安鹊连房地产策划有限公司,K,17,APP,3,31.7,M,汉,470,3,01,RELATIVES,FRIENDS,1,70.0,陕西省,CONSUME,01,,34.25743950021413,109.04963211575147,ANDROID,,陕西省西安市灞桥区纺织城街道半坡路11号,0
100000,,长沙市,长沙恒飞电缆有限公司,G,13,XCX,4,39.7,M,汉,3061,4,01,FATHER,MATE,1,77.677,湖南省,CONSUME,01,,28.246084798177083,113.11237223307292,ANDROID,,湖南省长沙市长沙县星沙街道东七路,1
100000,102,张家口市,冀中能源张家口矿业集团有限公司,C,24,XCX,4,38.2,M,汉,4732,4,01,COLLEAGUE,FATHER,2,94.239,河北省,CONSUME,02,,40.497317617203147,115.28676647567906,ANDROID,,河北省张家口市下花园区城镇街道中学东街,0
100000,102,扬州市,江都区委办公室,S,11,XCX,3,37.9,M,汉,5797,4,01,PARENTS,FRIENDS,2,70.0,江苏省,CONSUME,01,,32.43822117094829,119.57116839622482,ANDROID,,江苏省扬州市江都区仙女镇江淮路辅路,0
100000,102,南充市,珠海伟创力有限公司,Z,90,APP,2,30.5,F,汉,107,4,01,PARENTS,MATE,1,70.0,四川省,CONSUME,01,,30.860971803861369,120.9416762222788,ANDROID,,浙江省嘉兴市嘉善县魏塘街道城桥路,0
100000,,黄冈市,广东东阳光药业有限公司,Z,90,APP,4,37.8,M,汉,3899,3,01,FATHER,FRIENDS,2,70.0,湖北省,CONSUME,02,,22.783286,113.755194,ANDROID,,广东省东莞市长安镇振安中路330号,0
100000,,绵阳市,绵阳富临精工股份有限公司,G,13,XCX,2,27.1,M,汉,1581,2,01,MATE,FRIENDS,2,86.897,四川省,CONSUME,01,,31.437416736696233,104.80488746470415,ANDROID,,四川省绵阳市游仙区小枧镇,0
100000,,长沙市,长沙恒飞电缆有限公司,G,13,XCX,4,39.7,M,汉,3061,4,01,FATHER,MATE,1,77.677,湖南省,CONSUME,01,,28.246084798177083,113.11237223307292,ANDROID,,湖南省长沙市长沙县星沙街道东七路,0
100000,,成都市,陈先冬个人工作室,Z,90,APP,4,49.3,M,汉,527,2,01,MATE,CHILDREN,1,70.0,四川省,CONSUME,01,,30.95803,103.931668,ANDROID,,四川省成都市彭州市致和街道健康东路,0
100000,,成都市,陈先冬个人工作室,Z,90,APP,4,49.3,M,汉,527,2,01,MATE,CHILDREN,1,70.0,四川省,CONSUME,01,,30.95803,103.931668,ANDROID,,四川省成都市彭州市致和街道健康东路,0
100000,,镇江市,扬中市彩凤玻纤设备有限公司,Z,90,APP,3,32.3,M,汉,5619,4,01,MATE,COLLEAGUE,1,70.0,江苏省,CONSUME,01,,32.2473514472185,119.84976286875839,ANDROID,,江苏省镇江市扬中市三茅街道扬子河北路,0
100000,,常德市,田丰养殖场,A,27,XCX,2,46.8,M,汉,4772,4,01,COLLEAGUE,MATE,1,70.0,湖南省,CONSUME,01,,28.235801595052084,113.0810755750868,ANDROID,,湖南省长沙市长沙县星沙街道北斗路,0
100000,,丽江市,杜佳鑫饭馆,Z,90,XCX,3,27.6,F,纳西,1004,2,01,SIBLING,RELATIVES,2,92.024,云南省,CONSUME,01,,26.62346706814236,99.95920735677083,ANDROID,,云南省丽江市玉龙纳西族自治县九河白族乡,0
100000,,盖州市,洁之缘洗衣馆,H,54,XCX,2,38.4,F,汉,6047,4,01,MOTHER,FRIENDS,1,70.0,辽宁省,CONSUME,01,,26.074883988334635,119.36937797480204,ANDROID,,福建省福州市晋安区鼓山镇焦坑支路,0
100000,103,大连市,中触媒新材料股份有限公司,M,11,APP,2,32.3,F,汉,5320,3,01,OTHER,OTHER,1,70.0,辽宁省,CONSUME,01,,39.42778725040531,121.73163281262504,ANDROID,,辽宁省大连市金州区复州湾街道沐雨路,1
100000,103,宁德市,福安市月芽家月子中心,Q,11,APP,3,48.9,F,汉,483,2,01,FRIENDS,FRIENDS,1,80.539,福建省,CONSUME,01,,27.098829,119.628778,ANDROID,,福建省宁德市福安市坂中畲族乡满春街100号,0
100000,,荆州市,国创物业管理有限公司武汉分公司,L,17,XCX,2,35.5,M,汉,7009,2,01,MOTHER,COLLEAGUE,1,89.328,湖北省,CONSUME,01,,30.48609,114.448951,ANDROID,,湖北省武汉市江夏区佛祖岭街道关山路立交桥,0
100000,,荆州市,国创物业管理有限公司武汉分公司,L,17,XCX,2,35.5,M,汉,7009,2,01,MOTHER,COLLEAGUE,1,89.328,湖北省,CONSUME,01,,30.48609,114.448951,ANDROID,,湖北省武汉市江夏区佛祖岭街道关山路立交桥,0
100000,,枣庄市,滕州市第三建筑安装工程公司,E,24,APP,3,30.2,F,汉,7163,4,01,MATE,SIBLING,1,88.76,山东省,CONSUME,01,,34.92452338324653,117.32290445963541,ANDROID,,山东省枣庄市滕州市羊庄镇,0
100000,,威海市,威海贤真电子,Z,90,XCX,2,34.6,F,汉,4394,2,01,MOTHER,FRIENDS,1,70.0,山东省,CONSUME,01,,37.427747,122.032317,ANDROID,,山东省威海市环翠区羊亭镇海峰路,0
100000,,齐齐哈尔市,克山农场幼儿园,Z,90,APP,3,31.0,F,汉,6655,2,01,MATE,FRIENDS,1,70.0,黑龙江省,CONSUME,01,,48.306007,125.387676,ANDROID,,黑龙江省齐齐哈尔市讷河市九井镇,0
100000,104,阳泉市,三阳食府,I,54,XCX,3,26.8,F,汉,486,4,01,FATHER,SIBLING,2,81.573,山西省,CONSUME,01,,37.795263290330797,113.67078851768727,IOS,,山西省阳泉市平定县冠山镇,0
100000,105,晋中市,茂业百货一层瑞士名表,H,54,XCX,4,34.5,F,汉,4222,4,01,MATE,FATHER,1,88.923,山西省,CONSUME,01,,37.97003541721831,112.98892415743761,ANDROID,,山西省晋中市寿阳县平舒乡,0
100000,105,肇庆市,肇庆市金利镇宏达模具,C,24,APP,4,34.3,M,汉,4324,4,01,SIBLING,FRIENDS,2,88.527,广东省,CONSUME,01,,23.07997560551843,112.80252217005543,ANDROID,,广东省肇庆市高要区金利镇G324(金富堤路),0
100000,403,安庆市,机械租赁公司,L,17,APP,3,30.7,M,汉,247,4,,MATE,MOTHER,1,70.0,安徽省,CONSUME,01,,30.165491719871697,116.8297717837134,ANDROID,,安徽省安庆市望江县雷池镇,1
100000,,邢台市,河南豪尔特网络科技有限公司,G,13,APP,2,29.8,M,汉,1717,2,01,MATE,SIBLING,1,78.925,河北省,CONSUME,02,,40.186083,116.251932,ANDROID,,北京市昌平区马池口(地区)镇白府路,0
100000,403,南充市,菜鸟驿站,Z,90,APP,3,30.3,M,汉,1618,4,01,MOTHER,FATHER,2,88.906,四川省,CONSUME,01,,30.855049641927085,106.12101860894097,ANDROID,,四川省南充市顺庆区荆溪街道荆溪河路,0
100000,,聊城市,刘振杰个人工作室,K,17,APP,2,36.8,M,汉,4544,3,01,MATE,FRIENDS,1,70.0,山东省,CONSUME,01,,36.740795149189,115.679580699418,ANDROID,,山东省聊城市临清市尚店镇S247,0
100000,403,朝阳市,大连安越婚纱有限公司,Z,90,APP,2,33.7,M,汉,5502,4,01,MATE,FATHER,2,90.383,辽宁省,CONSUME,01,,41.34700061241944,120.15087234430966,ANDROID,,辽宁省朝阳市朝阳县台子镇,0
100000,,盐城市,江苏宝鹏科技管业有限公司,Z,90,APP,3,46.9,M,汉,1908,3,01,MATE,FRIENDS,1,87.568,江苏省,CONSUME,01,,33.325104,120.186835,ANDROID,,江苏省盐城市盐都区新都街道阅海路,0
100000,103,铁岭市,福云祥烟酒行,H,54,APP,2,39.0,F,汉,3919,2,01,MATE,RELATIVES,1,79.77896,辽宁省,CONSUME,01,,41.85746111876295,123.4565824406449,ANDROID,,辽宁省沈阳市皇姑区陵东街道长锦巷,0
100000,105,漳州市,福建农林大学植物保护学院,P,13,APP,4,29.5,F,汉,1633,4,01,FATHER,FATHER,2,77.27381,福建省,CONSUME,01,,30.62912330886813,104.09112705489372,ANDROID,,四川省成都市锦江区东湖街道三官堂街13,0
100000,104,达州市,上海晨光文具销售有限公司,H,54,APP,4,37.1,M,汉,4320,3,01,FATHER,FRIENDS,2,81.042175,四川省,CONSUME,01,,31.245521906351159,121.48190207687678,ANDROID,,上海市黄浦区外滩街道南苏州路196号,0
100000,,太原市,万家寨水务控股集团有限公司,Z,90,APP,4,28.1,F,汉,576,2,01,SIBLING,FRIENDS,2,70.0,山西省,CONSUME,01,,37.74361786667051,112.58461666934869,ANDROID,,山西省太原市小店区西温庄乡龙飞街,0
100000,,绵阳市,杨道路个人工作室,Z,90,XCX,3,43.9,M,汉,1414,4,01,RELATIVES,RELATIVES,1,70.0,四川省,CONSUME,01,,3,104.660964,ANDROID,,[],0
100000,103,南通市,东台市睿美园林绿化工程有限公司,E,24,XCX,2,40.4,M,汉,5250,4,01,PARENTS,SIBLING,1,70.0,江苏省,CONSUME,01,,32.55616377384399,120.4736671106708,ANDROID,,江苏省南通市海安市隆政街道通榆北路,1
100000,,北京市,北京宇帆嘉园物业有限公司,Z,90,XCX,2,37.0,M,汉,5294,4,01,MATE,FRIENDS,1,70.0,北京市,CONSUME,01,,40.068932264535579,117.01835940045048,ANDROID,,北京市平谷区马坊(地区)镇S32(京平高速),0
100000,105,宿迁市,理想教育,Z,90,APP,4,23.0,M,汉,2436,2,01,PARENTS,FRIENDS,2,70.0,江苏省,CONSUME,01,,34.136690809461804,118.78939263237847,ANDROID,,江苏省宿迁市沭阳县沭城街道大连东路,0
100000,,湛江市,珠海市度假村酒店,I,54,XCX,4,39.4,M,汉,4104,3,,FATHER,COLLEAGUE,2,70.0,广东省,CONSUME,03,,22.241341099673595,113.5848813776862,ANDROID,,广东省珠海市香洲区吉大街道情侣南路,0
100000,,眉山市,林艳梅个人工作室,Z,90,XCX,3,42.2,F,汉,4479,4,01,MATE,SIBLING,1,70.0,四川省,CONSUME,01,,31.239383452433380,121.321716733586200,ANDROID,,上海市嘉定区江桥镇鹤友路859号,0
100000,307,盐城市,一壶茶茶馆,H,54,XCX,2,43.5,F,汉,4381,3,01,FRIENDS,FRIENDS,1,70.0,江苏省,CONSUME,01,,31.289393,121.161215,ANDROID,,上海市嘉定区安亭镇G312(曹安公路),0
100000,,揭阳市,黄利军个人工作室,Z,90,APP,2,42.7,M,汉,4445,2,,MATE,SIBLING,1,70.0,广东省,CONSUME,01,,23.065087,116.482567,ANDROID,,广东省揭阳市惠来县仙庵镇G228(丹东线),0
100000,,茂名市,永顺油行,I,54,XCX,2,30.2,M,汉,7009,2,01,FATHER,FRIENDS,2,70.0,广东省,CONSUME,01,,22.876162876263665,113.84188035902925,ANDROID,,广东省东莞市大岭山镇新城路,0
100000,105,菏泽市,齐翔华利新材料有限公司,M,11,XCX,3,32.9,M,汉,4115,2,01,PARENTS,FRIENDS,1,70.0,山东省,CONSUME,01,,28.249019224855809,113.12446332840088,ANDROID,,湖南省长沙市长沙县星沙街道G319(开元路),0
100000,103,茂名市,赵记石磨肠粉店,Z,90,XCX,2,40.6,M,汉,4109,4,01,FRIENDS,SIBLING,1,70.0,广东省,CONSUME,01,,22.636734537279414,114.03809540658865,ANDROID,,广东省深圳市龙华区民治街道油松路,0
100000,105,西安市,西安福永昌玻璃幕墙有限公司,Z,90,APP,2,35.8,M,汉,4871,3,01,MATE,FRIENDS,1,91.72,陕西省,CONSUME,01,,34.27896057349995,108.84728509599464,ANDROID,,陕西省西安市未央区三桥街道阿房路,0
100000,,滁州市,富威儿有限材料公司,Z,90,APP,3,30.4,M,汉,6675,2,01,FATHER,COLLEAGUE,2,70.0,安徽省,CONSUME,01,,32.433382,119.250458,ANDROID,,江苏省扬州市仪征市刘集镇X304(扬冶线),0
100000,105,泰州市,邹志伟个人工作室,Z,90,APP,2,38.3,M,汉,5892,3,01,FRIENDS,SIBLING,1,70.0,江苏省,CONSUME,02,,32.924568182968,119.816345217699,ANDROID,,江苏省泰州市兴化市昭阳街道昭阳路辅路,1
100000,310,南阳市,长腾通讯科技有限公司,G,13,APP,2,43.7,M,汉,3782,2,,MATE,FATHER,1,85.173,河南省,CONSUME,01,,38.994639004666037,115.89799619526814,ANDROID,,河北省保定市安新县大王镇G336(津神线),0
100000,103,苏州市,简搭服装店,H,54,XCX,2,35.8,F,汉,4158,2,01,MOTHER,FRIENDS,1,70.0,江苏省,CONSUME,01,,31.911524200712849,120.70339077873746,ANDROID,,江苏省苏州市张家港市乐余镇Y516,0
100000,,盘锦市,长城钻探工程有限公司,Z,90,APP,3,25.2,M,汉,1653,2,01,COLLEAGUE,OTHER,2,70.0,辽宁省,CONSUME,01,,41.123128,122.052228,ANDROID,,辽宁省盘锦市兴隆台区兴隆街道兴油支路,0
100000,103,合肥市,正力电力,D,17,APP,4,22.8,M,汉,2873,2,01,FATHER,FRIENDS,2,86.968,安徽省,CONSUME,01,,31.971935846236648,116.99184080862729,IOS,,安徽省合肥市蜀山区高刘街道,0
100000,102,天门市,卓越际联科技有限公司,G,13,XCX,4,27.7,M,汉,814,2,01,FATHER,FRIENDS,2,70.0,湖北省,CONSUME,01,,30.685055,114.60871,ANDROID,,湖北省武汉市新洲区阳逻街道源福路,0
100000,,大庆市,大庆油田三维工程检测有限公司,Z,90,XCX,4,33.3,M,汉,4985,4,,RELATIVES,FRIENDS,2,70.0,黑龙江省,CONSUME,01,,46.54222,124.894366,ANDROID,,黑龙江省大庆市让胡路区乘风街道和安东街,0
100000,104,合肥市,安徽新轩工程机械有限公司,C,24,APP,4,33.3,M,汉,4856,3,01,RELATIVES,FRIENDS,1,94.82,安徽省,CONSUME,01,,32.006738,117.250162,ANDROID,,安徽省合肥市长丰县双墩镇双墩路,0
100000,105,成都市,付孝君个人工作室,Z,90,XCX,2,36.0,M,汉,4121,4,01,SIBLING,COLLEAGUE,1,70.0,四川省,CONSUME,01,,30.473634982638888,104.00457600911459,ANDROID,,四川省成都市双流区怡心街道物联东街,0
100000,104,漳州市,苏州地川建设工程有限公司,E,24,APP,2,42.6,M,汉,3221,4,01,MOTHER,FRIENDS,2,70.0,福建省,CONSUME,01,,31.24864352689511,120.72235243473753,ANDROID,,江苏省苏州市苏州工业园区斜塘街道东方大道,1
100000,103,温州市,武乐建材,E,24,XCX,2,37.1,F,汉,4741,3,01,MATE,MATE,1,70.0,浙江省,CONSUME,01,,27.78503582612886,120.64916266324366,IOS,,浙江省温州市瑞安市安阳街道阳光北路18号,0
100000,,上饶市,潘华根个人工作室,Z,90,XCX,3,45.6,M,汉,1610,4,01,RELATIVES,RELATIVES,1,70.0,江西省,CONSUME,01,,29.265058865017362,117.18445231119792,ANDROID,,江西省景德镇市昌江区吕蒙街道岚山大桥,0
100000,104,安庆市,安徽建工资本管理有限公司,H,54,APP,4,33.9,M,汉,5842,4,01,FATHER,FRIENDS,1,89.876,安徽省,CONSUME,01,,31.76873195738577,117.241907380122,ANDROID,,安徽省合肥市蜀山区海恒社区丹霞路,0
100000,,清远市,余灿洪个人工作室,Z,90,APP,3,37.2,M,汉,5155,2,01,MATE,SIBLING,1,70.0,广东省,CONSUME,01,,23.742394,113.101093,ANDROID,,广东省清远市清城区东城街道S377(职教一路),0
100000,105,常德市,中国人民财产保险股份有限公司,J,13,XCX,4,33.3,M,汉,6784,2,01,MATE,FRIENDS,1,84.413,湖南省,CONSUME,01,,29.443982506476595,111.660755940561,ANDROID,,湖南省常德市临澧县安福街道文化街,0
100000,,哈尔滨市,崔诺彤个人工作室,Z,90,XCX,4,26.1,F,汉,1695,4,01,FATHER,FRIENDS,2,88.00774,黑龙江省,CONSUME,01,,30.325204543491336,120.14803289042315,IOS,,浙江省杭州市拱墅区上塘街道湖州街67号,0
100000,,长沙市,张妙个人工作室,Z,90,APP,3,36.6,M,汉,5390,2,01,MATE,FRIENDS,1,70.0,湖南省,CONSUME,01,,27.976859,112.677431,ANDROID,,湖南省长沙市宁乡市大屯营镇G354(南兴线),0
100000,,商洛市,商洛市yaopinjianyan,Z,90,APP,4,38.5,M,汉,5084,4,01,RELATIVES,FRIENDS,1,70.0,陕西省,CONSUME,01,,33.87111996759306,109.93499093721651,ANDROID,,陕西省商洛市商州区城关街道迎宾路1号,0
100000,104,武汉市,武汉祖亦商贸有限公司,H,54,XCX,3,43.4,M,汉,3752,4,01,FATHER,FRIENDS,2,86.09,湖北省,CONSUME,01,,30.614992531231619,114.22954909618497,IOS,,湖北省武汉市江汉区汉兴街街道丰雅路,0
100000,,青岛市,中国建设银行青岛市分行,J,13,APP,4,41.5,F,汉,3641,4,01,MATE,FATHER,1,70.0,山东省,CONSUME,02,,36.12076443142361,120.35311876085069,ANDROID,,山东省青岛市市北区嘉兴路街道崇义路,0
100000,105,宿迁市,榛植生态园林（上海）有限公司,Z,90,APP,2,39.8,F,汉,5368,4,01,PARENTS,FRIENDS,1,70.0,江苏省,CONSUME,01,,31.325992010634225,121.40775471379044,ANDROID,,上海市宝山区大场镇,0
100000,,保定市,肆时馋院餐饮店,Z,90,XCX,3,25.3,M,汉,2656,4,01,FATHER,RELATIVES,1,100.0,河北省,CONSUME,01,,39.057981,115.922493,ANDROID,,河北省保定市容城县大河镇金湖街,0
100000,105,南阳市,孙劝艾美瘦身店,Z,90,XCX,2,43.9,F,汉,3726,4,01,RELATIVES,FRIENDS,1,70.0,河南省,CONSUME,01,,32.9794189453125,112.51464382595486,ANDROID,,河南省南阳市卧龙区卧龙岗街道工业南路1038号,1
100000,103,广元市,山东佑牧,H,54,XCX,4,31.7,M,汉,5742,4,01,MATE,FATHER,1,70.0,四川省,CONSUME,01,,31.92755423712124,105.3146466656631,ANDROID,,四川省广元市剑阁县柳沟镇,1
100000,103,深圳市,惠州市胜辉装饰设计工程有限公司,E,24,XCX,3,46.9,M,汉,3680,4,01,MATE,FATHER,3,99.0,广东省,CONSUME,01,,22.74453176167139,114.51412930509035,ANDROID,,广东省惠州市惠阳区澳头街道S387(石化大道中),0
100000,105,潮州市,诺帝斯卫浴,H,54,XCX,2,30.2,M,汉,5874,2,01,MATE,COLLEAGUE,1,70.0,广东省,CONSUME,01,,23.711729568407518,116.5541276357552,ANDROID,,广东省潮州市潮安区古巷镇,0
100000,,南阳市,长空体闲有限,C,24,APP,4,44.5,M,汉,2644,2,01,MATE,FRIENDS,1,70.0,河南省,CONSUME,01,,30.147193,120.978409,ANDROID,,浙江省宁波市余姚市临山镇阑临路,0
100000,,红河哈尼族彝族自治州,何典娜个人工作室,Z,90,XCX,4,28.0,F,壮,1829,3,01,SIBLING,FRIENDS,2,70.0,云南省,CONSUME,01,,30.669839,104.099954,ANDROID,,四川省成都市成华区跳蹬河街道培华西路,0
100000,,淮北市,建德市个体户,Z,90,APP,4,25.7,M,汉,1390,3,01,FATHER,FRIENDS,1,70.0,安徽省,CONSUME,01,,29.477254,119.288345,ANDROID,,浙江省杭州市建德市新安江街道新安江隧道,0
100000,,淮北市,建德市个体户,Z,90,APP,4,25.7,M,汉,1390,3,01,FATHER,FRIENDS,1,70.0,安徽省,CONSUME,01,,29.477254,119.288345,ANDROID,,浙江省杭州市建德市新安江街道新安江隧道,0
100000,105,张家口市,沧州泛海安装公司,Z,90,XCX,3,28.7,M,汉,6655,2,01,RELATIVES,FRIENDS,1,70.0,河北省,CONSUME,01,,38.32054823133681,116.86532253689236,ANDROID,,河北省沧州市新华区建设北街街道永济东路34,0
100000,103,青岛市,汽车配件有限公司,C,24,APP,4,35.0,M,汉,5901,4,01,MATE,OTHER,1,70.0,山东省,CONSUME,01,,36.753847366894039,117.17195373982821,ANDROID,,山东省济南市历城区鲍山街道,0
100000,,赤峰市,天津宏泰泽建筑劳务有限公司,Z,90,XCX,3,40.0,M,蒙古,6419,4,01,RELATIVES,FRIENDS,1,70.0,内蒙古自治区,CONSUME,01,,36.71957217935651,117.1232547145117,ANDROID,,山东省济南市历城区王舍人街道工业北路83,0
100000,102,怒江傈僳族自治州,云南极采云供应链有限公司,F,17,APP,4,39.4,M,汉,3098,2,01,MATE,FRIENDS,1,86.638,云南省,CONSUME,01,,24.992885082765203,102.75157219132083,ANDROID,,云南省昆明市官渡区关上街道昌宏西路辅路,0
100000,102,咸阳市,礼泉县农机推广站,P,13,APP,4,42.3,M,汉,4846,2,01,CHILDREN,FATHER,3,89.6629,陕西省,CONSUME,01,,34.48163331357404,108.4373708292608,ANDROID,,陕西省咸阳市礼泉县城关街道兴华街,0
100000,,达州市,美团配送站,Z,90,APP,2,24.7,M,汉,1275,2,01,SIBLING,SIBLING,2,70.0,四川省,CONSUME,01,,31.20612,107.462253,ANDROID,,四川省达州市通川区朝阳街道朝阳西路246,0
100000,,宝鸡市,山东钢铁,Z,90,APP,4,26.1,M,汉,3156,2,01,MOTHER,FRIENDS,2,70.0,陕西省,CONSUME,01,,36.700382,119.105242,ANDROID,,山东省潍坊市潍城区南关街道民生西街,0
100000,,达州市,美团配送站,Z,90,APP,2,24.7,M,汉,1275,2,01,SIBLING,SIBLING,2,70.0,四川省,CONSUME,01,,31.20612,107.462253,ANDROID,,四川省达州市通川区朝阳街道朝阳西路246,0
100000,104,南京市,南京钰煌食品有限公司,C,24,APP,2,34.7,F,汉,5083,4,01,MOTHER,SIBLING,1,82.757,江苏省,CONSUME,01,,32.00518082725687,118.89130873139797,ANDROID,,江苏省南京市江宁区麒麟街道,0
100000,103,淮南市,李郁个人工作室,Z,90,APP,2,23.7,F,汉,2899,4,01,MATE,FATHER,1,70.0,安徽省,CONSUME,01,,33.61903016962647,117.01429708758559,ANDROID,,安徽省宿州市埇桥区沱河街道建设路,0
100000,,泰安市,乐享科技有限公司,G,13,XCX,3,27.2,M,汉,2912,2,01,FATHER,FRIENDS,2,70.0,山东省,CONSUME,01,,36.17944580078125,117.08585991753472,ANDROID,,山东省泰安市岱岳区粥店街道东七里街,0
100000,105,上饶市,京东京邦达有限公司,Z,90,XCX,3,28.6,M,汉,6902,2,01,RELATIVES,RELATIVES,2,92.446,江西省,CONSUME,01,,28.665166015625,115.96327311197916,ANDROID,,江西省南昌市青山湖区京东镇京东大道299号,0
100000,301,莆田市,南京松脉木业有限公司,C,24,APP,4,32.9,F,汉,1099,4,01,SIBLING,SIBLING,2,79.11468,福建省,CONSUME,01,,31.917333708567793,118.68190512466838,ANDROID,,江苏省南京市江宁区谷里街道荆刘路,0
100000,,黔西南布依族苗族自治州,华颐精密有限公司,G,13,APP,2,29.3,F,汉,6911,4,01,MATE,FRIENDS,1,87.327,贵州省,CONSUME,01,,28.245951334635418,113.08500705295138,ANDROID,,湖南省长沙市长沙县星沙街道东一路,0
100000,105,昆明市,昆明华运建筑材料有限公司,E,24,APP,3,26.9,M,汉,1128,4,,MATE,RELATIVES,1,70.0,云南省,CONSUME,01,,25.030058,102.867616,ANDROID,,云南省昆明市官渡区大板桥街道顺福巷,1
100000,105,泉州市,北京市无茗道商贸有限公司,H,54,APP,3,45.7,M,汉,1763,4,01,RELATIVES,FRIENDS,1,70.0,福建省,CONSUME,01,,39.97561948670935,116.34997737322832,ANDROID,,北京市海淀区花园路街道北土城西路195号,0
100000,103,威海市,山东省威海市恒邦化工厂,C,24,APP,2,45.7,M,汉,205,2,01,MATE,FRIENDS,1,94.0,山东省,CONSUME,01,,37.03755825981661,121.62689286458513,ANDROID,,山东省威海市乳山市下初镇,0
100000,,哈尔滨市,泽坤劳务建筑工程有限公司,E,24,XCX,3,40.7,M,汉,4017,4,01,MATE,RELATIVES,1,70.0,黑龙江省,CONSUME,01,,45.810741644965276,126.4780042860243,ANDROID,,黑龙江省哈尔滨市松北区松北街道Y002,0
100000,,驻马店市,梦之门木业,H,54,XCX,2,39.1,M,汉,5178,3,01,PARENTS,PARENTS,1,70.0,河南省,CONSUME,01,,33.01314088199241,114.36940889397055,ANDROID,,河南省驻马店市汝南县三门闸街道蔡州大道,0
100000,,重庆市,曲靖盛世锦华房地产开发有限公司,K,17,APP,2,34.1,M,汉,4481,2,,COLLEAGUE,FRIENDS,3,70.0,重庆市,CONSUME,02,,30.243195,107.484153,ANDROID,,重庆市垫江县高安镇,0
100000,403,怀化市,通道第三建筑公司,E,24,APP,2,43.0,F,侗,3786,3,,COLLEAGUE,FRIENDS,1,70.0,湖南省,CONSUME,01,,40.050066,116.637984,ANDROID,,北京市顺义区李桥镇正元大街,0
100000,403,宿迁市,北京市海淀区远大汽车驾驶培训学校,P,13,APP,3,36.5,M,汉,4685,2,01,MATE,SIBLING,1,70.0,江苏省,CONSUME,01,,40.105585522264409,116.15179421140607,ANDROID,,北京市海淀区苏家坨(地区)镇G4501(西六环路),0
100000,105,保定市,高碑店市卓函通讯器材经营部,H,54,APP,2,29.9,M,汉,5913,4,01,RELATIVES,FRIENDS,1,70.0,河北省,CONSUME,01,,39.1236613890677,116.55922974860052,ANDROID,,河北省廊坊市霸州市煎茶铺镇,0
100000,105,金华市,义乌有为机械有限公司,C,24,APP,3,27.9,M,汉,7176,2,01,MATE,MOTHER,1,86.226,浙江省,CONSUME,01,,29.43700044596109,119.90110999039686,ANDROID,,浙江省金华市浦江县浦南街道S210辅路,0
100000,302,沈阳市,黑龙江中消消防,S,11,XCX,4,36.6,F,汉,5934,2,01,FATHER,FRIENDS,2,92.1316,辽宁省,CONSUME,01,,45.75142087486473,126.72015338800994,IOS,,黑龙江省哈尔滨市香坊区安乐街道长江路,0
100000,104,邯郸市,河北钢之江,H,54,APP,2,44.8,M,汉,636,4,01,PARENTS,FRIENDS,1,70.0,河北省,CONSUME,01,,29.391528,106.286183,ANDROID,,重庆市江津区双福街道双福南互通,0
100000,,益阳市,中建三局集团有限公司,Z,90,XCX,3,35.3,M,汉,5629,4,01,MOTHER,SIBLING,1,70.0,湖南省,CONSUME,01,,24.709529008266228,118.21801477804394,ANDROID,,福建省厦门市同安区洪塘镇同翔大道辅路,0
100000,302,洛阳市,郑州轨道工程学院,P,13,APP,4,23.4,M,汉,1403,2,01,FATHER,MOTHER,2,79.838,河南省,CONSUME,01,,34.76520033693896,113.57302445852317,IOS,,河南省郑州市中原区西流湖街道,0
100000,301,合肥市,合肥富鑫科技有限公司,G,13,APP,3,36.2,M,汉,6599,4,01,MATE,FRIENDS,1,89.887,安徽省,CONSUME,01,,30.87899149945763,119.4270411040045,ANDROID,,安徽省宣城市广德市桃州镇爱民路,0
100000,304,德州市,伊通满族自治县营城子镇南岭加油站,D,17,XCX,2,24.7,M,汉,2071,2,01,FATHER,FRIENDS,1,89.286,山东省,CONSUME,01,,37.76630606019526,117.42271828241793,IOS,,山东省德州市庆云县尚堂镇,0
100000,103,宜宾市,浙江省雄宇构件有限公司,Z,90,XCX,2,34.1,M,汉,4353,3,01,FRIENDS,RELATIVES,1,70.0,四川省,CONSUME,01,,30.984781,120.949354,ANDROID,,浙江省嘉兴市嘉善县姚庄镇X402(镇南路),0
100000,105,凉山彝族自治州,缘来小吃,I,54,APP,2,39.6,F,汉,4361,2,01,FATHER,FRIENDS,1,70.0,四川省,CONSUME,01,,27.989081684766437,102.14053620755355,ANDROID,,四川省凉山彝族自治州西昌市樟木箐镇,0
100000,104,长沙市,平江县黄金开发总公司,C,24,XCX,4,31.0,M,汉,5634,3,01,FRIENDS,SIBLING,2,87.519,湖南省,CONSUME,02,,28.206494491533605,112.9067636567954,ANDROID,,湖南省长沙市岳麓区望城坡街道南园路,1
100000,,吕梁市,山西临县华烨煤业有限公司,E,24,XCX,3,35.1,M,汉,4167,4,01,FATHER,FRIENDS,2,70.0,山西省,CONSUME,01,,37.52265654682708,111.12883967862162,ANDROID,,山西省吕梁市离石区莲花池街道滨河北西路139号,0
100000,104,宁波市,宁海经纬装饰工程有限公司,E,24,APP,3,36.9,F,汉,4689,2,,PARENTS,PARENTS,1,70.0,浙江省,CONSUME,02,,29.339685523432466,121.46030877309491,ANDROID,,浙江省宁波市宁海县桃源街道兴海北路106,0
100000,,遵义市,饴源视频有限公司,Z,90,APP,2,22.9,M,汉,1179,2,01,FATHER,COLLEAGUE,2,80.468,贵州省,CONSUME,01,,22.27065945095486,113.47947808159722,ANDROID,,广东省中山市坦洲镇永兴路16号,0
100000,105,咸阳市,陕西信誉达扬园林机械有限公司,C,24,APP,2,37.3,M,汉,5629,4,01,PARENTS,FRIENDS,1,70.0,陕西省,CONSUME,01,,34.369726587249378,108.89565678979597,ANDROID,,陕西省西安市未央区汉城街道含英路,0
100000,103,东营市,绿城物业集团有限公司东营分公司,L,17,APP,4,33.1,F,汉,919,2,01,MATE,FRIENDS,1,95.072,山东省,CONSUME,01,,37.42349542707398,118.71317782085206,IOS,,山东省东营市东营区东营商贸园徐州路,0
100000,,恩施土家族苗族自治州,彭恩清个人工作室,Z,90,APP,2,38.4,F,汉,3939,3,01,FATHER,FRIENDS,1,70.0,湖北省,CONSUME,01,,30.385461,109.514494,ANDROID,,湖北省恩施土家族苗族自治州恩施市龙凤镇龙洞路,0
100000,309,西宁市,西安纬纳空间教育科技有限公司,L,17,APP,3,28.6,M,汉,6463,2,01,RELATIVES,MOTHER,2,81.42,青海省,CONSUME,01,,34.231452,108.837448,ANDROID,,陕西省西安市雁塔区鱼化寨街道西三环,0
100000,,西双版纳傣族自治州,宏达建材,E,24,APP,3,36.6,M,傣,5838,4,01,SIBLING,COLLEAGUE,2,70.0,云南省,CONSUME,01,,21.944480956785129,100.2794861512777,IOS,,云南省西双版纳傣族自治州勐海县勐遮镇,0
100000,,金华市,东阳市南马恺宇电子商务商行,G,13,XCX,2,42.1,M,汉,4422,2,01,MATE,FRIENDS,1,70.0,浙江省,CONSUME,02,,29.0710786095816,120.25841800213418,ANDROID,,浙江省金华市东阳市南马镇S217(南下线),0
100000,102,成都市,四川梵筑家居有限公司,C,24,APP,3,44.0,M,汉,3669,4,01,MATE,FATHER,1,90.992,四川省,CONSUME,01,,29.44196336760924,113.0161776614294,ANDROID,,湖南省岳阳市君山区柳林洲街道X090(柳毅东路),0
100000,102,榆林市,陕西省榆林市榆阳区同仁眼镜,H,54,APP,3,49.1,F,汉,3449,4,01,SIBLING,FATHER,1,90.34,陕西省,CONSUME,01,,38.335708149242659,109.77803369703936,ANDROID,,陕西省榆林市榆阳区牛家梁镇G6521(榆蓝高速),0
100000,,枣庄市,刘艳个人工作室,H,54,XCX,2,43.1,F,汉,4383,4,01,MATE,FRIENDS,1,78.10694,山东省,CONSUME,01,,34.323638196859139,117.13148400145806,ANDROID,,江苏省徐州市鼓楼区九里街道,0
100000,105,黄冈市,中建三局,E,24,XCX,2,35.0,M,汉,7064,3,01,SIBLING,MATE,1,90.043,湖北省,CONSUME,02,,30.66377631293403,114.93075873480903,ANDROID,,湖北省黄冈市团风县方高坪镇,0
100000,102,上海市,上海医疗器械有限公司,H,54,APP,2,48.5,F,汉,99999,2,01,MOTHER,FRIENDS,1,87.33,上海市,CONSUME,01,,31.01676289668685,121.41333000221691,ANDROID,,上海市闵行区江川路街道东川路,1
100000,104,泰安市,刘功峰个人工作室,Z,90,APP,2,44.7,M,汉,833,2,01,SIBLING,FATHER,2,70.0,山东省,CONSUME,01,,37.442441,116.263526,ANDROID,,山东省德州市德城区运河街道S516(运河大道),0
100000,,宝鸡市,陕西燃气集团,Z,90,APP,4,33.2,M,汉,4928,3,01,MATE,FATHER,1,88.368,陕西省,CONSUME,01,,34.063055,107.317382,ANDROID,,陕西省宝鸡市太白县咀头镇北环路,0
100000,307,永州市,欧菲光集团有限公司,H,54,XCX,2,29.6,M,汉,100,4,01,FATHER,SIBLING,2,70.0,湖南省,CONSUME,01,,22.899973638698769,113.9252985093149,ANDROID,,广东省东莞市大朗镇阿里山路,0
100000,,平凉市,武南镇消防救援站,Z,90,XCX,2,34.1,M,汉,1150,3,01,RELATIVES,COLLEAGUE,2,70.0,甘肃省,CONSUME,01,,37.93648370780668,102.66935529787198,ANDROID,,甘肃省武威市凉州区金羊镇武李段,0
100000,102,眉山市,成都建工集团,E,24,APP,3,39.6,M,汉,4439,4,01,CHILDREN,SIBLING,1,70.0,四川省,CONSUME,01,,30.423006975896774,104.07672894836031,ANDROID,,四川省成都市双流区正兴街道蜀州路,0
100000,,西安市,西安仲夏环境有限公司,M,11,XCX,2,27.9,M,汉,631,4,01,PARENTS,FRIENDS,1,70.0,陕西省,CONSUME,01,,34.155650628346429,108.333966137768883,ANDROID,,陕西省西安市周至县终南镇,0
100000,105,苏州市,张家港市宏州发展有限公司,Z,90,APP,3,41.7,M,汉,4221,3,01,FRIENDS,FRIENDS,1,70.0,江苏省,CONSUME,01,,31.865008035289305,120.5180966380493,ANDROID,,江苏省苏州市张家港市杨舍镇永安路,0
100000,,重庆市,华浔品味装饰,Z,90,APP,3,31.1,M,汉,5901,3,01,FATHER,MATE,1,86.852,重庆市,CONSUME,01,,29.40885,105.580047,ANDROID,,重庆市荣昌区昌元街道荣滨南路西段,0
100000,,南通市,安仁老陈个体室外装修经营部,Z,90,XCX,3,50.0,M,汉,233,4,01,FATHER,FATHER,1,70.0,江苏省,CONSUME,01,,31.893673,121.730822,ANDROID,,江苏省南通市启东市南阳镇红星西路,0
100000,,茂名市,中通快递公司,F,17,APP,3,34.1,F,汉,5847,2,01,FATHER,FRIENDS,2,70.0,广东省,CONSUME,01,,21.674789499200757,110.99041527730974,ANDROID,,广东省茂名市茂南区羊角镇,0
100000,105,池州市,东至县义龙木业有限公司,C,24,XCX,2,35.1,F,汉,6111,2,01,MATE,MOTHER,1,86.143,安徽省,CONSUME,01,,30.706513106041727,117.54800159716125,ANDROID,,安徽省池州市贵池区池州经济技术开发区牧之路,0
100000,102,清远市,清远市朗格造型,O,17,APP,2,41.7,F,汉,3891,4,,MOTHER,MATE,1,70.0,广东省,CONSUME,01,,23.703488,113.035793,ANDROID,,广东省清远市清城区东城街道G355(北江大桥),0
100000,103,驻马店市,巴星克广州生物科技有限公司,M,11,XCX,2,38.0,M,汉,5242,4,01,RELATIVES,SIBLING,1,70.0,河南省,CONSUME,01,,2,114.25002,ANDROID,,"Belaga, Sarawak, Malaysia",0
100000,103,重庆市,开元名都大酒店,I,54,APP,3,36.3,F,汉,3610,2,,RELATIVES,FRIENDS,1,70.0,重庆市,CONSUME,01,,30.189069347926315,120.26351437559728,ANDROID,,浙江省杭州市萧山区北干街道市心中路1036-13,0
100000,103,韶关市,安徽众邦生物工程有限公司,M,11,APP,4,44.3,M,汉,6596,4,01,MATE,FRIENDS,1,70.0,广东省,CONSUME,01,,28.248802276260589,113.11127520344042,ANDROID,,湖南省长沙市长沙县星沙街道开元路349,0
100000,103,廊坊市,实木衣架,H,54,APP,2,47.1,M,汉,428,2,01,CHILDREN,FRIENDS,3,82.735,河北省,CONSUME,01,,39.156179,116.793812,ANDROID,,河北省廊坊市安次区东沽港镇,0
100000,102,哈尔滨市,哈尔滨银行,J,13,APP,4,35.6,F,汉,6358,4,01,MATE,FRIENDS,1,74.671,黑龙江省,CONSUME,01,,46.05966599449165,125.99302451905479,ANDROID,,黑龙江省绥化市肇东市朝阳区街道八仙南路,0
100000,403,东台市,小吴修理部,O,17,APP,2,39.4,M,汉,5999,2,01,MATE,FRIENDS,1,87.015,江苏省,CONSUME,01,,32.875387,120.908112,ANDROID,,江苏省盐城市东台市弶港镇沿海生态景观路,0
100000,,太原市,山西复盛公健康药业有限公司,Z,90,XCX,3,31.1,F,汉,7126,3,01,MATE,PARENTS,1,70.0,山西省,CONSUME,01,,37.80853542751736,112.57793375651042,ANDROID,,山西省太原市小店区坞城街道坞城路42号,0
100000,,太原市,山西复盛公健康药业有限公司,Z,90,XCX,3,31.1,F,汉,7126,3,01,MATE,PARENTS,1,70.0,山西省,CONSUME,01,,37.80853542751736,112.57793375651042,ANDROID,,山西省太原市小店区坞城街道坞城路42号,0
100000,,绍兴市,老裘建筑工程队,E,24,XCX,4,35.1,M,汉,4289,4,01,PARENTS,FATHER,1,70.0,浙江省,CONSUME,01,,30.157697,121.353179,ANDROID,,浙江省宁波市慈溪市桥头镇车头路,0
100000,,宁波市,重庆华宇第一太平戴维斯物业服务集团有限公司余姚分公司,D,17,APP,3,29.1,F,汉,6459,3,01,MOTHER,SIBLING,2,70.0,浙江省,CONSUME,01,,30.026917477430858,121.13001492984172,ANDROID,,浙江省宁波市余姚市兰江街道开丰路324号,1
100000,,泸州市,贵州金钗兰生物科技有限公司,G,13,APP,3,34.3,M,汉,6208,4,01,PARENTS,FRIENDS,2,70.0,四川省,CONSUME,01,,28.649865,105.755642,ANDROID,,四川省泸州市合江县车辋镇,0
100000,102,宜春市,西可通信技术设备(河源)有限公司,G,13,APP,3,42.5,M,汉,4124,3,01,RELATIVES,FRIENDS,1,70.0,江西省,CONSUME,01,,23.169192,113.502182,ANDROID,,广东省广州市黄埔区萝岗街道,1
100000,,宿迁市,沭阳县修远中学,Z,90,XCX,4,24.6,F,汉,2099,2,01,FATHER,COLLEAGUE,2,96.66,江苏省,CONSUME,01,,34.27824159767418,118.67203761715285,ANDROID,,江苏省宿迁市沭阳县桑墟镇,0
100000,302,武汉市,海王（武汉）医药有限公司,M,11,APP,4,35.9,F,汉,4150,2,01,MOTHER,FRIENDS,2,70.0,湖北省,CONSUME,01,,30.575895,114.251472,ANDROID,,湖北省武汉市硚口区宝丰街道站邻街94-1号,0
100000,302,武汉市,海王（武汉）医药有限公司,M,11,APP,4,35.9,F,汉,4150,2,01,MOTHER,FRIENDS,2,70.0,湖北省,CONSUME,01,,30.575895,114.251472,ANDROID,,湖北省武汉市硚口区宝丰街道站邻街94-1号,0
100000,,宜宾市,兴文县古宋镇第一小学校,Z,90,XCX,4,28.7,F,汉,7013,4,01,FATHER,FRIENDS,1,70.0,四川省,CONSUME,01,,40.042967,116.409675,IOS,,北京市朝阳区来广营(地区)乡锦芳北街,0
100000,301,南京市,上海华燕房盟,K,17,APP,3,49.0,M,汉,135,3,01,FATHER,SIBLING,1,70.0,江苏省,CONSUME,01,,32.069107032760907,118.7516440141583,ANDROID,,江苏省南京市鼓楼区宁海路街道虎踞北路38号,0
100000,,沈阳市,大平煤矿,C,24,APP,2,32.1,M,蒙古,6809,4,,MATE,FATHER,1,76.373,辽宁省,CONSUME,01,,42.737981,123.330151,ANDROID,,辽宁省沈阳市康平县胜利街道北山路,0
100000,,宁波市,重庆华宇第一太平戴维斯物业服务集团有限公司余姚分公司,D,17,APP,3,29.1,F,汉,6459,3,01,MOTHER,SIBLING,2,70.0,浙江省,CONSUME,01,,30.026917477430858,121.13001492984172,ANDROID,,浙江省宁波市余姚市兰江街道开丰路324号,0
100000,403,凉山彝族自治州,会理市黑箐矿业有限责任公司,C,24,APP,3,44.1,M,汉,762,4,,MATE,SIBLING,1,70.0,四川省,CONSUME,01,,26.662069,102.247436,ANDROID,,四川省凉山彝族自治州会理市城关镇顺城东路527号,0
100000,102,武汉市,深圳市控汇智能股份有限公司武汉分公司,H,54,XCX,3,43.0,M,汉,4306,3,01,MATE,SIBLING,1,70.0,湖北省,CONSUME,01,,30.50633395680806,114.35045554601551,ANDROID,,湖北省武汉市洪山区珞南街道文荟街,1
100000,301,镇江市,镇江港务集团有限公司,F,17,APP,3,38.4,M,汉,4165,2,01,MATE,MOTHER,1,98.0,江苏省,CONSUME,01,,32.19214753611635,119.63908505154183,ANDROID,,江苏省镇江市京口区大港街道,0
100000,,泉州市,泉州狮兔商贸有限公司,H,54,XCX,4,23.5,M,汉,2283,2,01,MATE,FRIENDS,2,92.34158,福建省,CONSUME,01,,24.731999116175989,118.64862928640064,IOS,,福建省泉州市石狮市宝盖镇八七路605-607号,0
100000,103,衡阳市,湖南浩诚科技有限公司,G,13,XCX,2,45.2,M,汉,2935,3,01,OTHER,MOTHER,1,77.237724,湖南省,CONSUME,01,,26.917762677257554,112.59847964384614,ANDROID,,湖南省衡阳市石鼓区黄沙湾街道双桥北路,0
100000,103,凉山彝族自治州,徐永美个人工作室,Z,90,APP,4,31.7,F,汉,6456,4,01,MATE,SIBLING,1,70.0,四川省,CONSUME,01,,27.889825948357538,102.21966502980014,ANDROID,,四川省凉山彝族自治州西昌市小庙乡菜子山大道辅路,0
100000,102,宁波市,余姚松乐电器有限公司,C,24,XCX,2,37.0,M,汉,4353,4,01,FRIENDS,FRIENDS,1,70.0,浙江省,CONSUME,01,,30.041592141751508,121.146887454186441,ANDROID,,浙江省宁波市余姚市兰江街道世南西路128号,0
100000,,汕尾市,农商银行,Z,90,APP,4,39.8,M,汉,5045,3,01,MATE,MOTHER,1,70.0,广东省,CONSUME,01,,22.778713,115.375149,ANDROID,,广东省汕尾市城区香洲街道海滨大道中,0
100000,,郑州市,汪奕龙个人工作室,Z,90,APP,3,24.3,M,汉,1047,2,01,MOTHER,FRIENDS,2,70.0,河南省,CONSUME,01,,34.534073,113.375644,ANDROID,,河南省郑州市新密市青屏街街道文峰路84,0
100000,305,泉州市,顺美集团,H,54,APP,2,43.9,M,汉,1653,4,01,FATHER,MATE,1,70.0,福建省,CONSUME,01,,25.450511,118.294418,ANDROID,,福建省泉州市德化县三班镇泗滨桥,0
100000,103,阜阳市,澜色毛纱经营部,H,54,APP,2,42.8,M,汉,6775,4,01,FATHER,FRIENDS,1,70.0,安徽省,CONSUME,01,,32.0988007012975,117.11920572796839,ANDROID,,安徽省合肥市长丰县陶楼镇,0
100000,105,宜宾市,成都富全门业有限公司,Z,90,APP,4,35.9,M,汉,4668,3,01,MATE,RELATIVES,2,75.71407,四川省,CONSUME,01,,31.245219792067105,121.50637071308255,ANDROID,,上海市浦东新区陆家嘴街道即墨路,0
100000,103,石家庄市,中丘（北京）建康产业科技集团有限责任公司,Z,90,APP,3,33.5,M,汉,836,3,01,MOTHER,FRIENDS,2,88.956,河北省,CONSUME,01,,38.018911,114.477759,ANDROID,,河北省石家庄市桥西区南长街道南长街,0
100000,105,临沂市,临沂智同建筑装饰工程有限公司,E,24,XCX,2,34.2,M,汉,5690,4,01,MATE,SIBLING,1,70.0,山东省,CONSUME,01,,35.131926650426319,118.03905210178326,ANDROID,,山东省临沂市费县探沂镇,0
100000,102,成都市,文凯伦个人工作室,Z,90,APP,3,28.7,M,汉,850,2,01,FATHER,FRIENDS,2,70.0,四川省,CONSUME,01,,30.631857,103.691764,ANDROID,,四川省成都市崇州市崇阳街道东兴北街,0
100000,,青岛市,王艳个人工作室,Z,90,XCX,3,47.0,F,汉,2582,4,01,MOTHER,MATE,1,81.011,山东省,CONSUME,01,,36.071604,120.317877,ANDROID,,山东省青岛市市北区即墨路街道济宁路47号,0
100000,,济宁市,邹城市鑫瑀劳务有限公司,Z,90,XCX,2,40.1,M,汉,3953,4,01,FATHER,FRIENDS,1,70.0,山东省,CONSUME,01,,35.423766,116.986348,ANDROID,,山东省济宁市邹城市钢山街道义正路,0
100000,,济宁市,邹城市鑫瑀劳务有限公司,Z,90,XCX,2,40.1,M,汉,3953,4,01,FATHER,FRIENDS,1,70.0,山东省,CONSUME,01,,35.423766,116.986348,ANDROID,,山东省济宁市邹城市钢山街道义正路,0
100000,104,徐州市,彭城街道办事处,S,11,APP,3,35.5,F,汉,4079,4,01,SIBLING,FRIENDS,3,93.999,江苏省,CONSUME,01,,34.258838670620367,117.20575276807367,ANDROID,,江苏省徐州市云龙区子房街道津浦东路,0
100000,103,宁德市,凯丽涂料经营部有限公司,Z,90,APP,3,41.1,M,汉,4786,3,01,MATE,FRIENDS,1,70.0,福建省,CONSUME,01,,26.891229,120.02309,ANDROID,,福建省宁德市霞浦县松港街道牛濑路,0
100000,105,泰州市,澄江福地八佰伴,H,54,APP,2,35.3,F,汉,4156,2,01,SIBLING,MATE,1,88.185,江苏省,CONSUME,01,,31.891274249328455,120.30913022543305,ANDROID,,江苏省无锡市江阴市澄江街道S122辅路,1
100000,105,邵阳市,隆回县小拗村振兴农业发展有限公司,A,27,APP,3,36.3,M,汉,4404,4,01,MATE,FRIENDS,1,70.0,湖南省,CONSUME,01,,27.479301647981817,111.16211076076749,ANDROID,,湖南省邵阳市隆回县高平镇S240,0
100000,,嘉兴市,高祥个人工作室,Z,90,APP,2,39.1,M,汉,3949,3,01,FATHER,FRIENDS,1,88.978,浙江省,CONSUME,01,,30.727722,120.753058,ANDROID,,浙江省嘉兴市南湖区长水街道秦逸路,0
100000,105,齐齐哈尔市,齐齐哈尔市中医医院,Z,90,XCX,4,36.3,M,汉,7033,3,01,FATHER,MOTHER,3,70.0,黑龙江省,CONSUME,01,,47.34576280381945,123.961904296875,ANDROID,,黑龙江省齐齐哈尔市建华区中华街道军校街,0
100000,,泰州市,王剑个人工作室,Z,90,XCX,3,35.7,M,汉,5084,2,01,FATHER,FATHER,1,70.0,江苏省,CONSUME,01,,28.236438802083335,113.08150363498264,ANDROID,,湖南省长沙市长沙县星沙街道金茂路,0
100000,,绥化市,龙江驾校,P,13,XCX,3,42.3,M,汉,4606,2,,MATE,MOTHER,1,70.0,黑龙江省,CONSUME,01,,46.87492552930877,127.52367831660888,ANDROID,,黑龙江省绥化市庆安县柳河镇东商业街,0
100000,104,宁德市,厦门陨石科技股份有限公司,G,13,APP,4,37.5,M,汉,5409,4,01,MATE,SIBLING,1,90.414,福建省,CONSUME,01,,24.574962183784849,118.06929230609575,ANDROID,,福建省厦门市集美区杏林街道蕴珍桥,0
100000,302,武汉市,武汉元禾科技有限公司,Z,90,XCX,3,37.1,M,汉,6393,2,01,MOTHER,COLLEAGUE,1,89.609,湖北省,CONSUME,01,,30.540571017795138,114.26401584201389,ANDROID,,湖北省武汉市汉阳区鹦鹉街道鹦鹉小道52号,0
100000,103,深圳市,深圳市妇幼保健院,Q,11,APP,4,43.2,F,汉,3771,4,01,FATHER,SIBLING,3,70.0,广东省,CONSUME,01,,22.666283,114.329198,ANDROID,,广东省深圳市坪山区马峦街道业通一路,0
100000,,湘潭市,湘潭市林越厨具,C,24,APP,4,35.7,M,汉,5431,3,01,SIBLING,RELATIVES,1,70.0,湖南省,CONSUME,01,,27.870903,112.9228,ANDROID,,湖南省湘潭市雨湖区云塘街道熙春路58,0
100000,102,内江市,肖尔卓个人工作室,Z,90,XCX,4,27.2,F,汉,1036,2,01,FATHER,FRIENDS,2,96.583,四川省,CONSUME,01,,30.68455289835663,104.11247742283965,IOS,,四川省成都市成华区府青路街道双建路189-72号,0
100000,,宿迁市,汪亚洲个人工作室,Z,90,XCX,2,30.7,M,汉,6361,4,01,MATE,FRIENDS,2,70.0,江苏省,CONSUME,01,,34.22621193007723,118.74960683692275,ANDROID,,江苏省宿迁市沭阳县贤官镇,0
100000,,青岛市,佰键升音,Z,90,APP,3,23.8,F,汉,2389,2,01,COLLEAGUE,FRIENDS,2,89.055,山东省,CONSUME,01,,36.341101,120.231972,ANDROID,,山东省青岛市城阳区棘洪滩街道,0
100000,,苏州市,LYN烘培室,I,54,XCX,3,37.0,F,汉,5297,3,01,MOTHER,FRIENDS,2,70.0,江苏省,CONSUME,01,,31.322690242547798,120.68538172953453,ANDROID,,江苏省苏州市苏州工业园区金鸡湖街道,0
100000,,九江市,天佑广告,Z,90,XCX,4,32.6,F,汉,5423,2,01,FATHER,FRIENDS,1,92.93353,江西省,CONSUME,01,,29.4545391657173,116.05142593917256,ANDROID,,江西省九江市庐山市南康镇南康大道,0
100000,,陇南市,森美超市,H,54,XCX,3,41.2,M,汉,4325,2,01,MATE,SIBLING,2,70.0,甘肃省,CONSUME,01,,33.93983127170139,105.38013481987848,ANDROID,,甘肃省陇南市西和县十里镇,0
100000,,甘孜藏族自治州,综合行政执法局,Z,90,APP,3,31.1,M,藏,399,4,01,RELATIVES,RELATIVES,2,70.0,四川省,CONSUME,01,,3,98.57719,ANDROID,,"Simalungun, Sumatera Utara, Indonesia",0
100000,,朝阳市,深圳国电信息股份有限公司大连分公司,H,54,APP,4,44.5,F,汉,1391,2,01,MATE,RELATIVES,1,70.0,辽宁省,CONSUME,01,,39.051381022135416,121.800029296875,ANDROID,,辽宁省大连市金州区马桥子街道海中路,0
100000,,朝阳市,深圳国电信息股份有限公司大连分公司,H,54,XCX,4,44.5,F,汉,1391,2,01,MATE,RELATIVES,1,70.0,辽宁省,CONSUME,01,,39.051381022135416,121.800029296875,ANDROID,,辽宁省大连市金州区马桥子街道海中路,0
100000,102,成都市,食香味餐饮公司,H,54,XCX,3,39.7,M,汉,2576,2,01,MATE,COLLEAGUE,2,70.0,四川省,CONSUME,02,,30.399547911323706,103.75924628667662,ANDROID,,四川省成都市新津区安西镇成新蒲快速路,0
100000,103,长沙市,新晃侗族自治县运输公司,F,17,APP,3,40.0,F,汉,4786,4,01,PARENTS,FRIENDS,1,70.0,湖南省,CONSUME,01,,27.357578988070615,109.19017768825738,ANDROID,,湖南省怀化市新晃侗族自治县晃洲镇,0
100000,102,自贡市,大安医保,S,11,APP,3,31.5,M,汉,5971,4,01,SIBLING,FRIENDS,2,85.652,四川省,CONSUME,01,,29.29747225740815,104.79230388725947,ANDROID,,四川省自贡市沿滩区兴隆镇园富路,0
100000,,成都市,弹性工作者,Z,90,XCX,4,27.7,F,汉,1242,4,01,FATHER,FRIENDS,2,70.0,四川省,CONSUME,01,,30.676275454605784,104.05912599812264,IOS,,四川省成都市青羊区草市街街道王家塘街84号,0
100000,,抚州市,陈超个人工作室,Z,90,APP,4,25.8,M,汉,101,2,01,CHILDREN,FRIENDS,1,70.0,江西省,CONSUME,01,,27.42984,115.836693,ANDROID,,江西省抚州市乐安县鳌溪镇象山路,0
100000,103,枣庄市,私营企业,Z,90,APP,3,28.0,F,汉,436,3,01,MATE,FRIENDS,1,85.359,山东省,CONSUME,01,,35.10554044611602,117.16262440388489,ANDROID,,山东省枣庄市滕州市龙泉街道新华后街,1
100000,,菏泽市,段从云个人工作室,Z,90,APP,2,41.4,F,汉,3876,3,01,OTHER,OTHER,1,70.0,山东省,CONSUME,01,,34.795223,116.101539,ANDROID,,山东省菏泽市单县北城街道君子北路辅路,0
100000,103,北京市,江苏省软件产业股份有限公司,G,13,APP,4,41.5,M,汉,3703,3,01,OTHER,OTHER,1,90.707,北京市,CONSUME,01,,32.025475163798848,118.78684436377165,IOS,,江苏省南京市秦淮区夫子庙街道建康路142号,1
100000,,孟州市,马伟个人工作室,Z,90,XCX,2,39.5,M,汉,3129,4,01,OTHER,OTHER,1,70.0,河南省,CONSUME,01,,34.891346,112.695875,ANDROID,,河南省焦作市孟州市西虢镇联盟路,0
100000,102,安康市,张建国个人工作室,Z,90,XCX,2,44.8,M,汉,918,4,01,MATE,FATHER,1,70.0,陕西省,CONSUME,01,,32.82963970992162,108.66122965628817,ANDROID,,陕西省安康市汉阴县蒲溪镇,0
100000,102,宜春市,李榕个人工作室,Z,90,APP,4,26.1,F,汉,1177,4,01,MATE,FATHER,1,70.0,江西省,CONSUME,01,,27.937703318021947,112.9418584131913,ANDROID,,湖南省湘潭市雨湖区和平街道银盖路,0
100000,,宜昌市,元诚科技有限公司,G,13,XCX,2,29.7,M,汉,5966,4,01,PARENTS,FRIENDS,1,70.0,湖北省,CONSUME,01,,30.988683096868735,110.98161324452205,ANDROID,,湖北省宜昌市夷陵区邓村乡,0
100000,,保山地区,腾冲星罗清洁服务有限公司,Z,90,XCX,4,39.6,M,汉,4017,3,01,FRIENDS,FRIENDS,1,70.0,云南省,CONSUME,01,,25.034294,98.485394,ANDROID,,云南省保山市腾冲市腾越街道教场路,0
100000,105,南宁市,桐乡市濮院简若服装经营部,H,54,XCX,2,29.9,F,壮,454,3,01,MATE,MOTHER,1,89.26172,广西壮族自治区,CONSUME,01,,30.680243511328507,120.61497160958015,IOS,,浙江省嘉兴市桐乡市濮院镇广场路,1
100000,105,保定市,张迪个人工作室,Z,90,APP,4,37.3,M,汉,4268,3,01,SIBLING,FRIENDS,3,70.0,河北省,CONSUME,02,,39.563067,116.072253,ANDROID,,河北省保定市涿州市码头镇南北大街,0
100000,,池州市,海尔工贸,Z,90,APP,3,39.9,M,汉,2842,4,01,MATE,SIBLING,1,70.0,安徽省,CONSUME,01,,30.643979169884667,117.62569046082503,ANDROID,,安徽省池州市贵池区马衙街道G318(上聂线),0
100000,105,周口市,张冬冬个人工作室,Z,90,APP,2,36.8,M,汉,3715,4,,FATHER,COLLEAGUE,1,70.0,河南省,CONSUME,04,,46.7494183213482,124.92781553736394,ANDROID,,黑龙江省大庆市让胡路区庆新街道,0
100000,305,西安市,西安登科财务管理咨询有限公司,L,17,APP,3,39.9,F,汉,4732,2,01,FATHER,RELATIVES,3,77.29554,陕西省,CONSUME,01,,34.22838168325541,108.93437366671698,ANDROID,,陕西省西安市雁塔区小寨路街道朱雀大街469号,0
100000,102,上海市,上海桓标建筑工程有限公司,E,24,XCX,4,34.8,M,汉,4865,2,01,FATHER,SIBLING,1,70.0,上海市,CONSUME,01,,31.414376085069446,121.34407009548612,ANDROID,,上海市宝山区罗店镇罗溪路121号,0
100000,403,哈尔滨市,嘉兴干调,H,54,APP,4,29.2,M,汉,6483,4,01,MOTHER,MATE,1,90.857,黑龙江省,CONSUME,01,,47.87666067686092,125.33429181235694,ANDROID,,黑龙江省齐齐哈尔市依安县依安镇,0
100000,,连云港市,新诚护肤有限公司,Z,90,XCX,4,39.0,F,汉,5812,4,01,FATHER,SIBLING,3,77.448,江苏省,CONSUME,01,,29.851386026505304,121.57347649133533,ANDROID,,浙江省宁波市鄞州区东郊街道横石桥路,0
100000,103,益阳市,俊府制衣厂,C,24,APP,2,49.1,M,汉,2182,4,01,MATE,FATHER,1,91.165,湖南省,CONSUME,01,,23.036685754891864,113.15250976601745,ANDROID,,广东省佛山市南海区桂城街道桂平路2号人行天桥,0
100000,105,南阳市,孙劝艾美瘦身店,Z,90,XCX,2,43.9,F,汉,3726,4,01,RELATIVES,FRIENDS,1,70.0,河南省,CONSUME,01,,32.9794189453125,112.51464382595486,ANDROID,,河南省南阳市卧龙区卧龙岗街道工业南路1038号,0
100000,102,盐城市,火花思维计算机有限公司,G,13,XCX,4,28.1,F,汉,2713,4,01,FATHER,FRIENDS,2,86.051,江苏省,CONSUME,01,,31.127273360301598,121.27390043988766,IOS,,上海市松江区泗泾镇米易路,0
100000,305,安庆市,湖北爱好旅游有限责任公司,O,17,APP,4,29.2,M,汉,612,3,01,RELATIVES,FRIENDS,2,70.0,安徽省,CONSUME,01,,28.09398659180394,112.93206579513203,ANDROID,,湖南省长沙市天心区大托铺街道,0
100000,,合肥市,课后三点半,Z,90,XCX,3,29.8,M,汉,6699,2,01,FATHER,SIBLING,2,70.0,安徽省,CONSUME,01,,31.797441,117.249123,IOS,,安徽省合肥市包河区常青街道龙川路辅路,0
100000,105,菏泽市,曹县磐石街道乐提蛋糕店,H,54,APP,2,42.3,M,汉,4538,4,01,MATE,RELATIVES,1,95.386,山东省,CONSUME,01,,34.863102595476707,115.58669880512903,ANDROID,,山东省菏泽市曹县磐石街道武青路,0
100000,,廊坊市,廊坊市文明路利安修锁服务部,H,54,XCX,4,31.5,M,汉,680,4,01,PARENTS,COLLEAGUE,1,70.0,河北省,CONSUME,01,,39.549794982542586,116.701925491705310,ANDROID,,河北省廊坊市广阳区南尖塔镇北凤道200号,0
100000,,成都市,成都市双虎实业有限公司,Z,90,APP,4,30.3,M,汉,1159,2,01,FATHER,SIBLING,2,70.0,四川省,CONSUME,01,,30.961172,103.959679,ANDROID,,四川省成都市彭州市致和街道S105辅路,0
100000,,益阳市,国标电缆灯具,G,13,XCX,2,38.8,F,汉,3346,4,01,RELATIVES,FRIENDS,1,70.0,湖南省,CONSUME,01,,28.2728,112.23387,ANDROID,,湖南省益阳市桃江县灰山港镇,0
100000,105,平凉市,平凉市静宁县界石铺镇人民政府,S,11,APP,3,25.1,M,汉,1886,4,01,PARENTS,FRIENDS,2,70.0,甘肃省,CONSUME,01,,35.52307061919204,105.74749755280029,ANDROID,,甘肃省平凉市静宁县城关镇南环东路,0
100000,,哈尔滨市,上海臣成,Z,90,XCX,4,29.1,F,汉,433,4,01,PARENTS,RELATIVES,2,70.0,黑龙江省,CONSUME,01,,45.34040799589823,125.84357727174548,ANDROID,,黑龙江省哈尔滨市双城区韩甸镇,0
100000,,哈尔滨市,上海臣成,Z,90,XCX,4,29.1,F,汉,433,4,01,PARENTS,RELATIVES,2,70.0,黑龙江省,CONSUME,01,,45.34040799589823,125.84357727174548,ANDROID,,黑龙江省哈尔滨市双城区韩甸镇,0
100000,403,定西市,河南能源化工集团永煤公司城郊煤矿,C,24,XCX,3,38.6,M,汉,5595,2,01,MATE,COLLEAGUE,1,70.0,甘肃省,CONSUME,01,,33.925846,116.482683,ANDROID,,河南省商丘市永城市高庄镇,0
100000,105,绍兴市,绍兴柯桥恒元纺织有限公司,Z,90,APP,2,38.9,M,汉,6103,4,01,FATHER,FATHER,2,70.0,浙江省,CONSUME,01,,30.077367,120.425623,ANDROID,,浙江省绍兴市柯桥区湖塘街道永鉴线,0
100000,103,泉州市,厦门鑫宏发进出口有限公司,C,24,APP,2,49.7,M,汉,972,4,01,MATE,FRIENDS,1,81.321,福建省,CONSUME,01,,24.48360467510482,118.12323083856505,ANDROID,,福建省厦门市思明区嘉莲街道映碧北路,0
100000,102,徐州市,江苏富华有限工室,C,24,APP,2,31.4,M,汉,709,2,01,FATHER,FRIENDS,1,70.0,江苏省,CONSUME,01,,33.35092031112456,116.43449599226955,ANDROID,,安徽省亳州市蒙城县岳坊镇,0
100000,,宜春市,冠硕系统门窗,Z,90,APP,2,32.2,M,汉,770,3,01,SIBLING,FRIENDS,1,70.0,江西省,CONSUME,01,,28.963244,115.238995,ANDROID,,江西省宜春市靖安县高湖镇,0
100000,,榆林市,郝艳斌个人工作室,Z,90,XCX,2,35.2,M,汉,4362,2,01,MATE,FRIENDS,1,72.715,陕西省,CONSUME,01,,38.268013308552188,109.79804746602678,ANDROID,,陕西省榆林市榆阳区青云镇G210(头道坡大桥),0
100000,105,邯郸市,邯郸市丛台区开口笑香辣虾饭店,I,54,APP,2,39.1,M,汉,3800,2,01,MATE,MOTHER,1,70.0,河北省,CONSUME,01,,36.27965477980804,115.14182453210298,ANDROID,,河北省邯郸市大名县大名镇府西街,0
100000,,重庆市,苏家小院,Z,90,XCX,4,30.1,M,汉,990,4,01,PARENTS,FRIENDS,2,70.0,重庆市,CONSUME,01,,30.867256375472715,110.95191921880233,ANDROID,,湖北省宜昌市秭归县茅坪镇,1
100000,,娄底市,湖南正鹏电力科技有限公司,Z,90,APP,2,26.7,M,汉,1418,2,01,MOTHER,FATHER,2,91.738,湖南省,CONSUME,01,,28.297466164769403,113.00103596108005,ANDROID,,湖南省长沙市开福区捞刀河街道北二环,0
100000,102,天门市,峰尚视听（北京）会展服务有限公司,L,17,XCX,4,30.4,M,汉,6155,4,01,FATHER,COLLEAGUE,2,79.238,湖北省,CONSUME,01,,30.24441866953771,120.44802340030017,IOS,,浙江省杭州市萧山区靖江街道浙航路,0
100000,,仙桃市,妙妙服饰,H,54,XCX,3,36.7,M,汉,3792,4,01,SIBLING,COLLEAGUE,1,95.072,湖北省,CONSUME,01,,23.08829,113.312278,ANDROID,,广东省广州市海珠区江海街道敦丰路43号,0
100000,,湛江市,深圳市蛇口陈代理海鲜店,Z,90,APP,4,37.7,M,汉,3822,4,01,MATE,COLLEAGUE,1,70.0,广东省,CONSUME,01,,22.669074,114.001522,ANDROID,,广东省深圳市龙华区大浪街道延辉路,0
100000,102,徐州市,上海铁路局集团有限公司徐州北站,F,17,APP,3,48.0,M,汉,495,3,01,MATE,FRIENDS,1,85.685,江苏省,CONSUME,01,,34.288902002449628,117.19521085093544,ANDROID,,江苏省徐州市鼓楼区环城街道煤港路中段30号,0
100000,,南昌市,南昌百货大楼股份有限公司,Z,90,APP,4,47.2,M,汉,5791,3,01,PARENTS,COLLEAGUE,1,70.0,江西省,CONSUME,01,,28.679634950991664,115.90345276313968,ANDROID,,江西省南昌市东湖区大院街道庆丰路31号,0
100000,,苏州市,苏州博远化工有限公司,Z,90,APP,4,36.9,F,汉,4435,2,01,MOTHER,FRIENDS,1,86.421,江苏省,CONSUME,01,,31.5351,120.660196,ANDROID,,江苏省苏州市常熟市辛庄镇外塘路,0
100000,,遂宁市,没有公司,C,24,XCX,2,48.0,M,汉,811,2,01,MOTHER,FRIENDS,1,70.0,四川省,CONSUME,01,,34.310116474642168,108.99640468952674,ANDROID,,陕西省西安市未央区辛家庙街道北辰东路辅路,0
100000,,台州市,卢晓玲个人工作室,Z,90,XCX,2,44.4,F,汉,5292,4,01,MATE,CHILDREN,1,70.0,浙江省,CONSUME,01,,29.032521456226616,121.10972219127676,ANDROID,,浙江省台州市临海市河头镇,0
100000,,南平市,乐呵找房,H,54,XCX,3,36.9,F,汉,4138,3,,MATE,FRIENDS,1,70.0,福建省,CONSUME,01,,27.926165907118055,118.53498833550347,ANDROID,,福建省南平市浦城县河滨街道兴浦路210号,0
100000,,嘉兴市,嘉兴逸鹏化纤有限公司,Z,90,XCX,3,45.4,M,汉,5208,4,01,FATHER,FATHER,1,70.0,浙江省,CONSUME,01,,30.737696,120.65664,ANDROID,,浙江省嘉兴市秀洲区高照街道西港路,0
100000,103,吕梁市,孝义市林业局,Z,90,XCX,3,35.7,M,汉,6053,4,01,FRIENDS,FRIENDS,1,70.0,山西省,CONSUME,01,,37.157226,111.783801,ANDROID,,山西省吕梁市孝义市崇文街道迎宾路辅路,0
100000,,宿迁市,宿迁市湖滨新城房地产开发有限公司,K,17,APP,4,39.2,M,汉,3317,4,01,PARENTS,FRIENDS,1,70.0,江苏省,CONSUME,01,,33.953665,118.266498,ANDROID,,江苏省宿迁市宿城区古城街道微山湖路69号,0
100000,105,日照市,薛幸儒个人工作室,Z,90,XCX,3,35.2,M,汉,6469,4,01,MOTHER,COLLEAGUE,2,70.0,山东省,CONSUME,02,,35.98760439789268,120.29106422146879,ANDROID,,山东省青岛市黄岛区薛家岛街道,0
100000,105,鸡西市,大连龙图信息科技有限公司,G,13,APP,3,38.5,F,汉,2988,2,01,FATHER,FRIENDS,2,70.0,黑龙江省,CONSUME,01,,38.89288578418425,121.52569118097778,ANDROID,,辽宁省大连市甘井子区凌水街道燕南街,0
100000,,威海市,威海英圣照明工程有限公司,C,24,APP,3,46.0,M,汉,1434,4,01,FATHER,FRIENDS,1,70.0,山东省,CONSUME,01,,30.7138720703125,104.11591824001736,ANDROID,,四川省成都市成华区青龙街道荆竹东路,1
100000,,南昌市,南昌万达商业管理有限公司,Z,90,APP,2,35.8,M,汉,7112,4,01,MOTHER,FRIENDS,2,70.0,江西省,CONSUME,01,,28.644829,115.905773,ANDROID,,江西省南昌市青云谱区京山街道井冈山大道辅路,0
100000,,孝感市,武汉精武鸭脖,I,54,XCX,2,41.6,F,汉,4131,4,01,PARENTS,FRIENDS,1,70.0,湖北省,CONSUME,01,,31.020546660680745,113.84195165615175,ANDROID,,湖北省孝感市孝南区陡岗镇,0
100000,104,泉州市,大桔花店,H,54,XCX,4,32.6,F,汉,5228,4,01,FATHER,FRIENDS,1,70.0,福建省,CONSUME,01,,25.18600657484389,118.27091894840607,IOS,,福建省泉州市南安市诗山镇,0
100000,403,黔西南布依族苗族自治州,刘登琴个人工作室,Z,90,APP,4,35.7,F,苗,3907,4,01,COLLEAGUE,FRIENDS,1,70.0,贵州省,CONSUME,01,,29.306985995007098,120.22724981575969,ANDROID,,浙江省金华市东阳市江北街道湖莲西街,0
100000,103,济宁市,济宁三淼商贸有限公司,H,54,APP,2,47.5,M,汉,6390,2,01,MATE,SIBLING,1,90.443,山东省,CONSUME,01,,35.01333454680961,116.64818099864667,ANDROID,,山东省济宁市鱼台县王鲁镇西支河左路,0
100000,,苏州市,未知公司,Z,90,XCX,3,44.0,M,汉,1722,2,01,COLLEAGUE,FRIENDS,2,70.0,江苏省,CONSUME,01,,31.293592,120.559123,ANDROID,,江苏省苏州市虎丘区狮山街道喜年街,0
100000,105,泰州市,泰州书城,H,54,XCX,4,27.9,F,汉,963,3,,MOTHER,FRIENDS,2,70.0,江苏省,CONSUME,01,,32.476312434596568,119.9042575338508,ANDROID,,江苏省泰州市海陵区城中街道南园路,0
100000,,重庆市,巫山人民医院,Q,11,XCX,4,32.9,M,汉,5424,4,01,FATHER,COLLEAGUE,1,93.30573,重庆市,CONSUME,01,,31.102082776202449,109.91632810126343,IOS,,重庆市巫山县巫峡镇S103,0
100000,104,滁州市,叶佳饭店,I,54,XCX,2,48.8,M,汉,3030,3,01,MATE,MATE,2,70.0,安徽省,CONSUME,01,,32.82478895399306,118.84660834418403,ANDROID,,安徽省滁州市天长市大通镇开元大道,0
100000,,泉州市,欣飞达物流,Z,90,APP,3,26.2,M,汉,316,4,01,RELATIVES,COLLEAGUE,2,70.0,福建省,CONSUME,01,,25.08513450968319,118.24160282262436,ANDROID,,福建省泉州市南安市眉山乡,0
100000,105,邹城市,邹城市高级职业技术学校,P,13,APP,4,43.9,F,汉,3782,3,01,MATE,MOTHER,1,70.0,山东省,CONSUME,01,,35.416274,117.03228,ANDROID,,山东省济宁市邹城市钢山街道崇义路辅路,1
100000,,渭南市,爱佳健康管理有限公司,Q,11,APP,4,42.4,F,汉,3493,4,,SIBLING,FRIENDS,1,87.554,陕西省,CONSUME,01,,38.850425,117.473407,ANDROID,,天津市滨海新区古林街道天元路,0
100000,,成都市,新津县小汪烧烤店,I,54,XCX,3,32.0,M,汉,5585,4,01,MOTHER,SIBLING,1,70.0,四川省,CONSUME,02,,30.40694363064236,103.79992241753472,ANDROID,,四川省成都市新津区永商镇文昌路118-、120号,1
100000,105,十堰市,湖北省房县红塔镇谢家湾村7组020号,G,13,APP,4,25.6,M,汉,1164,4,01,FATHER,FRIENDS,2,91.878,湖北省,CONSUME,01,,29.82719249363521,121.5704902236076,ANDROID,,浙江省宁波市鄞州区中河街道福明南路,0
100000,102,淮南市,宁波市江东军虹商贸有限公司,H,54,APP,3,31.8,M,汉,5634,4,01,MATE,FATHER,1,70.0,安徽省,CONSUME,01,,29.759155,121.483492,ANDROID,,浙江省宁波市鄞州区姜山镇鄞城大道辅路,0
100000,,常德市,汉寿县酒鼎烟酒商行,H,54,XCX,3,39.2,M,汉,5154,2,01,MATE,FRIENDS,1,70.0,湖南省,CONSUME,01,,28.246108,112.931566,ANDROID,,湖南省长沙市岳麓区观沙岭街道郡辉路,0
100000,,红河哈尼族彝族自治州,红河林森盛润生物科技有限公司,Z,90,APP,2,43.3,M,汉,3955,2,01,MOTHER,COLLEAGUE,1,70.0,云南省,CONSUME,01,,28.111717122395834,113.02464274088541,ANDROID,,湖南省长沙市雨花区洞井街道湘华路,0
100000,,烟台市,舞蹈学院,P,13,XCX,4,31.6,F,汉,5389,3,01,MOTHER,FRIENDS,1,71.61195,山东省,CONSUME,01,,30.31834499335904,120.10386771237954,IOS,,浙江省杭州市拱墅区祥符街道花园岗街,0
100000,,红河哈尼族彝族自治州,红河林森盛润生物科技有限公司,Z,90,XCX,2,43.3,M,汉,3955,2,01,MOTHER,COLLEAGUE,1,70.0,云南省,CONSUME,01,,28.111717122395834,113.02464274088541,ANDROID,,湖南省长沙市雨花区洞井街道湘华路,0
100000,,岳阳市,李凯个人工作室,Z,90,APP,2,39.4,M,汉,4473,4,01,RELATIVES,RELATIVES,1,70.0,湖南省,CONSUME,01,,29.321666,113.308639,ANDROID,,湖南省岳阳市岳阳楼区西塘镇,0
100000,,呼伦贝尔市,杨秋佳个人工作室,H,54,XCX,3,42.4,F,汉,2294,2,01,FRIENDS,MOTHER,2,70.0,内蒙古自治区,CONSUME,01,,45.74188042534722,126.76562798394097,ANDROID,,黑龙江省哈尔滨市香坊区安乐街道香松路,0
100000,,淄博市,福德味食品有限公司,C,24,APP,3,35.8,M,汉,4464,4,01,MATE,FATHER,2,70.0,山东省,CONSUME,01,,36.744806,118.040094,ANDROID,,山东省淄博市张店区南定镇张南路,0
100000,,淄博市,福德味食品有限公司,C,24,APP,3,35.8,M,汉,4464,4,01,MATE,FATHER,2,70.0,山东省,CONSUME,01,,36.744806,118.040094,ANDROID,,山东省淄博市张店区南定镇张南路,0
100000,,岳阳市,建明油坊,H,54,XCX,2,39.7,F,汉,4515,4,01,MATE,RELATIVES,1,70.0,湖南省,CONSUME,01,,29.479907141132853,113.27840659691188,ANDROID,,湖南省岳阳市云溪区云溪街道陈家坡路,1
100000,,汕尾市,汕尾市信利电子厂,G,13,APP,2,45.7,M,汉,2161,2,01,MATE,FRIENDS,1,82.20323,广东省,CONSUME,01,,22.783195716350136,115.3511624504955,IOS,,广东省汕尾市城区香洲街道红海大道,0
100000,309,上海市,上海福鸣信息技术有限公司,G,13,APP,2,48.5,M,汉,6307,4,01,PARENTS,COLLEAGUE,1,70.0,上海市,CONSUME,01,,31.440481257766888,121.25587507422105,ANDROID,,上海市嘉定区徐行镇S321(宝钱公路),0
100000,,合肥市,孙倩倩个人工作室,Z,90,XCX,3,32.9,F,汉,5276,2,,MATE,MOTHER,1,72.99,安徽省,CONSUME,04,,31.785843641493056,117.21613850911459,ANDROID,,安徽省合肥市蜀山区莲花社区翠微路,0
100000,304,荆门市,厦门嵘诚贸易有限公司,C,24,XCX,3,29.1,F,汉,2044,4,01,FATHER,FRIENDS,2,95.072,湖北省,CONSUME,01,,24.502889582059216,118.15944330078179,IOS,,福建省厦门市湖里区金山街道仙岳路辅路,0
100000,103,汕头市,广东普宁嘉桦大酒店,L,17,APP,2,48.8,M,汉,1980,4,01,MATE,OTHER,1,89.364,广东省,CONSUME,01,,23.29230030265722,116.17613466579185,ANDROID,,广东省揭阳市普宁市流沙南街道文竹路,0
100000,103,韶关市,安徽众邦生物工程有限公司,M,11,XCX,4,44.3,M,汉,6596,4,01,MATE,FRIENDS,1,70.0,广东省,CONSUME,01,,28.248802276260589,113.11127520344042,ANDROID,,湖南省长沙市长沙县星沙街道开元路349,0
100000,,赣州市,赣州市精于诚汽车贸易有限公司,Z,90,XCX,2,29.7,M,汉,234,4,01,FATHER,RELATIVES,1,88.911,江西省,CONSUME,01,,25.83729275173611,114.92969482421876,ANDROID,,江西省赣州市章贡区章江街道长征大道6-2,0
100000,,阜阳市,吕海峰个人工作室,Z,90,APP,3,36.0,M,汉,4254,2,01,COLLEAGUE,SIBLING,2,88.712,安徽省,CONSUME,01,,33.262314,115.366596,ANDROID,,安徽省阜阳市界首市东城街道中原路101号,0
100000,103,徐州市,新沂市邵记单饼店,Z,90,APP,2,41.4,M,汉,2249,4,01,FATHER,MATE,1,70.0,江苏省,CONSUME,01,,34.359626,118.337775,ANDROID,,江苏省徐州市新沂市新安街道G205(旧)辅路,0
100000,102,临夏回族自治州,灵活用工人士,C,24,APP,4,26.9,M,汉,1779,4,01,RELATIVES,FRIENDS,2,70.0,甘肃省,CONSUME,01,,35.61322764642173,103.24037404331571,ANDROID,,甘肃省临夏回族自治州临夏市折桥镇李孟路,0
100000,,汕头市,侨兴制衣有限公司,C,24,XCX,2,33.2,M,汉,4758,4,01,MATE,FRIENDS,1,70.0,广东省,CONSUME,01,,23.186599934895835,116.41795247395834,ANDROID,,广东省汕头市潮南区两英镇,0
100000,,东营市,广饶街道,Z,90,APP,4,49.5,F,汉,1321,4,01,MATE,CHILDREN,1,70.0,山东省,CONSUME,01,,37.043397,118.401,ANDROID,,山东省东营市广饶县乐安街道兵圣路63号,0
100000,307,恵州市,惠州鼎智通讯有限公司,G,13,APP,2,39.5,F,汉,5741,4,01,PARENTS,MATE,1,70.0,广东省,CONSUME,01,,23.04246161209976,114.3688026880911,ANDROID,,广东省惠州市惠城区惠环街道S6(广龙高速),0
100000,403,池州市,池州市新隆道路救援有限公司,F,17,APP,2,32.2,M,汉,1317,4,01,RELATIVES,FRIENDS,1,70.0,安徽省,CONSUME,02,,30.626381,117.525654,ANDROID,,安徽省池州市贵池区里山街道陵阳大道,0
100000,,宜宾市,兴文县古宋镇第一小学校,Z,90,XCX,4,28.7,F,汉,7013,4,01,FATHER,FRIENDS,1,70.0,四川省,CONSUME,01,,40.042967,116.409675,IOS,,北京市朝阳区来广营(地区)乡锦芳北街,0
100000,105,开封市,河南青和实业有限公司,C,24,APP,3,36.0,F,汉,4024,2,01,PARENTS,SIBLING,1,91.104,河南省,CONSUME,01,,34.47934996437471,114.52878917965022,ANDROID,,河南省开封市通许县长智镇,1
100000,,甘南藏族自治州,秦斯毅个人工作室,Z,90,APP,4,35.8,M,藏,4130,2,01,MATE,FRIENDS,1,70.0,甘肃省,CONSUME,01,,36.068963,103.87005,ANDROID,,甘肃省兰州市城关区雁北街道雁西路1119号,0
100000,403,佳木斯市,紫园饼中王,H,54,XCX,2,38.2,F,汉,5976,4,01,MOTHER,FRIENDS,3,70.0,黑龙江省,CONSUME,01,,47.26059774245939,132.0484363421152,ANDROID,,黑龙江省佳木斯市富锦市富锦镇进思大街,0
100000,103,楚雄彝族自治州,余国建个人工作室,Z,90,APP,2,37.6,M,汉,3396,3,,MATE,FATHER,1,70.0,云南省,CONSUME,01,,25.203021,101.276719,ANDROID,,云南省楚雄彝族自治州南华县龙川镇龙屯路,0
100000,105,南平市,邻家便利超市,H,54,XCX,4,39.8,F,汉,4130,3,01,MATE,COLLEAGUE,1,70.0,福建省,CONSUME,01,,27.030589069155029,118.34591265294729,ANDROID,,福建省南平市建瓯市通济街道,1
100000,303,巴中市,巴中科建检测有限公司,L,17,APP,3,32.1,M,汉,5535,4,01,PARENTS,SIBLING,2,89.217,四川省,CONSUME,01,,31.84997916064178,106.76576401447533,ANDROID,,四川省巴中市巴州区东城街道新市街252,0
100000,105,湘潭市,韶山市韶山旅行社,O,17,APP,3,37.2,M,汉,3697,3,01,RELATIVES,RELATIVES,1,70.0,湖南省,CONSUME,01,,27.91992510753703,112.54428716309691,ANDROID,,湖南省湘潭市韶山市清溪镇G354(外环公路),0
100000,,齐齐哈尔市,妈妈驿站,I,54,XCX,3,26.4,M,汉,1501,2,01,FATHER,FRIENDS,2,92.14638,黑龙江省,CONSUME,01,,45.74002013378604,126.63335696594858,IOS,,黑龙江省哈尔滨市南岗区文化街道文道街19号,0
100000,105,淮南市,v8服饰,H,54,XCX,3,37.1,F,汉,4044,2,,OTHER,OTHER,2,70.0,安徽省,CONSUME,01,,32.651573,117.020195,IOS,,安徽省淮南市田家庵区新淮街道国庆中路98号,0
100000,104,上海市,上海靓色图文设计有限公司,Z,90,APP,3,37.4,M,汉,3330,2,01,COLLEAGUE,FRIENDS,2,70.0,上海市,CONSUME,01,,31.143588646927925,121.53821552745529,ANDROID,,上海市浦东新区三林镇S20(环南一大道),0
100000,,德阳市,天基权易康之家,Z,90,XCX,3,36.1,F,汉,5311,4,01,FRIENDS,COLLEAGUE,1,70.0,四川省,CONSUME,01,,30.414118582257666,103.82471690867291,ANDROID,,四川省成都市新津区五津街道武阳东路301,0
100000,,无锡市,瀚宇博德科技江阴有限公司,Z,90,APP,4,37.0,F,汉,5172,2,01,MOTHER,SIBLING,1,70.0,江苏省,CONSUME,01,,31.893629,120.142623,ANDROID,,江苏省无锡市江阴市申港街道崇文路,0
100000,103,晋城市,兰花房地产,K,17,XCX,4,36.0,M,汉,4376,2,01,FATHER,FRIENDS,1,88.732,山西省,CONSUME,01,,35.49502991215181,112.89124678116449,IOS,,山西省晋城市泽州县金村镇金凤路,0
100000,103,石家庄市,浙江宝业建设集团有限公司,E,24,APP,3,33.5,M,汉,4656,3,01,PARENTS,FRIENDS,2,70.0,河北省,CONSUME,01,,38.02602006798834,114.49032116203611,ANDROID,,河北省石家庄市桥西区彭后街道元北路58号,0
100000,104,重庆市,西安科律无界科技有限公司,G,13,APP,4,35.9,M,汉,5672,3,01,COLLEAGUE,OTHER,2,70.0,重庆市,CONSUME,01,,34.29400176101886,108.95885949703195,IOS,,陕西省西安市新城区太华路街道公园西街,0
100000,,钦州市,东莞市铭兴服装辅料有限公司,Z,90,XCX,2,40.4,M,汉,4366,4,01,SIBLING,MATE,1,70.0,广西壮族自治区,CONSUME,01,,22.830828,113.662564,ANDROID,,广东省东莞市虎门镇虎门博头路,0
100000,103,连云港市,连云港昌茂电子商务有限公司,G,13,APP,2,34.5,M,汉,5935,4,01,MATE,FRIENDS,1,86.406,江苏省,CONSUME,01,,32.103027679765869,121.60828787847503,ANDROID,,江苏省南通市启东市吕四港镇,0
100000,,钦州市,东莞市铭兴服装辅料有限公司,Z,90,XCX,2,40.4,M,汉,4366,4,01,SIBLING,MATE,1,70.0,广西壮族自治区,CONSUME,01,,22.830828,113.662564,ANDROID,,广东省东莞市虎门镇虎门博头路,0
100000,,西安市,陕西省永光电缆有限公司,G,13,APP,2,36.2,M,汉,4312,4,01,MATE,FRIENDS,1,70.0,陕西省,CONSUME,01,,34.292891,108.939632,ANDROID,,陕西省西安市莲湖区北关街道永和路,0
100000,,凉山彝族自治州,王美梅个人工作室,Z,90,APP,2,41.3,F,汉,2626,4,01,RELATIVES,RELATIVES,1,70.0,四川省,CONSUME,01,,26.446586100260415,102.34353461371528,ANDROID,,四川省凉山彝族自治州会理市爱民乡G245,0
100000,,延安市,河北省歌舞剧院演艺有限公司,Z,90,XCX,3,25.9,M,汉,758,4,01,OTHER,OTHER,2,70.0,陕西省,CONSUME,01,,36.595510,109.479235,ANDROID,,陕西省延安市宝塔区凤凰山街道百悦巷,0
100000,102,潍坊市,潍坊励进塑料科技有限公司,C,24,APP,2,43.8,M,汉,4243,4,01,MATE,FRIENDS,1,86.203,山东省,CONSUME,02,,36.69843616531455,118.86657028487626,ANDROID,,山东省潍坊市昌乐县宝都街道十里街,0
100000,105,邵阳市,隆回县小拗村振兴农业发展有限公司,A,27,APP,3,36.3,M,汉,4404,4,01,MATE,FRIENDS,1,70.0,湖南省,CONSUME,01,,27.479301647981817,111.16211076076749,ANDROID,,湖南省邵阳市隆回县高平镇S240,0
100000,305,临沂市,临沂市绿山坡建筑劳务分包有限公司,E,24,APP,2,49.5,M,汉,4054,2,01,MATE,FRIENDS,1,90.615,山东省,CONSUME,01,,30.961646862465789,114.36268972885752,ANDROID,,湖北省武汉市黄陂区罗汉寺街道李蔡线,0
100000,,肇庆市,植少华个人工作室,Z,90,XCX,2,26.3,F,汉,2030,2,01,MOTHER,SIBLING,2,70.0,广东省,CONSUME,01,,23.010328162896447,113.12167961385865,ANDROID,,广东省佛山市禅城区石湾镇街道金华北街,0
100000,,盐城市,滨海县宇馨希芸化妆品店个体工商户,Z,90,XCX,2,43.6,F,汉,4137,3,01,FATHER,FATHER,1,70.0,江苏省,CONSUME,01,,33.76383590698242,120.31079864501953,ANDROID,,江苏省盐城市射阳县合德镇射阳港连接线,0
100000,,庐山市,中快餐饮,Z,90,XCX,2,32.2,M,汉,5259,4,01,PARENTS,FRIENDS,1,70.0,江西省,CONSUME,01,,31.276477420529344,120.59195714802186,ANDROID,,江苏省苏州市姑苏区吴门桥街道友新立交,0
100000,,岳阳市,陈为华个人工作室,Z,90,XCX,3,49.3,M,汉,271,2,01,FATHER,FATHER,2,70.0,湖南省,CONSUME,01,,22.687478,114.169115,ANDROID,,广东省东莞市凤岗镇镇田南路九巷,0
100000,301,重庆市,浙江明讯网络科技有限公司,G,13,XCX,4,34.1,M,汉,6935,2,01,FATHER,RELATIVES,1,84.908,重庆市,CONSUME,01,,29.338929006207075,113.1619590917126,ANDROID,,湖南省岳阳市岳阳楼区康王乡奇康路,0
100000,105,沈阳市,杨维德个人工作室,Z,90,APP,4,30.9,M,汉,5796,4,01,MATE,FATHER,1,70.0,辽宁省,CONSUME,01,,24.824060621438194,118.60036242804309,ANDROID,,福建省泉州市晋江市陈埭镇求聪路,0
100000,,焦作市,河南省焦作市武陟县小东乡高村星亮点食品有限公司,C,24,XCX,2,46.6,F,汉,371,4,01,MOTHER,FRIENDS,1,70.0,河南省,CONSUME,01,,35.078273383246525,113.23197157118055,ANDROID,,河南省焦作市武陟县小董乡X015,0
100000,102,石家庄市,石家庄柏坡正元化肥有限公司,C,24,XCX,2,45.0,M,汉,929,4,01,COLLEAGUE,COLLEAGUE,1,70.0,河北省,CONSUME,01,,38.251249,114.091392,ANDROID,,河北省石家庄市平山县东回舍镇旧大街,0
100000,102,咸宁市,湖北华彬食品工业园,C,24,APP,3,23.2,F,汉,2425,4,01,FATHER,RELATIVES,2,89.41,湖北省,CONSUME,01,,29.88065365706723,114.277018486553,ANDROID,,湖北省咸宁市咸安区永安街道鱼水路213,0
100000,,重庆市,志鑫五金维修店,O,17,APP,2,42.1,F,汉,3540,3,01,FRIENDS,FRIENDS,2,70.0,重庆市,CONSUME,01,,22.753567,112.947648,ANDROID,,广东省江门市鹤山市沙坪街道鹤山大道辅路,0
100000,102,盐城市,自然资源和规划局盐都分局,Z,90,XCX,3,34.0,M,汉,5539,4,,MATE,FATHER,1,79.633,江苏省,CONSUME,01,,33.33252061631944,120.08542290581597,ANDROID,,江苏省盐城市盐都区盐龙街道黎明路,0
100000,103,驻马店市,郑州荣盛塑料制品有限公司,C,24,APP,3,30.2,M,汉,5938,4,01,PARENTS,MOTHER,2,91.421,河南省,CONSUME,01,,34.751817849603778,113.46952040955327,ANDROID,,河南省郑州市荥阳市豫龙街道中原西路辅路,0
100000,,青岛市,青岛科威国际不动产,C,24,XCX,3,31.6,M,汉,5314,2,01,MATE,COLLEAGUE,1,70.0,山东省,CONSUME,01,,36.29617751019385,120.42712293779066,IOS,,山东省青岛市城阳区城阳街道城阳南枢纽立交,0
100000,,济宁市,张新苓个人工作室,Z,90,XCX,2,35.7,M,汉,6160,4,01,MATE,FRIENDS,1,70.0,山东省,CONSUME,01,,35.65857703251447,116.75174070813911,ANDROID,,山东省济宁市兖州区漕河镇,0
100000,102,白城市,国家能源集团物资有限公司,D,17,XCX,4,42.5,F,汉,4354,2,01,MATE,SIBLING,1,98.0,吉林省,CONSUME,01,,39.895852710477338,116.32266834325049,IOS,,北京市西城区广安门外街道莲花池东路17号,0
100000,,长治市,好吃佬手抓牛骨头,I,54,XCX,4,32.7,F,汉,5319,3,01,MOTHER,FRIENDS,1,70.0,山西省,CONSUME,01,,36.20008359577083,113.10398855936345,ANDROID,,山西省长治市潞州区常青街道紫金西街,0
100000,103,商丘市,徐帅个人工作室,E,24,XCX,3,39.7,M,汉,4037,4,01,FATHER,FATHER,1,70.0,河南省,CONSUME,02,,29.235884,119.963455,ANDROID,,浙江省金华市义乌市义亭镇国贸大道辅路,0
100000,102,重庆市,河石井电子厂,G,13,APP,2,34.4,M,汉,5992,2,01,RELATIVES,FRIENDS,2,70.0,重庆市,CONSUME,01,,19.96293966637351,110.35106597602443,ANDROID,,海南省海口市琼山区凤翔街道团结路,0
100000,105,新余市,春之元硅藻泥,Z,90,APP,2,36.2,M,汉,6809,3,01,FRIENDS,FRIENDS,1,87.539,江西省,CONSUME,01,,27.83525181148433,114.96347958473095,ANDROID,,江西省新余市渝水区水西镇姚家边路,0
100000,,阜新市,阜新市细河区开拓社区,S,11,APP,4,33.2,F,汉,5745,4,01,MATE,FRIENDS,1,70.0,辽宁省,CONSUME,01,,42.02610677083333,121.67711046006944,ANDROID,,辽宁省阜新市细河区玉丰街道中华路15-7-6门,0
100000,102,梧州市,恩尼特克有限公司,Z,90,APP,2,36.8,M,汉,5633,4,01,FATHER,RELATIVES,1,90.768,广西壮族自治区,CONSUME,01,,22.767608472598579,114.31882517163848,ANDROID,,广东省深圳市龙岗区坪地街道四方埔街12,0
100000,102,益阳市,岁岁乐文化传媒有限公司,R,17,APP,4,31.4,F,汉,6428,4,01,MATE,RELATIVES,1,88.546,湖南省,CONSUME,01,,31.16193197610689,112.64245313011351,IOS,,湖北省荆门市钟祥市九里乡九五路,0
100000,102,宁波市,子轩培训,P,13,APP,4,38.8,F,汉,2788,4,01,PARENTS,FRIENDS,1,70.0,浙江省,CONSUME,01,,30.222501658659458,121.27012560513077,ANDROID,,浙江省宁波市慈溪市坎墩街道坎墩街,0
100000,104,杭州市,祖玛琴行,R,17,XCX,3,38.0,F,汉,3488,4,01,RELATIVES,FRIENDS,2,70.0,浙江省,CONSUME,01,,30.232618187567878,120.20428990179939,IOS,,浙江省杭州市上城区望江街道之江路,0
100000,104,迪庆藏族自治州,香格里拉市康泰养殖公司,C,24,XCX,4,39.7,M,纳西,4246,2,01,FRIENDS,FRIENDS,1,70.0,云南省,CONSUME,01,,27.836938144588076,99.72957482241304,ANDROID,,云南省迪庆藏族自治州香格里拉市建塘镇奔巴西路,0
100000,,东莞市,广东裕光进出口贸易有限公司,C,24,XCX,3,41.2,F,汉,3113,2,01,MATE,RELATIVES,1,70.0,广东省,CONSUME,01,,23.05943386501736,113.76628851996527,ANDROID,,广东省东莞市东城街道石柱路82号,0
100000,,开平市,乔声电子有限公司,Z,90,XCX,2,35.2,F,汉,3997,2,01,PARENTS,SIBLING,1,70.0,广东省,CONSUME,01,,22.541919425017995,114.12655620659609,ANDROID,,广东省深圳市罗湖区南湖街道沿河南路,0
100000,103,济宁市,神达集团卓达煤业,Z,90,APP,3,35.1,M,汉,5600,2,01,MATE,FRIENDS,1,86.283,山东省,CONSUME,01,,35.4226645129078,116.40662438331653,ANDROID,,山东省济宁市嘉祥县疃里镇嘉兴路,0
100000,305,庆阳市,上海五零盛同信息科技有限公司,G,13,APP,4,39.6,M,汉,3978,4,01,OTHER,OTHER,1,76.209946,甘肃省,CONSUME,01,,34.32631770838297,108.83665895559861,ANDROID,,陕西省西安市未央区建章路街道建章路,0
100000,104,咸宁市,启新文化集团,H,54,XCX,4,29.8,F,汉,569,3,01,FRIENDS,FRIENDS,2,70.0,湖北省,CONSUME,01,,23.166474373032736,113.28780046545526,ANDROID,,广东省广州市白云区同和街道五眼桥,0
100000,,济宁市,济宁昊米商贸有限公司,Z,90,XCX,3,24.6,M,汉,2292,2,01,MATE,MOTHER,1,70.0,山东省,CONSUME,01,,35.45831764671784,116.69236617953755,ANDROID,,山东省济宁市兖州区黄屯街道,0
100000,102,铜陵市,蔻诗曼嘉化妆品,C,24,APP,2,33.2,F,汉,4825,2,01,MOTHER,MATE,1,70.0,安徽省,CONSUME,02,,30.734926,120.96592,ANDROID,,浙江省嘉兴市南湖区新丰镇,0
100000,,青岛市,青岛海铁港通国际物流有限公司,F,17,APP,2,35.3,M,汉,5857,3,01,MATE,FRIENDS,1,70.0,山东省,CONSUME,01,,36.040947265625,120.16935736762153,ANDROID,,山东省青岛市黄岛区黄岛街道淮河东路308号,0
100000,403,晋城市,陵川县程国华烟酒副食店,H,54,APP,2,46.2,M,汉,327,2,01,RELATIVES,FRIENDS,1,70.0,山西省,CONSUME,01,,35.72297410385759,113.2248352223506,ANDROID,,山西省晋城市陵川县崇文镇,0
100000,,镇江市,云阳药业股份有限公司,M,11,APP,3,42.3,F,汉,3639,2,01,FATHER,FRIENDS,1,70.0,江苏省,CONSUME,01,,31.98619707684192,119.58814951861069,ANDROID,,江苏省镇江市丹阳市云阳街道,0
100000,,西安市,许升波个人工作室,E,24,APP,2,38.8,M,汉,5745,3,01,FATHER,FATHER,1,70.0,陕西省,CONSUME,01,,34.29897,108.492299,ANDROID,,陕西省咸阳市兴平市东城街道东环路,0
100000,403,曲靖市,云南奥森特科技有限公司,G,13,APP,3,22.8,M,汉,2058,2,01,MATE,FATHER,2,94.655,云南省,CONSUME,01,,24.923707,102.966387,ANDROID,,云南省昆明市呈贡区七甸街道X013,0
100000,105,台州市,上海欧曼莱顿商务宾馆有限公司,H,54,APP,2,43.3,M,汉,3204,4,01,MATE,FATHER,1,70.0,浙江省,CONSUME,01,,31.253243495114526,121.49811330845269,ANDROID,,上海市虹口区北外滩街道高阳路168号-2号-1楼-a室,0
100000,105,永州市,广州罗阳商贸有限公司,H,54,APP,3,31.7,M,汉,5670,3,01,FATHER,FRIENDS,2,70.0,湖南省,CONSUME,01,,22.5587176212346,113.59882142768945,ANDROID,,广东省中山市南朗街道中准道,0
100000,,连云港市,新诚护肤有限公司,Z,90,XCX,4,39.0,F,汉,5812,4,01,FATHER,SIBLING,3,77.448,江苏省,CONSUME,01,,29.851386026505304,121.57347649133533,ANDROID,,浙江省宁波市鄞州区东郊街道横石桥路,0
100000,403,曲靖市,云南奥森特科技有限公司,G,13,APP,3,22.8,M,汉,2058,2,01,MATE,FATHER,2,94.655,云南省,CONSUME,01,,24.923707,102.966387,ANDROID,,云南省昆明市呈贡区七甸街道X013,0
100000,102,上海市,上海桓标建筑工程有限公司,E,24,XCX,4,34.8,M,汉,4865,2,01,FATHER,SIBLING,1,70.0,上海市,CONSUME,01,,31.414376085069446,121.34407009548612,ANDROID,,上海市宝山区罗店镇罗溪路121号,0
100000,105,武汉市,武汉市洪山区花城家园,H,54,XCX,2,38.1,F,汉,3625,2,01,MATE,FRIENDS,1,70.0,湖北省,CONSUME,01,,30.526057712257538,114.53578737264678,ANDROID,,湖北省武汉市江夏区豹澥街道,1
100000,105,宁德市,麦之语烘焙,H,54,APP,2,38.6,M,汉,4044,2,01,SIBLING,FRIENDS,2,70.0,福建省,CONSUME,01,,26.75643184830114,119.75514386502934,ANDROID,,福建省宁德市福安市湾坞镇,0
100000,105,潍坊市,上海飞和汽车销售有限公司,H,54,XCX,3,34.1,M,汉,4475,3,01,OTHER,OTHER,1,87.509,山东省,CONSUME,01,,37.1268348043603,118.82942847767649,ANDROID,,山东省潍坊市寿光市羊口镇,0
100000,,六安市,纪春燕个人工作室,Z,90,XCX,3,48.7,F,汉,2126,4,01,RELATIVES,RELATIVES,1,70.0,安徽省,CONSUME,01,,3,119.994637,ANDROID,,[],0
100000,105,洛阳市,骅士二手车交易市场,H,54,APP,2,40.1,M,汉,6266,4,01,FRIENDS,MATE,1,98.1644,河南省,CONSUME,01,,34.658521870770737,112.52440169199335,ANDROID,,河南省洛阳市洛龙区李楼街道文明街,1
100000,,北京市,北京泽语通诚科技发展有限公司,Z,90,APP,4,36.8,F,汉,3528,2,01,MATE,FRIENDS,1,70.0,北京市,CONSUME,01,,39.873878,116.419849,ANDROID,,北京市东城区体育馆路街道东四块玉南街,0
100000,,抚顺市,桓仁金山热电有限公司,D,17,XCX,4,26.7,M,满,1387,3,01,FATHER,SIBLING,2,70.0,辽宁省,CONSUME,01,,39.9648,121.863241,ANDROID,,辽宁省大连市瓦房店市永宁镇,0
100000,,北京市,北京泽语通诚科技发展有限公司,Z,90,APP,4,36.8,F,汉,3528,2,01,MATE,FRIENDS,1,70.0,北京市,CONSUME,01,,39.873878,116.419849,ANDROID,,北京市东城区体育馆路街道东四块玉南街,0
100000,105,天水市,水电三区工程部,D,17,APP,2,39.8,M,汉,6679,4,01,MATE,FATHER,1,70.0,甘肃省,CONSUME,01,,999.0,999.0,ANDROID,,[],0
100000,,阳江市,拼多多肇庆仓库,C,24,APP,2,35.3,M,汉,5112,2,01,RELATIVES,FRIENDS,1,70.0,广东省,CONSUME,02,,23.263976,112.828039,ANDROID,,广东省肇庆市四会市东城街道,0
100000,102,漳州市,汕头市金平区童安娜服装厂,C,24,APP,3,35.5,F,汉,3944,4,01,PARENTS,MATE,1,70.0,福建省,CONSUME,01,,23.387736947746899,116.70770139810115,ANDROID,,广东省汕头市金平区金东街道金墩路,0
100000,102,潍坊市,中国移动通信集团终端有限公司,G,13,APP,4,41.0,M,汉,4290,4,01,PARENTS,COLLEAGUE,1,70.0,山东省,CONSUME,01,,36.6862052082862,119.18511397619257,ANDROID,,山东省潍坊市奎文区清池街道杏林街,0
100000,102,韶关市,志城冠军工业园,C,24,APP,4,40.9,M,汉,3494,4,01,MATE,MOTHER,1,70.0,广东省,CONSUME,01,,24.973570069318475,113.83115077533175,ANDROID,,广东省韶关市仁化县周田镇G6011(韶赣高速),0
100000,,枣庄市,滕州市第三建筑安装工程公司,E,24,APP,3,30.2,F,汉,7163,4,01,MATE,SIBLING,1,88.76,山东省,CONSUME,01,,34.92452338324653,117.32290445963541,ANDROID,,山东省枣庄市滕州市羊庄镇,0
100000,309,深圳市,洪涛建设厦门有限公司,E,24,APP,4,39.9,M,汉,4580,4,01,MATE,COLLEAGUE,2,83.558914,广东省,CONSUME,01,,18.326087083629117,109.50979967178279,ANDROID,,海南省三亚市吉阳区G98(海南环岛高速),0
100000,103,绍兴市,诚工坊袜业,H,54,APP,2,36.2,F,汉,4963,2,01,MATE,FRIENDS,1,70.0,浙江省,CONSUME,01,,29.708172106010239,120.18537108186679,ANDROID,,浙江省绍兴市诸暨市陶朱街道,0
100000,,榆林市,郝艳斌个人工作室,Z,90,XCX,2,35.2,M,汉,4362,2,01,MATE,FRIENDS,1,72.715,陕西省,CONSUME,01,,38.268013308552188,109.79804746602678,ANDROID,,陕西省榆林市榆阳区青云镇G210(头道坡大桥),0
100000,,常德市,长沙红星德思勤亚朵酒店,I,54,XCX,4,26.3,F,汉,1627,3,01,MOTHER,RELATIVES,2,70.0,湖南省,CONSUME,01,,28.206812065972223,113.03466606987847,ANDROID,,湖南省长沙市芙蓉区马王堆街道古汉路,0
100000,,新沂市,江苏省新沂市永诚化工有限公司,C,24,XCX,3,44.0,M,汉,2982,4,01,MATE,COLLEAGUE,1,70.0,江苏省,CONSUME,01,,33.960526,118.195398,ANDROID,,江苏省宿迁市宿城区蔡集镇宿黄线,0
100000,105,唐山市,张舒强个人工作室,Z,90,APP,4,36.0,M,汉,5955,2,01,MOTHER,FATHER,2,70.0,河北省,CONSUME,02,,39.57529068862,116.661354062184,ANDROID,,河北省廊坊市广阳区南尖塔镇北环道,0
100000,,应城市,武汉杰尚办公,H,54,APP,4,36.6,M,汉,3868,3,01,PARENTS,FRIENDS,2,70.0,湖北省,CONSUME,01,,30.523271632798808,114.21983672849074,ANDROID,,湖北省武汉市汉阳区江堤街道梅林二街,0
100000,103,云浮市,粤食越有味餐饮有限公司,I,54,APP,2,47.5,M,汉,3505,3,01,FATHER,FRIENDS,1,70.0,广东省,CONSUME,01,,23.493217719052575,113.51144111674407,ANDROID,,广东省广州市从化区太平镇,0
100000,307,重庆市,开县启航汽车销售有限公司,H,54,XCX,2,37.3,M,汉,5185,3,,MOTHER,FRIENDS,1,85.182,重庆市,CONSUME,04,,31.64245146651934,108.60601171489535,ANDROID,,重庆市开州区满月镇,0
100000,,苏州市,苏州博远化工有限公司,Z,90,APP,4,36.9,F,汉,4435,2,01,MOTHER,FRIENDS,1,86.421,江苏省,CONSUME,01,,31.5351,120.660196,ANDROID,,江苏省苏州市常熟市辛庄镇外塘路,0
100000,,青岛市,家美乐装饰公司,Z,90,XCX,4,30.6,M,汉,548,2,01,MATE,FRIENDS,1,70.0,山东省,CONSUME,01,,36.75993613014904,119.976700697455,ANDROID,,山东省青岛市平度市凤台街道,0
100000,105,天津市,天津厚浦教育咨询有限公司,P,13,XCX,4,33.3,M,汉,5026,4,01,FATHER,COLLEAGUE,2,70.0,天津市,CONSUME,01,,39.12357923534,117.21785583241503,IOS,,天津市河东区大王庄街道七纬路84号,1
100000,102,白银市,景泰县沛航种植场,A,27,XCX,4,42.6,M,汉,4058,3,01,MOTHER,SIBLING,1,70.0,甘肃省,CONSUME,01,,37.16478572882346,103.99673515256082,ANDROID,,甘肃省白银市景泰县寺滩乡,0
100000,,渭南市,西安顺能建设工程有限公司,Z,90,XCX,3,44.0,M,汉,6802,2,01,MOTHER,MATE,1,70.0,陕西省,CONSUME,01,,35.183474111771797,109.95015101049457,ANDROID,,陕西省渭南市澄城县庄头镇晖福街(北段),0
100000,103,绍兴市,上海清美绿色食品集团有限公司,C,24,XCX,4,31.5,M,汉,6650,4,01,FATHER,FRIENDS,2,90.746,浙江省,CONSUME,01,,31.07480216409165,121.73300852280527,ANDROID,,上海市浦东新区惠南镇下盐路辅路,0
100000,,南昌市,江西内夫得贸易有限公司,C,24,XCX,2,43.7,M,汉,4215,4,01,FATHER,FRIENDS,1,70.0,江西省,CONSUME,01,,28.66979275173611,115.79962158203125,ANDROID,,江西省南昌市红谷滩区红角洲管理区风华东大道,0
100000,,邯郸市,王超个人工作室,Z,90,APP,2,35.3,M,汉,4682,4,01,FRIENDS,FRIENDS,1,70.0,河北省,CONSUME,01,,36.6985413953993,114.7307457139757,ANDROID,,河北省邯郸市永年区广府镇东马道,0
100000,,商丘市,睢县一家亲食府,S,11,XCX,4,30.9,F,汉,5742,3,01,MOTHER,FRIENDS,2,70.0,河南省,CONSUME,01,,34.44508266704362,115.08523693451801,ANDROID,,河南省商丘市睢县城关镇凤城大道辅路,0
100000,102,九江市,深圳市住友自动化设备有限公司,C,24,APP,3,47.1,M,汉,687,2,,MATE,COLLEAGUE,1,82.34644,江西省,CONSUME,01,,29.03094131955862,115.80842089480237,ANDROID,,江西省九江市永修县涂埠镇新城大道18号,0
100000,,晋中市,成德建筑工程队,Z,90,APP,4,40.9,M,汉,3386,3,01,MOTHER,MATE,1,70.0,山西省,CONSUME,01,,37.225287,112.086325,ANDROID,,山西省晋中市平遥县宁固镇S222,0
100000,104,大连市,大连佳忆贸易有限公司,C,24,XCX,3,49.5,M,汉,1686,3,01,RELATIVES,FRIENDS,1,70.0,辽宁省,CONSUME,01,,39.124112,121.717989,ANDROID,,辽宁省大连市金州区拥政街道永安大街辅路,1
100000,102,安庆市,圣都家装装饰,E,24,APP,2,38.4,M,汉,3954,4,01,FATHER,OTHER,2,89.583,安徽省,CONSUME,01,,30.236161553690928,120.24252462585561,ANDROID,,浙江省杭州市萧山区盈丰街道君兴巷,0
100000,102,衡水市,上海闪亮光点科技有限公司,G,13,APP,4,27.0,M,汉,1204,2,01,FATHER,FRIENDS,2,92.519,河北省,CONSUME,01,,31.95041860565961,118.70693832972236,ANDROID,,江苏省南京市雨花台区梅山街道双合路,0
100000,310,大连市,辽宁睿凯建设装饰工程有限公司,Z,90,APP,4,39.4,M,满,4860,3,01,FATHER,FATHER,1,70.0,辽宁省,CONSUME,01,,38.918753,121.624872,ANDROID,,辽宁省大连市中山区青泥洼桥街道长江路311号,0
100000,,高平市,晋城富士康,G,13,APP,3,30.6,M,汉,6277,4,01,PARENTS,FRIENDS,2,70.0,山西省,CONSUME,01,,35.75254604955329,113.13424833978925,ANDROID,,山西省晋城市高平市北诗镇,0
100000,,成都市,内蒙古伊利实业集团股份有限公司,Z,90,APP,4,46.5,M,汉,1742,4,01,FATHER,MATE,1,86.339,四川省,CONSUME,01,,39.798376,116.315909,ANDROID,,北京市丰台区花乡街道白盆窑,0
100000,,九江市,顺丰快递,Z,90,XCX,2,41.0,M,汉,2638,4,01,MATE,FRIENDS,2,70.0,江西省,CONSUME,01,,22.722873302751716,114.21070775996256,IOS,,广东省深圳市龙岗区龙城街道清林西路22号,0
100000,102,南昌市,江西省建工集团有限公司,E,24,XCX,2,30.5,M,汉,1878,3,01,PARENTS,FRIENDS,2,91.929,江西省,CONSUME,01,,28.692094932306959,115.83764947299628,ANDROID,,江西省南昌市红谷滩区沙井街道碟子湖大道辅路,0
100000,,青岛市,青岛海尔地产集团有限公司,Z,90,XCX,4,43.9,M,汉,4132,3,01,FATHER,FATHER,1,70.0,山东省,CONSUME,01,,29.5868802328254,106.5222650729447,IOS,,重庆市江北区观音桥街道红石路2号-5楼,0
100000,102,常德市,长沙研壹,H,54,APP,4,31.9,F,土家,6222,2,01,FATHER,SIBLING,2,94.337,湖南省,CONSUME,01,,28.191492550635038,113.08517147237918,ANDROID,,湖南省长沙市芙蓉区东湖街道军科路,0
100000,,绍兴市,全兴精工有限公司,G,13,APP,4,26.5,M,汉,1402,2,01,FATHER,FRIENDS,2,70.0,浙江省,CONSUME,01,,29.688058,120.267187,ANDROID,,浙江省绍兴市诸暨市暨阳街道S211(城东路),1
100000,,成都市,四川宏达万春建有限公司,Z,90,XCX,3,44.8,M,汉,5894,4,01,MOTHER,FRIENDS,1,70.0,四川省,CONSUME,01,,30.81865222745199,103.86904015051431,ANDROID,,四川省成都市郫都区郫筒街道桃源路,0
100000,102,大连市,大连鼎倡和工程有限公司,E,24,APP,4,36.7,F,汉,3830,3,01,COLLEAGUE,FRIENDS,2,70.0,辽宁省,CONSUME,01,,38.96633138526502,121.60038300311298,ANDROID,,辽宁省大连市甘井子区椒金山街道东方路,0
100000,,苏州市,未知公司,Z,90,XCX,3,44.0,M,汉,1722,2,01,COLLEAGUE,FRIENDS,2,70.0,江苏省,CONSUME,01,,31.293592,120.559123,ANDROID,,江苏省苏州市虎丘区狮山街道喜年街,0
100000,,渭南市,西安吉利汽车工厂,C,24,XCX,2,24.1,M,汉,1640,2,01,FATHER,COLLEAGUE,2,85.50946,陕西省,CONSUME,01,,34.53292830563821,109.0306396514953,IOS,,陕西省西安市高陵区通远街道纬二路,0
100000,,重庆市,巫山人民医院,Q,11,XCX,4,32.9,M,汉,5424,4,01,FATHER,COLLEAGUE,1,93.30573,重庆市,CONSUME,01,,31.102082776202449,109.91632810126343,IOS,,重庆市巫山县巫峡镇S103,0
100000,310,盐城市,山东久隆兴商贸有限公司,Z,90,XCX,4,33.9,M,汉,7030,3,01,MATE,FRIENDS,1,70.0,江苏省,CONSUME,01,,33.533771345699118,120.02942508413163,ANDROID,,江苏省盐城市建湖县上冈镇城东路,0
100000,,杭州市,杭州市集邦建筑防水有限公司,E,24,XCX,4,38.0,M,汉,4852,3,01,COLLEAGUE,FRIENDS,2,70.0,浙江省,CONSUME,01,,30.351338382235708,120.12973674743034,ANDROID,,浙江省杭州市余杭区良渚街道昌运桥,0
100000,310,盐城市,山东久隆兴商贸有限公司,Z,90,XCX,4,33.9,M,汉,7030,3,01,MATE,FRIENDS,1,70.0,江苏省,CONSUME,01,,33.533771345699118,120.02942508413163,ANDROID,,江苏省盐城市建湖县上冈镇城东路,0
100000,105,温州市,扬州哚哚吖绒毛玩具有限公司,Z,90,APP,2,43.8,F,汉,4772,2,,MATE,FRIENDS,1,85.3176,浙江省,CONSUME,01,,28.00996510774349,120.66871851978671,ANDROID,,浙江省温州市鹿城区蒲鞋市街道学院西路109-3,0
100000,,西安市,鄠邑区猩猩源商贸店,H,54,XCX,2,39.7,M,汉,4178,3,,MATE,FRIENDS,1,70.0,陕西省,CONSUME,04,,34.101061,108.625176,ANDROID,,陕西省西安市鄠邑区甘亭街道许滨南路,1
100000,104,西安市,新华保险股份有限公司,J,13,APP,4,34.3,M,汉,4563,2,01,FATHER,FRIENDS,2,70.0,陕西省,CONSUME,01,,34.306346,108.63162,ANDROID,,陕西省咸阳市秦都区渭滨街道汉仓路,0
100000,,宁波市,符杰个人工作室,Z,90,XCX,2,46.0,M,汉,4215,4,01,FATHER,FATHER,1,70.0,浙江省,CONSUME,01,,30.13522759331597,121.08369656032986,ANDROID,,浙江省宁波市余姚市朗霞街道,0
100000,,郑州市,河南德鑫新型建材有限公司,Z,90,XCX,3,36.9,M,汉,4788,2,01,MATE,FRIENDS,1,70.0,河南省,CONSUME,01,,34.665257432725696,113.43157280815973,ANDROID,,河南省郑州市荥阳市贾峪镇X021,0
100000,,来宾市,瑞博博安模具有限公司,C,24,XCX,2,43.3,M,汉,1212,2,01,MATE,FRIENDS,1,70.0,广西壮族自治区,CONSUME,01,,22.560032908924556,113.89042744066019,ANDROID,,广东省深圳市宝安区新安街道兴华一路北四巷5,0
100000,102,营口市,杨智琼个人工作室,Z,90,XCX,3,35.4,F,汉,4002,4,01,RELATIVES,RELATIVES,2,70.0,辽宁省,CONSUME,01,,3,122.5074940321181,IOS,,[],1
100000,,菏泽市,袁帅个人工作室,Z,90,APP,2,24.8,M,汉,547,4,01,PARENTS,FRIENDS,2,70.0,山东省,CONSUME,01,,34.62584210054758,115.50938553529787,ANDROID,,山东省菏泽市曹县朱洪庙镇牡丹北路,0
100000,,菏泽市,袁帅个人工作室,Z,90,APP,2,24.8,M,汉,547,4,01,PARENTS,FRIENDS,2,70.0,山东省,CONSUME,01,,34.62584210054758,115.50938553529787,ANDROID,,山东省菏泽市曹县朱洪庙镇牡丹北路,0
100000,105,合肥市,合肥市庐阳区凡妮拉王服装店,H,54,XCX,2,41.9,F,汉,4296,4,01,FATHER,FRIENDS,3,80.638,安徽省,CONSUME,01,,31.866408376588319,117.3041645735068,ANDROID,,安徽省合肥市瑶海区明光路街道安美街,0
100000,103,上海市,浙江海利特汽车空调配件有限公司,Z,90,XCX,3,38.8,M,汉,3452,2,01,RELATIVES,FRIENDS,2,70.0,上海市,CONSUME,01,,30.896076,120.965943,ANDROID,,浙江省嘉兴市嘉善县魏塘街道,0
100000,,大庆市,衣童童个人工作室,Z,90,XCX,3,32.1,F,汉,777,4,01,MOTHER,FRIENDS,2,70.0,黑龙江省,CONSUME,01,,46.58662935805933,124.85945861266529,ANDROID,,黑龙江省大庆市让胡路区乘风街道,0
100000,,乐山市,大连市中山区古月堂工艺品店,H,54,XCX,4,44.1,M,汉,821,4,01,MATE,FRIENDS,1,88.0,四川省,CONSUME,01,,38.92451111549568,121.65154739366945,ANDROID,,辽宁省大连市中山区人民路街道人民路83号,0
100000,,清远市,鲸玺严选服装设计,Z,90,APP,4,44.1,F,汉,4670,4,01,MOTHER,FRIENDS,1,70.0,广东省,CONSUME,01,,22.99647128001403,113.35620120150853,ANDROID,,广东省广州市番禺区南村镇兴业大道285,0
100000,305,重庆市,五三优才,P,13,APP,4,39.4,F,汉,4569,4,01,FATHER,FRIENDS,1,96.633,重庆市,CONSUME,01,,29.519306461089419,106.52967560748869,ANDROID,,重庆市九龙坡区谢家湾街道,0
100000,,唐山市,霍彩涛个人工作室,Z,90,XCX,3,37.7,M,汉,5035,4,01,RELATIVES,RELATIVES,1,70.0,河北省,CONSUME,01,,3,118.471115,ANDROID,,[],0
100000,105,扬州市,私营业主,Z,90,APP,2,37.3,F,汉,5238,2,01,MATE,FRIENDS,1,89.591,江苏省,CONSUME,01,,32.79507709770301,119.48624410990208,ANDROID,,江苏省扬州市高邮市高邮街道G233辅路,0
100000,,朝阳市,绿发事业部,H,54,APP,4,25.6,M,汉,615,3,01,FATHER,FRIENDS,2,70.0,辽宁省,CONSUME,01,,39.80304047821905,116.22720134627783,ANDROID,,北京市房山区长阳镇,0
100000,102,乐山市,成都新中亚微波科技有限责任公司,G,13,APP,3,33.7,F,汉,851,2,01,PARENTS,FRIENDS,2,70.0,四川省,CONSUME,01,,29.38398,103.799981,ANDROID,,四川省乐山市五通桥区西坝镇大河街,0
100000,,保定市,刘士甫个人工作室,Z,90,XCX,2,49.6,F,汉,4066,4,01,MATE,SIBLING,1,70.0,河北省,CONSUME,01,,38.79609715591839,114.66978375141366,ANDROID,,河北省保定市曲阳县灵山镇,0
100000,,昆明市,宜良张顺英诊所,Q,11,APP,3,31.0,F,汉,6005,4,01,PARENTS,RELATIVES,1,70.0,云南省,CONSUME,01,,24.927450153133756,103.14883501537739,ANDROID,,云南省昆明市宜良县匡远街道永昌街北段,0
100000,,汕头市,陈雁群个人工作室,Z,90,APP,2,36.1,M,汉,3821,3,01,COLLEAGUE,FRIENDS,1,70.0,广东省,CONSUME,02,,23.550091,116.837648,ANDROID,,广东省汕头市澄海区东里镇,0
100000,,杭州市,陕西鑫瑞建设,Z,90,APP,3,31.2,M,汉,6235,4,01,FRIENDS,FRIENDS,1,70.0,浙江省,CONSUME,01,,29.41845148428159,120.53703923672299,ANDROID,,浙江省绍兴市嵊州市长乐镇G527,0
100000,102,焦作市,河南玖橡咨询有限公司,Z,90,APP,3,27.4,M,回,901,4,01,FATHER,SIBLING,2,70.0,河南省,CONSUME,01,,34.767063,113.73226,ANDROID,,河南省郑州市金水区祭城路街道熊耳河路,0
100000,102,焦作市,河南玖橡咨询有限公司,Z,90,APP,3,27.4,M,回,901,4,01,FATHER,SIBLING,2,70.0,河南省,CONSUME,01,,34.767063,113.73226,ANDROID,,河南省郑州市金水区祭城路街道熊耳河路,0
100000,103,宁安市,牡丹江市星华汽车维修服务有限公司,O,17,XCX,3,26.2,M,汉,1380,2,01,RELATIVES,FRIENDS,2,70.0,黑龙江省,CONSUME,01,,44.34867160373264,129.4729451497396,ANDROID,,黑龙江省牡丹江市宁安市宁安镇北园街,0
100000,,信阳市,中国建材有限公司,H,54,APP,2,24.6,M,汉,1242,2,01,FATHER,RELATIVES,2,70.0,河南省,CONSUME,02,,31.434556,119.755142,ANDROID,,江苏省无锡市宜兴市高塍镇圣安路,0
100000,,德州市,陕西省渭南市富平县永盛鑫劳务服务部,Z,90,APP,2,40.2,M,汉,3015,4,01,MATE,FATHER,1,70.0,山东省,CONSUME,01,,32.708851,108.962867,ANDROID,,陕西省安康市汉滨区建民街道G316(福兰线),0
100000,,毕节市,王勇个人工作室,Z,90,XCX,2,35.7,F,苗,5371,3,01,FATHER,SIBLING,1,70.0,贵州省,CONSUME,01,,29.831835,119.614677,ANDROID,,浙江省杭州市桐庐县横村镇桐郑线,0
100000,,长沙市,湖南橘檬汽车服务有限公司,O,17,XCX,3,28.4,M,汉,883,2,01,FATHER,FRIENDS,1,70.0,湖南省,CONSUME,01,,28.239320746527778,112.88735622829861,ANDROID,,湖南省长沙市岳麓区天顶街道,0
100000,403,厦门市,黄开宇个人工作室,Z,90,APP,3,37.9,M,汉,3702,3,01,SIBLING,COLLEAGUE,2,70.0,福建省,CONSUME,01,,24.49382950796152,118.15797318088286,ANDROID,,福建省厦门市湖里区江头街道,0
100000,,宁波市,宁波乔木广告有限公司,R,17,APP,4,44.3,M,汉,2415,4,01,FATHER,FRIENDS,1,70.0,浙江省,CONSUME,01,,29.848388,121.561426,ANDROID,,浙江省宁波市鄞州区中河街道宋诏桥路72-8号,1
100000,,长沙市,湖南橘檬汽车服务有限公司,O,17,XCX,3,28.4,M,汉,883,2,01,FATHER,FRIENDS,1,70.0,湖南省,CONSUME,01,,28.239320746527778,112.88735622829861,ANDROID,,湖南省长沙市岳麓区天顶街道,0
100000,,昭通市,马敏召个人工作室,Z,90,XCX,4,33.1,F,回,6790,4,01,MATE,FATHER,1,70.0,云南省,CONSUME,01,,27.253016089659615,103.67342153810466,ANDROID,,云南省昭通市昭阳区永丰镇,0
100000,102,揭阳市,广州友谊丝印厂,Z,90,XCX,2,33.3,M,汉,6326,2,,SIBLING,FATHER,2,90.89,广东省,CONSUME,01,,23.213174370659722,113.15229899088541,ANDROID,,广东省佛山市南海区里水镇环镇北路,0
100000,102,烟台市,麟铄经营部,C,24,APP,3,49.9,F,汉,580,2,01,FRIENDS,MOTHER,1,78.93442,山东省,CONSUME,01,,36.698443098140867,117.04569749817193,ANDROID,,山东省济南市天桥区北园街道航运路,0
100000,102,汕尾市,金星润滑油贸易部,H,54,APP,2,46.6,M,汉,4682,2,01,SIBLING,COLLEAGUE,3,70.0,广东省,CONSUME,01,,22.957994,115.320547,ANDROID,,广东省汕尾市海丰县附城镇合兴路,0
100000,103,延安市,延长油田股份有限公司,C,24,XCX,4,38.0,M,汉,4369,4,01,FRIENDS,FATHER,1,70.0,陕西省,CONSUME,02,,36.600943028781077,109.49127653916337,ANDROID,,陕西省延安市宝塔区宝塔山街道黑龙沟巷,0
100000,103,延安市,延长油田股份有限公司,C,24,XCX,4,38.0,M,汉,4369,4,01,FRIENDS,FATHER,1,70.0,陕西省,CONSUME,02,,36.600943028781077,109.49127653916337,ANDROID,,陕西省延安市宝塔区宝塔山街道黑龙沟巷,0
100000,105,株洲市,美林置业有限公司,J,13,XCX,2,31.6,M,汉,59,4,01,FRIENDS,COLLEAGUE,2,83.335,湖南省,CONSUME,01,,27.68022899167325,113.64551900113473,ANDROID,,湖南省株洲市醴陵市王仙镇,0
100000,,驻马店市,伯恩光学有限公司,C,24,APP,2,27.7,M,汉,3032,2,,COLLEAGUE,FRIENDS,2,78.495,河南省,CONSUME,02,,22.769008,114.38291,ANDROID,,广东省惠州市惠阳区秋长街道,0
100000,102,益阳市,未知所在公司,Z,90,APP,3,32.8,F,汉,6396,4,01,FATHER,FRIENDS,1,90.832,湖南省,CONSUME,01,,29.05076380632566,112.43951352388639,IOS,,湖南省益阳市沅江市草尾镇,0
100000,102,宜春市,南昌青云谱区市场监督管理局,S,11,APP,4,35.5,M,汉,5003,3,01,MOTHER,MATE,1,90.086,江西省,CONSUME,01,,28.62667970335385,115.94158581263739,ANDROID,,江西省南昌市青云谱区青云谱镇城南大道,0
100000,105,潍坊市,潍坊华梦塑胶,C,24,APP,4,36.5,M,汉,6390,4,01,MOTHER,MATE,1,70.0,山东省,CONSUME,01,,36.417802,119.198874,ANDROID,,山东省潍坊市安丘市兴安街道兴安南路,0
100000,,资阳市,尼得科盖普美汽车部件（浙江）有限公司,H,54,XCX,2,42.3,M,汉,6392,2,01,FATHER,FRIENDS,1,70.0,四川省,CONSUME,01,,29.980070396503679,105.51837603626774,ANDROID,,四川省资阳市安岳县高升乡,0
100000,308,昆明市,云南正瀚汽车销售有限公司,H,54,XCX,4,38.8,M,汉,3695,4,,MATE,SIBLING,1,70.0,云南省,CONSUME,01,,24.966378038194446,102.80498345269098,ANDROID,,云南省昆明市官渡区小板桥街道宏贸路,0
100000,105,哈尔滨市,医科大学,Q,11,APP,4,36.5,F,汉,3857,3,01,MATE,MATE,1,76.365,黑龙江省,CONSUME,02,,45.76431758270133,126.60555405109239,ANDROID,,黑龙江省哈尔滨市道里区安静街道安顺街162号,0
100000,309,茂名市,广州尧典信息科技有限公司,Z,90,XCX,4,41.1,M,汉,2706,4,01,FATHER,FRIENDS,1,70.0,广东省,CONSUME,01,,22.624625,114.053577,ANDROID,,广东省深圳市龙岗区坂田街道永甘路56-2,0
100000,403,阜阳市,康有乐家居,H,54,APP,2,27.3,M,汉,1268,3,01,MATE,SIBLING,1,70.0,安徽省,CONSUME,01,,33.008121497267,115.722145089285,ANDROID,,安徽省阜阳市颍泉区中市街道新兴路,0
100000,103,北海市,观澜街道塘前市场中志创意产业园D栋五楼晟兴科技技术有限公司,G,13,APP,2,28.2,M,汉,7016,4,01,SIBLING,RELATIVES,2,89.869,广西壮族自治区,CONSUME,02,,22.76804741753472,114.08874565972222,ANDROID,,广东省东莞市塘厦镇宏源路,0
100000,102,邢台市,厨掌柜小吃培训,I,54,APP,2,36.8,M,汉,4065,2,01,MATE,COLLEAGUE,1,85,河北省,CONSUME,01,,36.055056164801637,111.57793884655078,ANDROID,,山西省临汾市尧都区段店乡,0
100000,104,无锡市,宝银特材科技有限公司,C,24,XCX,3,34.7,M,汉,6531,3,,FATHER,FRIENDS,2,70.0,江苏省,CONSUME,01,,31.39027319617865,119.82458802036445,ANDROID,,江苏省无锡市宜兴市宜城街道宝鸡路61号,0
100000,,眉山市,自主经营挖机行业,H,54,APP,2,35.1,M,汉,5581,2,01,PARENTS,SIBLING,2,70.0,四川省,CONSUME,01,,30.56269784099964,104.28139696435632,ANDROID,,四川省成都市龙泉驿区龙泉街道沿山路一段,0
100000,,徐州市,新疆志诚天路劳务派遣有限责任公司,O,17,APP,2,30.5,M,汉,195,2,01,MOTHER,FRIENDS,2,78.653,江苏省,CONSUME,01,,27.420425,119.923789,ANDROID,,浙江省温州市泰顺县三魁镇长坪隧道,0
100000,,眉山市,自主经营挖机行业,H,54,APP,2,35.1,M,汉,5581,2,01,PARENTS,SIBLING,2,70.0,四川省,CONSUME,01,,30.56269784099964,104.28139696435632,ANDROID,,四川省成都市龙泉驿区龙泉街道沿山路一段,0
100000,103,马鞍山市,宁证期货有限责任公司,J,13,APP,4,30.3,M,汉,5774,3,01,FATHER,FRIENDS,2,70.0,安徽省,CONSUME,02,,31.971912,118.729486,ANDROID,,江苏省南京市雨花台区西善桥街道知书路,0
100000,403,岳阳市,汨罗市超凡建材有限公司,H,54,APP,2,44.1,M,汉,875,4,01,MATE,FRIENDS,1,70.0,湖南省,CONSUME,01,,28.941407148943207,113.12298871595547,ANDROID,,湖南省岳阳市汨罗市桃林寺镇X112,0
100000,104,连云港市,苏州邻成家物业有限公司,L,17,APP,2,32.8,M,汉,5320,2,01,MATE,FATHER,1,70.0,江苏省,CONSUME,02,,34.22516969701695,119.57936239575338,ANDROID,,江苏省连云港市灌南县田楼镇,0
100000,104,潮州市,佛山市美然家居建材有限公司,Z,90,APP,3,44.3,M,汉,3740,3,01,RELATIVES,FRIENDS,1,70.0,广东省,CONSUME,01,,39.898956,116.344868,ANDROID,,北京市西城区月坛街道北滨河路2号院,0
100000,105,珠海市,珠海市斗门区白蕉镇成裕小学,P,13,APP,4,46.1,M,汉,373,3,01,SIBLING,SIBLING,1,70.0,广东省,CONSUME,01,,22.22758977196412,113.33002921184388,ANDROID,,广东省珠海市斗门区白蕉镇莲鹤大道,0
100000,,焦作市,河南省博爱县鑫林合作社,A,27,XCX,2,43.3,M,汉,3773,2,01,FATHER,FRIENDS,1,99.0,河南省,CONSUME,01,,35.080438,113.000978,ANDROID,,河南省焦作市博爱县孝敬镇,0
100000,308,昆明市,昆明公交集团有限责任公司,O,17,XCX,3,40.9,M,汉,3781,2,01,FATHER,COLLEAGUE,3,70.0,云南省,CONSUME,01,,25.005689561631943,102.75562961154515,ANDROID,,云南省昆明市官渡区金马街道和美路,0
100000,,文昌市,椰林路果果粉汤大王,H,54,XCX,3,41.2,M,汉,5021,2,01,CHILDREN,FRIENDS,1,95.0,海南省,CONSUME,01,,20.024312,110.335383,ANDROID,,海南省海口市美兰区蓝天街道万华路2-1号,0
100000,105,衡阳县关市,盛业玻璃,C,24,XCX,2,43.2,M,汉,4495,4,01,RELATIVES,FRIENDS,1,70.0,湖南省,CONSUME,01,,22.654796549479165,113.15782009548612,ANDROID,,广东省江门市蓬江区荷塘镇霞阳路,0
100000,,武汉市,北京康信知识产权代理有限责任公司,Z,90,XCX,3,29.0,M,汉,297,4,01,MOTHER,FRIENDS,2,83.643,湖北省,CONSUME,01,,36.669057140440909,116.9684603834447,ANDROID,,山东省济南市天桥区宝华街道万盛北街,0
100000,103,梅州市,自由职业者,H,54,APP,2,36.5,F,汉,3758,4,01,SIBLING,MATE,,70.0,广东省,CONSUME,01,,24.16794438390461,116.64338707125084,ANDROID,,广东省梅州市大埔县高陂镇,0
100000,301,资阳地区,润建股份有限公司,Z,90,APP,3,34.0,F,汉,5725,3,01,MOTHER,FRIENDS,1,89.046,四川省,CONSUME,01,,22.13073690897917,113.38314433108362,IOS,,广东省珠海市金湾区三灶镇,0
100000,103,娄底市,惠州金之鑫五金制品有限公司,Z,90,APP,3,36.2,M,汉,6811,3,01,MOTHER,SIBLING,1,70.0,湖南省,CONSUME,01,,23.040348,114.249919,ANDROID,,广东省惠州市惠城区潼侨镇,0
100000,,榆林市,高亮飞个人工作室,Z,90,XCX,2,38.0,M,汉,5970,4,01,MATE,FRIENDS,1,70.0,陕西省,CONSUME,01,,38.871347796022487,110.47276252991719,ANDROID,,陕西省榆林市神木市神木镇G336,0
100000,103,茂名市,东岸镇万佳购物广场,H,54,XCX,2,31.8,M,汉,5296,4,01,MATE,SIBLING,1,70.0,广东省,CONSUME,01,,21.902271430748404,110.87518809592102,ANDROID,,广东省茂名市高州市潘州街道永青大道北辅路,0
100000,103,许昌市,歌尔声学股份有限公司,Z,90,XCX,3,37.3,M,汉,4270,2,01,MATE,COLLEAGUE,2,92.043,河南省,CONSUME,01,,36.499866,119.193335,ANDROID,,山东省潍坊市安丘市新安街道泰山西街,0
100000,104,定西市,中国建筑第四工程局有限公司,E,24,APP,4,40.8,M,汉,4685,3,01,FATHER,FATHER,1,70.0,甘肃省,CONSUME,01,,39.92721929882057,116.46943445886406,ANDROID,,北京市朝阳区六里屯街道水碓子北里东路20号,0
100000,301,北京市,北京周大福珠宝金行有限公司,H,54,APP,4,34.4,M,汉,5686,3,01,MATE,FRIENDS,1,88.736,北京市,CONSUME,02,,39.909334,116.472523,ANDROID,,北京市朝阳区八里庄街道建国路93号院-11号楼,0
100000,,成都市,四川省中国青年旅行社,O,17,XCX,4,24.3,F,汉,1394,2,,FATHER,FRIENDS,2,70.0,四川省,CONSUME,02,,30.214737141927085,120.22887749565972,ANDROID,,浙江省杭州市滨江区西兴街道物联网街,0
100000,,宿迁市,沭阳县沂涛镇天月家纺厂,Z,90,XCX,3,33.5,F,汉,5895,3,01,MATE,FRIENDS,1,70.0,江苏省,CONSUME,01,,28.09050265842014,113.00665256076388,ANDROID,,湖南省长沙市雨花区洞井街道汇金路,0
100000,,成都市,四川省中国青年旅行社,O,17,XCX,4,24.3,F,汉,1394,2,,FATHER,FRIENDS,2,70.0,四川省,CONSUME,02,,30.214737141927085,120.22887749565972,ANDROID,,浙江省杭州市滨江区西兴街道物联网街,0
100000,103,六安市,刘成会个人工作室,Z,90,XCX,2,40.2,F,汉,3305,4,01,PARENTS,RELATIVES,,70.0,安徽省,CONSUME,01,,31.767995822180354,116.5221599559121,ANDROID,,安徽省六安市金安区东市街道皋城路,0
100000,,温州市,廊坊市茂金电器设备有限公司,Z,90,XCX,3,43.1,M,汉,2542,2,01,FATHER,FATHER,1,70.0,浙江省,CONSUME,01,,40.13334445529514,116.63406901041667,ANDROID,,北京市顺义区旺泉街道顺西路69号,0
100000,,徐州市,君乐宝乳液股份有限公司,Z,90,APP,3,33.6,M,汉,6699,3,01,FATHER,FRIENDS,1,90.189,江苏省,CONSUME,01,,34.690285244461926,116.59991833632992,ANDROID,,江苏省徐州市丰县中阳里街道广电巷,0
100000,,兰州市,好商装(北京）建筑工程有限公司,P,13,XCX,4,27.8,M,汉,6733,2,01,MOTHER,FRIENDS,2,70.0,甘肃省,CONSUME,01,,39.73255523655448,116.348625212231,ANDROID,,北京市大兴区观音寺街道,0
100000,,兰州市,好商装(北京）建筑工程有限公司,P,13,XCX,4,27.8,M,汉,6733,2,01,MOTHER,FRIENDS,2,70.0,甘肃省,CONSUME,01,,39.73255523655448,116.348625212231,ANDROID,,北京市大兴区观音寺街道,0
100000,,贵阳市,贵州澳维科技有限公司,G,13,XCX,2,40.6,F,汉,5591,3,01,SIBLING,SIBLING,1,82.106,贵州省,CONSUME,01,,22.72766899956597,114.4665673828125,ANDROID,,广东省惠州市惠阳区西区街道茶山北路,0
100000,102,湘西土家族苗族自治州,中国平安湖南服务二公司,J,13,APP,4,35.9,M,苗,3948,4,01,SIBLING,FATHER,1,70.0,湖南省,CONSUME,01,,28.621993279090334,109.96081944090027,ANDROID,,湖南省湘西土家族苗族自治州古丈县古阳镇,0
100000,305,泰安市,泰盈科技集团股份有限公司,Z,90,XCX,3,27.7,M,汉,483,3,01,FATHER,FRIENDS,2,70.0,山东省,CONSUME,01,,36.16811613162837,117.03488040657615,IOS,,山东省泰安市岱岳区粥店街道高铁前路,0
100000,,安康市,聚仙居酒店,I,54,XCX,2,31.7,M,汉,1491,4,01,RELATIVES,RELATIVES,1,70.0,陕西省,CONSUME,01,,32.714896905745448,109.024371880844839,ANDROID,,陕西省安康市汉滨区关庙镇G316(福兰线),0
100000,103,荆门市,天津市西青区旺鑫药店,H,54,APP,3,44.9,M,汉,4975,4,01,MATE,FRIENDS,1,88.655,湖北省,CONSUME,01,,39.07167341030246,117.2043625236884,ANDROID,,天津市河西区梅江街道郁江道95号,0
100000,,重庆市,冯念个人工作室,Z,90,APP,3,34.5,M,汉,4461,4,01,FRIENDS,FRIENDS,2,70.0,重庆市,CONSUME,01,,29.577833473268947,106.54318952278261,ANDROID,,重庆市江北区五里店街道鲤鱼池路,0
100000,105,长治市,市容中心,S,11,APP,3,34.1,F,汉,6427,4,01,MATE,FATHER,1,83.458,山西省,CONSUME,01,,36.109799358551928,113.21743272394083,ANDROID,,山西省长治市壶关县龙泉镇,0
100000,,成都市,曹操出行,Z,90,XCX,2,49.3,M,汉,3551,4,01,MOTHER,FRIENDS,1,70.0,四川省,CONSUME,01,,30.61183197628052,104.13328273492124,ANDROID,,四川省成都市锦江区成龙路街道大观街156,0
100000,103,宜昌市,熊熊门业,C,24,APP,2,40.0,F,汉,3971,3,01,MATE,FATHER,1,85.894,湖北省,CONSUME,01,,30.380503066435453,111.44213964749649,ANDROID,,湖北省宜昌市宜都市姚家店镇五宜大道,0
100000,102,武汉市,擎天材料科技有限公司,Z,90,XCX,4,35.8,M,汉,7077,4,01,FATHER,FRIENDS,1,70.0,湖北省,CONSUME,01,,31.59402397984017,114.24565025141586,ANDROID,,湖北省孝感市大悟县高店乡,0
100000,,青岛市,袁本衡个人工作室,Z,90,XCX,4,48.1,M,汉,5983,4,01,SIBLING,PARENTS,1,70.0,山东省,CONSUME,01,,36.12730911809918,120.5906293037496,ANDROID,,山东省青岛市崂山区沙子口街道,0
100000,105,莱芜市,方晓刚个人工作室,H,54,APP,4,25.1,M,汉,473,3,01,FATHER,FRIENDS,2,70.0,山东省,CONSUME,01,,36.239631,117.643051,ANDROID,,山东省济南市莱芜区张家洼街道嬴牟西大街,0
100000,,枣庄市,孙艳翠个人工作室,H,54,XCX,3,38.1,F,汉,4888,4,01,RELATIVES,RELATIVES,1,70.0,山东省,CONSUME,01,,3,117.45651,ANDROID,,"Bulungan, Kalimantan Utara, Indonesia",0
100000,,重庆市,重庆邦达出租汽车有限公司,C,24,APP,3,40.2,M,汉,3590,4,01,MATE,MOTHER,1,70.0,重庆市,CONSUME,01,,29.572387,106.563935,ANDROID,,重庆市江北区五里店街道北滨一路,0
100000,,鸡西市,上海颐正源检测技术有限公司,Z,90,XCX,3,27.6,M,汉,1010,4,01,FATHER,FATHER,2,70.0,黑龙江省,CONSUME,01,,31.901889,118.835129,ANDROID,,江苏省南京市江宁区秣陵街道前庄路,0
100000,102,巴中市,通江县铁佛凤凰大酒楼,I,54,APP,2,34.9,M,汉,5356,4,01,PARENTS,FRIENDS,1,70.0,四川省,CONSUME,01,,31.762106371380143,107.32336935638323,ANDROID,,四川省巴中市通江县铁佛镇S204(通达路),0
100000,,枣庄市,滕州新源热电有限公司,Z,90,APP,3,45.5,M,汉,1902,3,01,FATHER,MATE,1,70.0,山东省,CONSUME,02,,35.086721,117.185308,ANDROID,,山东省枣庄市滕州市龙泉街道府前东路,0
100000,103,盘锦市,河畔幼儿园,P,13,APP,2,37.2,F,汉,4843,3,,RELATIVES,FRIENDS,3,70.0,辽宁省,CONSUME,01,,41.372675,121.776837,ANDROID,,辽宁省锦州市北镇市沟帮子街道石铁路,0
100000,,广州市,国泰君安证券股份有限公司,J,13,APP,4,29.3,M,汉,2438,4,,SIBLING,FRIENDS,2,82.827,广东省,CONSUME,01,,32.045624,118.752372,ANDROID,,江苏省南京市鼓楼区凤凰街道凤凰西街16号-2,0
100000,,上海市,上海雍盛化工有限公司,C,24,APP,4,42.3,F,汉,3570,4,01,MOTHER,COLLEAGUE,1,70.0,上海市,CONSUME,01,,31.307836,121.31216,ANDROID,,上海市嘉定区南翔镇沿绿路,0
100000,,张家口市,个体工商户,Z,90,APP,3,42.5,F,汉,5139,3,01,MATE,FRIENDS,1,81.018745,河北省,CONSUME,01,,40.189053243994884,116.11820591624465,IOS,,北京市昌平区马池口(地区)镇Y672(葛土路),0
100000,,张家口市,个体工商户,Z,90,APP,3,42.5,F,汉,5139,3,01,MATE,FRIENDS,1,81.018745,河北省,CONSUME,01,,40.189053243994884,116.11820591624465,IOS,,北京市昌平区马池口(地区)镇Y672(葛土路),0
100000,,安庆市,姐弟包子店,H,54,XCX,3,35.7,M,汉,3814,3,01,FATHER,FRIENDS,1,70.0,安徽省,CONSUME,01,,31.191495,121.454001,ANDROID,,上海市徐汇区枫林路街道枫林路500号,0
100000,,昆明市,曹志祥个人工作室,H,54,XCX,2,27.9,M,汉,643,4,01,PARENTS,PARENTS,2,70.0,云南省,CONSUME,01,,24.925286989651803,103.14755798426482,ANDROID,,云南省昆明市宜良县匡远街道永安路1,0
100000,,邢台市,速达物流,F,17,XCX,2,39.2,M,汉,3933,4,01,RELATIVES,FRIENDS,1,70.0,河北省,CONSUME,01,,37.01149938947869,115.16473849927043,ANDROID,,河北省邢台市广宗县冯家寨镇,0
100000,,宜兴市,王佳栋个人工作室,Z,90,APP,2,32.7,M,汉,6759,4,01,CHILDREN,FATHER,2,70.0,江苏省,CONSUME,01,,31.39742982531776,119.64994682921972,ANDROID,,江苏省无锡市宜兴市徐舍镇河西路,0
100000,,广安市,泰禾集团,H,54,XCX,2,41.1,M,汉,4093,3,01,MATE,COLLEAGUE,1,70.0,四川省,CONSUME,01,,26.077247317876279,119.36258166480744,ANDROID,,福建省福州市晋安区鼓山镇埠兴路90号,0
100000,103,淮南市,杨国福麻辣烫,Z,90,XCX,2,35.3,F,汉,4096,4,,FATHER,MOTHER,1,70.0,安徽省,CONSUME,01,,31.077227,121.444111,ANDROID,,上海市闵行区梅陇镇双溪路,0
100000,,广安市,泰禾集团,H,54,XCX,2,41.1,M,汉,4093,3,01,MATE,COLLEAGUE,1,70.0,四川省,CONSUME,01,,26.077247317876279,119.36258166480744,ANDROID,,福建省福州市晋安区鼓山镇埠兴路90号,0
100000,102,昆明市,茗茶山庄,O,17,APP,4,29.1,F,汉,1114,2,01,MATE,FRIENDS,1,88.932,云南省,CONSUME,01,,25.842524188517645,103.02751410419352,ANDROID,,云南省昆明市寻甸回族彝族自治县凤合镇G248(昆绥线),0
100000,103,葫芦岛市,珠海市海联通达科技有限公司,G,13,XCX,3,40.6,M,汉,4339,4,01,MATE,FATHER,3,70.0,辽宁省,CONSUME,01,,22.117032495316459,113.3319297858066,ANDROID,,广东省珠海市金湾区红旗镇星溪路,0
100000,104,宣城市,个人其他,C,24,APP,2,35.2,F,汉,4221,2,01,RELATIVES,FRIENDS,1,70.0,安徽省,CONSUME,01,,31.144765,119.213361,ANDROID,,安徽省宣城市郎溪县建平镇S203(建平大道),0
100000,,淮北市,淮北耀城物流公司,Z,90,APP,4,25.2,M,汉,1177,3,01,FATHER,MOTHER,2,70.0,安徽省,CONSUME,01,,33.922565,116.773354,ANDROID,,安徽省淮北市濉溪县濉溪镇闸河路辅路,0
100000,,宿州市,沙湾市浩佳房产,K,17,XCX,2,33.2,M,汉,64,2,01,MOTHER,SIBLING,1,70.0,安徽省,CONSUME,01,,31.132511707659878,121.3396197883847,ANDROID,,上海市闵行区七宝镇联宝路,0
100000,307,恩施土家族苗族自治州,重庆云驰物流有限公司,F,17,XCX,3,46.8,M,汉,5822,3,01,MATE,FRIENDS,2,70.0,湖北省,CONSUME,01,,28.18861351252651,112.8803657527043,ANDROID,,湖南省长沙市岳麓区梅溪湖街道连湖八路,0
100000,,白银市,甘肃众友医药连锁有限公司,Z,90,XCX,3,41.1,F,汉,7110,4,01,MATE,SIBLING,1,70.0,甘肃省,CONSUME,01,,36.531407488479519,104.16029625026394,ANDROID,,甘肃省白银市白银区人民路街道G109(京拉线),0
100000,,白银市,甘肃众友医药连锁有限公司,Z,90,XCX,3,41.1,F,汉,7110,4,01,MATE,SIBLING,1,70.0,甘肃省,CONSUME,01,,36.531407488479519,104.16029625026394,ANDROID,,甘肃省白银市白银区人民路街道G109(京拉线),0
100000,105,商洛市,中建西部建设山西有限公司,Z,90,APP,4,32.9,M,汉,6518,2,,MOTHER,FRIENDS,2,70.0,陕西省,CONSUME,03,,38.028846488676297,112.53882135454129,ANDROID,,山西省太原市尖草坪区西墕乡西墕枢纽,0
100000,307,恩施土家族苗族自治州,重庆云驰物流有限公司,F,17,XCX,3,46.8,M,汉,5822,3,01,MATE,FRIENDS,2,70.0,湖北省,CONSUME,01,,28.18861351252651,112.8803657527043,ANDROID,,湖南省长沙市岳麓区梅溪湖街道连湖八路,0
100000,,江门市,福钻珠宝有限公司,Z,90,XCX,2,36.5,M,汉,3487,2,01,MATE,FRIENDS,1,70.0,广东省,CONSUME,01,,22.94383073151757,113.39046958043075,ANDROID,,广东省广州市番禺区大龙街道万石大街二巷,0
100000,103,恩施土家族苗族自治州,湖北银航建筑劳务有限公司,O,17,APP,2,43.8,M,土家,1816,2,01,MATE,FRIENDS,1,95.072,湖北省,CONSUME,01,,33.98302205409753,116.81876272122912,ANDROID,,安徽省淮北市杜集区高岳街道X311(高岳路),0
100000,104,七台河市,磐石模具,H,54,XCX,3,35.1,M,汉,6290,4,01,RELATIVES,OTHER,1,70.0,黑龙江省,CONSUME,01,,45.79177851112703,130.91097964850699,ANDROID,,黑龙江省七台河市新兴区新安街道雄鹰路,0
100000,,永州市,湖南省产商品质量检验研究院,Z,90,APP,3,22.9,M,汉,2768,4,01,FATHER,RELATIVES,2,79.32174,湖南省,CONSUME,01,,28.153068587875035,112.99812261178364,ANDROID,,湖南省长沙市雨花区砂子塘街道桔园路306号,0
100000,,晋中市,常法个人工作室,Z,90,APP,3,29.9,M,汉,5965,3,01,MATE,FATHER,1,70.0,山西省,CONSUME,01,,37.858934,112.466192,ANDROID,,山西省太原市万柏林区南寒街道西矿街231号,0
100000,,怀化市,深圳市轴心自控技术有限公司,Z,90,APP,3,23.8,M,土家,1814,2,01,FATHER,FRIENDS,2,86.113,湖南省,CONSUME,01,,22.742741,114.026183,ANDROID,,广东省深圳市龙华区观澜街道凹背村路,0
100000,,武汉市,湖北省歌剧舞剧院有限责任公司,Z,90,XCX,4,47.5,M,汉,1160,4,01,FATHER,MATE,1,70.0,湖北省,CONSUME,01,,30.986332,114.375838,ANDROID,,湖北省武汉市黄陂区王家河街道,0
100000,105,黔南布依族苗族自治州,宁海味道小海鲜,Z,90,XCX,2,40.2,M,汉,3645,3,,MATE,FRIENDS,1,70.0,贵州省,CONSUME,02,,30.326699761284722,121.22788519965277,ANDROID,,浙江省宁波市慈溪市庵东镇滨海二路,0
100000,,晋中市,常法个人工作室,Z,90,APP,3,29.9,M,汉,5965,3,01,MATE,FATHER,1,70.0,山西省,CONSUME,01,,37.858934,112.466192,ANDROID,,山西省太原市万柏林区南寒街道西矿街231号,0
100000,307,青岛市,金狮集团,H,54,XCX,3,33.6,M,汉,4802,4,01,FATHER,MOTHER,2,70.0,山东省,CONSUME,01,,36.08344981992256,120.3988390723901,ANDROID,,山东省青岛市市南区金门路街道旌德支路12号,0
100000,,盐城市,嵇明亮个人工作室,Z,90,APP,2,41.3,M,汉,3774,4,01,PARENTS,PARENTS,1,97.1133,江苏省,CONSUME,01,,31.927629661191865,119.99057025876239,ANDROID,,江苏省常州市新北区春江街道盛业路,0
100000,,盐城市,嵇明亮个人工作室,Z,90,APP,2,41.3,M,汉,3774,4,01,PARENTS,PARENTS,1,97.1133,江苏省,CONSUME,01,,31.927629661191865,119.99057025876239,ANDROID,,江苏省常州市新北区春江街道盛业路,0
100000,,遵义市,深圳玉龙环保科技有限公司,M,11,XCX,2,38.4,M,汉,3792,4,01,MATE,FRIENDS,1,90.11378,贵州,CONSUME,01,,28.2267041015625,113.07633816189237,ANDROID,,湖南省长沙市长沙县泉塘街道漓湘西路,0
100000,310,重庆市,北京三元石油有限公司,C,24,APP,4,36.0,M,汉,5494,2,01,PARENTS,COLLEAGUE,2,70.0,重庆市,CONSUME,01,,39.916017122432368,116.66341535785384,ANDROID,,北京市通州区新华街道北运河绿道,0
100000,310,杭州市,大鱼小鱼公司,Z,90,APP,2,35.2,M,汉,4343,4,01,CHILDREN,MATE,1,70.0,浙江省,CONSUME,01,,29.36959301856268,119.23902954474072,IOS,,浙江省杭州市建德市寿昌镇S311(建遂线),0
100000,103,阜阳市,安徽省阜阳商厦股份有限公司,Z,90,XCX,3,45.4,F,汉,729,4,01,RELATIVES,FRIENDS,1,70.0,安徽省,CONSUME,01,,32.909554,115.849982,ANDROID,,安徽省阜阳市颍东区河东街道幸福西路,0
100000,,九江市,顺丰快递,Z,90,XCX,2,41.0,M,汉,2638,4,01,MATE,FRIENDS,2,70.0,江西省,CONSUME,01,,22.722873302751716,114.21070775996256,IOS,,广东省深圳市龙岗区龙城街道清林西路22号,0
100000,102,榆林市,中和堂药店,H,54,APP,3,30.0,F,汉,230,2,01,MATE,COLLEAGUE,1,70.0,陕西省,CONSUME,01,,38.85820460926546,110.51303023934932,ANDROID,,陕西省榆林市神木市神木镇,0
100000,103,永州市,大光华高级中学,P,13,APP,4,49.8,M,汉,4621,4,01,MATE,COLLEAGUE,1,70.0,湖南省,CONSUME,01,,30.487773800730257,114.96796728239575,ANDROID,,湖北省黄冈市黄州区路口镇,0
100000,,北京市,阁瑞居食品有限公司,C,24,XCX,3,25.6,M,汉,1482,4,01,MATE,FATHER,2,70.0,北京市,CONSUME,01,,39.91061344345017,116.67427137994192,ANDROID,,北京市通州区新华街道北运河绿道,0
100000,105,德阳市,四川乐城装饰工程有限公司责任公司,E,24,XCX,2,45.5,M,汉,4117,2,01,MATE,COLLEAGUE,1,70.0,四川省,CONSUME,01,,30.111557,104.13146,ANDROID,,四川省眉山市仁寿县大化镇天府大道,0
100000,104,临沂市,孟州市消防救援大队,Z,90,APP,2,31.7,M,汉,5564,2,01,COLLEAGUE,MOTHER,1,70.0,山东省,CONSUME,01,,35.120899,118.3382,ANDROID,,山东省临沂市兰山区柳青街道G205(沂蒙北路),0
100000,,温州市,温州贵派电器有限公司,Z,90,XCX,3,38.9,M,汉,6545,4,01,FATHER,SIBLING,1,70.0,浙江省,CONSUME,01,,28.19553738064236,112.98128499348958,IOS,,湖南省长沙市芙蓉区定王台街道建湘路279号,0
100000,105,阳江市,广东宝菱包装材料有限公司,C,24,XCX,2,31.5,F,汉,5360,4,01,FATHER,RELATIVES,1,94.09,广东省,CONSUME,01,,22.8883958565562,114.52068655403359,IOS,,广东省惠州市惠阳区沙田镇,0
100000,,菏泽市,康龙国际武道院,Z,90,XCX,4,24.6,M,汉,1777,2,01,FATHER,FRIENDS,2,91.93652,山东省,CONSUME,01,,37.44850582147052,122.14952170566746,IOS,,山东省威海市环翠区竹岛街道黄岛路,0
100000,,泰州市,海宁市网格仓,Z,90,XCX,2,47.1,M,汉,475,4,01,RELATIVES,FRIENDS,1,70.0,江苏省,CONSUME,01,,30.48705539279514,120.39706027560764,ANDROID,,浙江省嘉兴市海宁市许村镇联桐路,0
100000,103,天津市,魏鹏个人工作室,Z,90,APP,2,27.0,M,汉,16,2,01,MOTHER,FRIENDS,2,70.0,天津市,CONSUME,01,,39.191785,117.005399,ANDROID,,天津市北辰区双口镇建华道,0
100000,,牡丹江市,马娟个人工作室,Z,90,XCX,2,35.6,F,汉,7047,4,01,RELATIVES,RELATIVES,1,91.946,黑龙江省,CONSUME,01,,45.27276340060764,130.25819851345486,ANDROID,,黑龙江省牡丹江市林口县林口镇建华路,0
100000,,牡丹江市,马娟个人工作室,Z,90,XCX,2,35.6,F,汉,7047,4,01,RELATIVES,RELATIVES,1,91.946,黑龙江省,CONSUME,01,,45.27276340060764,130.25819851345486,ANDROID,,黑龙江省牡丹江市林口县林口镇建华路,0
100000,102,重庆市,重庆市千代广告公司,R,17,APP,3,40.7,M,汉,3670,2,01,MATE,FATHER,1,70.0,重庆市,CONSUME,01,,29.449568565246744,106.55882055597884,ANDROID,,重庆市巴南区花溪街道,0
100000,,邯郸市,成安县龙跃贸易有限公司,C,24,APP,2,45.2,M,汉,5783,4,01,FATHER,MOTHER,1,70.0,河北省,CONSUME,01,,36.427145,114.685461,ANDROID,,河北省邯郸市成安县成安镇曙光东路,0
100000,104,西安市,新华保险股份有限公司,J,13,APP,4,34.3,M,汉,4563,2,01,FATHER,FRIENDS,2,70.0,陕西省,CONSUME,01,,34.306346,108.63162,ANDROID,,陕西省咸阳市秦都区渭滨街道汉仓路,0
100000,,潍坊市,青州龙马控股,Z,90,XCX,3,28.4,M,汉,851,2,01,FRIENDS,FRIENDS,2,70.0,山东省,CONSUME,01,,36.724876,118.476272,ANDROID,,山东省潍坊市青州市王母宫经济发展区玲珑山北路1758,0
100000,,金华市,浙江省横店影视城有限公司,Z,90,XCX,2,39.3,M,汉,3758,4,01,MATE,FRIENDS,1,70.0,浙江省,CONSUME,01,,29.163243309080327,120.30261616032986,ANDROID,,浙江省金华市东阳市横店镇富民路,0
100000,105,永州市,大河精密五金有限公司,C,24,XCX,2,35.4,M,汉,6178,3,01,RELATIVES,FRIENDS,1,70.0,湖南省,CONSUME,01,,26.458951,111.616132,ANDROID,,湖南省永州市冷水滩区菱角山街道永州大道,0
100000,103,秦皇岛市,河北亚诺达环保设备安装有限公司,E,24,XCX,4,38.1,M,汉,5728,4,01,MATE,COLLEAGUE,1,70.0,河北省,CONSUME,01,,38.42247986001273,115.32910109966864,ANDROID,,河北省保定市安国市祁州路街道药城大街48号,0
100000,306,茂名市,佛山市伊波利陶瓷,C,24,APP,3,33.5,M,汉,5311,3,01,RELATIVES,FRIENDS,2,70.0,广东省,CONSUME,01,,21.633085774575155,110.95531192693164,ANDROID,,广东省茂名市茂南区羊角镇,0
100000,,镇江市,句容恒创英语培训中心有限公司,P,13,XCX,3,29.9,F,汉,255,4,01,PARENTS,COLLEAGUE,1,70.0,江苏省,CONSUME,01,,31.955103831744616,119.176247521193602,ANDROID,,江苏省镇江市句容市华阳街道崇明西路辅路,0
100000,,阳春市,阳春市卷闸厂,H,54,APP,2,44.7,M,汉,4116,2,01,RELATIVES,FRIENDS,1,70.0,广东省,CONSUME,01,,22.177288,111.801297,ANDROID,,广东省阳江市阳春市春城街道长坡路,0
100000,,宝鸡市,宝鸡忠信通讯有限公司,Z,90,APP,4,46.8,M,汉,293,3,01,SIBLING,COLLEAGUE,1,70.0,陕西省,CONSUME,01,,34.367386,107.215895,ANDROID,,陕西省宝鸡市金台区陈仓镇团结东路,0
100000,310,舟山市,上海隽造实业有限公司,C,24,APP,4,39.7,F,汉,4536,2,01,MATE,FRIENDS,1,70.0,浙江省,CONSUME,01,,30.02449159020286,122.14615640835609,ANDROID,,浙江省舟山市定海区城东街道,0
100000,,达州市,踏界者汽车脚垫源头工厂,Z,90,XCX,2,24.1,M,汉,824,3,01,PARENTS,FRIENDS,2,70.0,四川省,CONSUME,01,,22.982032476711824,113.94776091853328,ANDROID,,广东省东莞市东坑镇长安塘长安路,0
100000,,达州市,踏界者汽车脚垫源头工厂,Z,90,XCX,2,24.1,M,汉,824,3,01,PARENTS,FRIENDS,2,70.0,四川省,CONSUME,01,,22.982032476711824,113.94776091853328,ANDROID,,广东省东莞市东坑镇长安塘长安路,0
100000,,南宁市,文德经营管理有限公司,H,54,XCX,3,46.6,M,壮,610,2,01,MATE,COLLEAGUE,1,92.0,广西壮族自治区,CONSUME,01,,22.215515662229035,113.3034672545293,IOS,,广东省珠海市斗门区白蕉镇同心中路215号,0
100000,,南京市,夏文庭个人工作室,Z,90,XCX,2,44.5,F,汉,4076,4,,MATE,CHILDREN,1,94.851,江苏省,CONSUME,01,,31.95384331597222,119.19369818793403,ANDROID,,江苏省镇江市句容市华阳街道葛玄路,0
100000,,宜春市,福建和众鞋材有限公司,C,24,APP,3,35.3,M,汉,5027,2,01,FATHER,SIBLING,2,70.0,江西省,CONSUME,02,,24.73703,118.525519,ANDROID,,福建省泉州市晋江市灵源街道中华路,0
100000,102,哈尔滨市,哈尔滨外滩湿地建设运营有限公司,Z,90,APP,3,34.3,M,汉,4697,2,01,MATE,COLLEAGUE,1,83.045,黑龙江省,CONSUME,01,,45.759622,126.597952,ANDROID,,黑龙江省哈尔滨市道里区安和街道上海街66号,0
100000,105,岳阳市,智鹿大药房,H,54,APP,2,42.7,F,汉,5115,3,01,FATHER,FRIENDS,1,89.559,湖南省,CONSUME,01,,28.20963915328861,113.09437733461904,ANDROID,,湖南省长沙市芙蓉区东湖街道新建路,0
100000,,太原市,北京中公教育科技有限公司山西分公司,G,13,XCX,3,35.2,M,汉,4352,4,01,FATHER,FRIENDS,2,70.0,山西省,CONSUME,01,,37.80464,112.577465,IOS,,山西省太原市小店区坞城街道师范街6号,0
100000,102,佛山市,深圳市万唯房地产咨询有限公司,L,17,APP,3,33.9,F,汉,596,4,01,MATE,FATHER,1,70.0,广东省,CONSUME,01,,23.071820143554736,112.47426571886349,ANDROID,,广东省肇庆市端州区城东街道岩前宝环大道,0
100000,302,哈尔滨市,水木兰幼儿园,P,13,APP,4,38.3,F,汉,4395,2,01,RELATIVES,FRIENDS,1,70.0,黑龙江省,CONSUME,01,,45.718595719945408,126.55839698586914,ANDROID,,黑龙江省哈尔滨市道里区工农街道工农大街,0
100000,103,安庆市,莉莉美容,O,17,XCX,3,34.9,F,汉,5942,4,01,FRIENDS,FRIENDS,1,70.0,安徽省,CONSUME,01,,30.18139729817708,120.2705655924479,IOS,,浙江省杭州市萧山区北干街道永金路274号,0
100000,102,鞍山市,西响服装厂,C,24,APP,2,46.1,F,汉,751,2,01,RELATIVES,FRIENDS,2,70.0,辽宁省,CONSUME,01,,40.8386498258007,122.78497960131378,ANDROID,,辽宁省鞍山市海城市响堂街道,0
100000,,昆明市,宜良张顺英诊所,Q,11,APP,3,31.0,F,汉,6005,4,01,PARENTS,RELATIVES,1,70.0,云南省,CONSUME,01,,24.927450153133756,103.14883501537739,ANDROID,,云南省昆明市宜良县匡远街道永昌街北段,0
100000,302,甘孜藏族自治州,成都鲸落海蓝科技有限公司,G,13,APP,3,28.3,M,汉,1323,2,01,FATHER,FRIENDS,2,70.0,四川省,CONSUME,01,,30.701863503765155,103.83703941056372,ANDROID,,四川省成都市温江区柳城街道行署路4号,0
100000,103,丰城市,鄢礼旋个人工作室,Z,90,APP,2,31.0,M,汉,512,2,01,FRIENDS,COLLEAGUE,1,70.0,江西省,CONSUME,02,,27.340618,118.132797,ANDROID,,福建省南平市建阳区潭城街道,0
100000,102,重庆市,中铁十六局集团路桥工程有限公司,E,24,APP,4,32.5,M,汉,6510,4,01,FATHER,FRIENDS,1,84.882,重庆市,CONSUME,01,,40.39417549596498,116.85330650345587,ANDROID,,北京市密云区鼓楼街道车站路14号,0
100000,102,南京市,上海慈俭网络科技有限公司,G,13,APP,4,45.9,M,汉,4739,2,01,MATE,FRIENDS,1,85.473,江苏省,CONSUME,01,,31.160174535754515,121.16522897325109,ANDROID,,上海市青浦区香花桥街道崧华路618,0
100000,,泉州市,磁灶镇腾峰办公用品经营部,Z,90,XCX,2,36.3,M,汉,3542,2,01,MATE,FRIENDS,1,91.413,福建省,CONSUME,01,,24.775597740447244,118.47568719991546,ANDROID,,福建省泉州市晋江市内坑镇景山路,0
100000,,郑州市,中国建筑第二工程局有限公司核电建设公司,E,24,XCX,4,42.3,M,汉,3185,4,01,FATHER,FRIENDS,1,70.0,河南省,CONSUME,01,,34.74391333333333,113.78314666666665,ANDROID,,河南省郑州市管城回族区圃田乡商都路辅路,0
100000,,陇南市,抛沙镇人民政府,Z,90,XCX,4,40.4,M,汉,3837,3,01,FRIENDS,COLLEAGUE,1,70.0,甘肃省,CONSUME,01,,33.72638184507868,105.68868532187556,ANDROID,,甘肃省陇南市成县抛沙镇,0
100000,103,宁安市,牡丹江市星华汽车维修服务有限公司,O,17,XCX,3,26.2,M,汉,1380,2,01,RELATIVES,FRIENDS,2,70.0,黑龙江省,CONSUME,01,,44.34867160373264,129.4729451497396,ANDROID,,黑龙江省牡丹江市宁安市宁安镇北园街,0
100000,,信阳市,中国建材有限公司,H,54,APP,2,24.6,M,汉,1242,2,01,FATHER,RELATIVES,2,70.0,河南省,CONSUME,02,,31.434556,119.755142,ANDROID,,江苏省无锡市宜兴市高塍镇圣安路,0
100000,105,枣庄市,金汇铝业,H,54,APP,2,46.3,M,汉,848,2,,COLLEAGUE,FRIENDS,1,70.0,山东省,CONSUME,01,,34.988281483565149,117.17630512686816,ANDROID,,山东省枣庄市滕州市南沙河镇,1
100000,,宜春市,宁波得力集团,Z,90,APP,2,28.0,M,汉,1037,3,01,FATHER,FRIENDS,2,70.0,江西省,CONSUME,01,,30.190004,121.068856,ANDROID,,浙江省宁波市余姚市泗门镇泗门互通,0
100000,,淮南市,安徽景源工程咨询管理有限公司,Z,90,XCX,4,41.8,M,汉,4160,3,01,PARENTS,FRIENDS,1,70.0,安徽省,CONSUME,01,,31.830944607084935,117.3146183308927,ANDROID,,安徽省合肥市包河区望湖街道万罗山路,0
100000,103,淮安市,爱花副食品商行,H,54,APP,2,46.2,M,汉,100,2,01,OTHER,OTHER,1,70.0,江苏省,CONSUME,01,,31.847446648737877,120.01075305204236,IOS,,江苏省无锡市江阴市璜土镇岐上路,0
100000,105,宣城市,浦发银行宣城分行,J,13,APP,4,27.9,F,汉,963,4,01,FATHER,FRIENDS,2,90.339,安徽省,CONSUME,01,,30.933570169880686,118.739917313943,ANDROID,,安徽省宣城市宣州区鳌峰街道白水路,0
100000,103,榆林市,靖边一汽大众县恒博4S店,H,54,APP,2,45.0,M,汉,3908,3,01,FATHER,FATHER,1,70.0,陕西省,CONSUME,01,,38.0162425487609,109.31215931595158,ANDROID,,陕西省榆林市横山区城关街道,0
100000,,岳阳市,品匠门的,Z,90,APP,2,34.7,M,汉,406,2,01,PARENTS,COLLEAGUE,1,70.0,湖南省,CONSUME,01,,28.316099,113.064958,ANDROID,,湖南省长沙市长沙县安沙镇纬三路,0
100000,105,巴中市,巴中市华兴建筑有限公司,E,24,APP,2,32.8,M,汉,5570,2,01,MATE,SIBLING,1,70.0,四川省,CONSUME,01,,30.692967,103.82835,ANDROID,,四川省成都市温江区柳城街道大河街29-、31号,0
100000,103,泰州市,靖江市润荣机械制造有限公司,C,24,XCX,2,35.0,M,汉,4299,2,01,MATE,SIBLING,1,70.0,江苏省,CONSUME,01,,31.994786362868113,120.26922979595286,ANDROID,,江苏省泰州市靖江市靖城街道X207(通江路),0
100000,,岳阳市,品匠门的,Z,90,APP,2,34.7,M,汉,406,2,01,PARENTS,COLLEAGUE,1,70.0,湖南省,CONSUME,01,,28.316099,113.064958,ANDROID,,湖南省长沙市长沙县安沙镇纬三路,0
100000,105,荆州市,武汉其乐传媒有限公司,R,17,APP,4,27.3,M,汉,1334,4,01,MATE,FRIENDS,2,70.0,湖北省,CONSUME,01,,30.392121705964909,114.43643177280532,ANDROID,,湖北省武汉市江夏区武汉江夏经济开发区藏龙岛高新技术产业园S101(南环线),0
100000,,渭南市,澄城县保兴科贸有限公司,H,54,XCX,3,42.0,F,汉,3821,4,01,FATHER,FRIENDS,1,100.0,陕西省,CONSUME,01,,28.236892903645835,113.08145887586805,IOS,,湖南省长沙市长沙县星沙街道金茂路,0
100000,105,随州市,金正家具厂,Z,90,APP,3,26.1,M,汉,2018,3,01,FRIENDS,RELATIVES,2,89.44,湖北省,CONSUME,01,,38.22453879322825,115.20003545027832,ANDROID,,河北省石家庄市深泽县留村乡中心路,0
100000,,保山市,腾冲市固东怡鑫货运部,C,24,XCX,2,33.6,M,汉,6124,3,01,PARENTS,MATE,1,70.0,云南省,CONSUME,01,,25.362645353465564,98.47928359669686,ANDROID,,云南省保山市腾冲市固东镇,0
100000,102,周口市,晟铭电子有限公司,G,13,APP,2,27.1,M,汉,7030,2,01,PARENTS,MATE,2,70.0,河南省,CONSUME,01,,29.918164670189154,121.87797590693583,ANDROID,,浙江省宁波市北仑区霞浦街道,0
100000,,白城市,大连涵海建筑,Z,90,XCX,3,38.4,M,汉,3977,4,01,MATE,FRIENDS,1,70.0,吉林省,CONSUME,01,,28.23086697048611,112.87752739800347,ANDROID,,湖南省长沙市岳麓区天顶街道尖山路,0
100000,,大理白族自治州,何建新个人工作室,Z,90,XCX,3,45.1,M,汉,4106,4,01,CHILDREN,MATE,1,70.0,云南省,CONSUME,01,,25.407866574871368,100.54468354452358,ANDROID,,云南省大理白族自治州祥云县祥城镇,1
100000,103,衡阳市,珠海鹏深实业有限公司,C,24,APP,2,36.6,F,汉,4572,4,01,CHILDREN,COLLEAGUE,1,70.0,湖南省,CONSUME,01,,22.153605271415495,113.36816211953064,ANDROID,,广东省珠海市斗门区白藤街道珠海大道,0
100000,102,佛山市,广州市方源教育培训中心,P,13,XCX,3,27.5,M,汉,216,2,01,FATHER,FRIENDS,2,88.555,广东省,CONSUME,01,,23.08114049980419,113.22247835695798,ANDROID,,广东省广州市荔湾区东漖街道东漖南路53号,0
100000,103,南平市,黄闽扬个人工作室,Z,90,APP,3,23.5,M,汉,1870,2,01,FATHER,FRIENDS,2,86.097,福建省,CONSUME,01,,24.66575207709635,118.26422088195624,IOS,,福建省厦门市翔安区马巷街道G324(福昆线),0
100000,,岳阳市,吴创个人工作室,Z,90,XCX,2,38.3,M,汉,5847,4,01,MATE,FATHER,1,70.0,湖南省,CONSUME,01,,28.822404139616837,112.9543417164972,ANDROID,,湖南省岳阳市湘阴县三塘镇X056,0
100000,,桂林市,农傈程个人工作室,Z,90,XCX,4,23.0,M,汉,1717,2,01,MATE,SIBLING,2,85.22485,广西壮族自治区,CONSUME,01,,38.990776883686688,117.37611513929336,IOS,,天津市津南区咸水沽镇红旗路,0
100000,103,禹城市,禹城市发展和改革局,Z,90,XCX,4,36.2,M,汉,4493,4,01,FRIENDS,FRIENDS,2,70.0,山东省,CONSUME,01,,36.92583,116.651886,ANDROID,,山东省德州市禹城市市中街道汉槐街197号,0
100000,,岳阳市,湖南羊城工程检测公司,L,17,XCX,2,41.8,M,汉,4853,4,01,MATE,FRIENDS,1,70.0,湖南省,CONSUME,01,,28.743751085069444,112.76902587890625,ANDROID,,湖南省岳阳市湘阴县三塘镇,0
100000,,昭通市,昭通市信庆科技有限公司,G,13,XCX,2,37.9,M,汉,4438,2,01,MATE,SIBLING,1,70.0,云南省,CONSUME,01,,28.492339409722224,104.1284556749132,ANDROID,,云南省昭通市水富市太平镇,0
100000,104,常州市,常州金坛旺金轴承有限公司,C,24,XCX,4,36.0,M,汉,4517,3,01,FRIENDS,FRIENDS,1,70.0,江苏省,CONSUME,01,,31.726181,119.595403,ANDROID,,江苏省常州市金坛区西城街道徐塘路,0
100000,,南京市,钟欣个人工作室,Z,90,APP,3,43.1,M,汉,2927,4,01,MATE,FRIENDS,1,70.0,江苏省,CONSUME,01,,32.15959577591082,118.74721941036889,ANDROID,,江苏省南京市浦口区沿江街道浦洲路,0
100000,104,淄博市,元刚机械有限公司,C,24,APP,2,37.0,M,汉,4080,4,01,RELATIVES,SIBLING,1,86.432,山东省,CONSUME,01,,37.37330059034518,122.576249499493,ANDROID,,山东省威海市荣成市成山镇G228(成大东路),0
100000,104,成都市,菜鸟驿站,I,54,APP,2,30.1,M,汉,1456,3,,FATHER,COLLEAGUE,2,70.0,四川省,CONSUME,04,,35.23839091833879,110.36063424273823,ANDROID,,陕西省渭南市合阳县百良镇沿黄观光路,0
100000,,泰州市,泰州市姜堰区桥头镇人民政府,S,11,APP,4,38.4,F,汉,3829,4,01,OTHER,OTHER,1,70.0,江苏省,CONSUME,02,,32.49860194802643,120.1409312263053,IOS,,江苏省泰州市姜堰区罗塘街道花园路,1
100000,102,南通市,江苏恒峰精细化工,C,24,APP,2,46.8,M,汉,4844,4,01,MATE,FRIENDS,1,70.0,江苏省,CONSUME,02,,32.529992,121.01364,ANDROID,,江苏省南通市如东县洋口镇越江大道,0
100000,,保山市,刘畅个人工作室,Z,90,XCX,2,26.9,F,汉,2204,4,01,SIBLING,FRIENDS,1,70.0,云南省,CONSUME,01,,24.816836480034723,99.6045326063368,ANDROID,,云南省保山市昌宁县田园镇G357,0
100000,307,重庆市,皇宇建筑,E,24,XCX,2,28.7,M,汉,1931,4,01,FATHER,SIBLING,2,90.398,重庆市,CONSUME,01,,23.016327402042383,113.69728367455123,ANDROID,,广东省东莞市万江街道简沙洲商业街北路,0
100000,,驻马店市,陈小敏个人工作室,Z,90,APP,3,37.8,F,汉,3862,4,01,MATE,FATHER,1,70.0,河南省,CONSUME,01,,32.67252051851292,115.05452252167362,ANDROID,,河南省驻马店市新蔡县宋岗乡,0
100000,103,日照市,北京厚德财通有限公司,Z,90,XCX,4,22.6,M,汉,1246,3,01,COLLEAGUE,FRIENDS,2,84.862,山东省,CONSUME,01,,36.26212477054743,120.41556801881,ANDROID,,山东省青岛市城阳区流亭街道G20(流亭大桥),0
100000,103,日照市,北京厚德财通有限公司,Z,90,XCX,4,22.6,M,汉,1246,3,01,COLLEAGUE,FRIENDS,2,84.862,山东省,CONSUME,01,,36.26212477054743,120.41556801881,ANDROID,,山东省青岛市城阳区流亭街道G20(流亭大桥),0
100000,,衢州市,黄寅萍个人工作室,Z,90,XCX,3,47.2,F,汉,2956,2,01,FATHER,FATHER,1,70.0,浙江省,CONSUME,01,,30.2488232421875,120.1802655707465,IOS,,浙江省杭州市上城区小营街道环城东路12-6号,0
100000,,合肥市,五金机电,H,54,XCX,2,34.1,M,汉,4662,2,01,PARENTS,SIBLING,1,70.0,安徽省,CONSUME,01,,31.799359,116.872427,ANDROID,,安徽省合肥市肥西县官亭镇张祠路,0
100000,102,达州市,李陈个人工作室,Z,90,APP,3,33.4,M,汉,4600,3,01,FATHER,FRIENDS,2,70.0,四川省,CONSUME,01,,30.520219,105.552106,ANDROID,,四川省遂宁市船山区北固镇象山路,0
100000,,常德市,湖南云滨信息技术有限公司,G,13,XCX,4,23.8,M,汉,2267,3,01,FATHER,FRIENDS,2,77.711914,湖南省,CONSUME,01,,28.125573668314073,113.0194588049274,ANDROID,,湖南省长沙市雨花区井湾子街道井湾路724号,0
100000,105,泉州市,清河区合富陶瓷经营部,H,54,APP,3,38.5,M,汉,4387,4,01,MATE,FRIENDS,1,99.0,福建省,CONSUME,01,,33.601588692213699,119.01403955794723,ANDROID,,江苏省淮安市清江浦区府前街道清江电机路8号-5区-10号,0
100000,,自贡市,张天富个人工作室,Z,90,XCX,4,42.9,M,汉,3737,4,01,CHILDREN,COLLEAGUE,1,70.0,四川省,CONSUME,01,,39.94239346470301,116.40187056455446,ANDROID,,北京市东城区安定门街道安定门内大街193号,0
100000,,上饶市,上饶市荣盛商贸有限公司,H,54,XCX,4,37.7,F,汉,4174,2,01,SIBLING,FRIENDS,1,70.0,江西省,CONSUME,01,,28.472827192623475,118.01542616232452,ANDROID,,江西省上饶市信州区灵溪街道,0
100000,,沈阳市,辽宁省肿瘤医院,Q,11,APP,4,40.5,M,汉,4830,3,01,COLLEAGUE,FRIENDS,2,83.881,辽宁省,CONSUME,02,,41.795005,123.473004,ANDROID,,辽宁省沈阳市大东区万泉街道管城一街6号,0
100000,,自贡市,张天富个人工作室,Z,90,XCX,4,42.9,M,汉,3737,4,01,CHILDREN,COLLEAGUE,1,70.0,四川省,CONSUME,01,,39.94239346470301,116.40187056455446,ANDROID,,北京市东城区安定门街道安定门内大街193号,0
100000,105,亳州市,中国建筑有限公司,E,24,APP,2,28.1,M,汉,1505,2,01,MATE,FRIENDS,1,70.0,安徽省,CONSUME,01,,33.863949,115.78355,ANDROID,,安徽省亳州市谯城区薛阁街道龙葵路,0
100000,,赣州市,江西跃陆科技有限公司,F,17,APP,4,29.2,F,汉,1211,4,01,MATE,FRIENDS,2,97.35263,江西省,CONSUME,01,,25.729582668341235,114.82324809378713,ANDROID,,江西省赣州市南康区龙岭镇,0
100000,,常德市,湖南湘粤人力资源有限公司,Z,90,XCX,4,35.9,M,汉,6658,3,01,FATHER,FATHER,1,70.0,湖南省,CONSUME,01,,29.590506,106.45925,ANDROID,,重庆市江北区石马河街道盘桂路,0
100000,,绵阳市,中国五冶,E,24,APP,2,34.7,M,汉,6489,4,01,PARENTS,FRIENDS,2,70.0,四川省,CONSUME,01,,30.975648942356103,105.10060236231426,ANDROID,,四川省绵阳市三台县新生镇富民街,0
100000,,三明市,暂未提供公司名称,Z,90,XCX,2,36.2,M,汉,6796,2,01,COLLEAGUE,SIBLING,2,70.0,福建省,CONSUME,01,,24.862249,118.536851,ANDROID,,福建省泉州市晋江市池店镇崇文街,0
100000,104,青岛市,京喜超市,Z,90,APP,3,41.2,F,汉,5125,4,01,RELATIVES,PARENTS,1,70.0,山东省,CONSUME,01,,35.90240007085806,120.12780172032028,ANDROID,,山东省青岛市黄岛区灵山卫街道,0
100000,103,信阳市,固始县妙香茶业,C,24,APP,3,39.1,F,汉,4122,4,01,CHILDREN,FRIENDS,1,70.0,河南省,CONSUME,01,,32.13736173112963,115.66234478066618,ANDROID,,河南省信阳市固始县城郊乡根亲大道,0
100000,104,镇江市,江苏省恒隆科技股份有限公司,G,13,APP,3,29.0,M,汉,1019,4,01,SIBLING,FRIENDS,2,70.0,江苏省,CONSUME,01,,31.767462511142236,120.02237387917141,ANDROID,,江苏省常州市武进区潞城街道X001(外环路),0
100000,105,莱芜市,方晓刚个人工作室,H,54,APP,4,25.1,M,汉,473,3,01,FATHER,FRIENDS,2,70.0,山东省,CONSUME,01,,36.239631,117.643051,ANDROID,,山东省济南市莱芜区张家洼街道嬴牟西大街,0
100000,103,重庆市,何代芳个人工作室,I,54,APP,2,36.3,F,苗,5582,2,01,FRIENDS,RELATIVES,3,70.0,重庆市,CONSUME,01,,29.588008,106.541607,ANDROID,,重庆市渝北区龙塔街道红黄路234号,0
100000,,合肥市,含山县马巢道路救援服务有限公司,F,17,XCX,3,39.8,M,汉,4373,4,01,MATE,FRIENDS,1,70.0,安徽省,CONSUME,02,,31.71506781684028,118.09444254557292,ANDROID,,安徽省马鞍山市含山县环峰镇环城南路,0
100000,,惠州市,惠州市溢峰设计科技有限公司,E,24,XCX,3,38.1,M,汉,3267,4,01,MATE,FRIENDS,1,70.0,广东省,CONSUME,01,,22.89188983986485,113.74814441768199,ANDROID,,广东省东莞市厚街镇S6(广龙高速),0
100000,,惠州市,惠州市溢峰设计科技有限公司,E,24,XCX,3,38.1,M,汉,3267,4,01,MATE,FRIENDS,1,70.0,广东省,CONSUME,01,,22.89188983986485,113.74814441768199,ANDROID,,广东省东莞市厚街镇S6(广龙高速),0
100000,105,丽江市,永胜县广恒文化传媒有限责任公司,R,17,APP,4,35.1,M,汉,5504,4,01,FATHER,FRIENDS,2,70.0,云南省,CONSUME,01,,26.684526,100.748548,ANDROID,,云南省丽江市永胜县永北镇G353(环城南路),0
100000,102,六安市,金手指保健事业服务部,O,17,XCX,3,40.3,M,汉,6131,4,01,MATE,FRIENDS,1,83.832,安徽省,CONSUME,01,,31.88784065802752,118.80257561672576,ANDROID,,江苏省南京市江宁区秣陵街道纬五路,0
100000,,黄冈市,市城乡环境卫生管理局,S,11,XCX,2,46.9,M,汉,5328,4,01,MATE,FRIENDS,1,70.0,湖北省,CONSUME,02,,29.851108,115.569428,ANDROID,,湖北省黄冈市武穴市武穴街道永宁大道东119号,0
100000,103,徐州市,庄乐乐个人工作室,Z,90,APP,2,34.2,M,汉,4993,4,01,MATE,FATHER,1,70.0,江苏省,CONSUME,01,,31.731485306948078,119.91055469221344,ANDROID,,江苏省常州市武进区湖塘镇淹城路,0
100000,,襄阳市,浙江省杭州市博日科技有限公司,Z,90,APP,3,40.6,M,汉,4192,3,01,PARENTS,COLLEAGUE,1,84.356,湖北省,CONSUME,01,,30.287196635039206,120.50593889447929,ANDROID,,浙江省杭州市钱塘区义蓬街道灯三线,0
100000,,广州市,国泰君安证券股份有限公司,J,13,APP,4,29.3,M,汉,2438,4,,SIBLING,FRIENDS,2,82.827,广东省,CONSUME,01,,32.045624,118.752372,ANDROID,,江苏省南京市鼓楼区凤凰街道凤凰西街16号-2,0
100000,,襄阳市,浙江省杭州市博日科技有限公司,Z,90,APP,3,40.6,M,汉,4192,3,01,PARENTS,COLLEAGUE,1,84.356,湖北省,CONSUME,01,,30.287196635039206,120.50593889447929,ANDROID,,浙江省杭州市钱塘区义蓬街道灯三线,0
100000,403,丽水市,鸿叶缘日用品有限公司,C,24,APP,2,29.1,F,汉,532,4,01,MOTHER,FRIENDS,2,70.0,浙江省,CONSUME,01,,29.7813123110047,121.42662423969506,IOS,,浙江省宁波市海曙区洞桥镇S214,0
100000,102,徐州市,新琪腾建筑安装有限公司,E,24,APP,2,36.1,M,汉,4796,3,01,MOTHER,COLLEAGUE,2,70.0,江苏省,CONSUME,01,,31.332072,120.838459,ANDROID,,江苏省苏州市苏州工业园区胜浦街道尖浦路,0
100000,,楚雄彝族自治州楚雄市,楚雄大咖娱乐城,R,17,XCX,2,30.7,M,汉,1904,4,01,SIBLING,FRIENDS,1,70.0,云南省,CONSUME,01,,25.043634480188364,101.54783127837574,ANDROID,,云南省楚雄彝族自治州楚雄市东瓜镇双建路48号,0
100000,102,徐州市,新琪腾建筑安装有限公司,E,24,APP,2,36.1,M,汉,4796,3,01,MOTHER,COLLEAGUE,2,70.0,江苏省,CONSUME,01,,31.332072,120.838459,ANDROID,,江苏省苏州市苏州工业园区胜浦街道尖浦路,0
100000,102,盐城市,正易地产,K,17,APP,2,33.9,F,汉,4540,4,01,PARENTS,FRIENDS,3,70.0,江苏省,CONSUME,01,,33.4006919889917,120.07074297618066,ANDROID,,江苏省盐城市亭湖区新兴镇永建路南延,0
100000,,金华市,汽车配件有限公司,C,24,XCX,4,30.3,M,汉,6336,4,01,FATHER,FRIENDS,2,70.0,浙江省,CONSUME,01,,28.85205293715846,119.72416113076464,ANDROID,,浙江省金华市武义县王宅镇X306(前古线),0
100000,103,佛山市,顺德渔村餐饮服务有限公司,I,54,XCX,2,43.3,M,汉,2623,2,,MATE,SIBLING,1,70.0,广东省,CONSUME,01,,22.95090142144097,113.69879096137153,ANDROID,,广东省东莞市厚街镇将军路,0
100000,105,荆州市,罗闽文个人工作室,Z,90,XCX,4,34.4,F,汉,5756,3,01,MOTHER,FRIENDS,2,85.82,湖北省,CONSUME,01,,22.63778196740556,114.01721095656622,IOS,,广东省深圳市龙华区民治街道S360(布龙路辅路),0
100000,103,济宁市,太阳纸业股份有限公司,C,24,APP,3,36.8,M,汉,5693,3,01,MATE,COLLEAGUE,2,70.0,山东省,CONSUME,01,,35.556346,116.816101,ANDROID,,山东省济宁市兖州区鼓楼街道建设东路301号,0
100000,105,商洛市,中建西部建设山西有限公司,Z,90,APP,4,32.9,M,汉,6518,2,,MOTHER,FRIENDS,2,70.0,陕西省,CONSUME,03,,38.028846488676297,112.53882135454129,ANDROID,,山西省太原市尖草坪区西墕乡西墕枢纽,0
100000,103,海门市,上海喆多电子商务有限公司,Z,90,XCX,4,30.0,F,汉,1638,3,01,PARENTS,OTHER,2,79.9467,江苏省,CONSUME,01,,31.35128754844091,121.36977782634249,ANDROID,,上海市宝山区顾村镇菊盛路53号,0
100000,,运城市,运城市应急救援大队,Z,90,APP,3,33.1,M,汉,5764,4,01,COLLEAGUE,FRIENDS,1,88.635,山西省,CONSUME,01,,35.027492,110.979099,ANDROID,,山西省运城市盐湖区西城街道货场东路,0
100000,104,南京市,南京瑞格汽车配件公司,Z,90,XCX,3,38.1,M,汉,3749,2,,PARENTS,COLLEAGUE,1,70.0,江苏省,CONSUME,01,,31.940872438132084,118.70365223781093,ANDROID,,江苏省南京市雨花台区梅山街道,0
100000,,济南市,济南比亚迪汽车,Z,90,XCX,2,25.5,M,汉,2145,2,01,FATHER,MOTHER,2,70.0,山东省,CONSUME,01,,36.850932888454864,117.11166476779513,ANDROID,,山东省济南市济阳区崔寨街道义和庄街,0
100000,,天津市,天津市津西检测试验有限责任公司,L,17,XCX,4,29.4,M,汉,65,2,01,FATHER,SIBLING,2,91.794,天津市,CONSUME,02,,39.14800024447455,117.16840049520447,ANDROID,,天津市红桥区芥园街道义德道,0
100000,104,驻马店市,杨波采耳修脚,O,17,XCX,2,32.7,M,汉,5598,4,01,MATE,SIBLING,1,70.0,河南省,CONSUME,01,,34.79381050034602,113.38942279956462,ANDROID,,河南省郑州市荥阳市京城路街道新民街,0
100000,104,重庆市,重庆拓达集团,H,54,XCX,3,39.2,M,汉,3747,3,01,RELATIVES,FRIENDS,1,70.0,重庆市,CONSUME,01,,29.504465,106.456102,ANDROID,,重庆市九龙坡区二郎街道双山路,0
100000,403,菏泽市,刘何师个人工作室,Z,90,APP,2,34.1,M,汉,5791,4,01,MATE,FATHER,1,70.0,山东省,CONSUME,01,,35.27846984668046,115.7631700105707,ANDROID,,山东省菏泽市牡丹区沙土镇,0
100000,,九江市,小雷水果炒货,H,54,XCX,2,39.7,M,汉,5396,2,01,MATE,FRIENDS,1,95.0,江西省,CONSUME,01,,29.03117586795911,114.55356797638683,ANDROID,,江西省九江市修水县义宁镇宁红社区健走步道,0
100000,104,七台河市,磐石模具,H,54,XCX,3,35.1,M,汉,6290,4,01,RELATIVES,OTHER,1,70.0,黑龙江省,CONSUME,01,,45.79177851112703,130.91097964850699,ANDROID,,黑龙江省七台河市新兴区新安街道雄鹰路,0
100000,102,亳州市,国道（北京）出入境服务有限公司,H,54,XCX,3,30.2,F,回,6847,4,01,PARENTS,FRIENDS,2,95.072,安徽省,CONSUME,01,,39.90807175354453,116.49200230472857,IOS,,北京市朝阳区高碑店(地区)乡建国路,0
100000,102,芜湖市,桃花园美容美发,O,17,APP,2,36.1,F,汉,5237,2,01,FATHER,OTHER,1,88.095,安徽省,CONSUME,01,,32.269938984569289,117.79301789465711,IOS,,安徽省滁州市定远县大桥镇,0
100000,104,七台河市,磐石模具,H,54,XCX,3,35.1,M,汉,6290,4,01,RELATIVES,OTHER,1,70.0,黑龙江省,CONSUME,01,,45.79177851112703,130.91097964850699,ANDROID,,黑龙江省七台河市新兴区新安街道雄鹰路,0
100000,105,常德市,湖南仁达装饰设计工程有限公司,E,24,XCX,4,29.3,F,汉,269,2,,MOTHER,FRIENDS,2,89.228,湖南省,CONSUME,01,,28.064994383210704,112.91542967800929,IOS,,湖南省长沙市岳麓区坪塘街道潇湘大道景观道,0
100000,309,合肥市,陈剑桥个人工作室,Z,90,XCX,2,32.8,M,汉,1181,4,01,MATE,FATHER,2,70.0,安徽省,CONSUME,01,,31.940083301505579,117.86496904527911,ANDROID,,安徽省滁州市全椒县古河镇,0
100000,,永州市,湖南省产商品质量检验研究院,Z,90,APP,3,22.9,M,汉,2768,4,01,FATHER,RELATIVES,2,79.32174,湖南省,CONSUME,01,,28.153068587875035,112.99812261178364,ANDROID,,湖南省长沙市雨花区砂子塘街道桔园路306号,0
100000,,洛阳市,个体公司,Z,90,XCX,4,29.9,F,汉,7139,2,01,MATE,FRIENDS,1,91.475,河南省,CONSUME,01,,34.584905333789659,112.3709650120234,IOS,,河南省洛阳市洛龙区古城街道开元大道辅路,0
100000,,上饶市,天荣机电安装有限公司,Z,90,XCX,2,43.8,F,汉,4478,4,01,MATE,FRIENDS,1,70.0,江西省,CONSUME,01,,29.79188397242997,121.49199062125799,ANDROID,,浙江省宁波市鄞州区姜山镇,0
100000,103,廊坊市,廊坊聚环建筑装饰工程有限公司,C,24,APP,2,30.1,M,汉,6972,4,01,CHILDREN,FRIENDS,1,79.425,河北省,CONSUME,01,,39.129846164066737,116.43954070875377,ANDROID,,河北省廊坊市霸州市康仙庄镇,0
100000,,铜川市,艾林萧个人工作室,Z,90,APP,4,26.0,M,汉,1696,2,01,FATHER,COLLEAGUE,2,70.0,陕西省,CONSUME,01,,34.207482,108.900082,ANDROID,,陕西省西安市雁塔区电子城街道雁南二路辅路,0
100000,,孝感市,湖北金卉庄园景区,N,17,XCX,3,47.8,M,汉,1049,3,01,MATE,COLLEAGUE,1,70.0,湖北省,CONSUME,01,,31.258543752408099,113.72011501881673,ANDROID,,湖北省孝感市安陆市李店镇,0
100000,,铜川市,艾林萧个人工作室,Z,90,APP,4,26.0,M,汉,1696,2,01,FATHER,COLLEAGUE,2,70.0,陕西省,CONSUME,01,,34.207482,108.900082,ANDROID,,陕西省西安市雁塔区电子城街道雁南二路辅路,0
100000,,楚雄彝族自治州,玉溪浩天科技有限公司,G,13,XCX,2,49.1,M,汉,222,4,01,FATHER,FRIENDS,1,70.0,云南省,CONSUME,01,,25.077209122836004,102.29207020670256,ANDROID,,云南省楚雄彝族自治州禄丰市勤丰镇,0
100000,103,盐城市,海州区孙方红广告经营部,R,17,XCX,2,47.7,M,汉,2661,4,01,MATE,FRIENDS,1,70.0,江苏省,CONSUME,01,,33.49612506434138,120.13550179805063,ANDROID,,江苏省盐城市亭湖区南洋镇兴洋线,0
100000,,镇江市,江苏麦王食品有限公司,C,24,XCX,4,26.1,F,汉,840,4,01,FATHER,SIBLING,1,70.0,江苏省,CONSUME,01,,32.174449598524305,119.67872395833334,ANDROID,,江苏省镇江市京口区大港街道华阳路,0
100000,102,大连市,新华保险,J,13,APP,2,46.2,F,汉,197,4,01,MATE,FATHER,1,70.0,辽宁省,CONSUME,01,,39.12490099037697,121.73685961526195,ANDROID,,辽宁省大连市金州区拥政街道,0
100000,308,西安市,西安海阔天地企业管理咨询有限公司,Z,90,XCX,2,41.4,M,汉,4292,4,01,MATE,SIBLING,1,89.89,陕西省,CONSUME,01,,34.3018450808953,108.9108115354501,ANDROID,,陕西省西安市未央区未央宫街道回澜桥,0
100000,,日照市,日照市穿越运输有限公司,F,17,APP,2,46.1,M,汉,744,3,01,SIBLING,MATE,1,70.0,山东省,CONSUME,01,,35.45196506076389,119.46360405815972,ANDROID,,山东省日照市东港区日照街道潍坊路,0
100000,,商洛市,镇安县小王工程队,E,24,APP,2,30.9,M,汉,493,4,01,FATHER,FATHER,2,70.0,陕西省,CONSUME,01,,33.423578,109.160994,ANDROID,,陕西省商洛市镇安县永乐街道G345(迎宾路),0
100000,,无锡市,江阴市丰华合成纤维有限公司,Z,90,APP,2,35.2,M,汉,7109,2,01,MATE,FRIENDS,1,70.0,江苏省,CONSUME,01,,31.824211945306357,120.40776879342651,ANDROID,,江苏省无锡市江阴市华士镇环村西路,0
100000,,常州市,威尔服装厂,Z,90,APP,2,35.6,F,汉,4010,4,01,FATHER,FRIENDS,1,82.53545,江苏省,CONSUME,01,,31.734530706496796,119.97349338746216,ANDROID,,江苏省常州市武进区湖塘镇金鸡东路1号,0
100000,,株洲市,中山逸秀金属表面处理有限公司,C,24,XCX,2,40.3,M,汉,5925,2,01,FATHER,COLLEAGUE,1,70.0,湖南省,CONSUME,01,,27.52223624234469,113.57331769065425,ANDROID,,湖南省株洲市醴陵市沈潭镇,0
100000,,安庆市,禧食记北京烤鸭（花桥店）,Z,90,XCX,3,49.1,M,汉,4121,4,01,MATE,COLLEAGUE,1,70.0,安徽省,CONSUME,01,,28.135398763020834,112.98626654730903,ANDROID,,湖南省长沙市天心区文源街道青园路163号,0
100000,403,龙岩市,翔业集团,H,54,APP,3,29.0,M,汉,564,4,01,PARENTS,FRIENDS,2,70.0,福建省,CONSUME,01,,24.532641079000176,118.13650216272574,ANDROID,,福建省厦门市湖里区禾山街道岐山北路,0
100000,,株洲市,中山逸秀金属表面处理有限公司,C,24,XCX,2,40.3,M,汉,5925,2,01,FATHER,COLLEAGUE,1,70.0,湖南省,CONSUME,01,,27.52223624234469,113.57331769065425,ANDROID,,湖南省株洲市醴陵市沈潭镇,0
100000,,金华市,东阳市画水凯莲麻绳加工厂,C,24,XCX,3,36.0,M,汉,4593,3,01,MATE,SIBLING,1,70.0,浙江省,CONSUME,01,,29.170300920567596,120.15510900580715,ANDROID,,浙江省金华市东阳市画水镇黄南线,0
100000,,德阳市,四川生生鞋业有限公司,C,24,APP,3,31.6,M,汉,5521,2,01,MATE,MOTHER,1,76.53772,四川省,CONSUME,01,,31.311076920250327,104.51234169910269,ANDROID,,四川省德阳市罗江区万安镇景乐北路23号,0
100000,103,曲靖市,山师华清鲁甸崇文中学,P,13,APP,4,28.4,F,汉,6729,2,01,MATE,FATHER,1,85.632,云南省,CONSUME,01,,24.87441341557583,104.31833171556575,ANDROID,,云南省曲靖市罗平县罗雄街道沂溪街,0
100000,403,徐州市,静海苑招待所,Z,90,APP,3,31.6,M,汉,191,3,01,PARENTS,FATHER,2,70.0,江苏省,CONSUME,01,,34.73148394172468,116.93660973718441,ANDROID,,江苏省徐州市沛县沛城街道五巷南头,0
100000,103,威海市,荣成市人和镇叁壹叁羊庄饭店,I,54,APP,2,36.1,M,汉,5831,4,01,FATHER,MATE,1,70.0,山东省,CONSUME,01,,36.8799125382206,122.34165187946161,ANDROID,,山东省威海市荣成市港湾街道,0
100000,,上海市,国药凌商,Z,90,APP,2,44.0,M,汉,3282,2,01,MATE,FRIENDS,1,88.783,上海市,CONSUME,01,,31.352724,121.421708,ANDROID,,上海市宝山区顾村镇联泰路,0
100000,,娄底市,佛山市顺德区美的饮水机制造有限公司,C,24,XCX,3,41.7,F,汉,4095,4,01,MATE,FRIENDS,1,77.578,湖南省,CONSUME,01,,23.008177,113.108875,ANDROID,,广东省佛山市禅城区石湾镇街道华远西路55号,0
100000,102,湖州市,兰君红个人工作室,Z,90,XCX,3,43.6,F,畲,2668,2,01,FATHER,FATHER,1,84.185,浙江省,CONSUME,01,,30.775482,120.250399,ANDROID,,浙江省湖州市南浔区和孚镇S302(湖盐公路),0
100000,307,揭阳市,戴尔莱制衣有限公司,C,24,APP,2,38.7,F,汉,3302,2,,FATHER,FRIENDS,1,70.0,广东省,CONSUME,02,,23.318991,116.190371,ANDROID,,广东省揭阳市普宁市流沙东街道福德桥,0
100000,,宜春市,宜丰万众陶瓷有限公司,Z,90,APP,4,38.3,M,汉,5360,3,01,MOTHER,MATE,1,70.0,江西省,CONSUME,01,,28.328837,114.854147,ANDROID,,江西省宜春市宜丰县宜丰县工业园区,0
100000,103,丰城市,鄢礼旋个人工作室,Z,90,APP,2,31.0,M,汉,512,2,01,FRIENDS,COLLEAGUE,1,70.0,江西省,CONSUME,02,,27.340618,118.132797,ANDROID,,福建省南平市建阳区潭城街道,0
100000,,杭州市,杭州胜德磁业有限公司,Z,90,XCX,2,29.1,M,汉,145,2,01,RELATIVES,FRIENDS,2,70.0,浙江省,CONSUME,01,,29.760013020833334,119.6852294921875,ANDROID,,浙江省杭州市桐庐县城南街道峙山路,0
100000,105,西安市,陕西秦农银行,Z,90,XCX,4,39.4,F,汉,4284,4,01,RELATIVES,FRIENDS,1,70.0,陕西省,CONSUME,01,,34.371873,109.229747,ANDROID,,陕西省西安市临潼区骊山街道秦陵南路,0
100000,,陇南市,抛沙镇人民政府,Z,90,XCX,4,40.4,M,汉,3837,3,01,FRIENDS,COLLEAGUE,1,70.0,甘肃省,CONSUME,01,,33.72638184507868,105.68868532187556,ANDROID,,甘肃省陇南市成县抛沙镇,0
100000,,阜阳市,阜阳市想予装饰工程有限公司,E,24,APP,2,31.7,M,汉,5238,3,01,FATHER,FRIENDS,2,93.31297,安徽省,CONSUME,02,,32.92695763979503,115.88299052740604,ANDROID,,安徽省阜阳市颍东区向阳街道辛桥路辅路,0
100000,,保定市,北京青山汽配,C,24,APP,4,31.9,M,汉,6827,4,01,MATE,COLLEAGUE,1,70.0,河北省,CONSUME,01,,39.700642,116.457674,ANDROID,,北京市大兴区青云店镇Y104(垡泥路),0
100000,,驻马店市,未知所在公司,Z,90,XCX,4,31.9,M,回,1495,3,01,RELATIVES,FRIENDS,,70.0,河南省,CONSUME,01,,34.87623616536458,113.62751763237847,ANDROID,,河南省郑州市惠济区迎宾路街道月湖北路,0
100000,102,玉林市,深圳华声医疗技术股份有限公司,Q,11,APP,4,28.8,F,汉,914,4,01,FATHER,FRIENDS,2,70.0,广西壮族自治区,CONSUME,01,,23.02982,113.292346,ANDROID,,广东省广州市番禺区洛浦街道桔树南街,0
100000,105,抚顺市,抚顺市新抚区元雪社区卫生服务站,Q,11,APP,3,44.5,F,汉,4150,2,01,RELATIVES,SIBLING,1,70.0,辽宁省,CONSUME,01,,41.87158255061311,123.90657653842156,ANDROID,,辽宁省抚顺市顺城区抚顺城街道浑河北路18号,0
100000,,昭通市,马敏召个人工作室,Z,90,XCX,4,33.1,F,回,6790,4,01,MATE,FATHER,1,70.0,云南省,CONSUME,01,,27.253016089659615,103.67342153810466,ANDROID,,云南省昭通市昭阳区永丰镇,0
100000,,晋中市,太平洋保险公司,J,13,XCX,3,44.3,F,汉,2409,2,01,MATE,FRIENDS,1,70.0,山西省,CONSUME,01,,37.373117,112.347604,ANDROID,,山西省晋中市祁县昭馀镇,0
100000,104,绍兴市,浙江亿龍装饰有限公司,E,24,APP,3,36.8,M,汉,5346,3,,RELATIVES,FRIENDS,1,70.0,浙江省,CONSUME,01,,30.088185491464075,120.85110402259777,ANDROID,,浙江省绍兴市上虞区崧厦街道,0
100000,105,株洲市,美林置业有限公司,J,13,XCX,2,31.6,M,汉,59,4,01,FRIENDS,COLLEAGUE,2,83.335,湖南省,CONSUME,01,,27.68022899167325,113.64551900113473,ANDROID,,湖南省株洲市醴陵市王仙镇,0
100000,,哈尔滨市,翼一龙健身会馆,Z,90,XCX,4,39.2,F,汉,4716,2,01,CHILDREN,FRIENDS,2,70.0,黑龙江省,CONSUME,01,,30.547790370202326,104.07859317682937,IOS,,四川省成都市双流区中和街道中和大道1段-98号,0
100000,,清远市,广东电网清远供电局,Z,90,XCX,4,36.2,M,汉,6186,4,01,COLLEAGUE,FRIENDS,1,70.0,广东省,CONSUME,01,,24.458932648581585,112.65933646134717,ANDROID,,广东省清远市阳山县阳城镇,0
100000,,中山市,李永霞个人工作室,Z,90,XCX,4,37.0,F,汉,6319,4,01,MATE,FATHER,2,70.0,广东省,CONSUME,01,,22.52441293817871,113.34167132947523,ANDROID,,广东省中山市西区街道富华道38号,0
100000,,河源市,鑫通源物流服务中心,F,17,XCX,3,42.6,F,汉,2735,2,01,COLLEAGUE,RELATIVES,1,70.0,广东省,CONSUME,01,,22.586548,114.260397,ANDROID,,广东省深圳市盐田区盐田街道东海四街,0
100000,104,枣庄市,山东奇理科技有限公司,G,13,APP,4,28.8,M,汉,1009,2,01,FATHER,FRIENDS,2,91.08,山东省,CONSUME,01,,35.101998401044507,117.20993231269844,IOS,,山东省枣庄市滕州市龙泉街道S320(北辛东路),0
100000,,莱西市,宗兰国际贸易广州有限公司,C,24,XCX,4,36.4,M,汉,3688,3,01,FATHER,FRIENDS,2,70.0,山东省,CONSUME,01,,31.282626953125,121.4821337890625,ANDROID,,上海市虹口区曲阳路街道东体育会路461号,0
100000,104,三河市,三河市兴达房地产开发有限公司,K,17,APP,2,26.0,F,汉,1207,2,01,PARENTS,FRIENDS,2,70.0,河北省,CONSUME,01,,39.94902148305102,116.83832221183276,ANDROID,,河北省廊坊市三河市康城街道行宫东大街174,0
100000,103,衡阳市,珠海鹏深实业有限公司,C,24,APP,2,36.6,F,汉,4572,4,01,CHILDREN,COLLEAGUE,1,70.0,湖南省,CONSUME,01,,22.153605271415495,113.36816211953064,ANDROID,,广东省珠海市斗门区白藤街道珠海大道,0
100000,105,福州市,建华小学,P,13,APP,2,40.9,F,汉,4198,4,01,MATE,CHILDREN,1,70.0,福建省,CONSUME,01,,25.59476941530799,119.31065709883525,ANDROID,,福建省福州市福清市渔溪镇,0
100000,102,佛山市,广州市方源教育培训中心,P,13,XCX,3,27.5,M,汉,216,2,01,FATHER,FRIENDS,2,88.555,广东省,CONSUME,01,,23.08114049980419,113.22247835695798,ANDROID,,广东省广州市荔湾区东漖街道东漖南路53号,0
100000,,徐州市,新疆志诚天路劳务派遣有限责任公司,O,17,APP,2,30.5,M,汉,195,2,01,MOTHER,FRIENDS,2,78.653,江苏省,CONSUME,01,,27.420425,119.923789,ANDROID,,浙江省温州市泰顺县三魁镇长坪隧道,0
100000,,衡阳市,广东国景家具集团有限公司,Z,90,APP,3,33.9,M,汉,4661,3,01,FRIENDS,COLLEAGUE,1,70.0,湖南省,CONSUME,01,,22.6040229360044,113.42813176577993,ANDROID,,广东省中山市港口镇G0425(广澳高速),0
100000,,荆门市,宏浪卫浴专卖店,C,24,XCX,2,41.7,M,汉,5767,2,01,OTHER,OTHER,1,70.0,湖北省,CONSUME,01,,31.177508138020833,112.53366156684028,ANDROID,,湖北省荆门市钟祥市文集镇,0
100000,105,蚌埠市,诚源港务集团有限公司,Z,90,XCX,2,40.4,M,汉,4186,3,01,RELATIVES,FRIENDS,1,70.0,安徽省,CONSUME,01,,32.098891,120.564468,ANDROID,,江苏省南通市如皋市长江镇四案路,1
100000,103,泰兴市,江苏省靖江市华达汽车配件有限公司,C,24,APP,2,41.7,M,汉,4114,4,01,PARENTS,RELATIVES,1,70.0,江苏省,CONSUME,01,,32.088131,120.195597,ANDROID,,江苏省泰州市靖江市马桥镇,0
100000,103,德州市,海宁市中弘服饰,C,24,APP,2,39.2,M,汉,3134,4,01,FATHER,FRIENDS,1,93.47734,山东省,CONSUME,01,,30.529809304920489,120.68663935577611,ANDROID,,浙江省嘉兴市海宁市硖石街道人民路26,0
100000,102,广州市,广州广电城市服务股份有限公司,R,17,XCX,3,27.8,F,汉,98,4,01,FATHER,FRIENDS,2,88.434,广东省,CONSUME,01,,23.126569726437585,113.34803231166586,IOS,,广东省广州市天河区员村街道黄埔大道中122号,0
100000,103,红河哈尼族彝族自治州,建水母婴店,H,54,APP,2,37.2,F,汉,3855,4,01,RELATIVES,RELATIVES,1,70.0,云南省,CONSUME,01,,2,102.824201,ANDROID,,"Muar, Johor, Malaysia",0
100000,102,成都市,四川京邦达物流科技有限公司,F,17,XCX,4,31.1,F,汉,884,4,01,FATHER,SIBLING,2,91.3714,四川省,CONSUME,01,,30.798028844697716,104.14251201556131,IOS,,四川省成都市新都区新都街道锦水湾路,0
100000,104,淮北市,张陈宇个人工作室,Z,90,APP,4,29.5,M,汉,6349,2,01,FATHER,FRIENDS,2,87.884,安徽省,CONSUME,01,,33.92343865410092,116.777732268241,ANDROID,,安徽省淮北市濉溪县濉溪镇龙脊山路,0
100000,,温州市,瓯江口集聚区管理委员会,S,11,XCX,3,40.5,M,汉,5601,2,01,MATE,FRIENDS,1,98.0,浙江省,CONSUME,01,,28.20239284939236,112.86257921006944,ANDROID,,湖南省长沙市岳麓区麓谷街道敬夫路,0
100000,,岳阳市,湖南羊城工程检测公司,L,17,XCX,2,41.8,M,汉,4853,4,01,MATE,FRIENDS,1,70.0,湖南省,CONSUME,01,,28.743751085069444,112.76902587890625,ANDROID,,湖南省岳阳市湘阴县三塘镇,0
100000,103,汕头市,陈浩挺个人工作室,Z,90,APP,3,31.7,M,汉,1073,4,01,MATE,FATHER,2,70.0,广东省,CONSUME,01,,23.536860926026028,116.84975352089016,ANDROID,,广东省汕头市澄海区溪南镇,0
100000,,温州市,瓯江口集聚区管理委员会,S,11,XCX,3,40.5,M,汉,5601,2,01,MATE,FRIENDS,1,98.0,浙江省,CONSUME,01,,28.20239284939236,112.86257921006944,ANDROID,,湖南省长沙市岳麓区麓谷街道敬夫路,0
100000,,惠州市,中国移动通迅部,Z,90,XCX,2,43.2,F,汉,3603,2,01,FATHER,SIBLING,1,70.0,广东省,CONSUME,01,,23.161036,113.924601,IOS,,广东省惠州市博罗县石湾镇梅花大道,0
100000,403,黄冈市,武汉高德红外股份有限公司,G,13,APP,3,34.6,M,汉,6775,4,01,FATHER,MATE,2,70.0,湖北省,CONSUME,01,,35.12437756708959,126.86834309775172,ANDROID,,"새롬7길 (Saerom 7 Gil), Gwangsan, Gwangju, South Korea",0
100000,,宣城市,余石宝个人工作室,Z,90,APP,2,37.9,M,汉,4603,3,01,COLLEAGUE,CHILDREN,1,70.0,安徽省,CONSUME,01,,30.603129673768345,118.97606104057972,ANDROID,,安徽省宣城市宁国市南山街道南极东路,0
100000,105,天津市,欧莱雅集团,H,54,APP,2,39.5,F,汉,3606,2,,FRIENDS,FRIENDS,1,74.7,天津市,CONSUME,01,,39.128269316731778,117.29745114859593,ANDROID,,天津市东丽区万新街道,1
100000,102,湖州市,湖州和强保安有限公司,Z,90,APP,2,40.4,M,汉,3703,2,01,MOTHER,SIBLING,1,84.513,浙江省,CONSUME,01,,30.777521,120.163172,ANDROID,,浙江省湖州市南浔区和孚镇环河路,0
100000,102,杭州市,杭州圆盛文化艺术有限公司,R,17,XCX,2,30.9,M,汉,995,3,,FRIENDS,FRIENDS,2,93.216,浙江省,CONSUME,04,,30.278585489217904,119.9950584687106,ANDROID,,浙江省杭州市余杭区仓前街道文一西路辅路,0
100000,105,重庆市,南昌师范学院,P,13,APP,4,26.1,M,汉,253,4,01,SIBLING,RELATIVES,2,95.163,重庆市,CONSUME,01,,29.534077632269907,106.5563031988672,ANDROID,,重庆市南岸区铜元局街道南坪西路58号-37,0
100000,,东台市,鑫翔不锈钢制品厂,Z,90,XCX,3,41.1,M,汉,5021,4,01,RELATIVES,RELATIVES,2,70.0,江苏省,CONSUME,01,,32.73305718315972,120.13038818359375,ANDROID,,江苏省泰州市兴化市戴南镇迎宾大道,0
100000,,德州市,泰安金顺步楼梯,H,54,XCX,3,47.4,M,汉,583,4,01,OTHER,OTHER,1,70.0,山东省,CONSUME,01,,36.231202,117.019072,ANDROID,,山东省泰安市岱岳区粥店街道大辛庄路,0
100000,103,娄底市,惠州金之鑫五金制品有限公司,Z,90,APP,3,36.2,M,汉,6811,3,01,MOTHER,SIBLING,1,70.0,湖南省,CONSUME,01,,23.040348,114.249919,ANDROID,,广东省惠州市惠城区潼侨镇,0
100000,102,本溪市,本溪钢铁宏业公司,C,24,XCX,3,49.5,M,汉,63,2,01,RELATIVES,FRIENDS,1,70.0,辽宁省,CONSUME,01,,41.347696,123.862997,ANDROID,,辽宁省本溪市明山区高台子街道威乌线,0
100000,105,邢台市,壹岛壹海民宿,C,24,APP,3,33.8,M,汉,4593,4,01,RELATIVES,FRIENDS,1,70.0,河北省,CONSUME,01,,18.236955,109.378603,ANDROID,,海南省三亚市天涯区,0
100000,105,商丘市,河南国佑泊霖体检中心,Q,11,APP,3,45.1,M,回,3367,4,01,FATHER,FRIENDS,1,87.82,河南省,CONSUME,01,,34.441257193476079,115.64941200559267,ANDROID,,河南省商丘市梁园区前进街道神火大道辅路,0
100000,102,无锡市,深圳市顺合通电子有限公司,G,13,APP,2,43.2,M,汉,3377,4,01,MATE,SIBLING,1,70.0,江苏省,CONSUME,01,,22.729330609870709,114.30689627700002,ANDROID,,广东省深圳市龙岗区宝龙街道雅池路,1
100000,102,新乡市,豫发置业有限公司,K,17,APP,2,38.6,M,汉,4808,3,01,MATE,FATHER,1,90.176,河南省,CONSUME,01,,34.79414588758057,113.82247950882527,ANDROID,,河南省郑州市金水区兴达路街道东四环,0
100000,,保定市,王凯个人工作室,Z,90,XCX,2,24.5,M,汉,960,4,01,MOTHER,FATHER,3,70.0,河北省,CONSUME,01,,37.76793771270331,118.02242614570807,ANDROID,,山东省滨州市沾化区冯家镇,0
100000,105,信阳市,河南一建,E,24,APP,2,49.9,M,汉,3732,2,01,RELATIVES,FRIENDS,1,70.0,河南省,CONSUME,01,,34.54370487520286,113.36585791917109,ANDROID,,河南省郑州市新密市青屏街街道溱水路,0
100000,,天津市,天津市静海区大邱庄镇祥润德商贸有限公司,Z,90,XCX,2,23.5,M,汉,1273,4,01,FATHER,FRIENDS,2,70.0,天津市,CONSUME,01,,38.835472,117.068819,ANDROID,,天津市静海区大邱庄镇黄山路,0
100000,103,镇江市,润州区菡社花店,H,54,XCX,4,37.6,F,汉,3995,2,01,MATE,OTHER,1,70.0,江苏省,CONSUME,01,,28.24779535488572,113.11143109528689,ANDROID,,湖南省长沙市长沙县星沙街道东七路,0
100000,307,渭南市,西安神电电器有限公司,H,24,XCX,3,38.5,F,汉,4172,4,01,RELATIVES,MATE,2,70.0,陕西省,CONSUME,01,,34.180946352647577,108.86700476731787,ANDROID,,陕西省西安市雁塔区杜城街道锦业三路,0
100000,,徐州市,君乐宝乳液股份有限公司,Z,90,APP,3,33.6,M,汉,6699,3,01,FATHER,FRIENDS,1,90.189,江苏省,CONSUME,01,,34.690285244461926,116.59991833632992,ANDROID,,江苏省徐州市丰县中阳里街道广电巷,0
100000,,红河哈尼族彝族自治州,银何蔬菜批发部,H,54,APP,2,39.8,M,傣,3779,4,01,MATE,FRIENDS,1,70.0,云南省,CONSUME,01,,24.140212,103.406245,ANDROID,,云南省红河哈尼族彝族自治州弥勒市竹园镇,0
100000,103,泰州市,泰州市麦子文化传媒有限公司,R,17,APP,3,42.0,M,汉,4918,4,01,SIBLING,FRIENDS,1,70.0,江苏省,CONSUME,01,,32.509418152403238,120.15746764478985,ANDROID,,江苏省泰州市姜堰区罗塘街道东海南路辅路,0
100000,105,泉州市,清河区合富陶瓷经营部,H,54,XCX,3,38.5,M,汉,4387,4,01,MATE,FRIENDS,1,99.0,福建省,CONSUME,01,,33.601588692213699,119.01403955794723,ANDROID,,江苏省淮安市清江浦区府前街道清江电机路8号-5区-10号,0
100000,103,泰州市,伟业建筑工程公司,E,24,APP,2,41.2,M,汉,3360,2,01,COLLEAGUE,FRIENDS,3,70.0,江苏省,CONSUME,01,,32.46618633383413,119.89912148500065,ANDROID,,江苏省泰州市海陵区明珠街道江洲南路108-39号,0
100000,,黔西南布依族苗族自治州,广东省佛山市聚申科技有限公司,G,13,APP,4,43.4,M,布依,3733,4,01,MOTHER,FRIENDS,2,87.488106,贵州省,CONSUME,01,,23.00279,113.114504,ANDROID,,广东省佛山市禅城区石湾镇街道深村大道1,0
100000,,文山壮族苗族自治州,文山市静巧杂货店,H,54,XCX,4,27.3,M,彝,549,4,01,MATE,MOTHER,1,85.498,云南省,CONSUME,01,,23.023196689428614,104.4094872984775,ANDROID,,云南省文山壮族苗族自治州马关县马白镇G219(喀东线),0
100000,,黔西南布依族苗族自治州,广东省佛山市聚申科技有限公司,G,13,APP,4,43.4,M,布依,3733,4,01,MOTHER,FRIENDS,2,87.488106,贵州省,CONSUME,01,,23.00279,113.114504,ANDROID,,广东省佛山市禅城区石湾镇街道深村大道1,0
100000,307,汕头市,美够网络科技（广州）有限公司,G,13,APP,3,33.2,M,汉,6554,4,01,FATHER,FRIENDS,2,80.423,广东省,CONSUME,01,,23.155873727116739,113.42744879191526,ANDROID,,广东省广州市黄埔区联和街道敬业四街,0
100000,,文山壮族苗族自治州,文山市静巧杂货店,H,54,XCX,4,27.3,M,彝,549,4,01,MATE,MOTHER,1,85.498,云南省,CONSUME,01,,23.023196689428614,104.4094872984775,ANDROID,,云南省文山壮族苗族自治州马关县马白镇G219(喀东线),0
100000,,三明市,暂未提供公司名称,Z,90,XCX,2,36.2,M,汉,6796,2,01,COLLEAGUE,SIBLING,2,70.0,福建省,CONSUME,01,,24.862249,118.536851,ANDROID,,福建省泉州市晋江市池店镇崇文街,0
100000,,赣州市,江西跃陆科技有限公司,F,17,APP,4,29.2,F,汉,1211,4,01,MATE,FRIENDS,2,97.35263,江西省,CONSUME,01,,25.729582668341235,114.82324809378713,ANDROID,,江西省赣州市南康区龙岭镇,0
100000,,绵阳市,中国五冶,E,24,APP,2,34.7,M,汉,6489,4,01,PARENTS,FRIENDS,2,70.0,四川省,CONSUME,01,,30.975648942356103,105.10060236231426,ANDROID,,四川省绵阳市三台县新生镇富民街,0
100000,310,抚顺市,丹阳利欧环境工程有限公司,Z,90,APP,3,26.3,F,满,1192,4,01,FATHER,FRIENDS,2,95.25,辽宁省,CONSUME,01,,41.976005516131639,124.42226330185744,ANDROID,,辽宁省抚顺市新宾满族自治县南杂木镇S10(抚通高速),0
100000,102,白银市,恒大地产甘肃公司,K,17,APP,4,38.4,M,汉,3176,3,01,PARENTS,FRIENDS,2,70.0,甘肃省,CONSUME,01,,35.58560001672479,104.61650040264573,ANDROID,,甘肃省定西市安定区凤翔镇友谊北路,0
100000,,枣庄市,孙艳翠个人工作室,H,54,XCX,3,38.1,F,汉,4888,4,01,RELATIVES,RELATIVES,1,70.0,山东省,CONSUME,01,,3,117.45651,ANDROID,,"Bulungan, Kalimantan Utara, Indonesia",0
100000,,河源市,范建军个人工作室,Z,90,APP,2,39.5,M,汉,5866,2,01,MATE,SIBLING,1,70.0,广东省,CONSUME,01,,23.640714939529745,114.6652677154597,ANDROID,,广东省河源市源城区埔前镇科技六路,0
100000,,重庆市,温州爵士邦服饰,Z,90,XCX,2,40.9,M,汉,3383,4,01,MATE,COLLEAGUE,1,70.0,重庆市,CONSUME,01,,28.24263481987847,112.95999782986111,ANDROID,,湖南省长沙市岳麓区观沙岭街道,0
100000,102,东莞市,东莞市品超电子有限公司,G,13,APP,3,46.0,M,汉,3584,3,01,MATE,RELATIVES,1,88.738,广东省,CONSUME,01,,22.82886544195044,113.80007774238504,ANDROID,,广东省东莞市长安镇长安莲湖路,1
100000,105,临汾市,乡宁县第三中学,P,13,APP,4,41.0,M,汉,6218,4,01,RELATIVES,FRIENDS,1,91.597,山西省,CONSUME,01,,35.975139270055759,110.86482000898769,ANDROID,,山西省临汾市乡宁县昌宁镇凉府路,0
100000,,周口市,徐军丽个人工作室,Z,90,XCX,2,39.7,F,汉,3701,2,01,SIBLING,SIBLING,1,70.0,河南省,CONSUME,01,,30.867607933744453,120.27681382959415,ANDROID,,浙江省湖州市吴兴区织里镇康泰路,0
100000,105,日照市,日照市迎帆商贸有限公司,H,54,APP,2,37.4,M,汉,4478,3,01,MATE,FATHER,1,70.0,山东省,CONSUME,01,,35.417979759014318,119.4954068744887,IOS,,山东省日照市东港区秦楼街道沙墩河东路,0
100000,,邢台市,速达物流,F,17,XCX,2,39.2,M,汉,3933,4,01,RELATIVES,FRIENDS,1,70.0,河北省,CONSUME,01,,37.01149938947869,115.16473849927043,ANDROID,,河北省邢台市广宗县冯家寨镇,0
100000,,昆明市,曹志祥个人工作室,H,54,XCX,2,27.9,M,汉,643,4,01,PARENTS,PARENTS,2,70.0,云南省,CONSUME,01,,24.925286989651803,103.14755798426482,ANDROID,,云南省昆明市宜良县匡远街道永安路1,0
100000,,宜兴市,王佳栋个人工作室,Z,90,APP,2,32.7,M,汉,6759,4,01,CHILDREN,FATHER,2,70.0,江苏省,CONSUME,01,,31.39742982531776,119.64994682921972,ANDROID,,江苏省无锡市宜兴市徐舍镇河西路,0
100000,,绍兴市,翡翠公馆,H,54,XCX,2,48.2,M,汉,4674,4,01,MATE,FATHER,1,70.0,浙江省,CONSUME,01,,29.40792467027,120.95075957540294,ANDROID,,浙江省绍兴市新昌县南明街道G104(京福线),0
100000,,昆明市,施玉飞个人工作室,Z,90,XCX,3,30.6,F,汉,5775,4,01,MOTHER,SIBLING,2,70.0,云南省,CONSUME,01,,25.173771232129867,102.58631044589029,ANDROID,,云南省昆明市五华区西翥街道,0
100000,103,北京市,百盛商业发展有限公司,H,54,APP,3,44.2,M,汉,4199,4,01,MATE,FRIENDS,,70.0,北京市,CONSUME,01,,39.81370693804332,116.37207993703653,ANDROID,,北京市丰台区南苑街道槐房路,0
100000,,楚雄彝族自治州楚雄市,楚雄大咖娱乐城,R,17,XCX,2,30.7,M,汉,1904,4,01,SIBLING,FRIENDS,1,70.0,云南省,CONSUME,01,,25.043634480188364,101.54783127837574,ANDROID,,云南省楚雄彝族自治州楚雄市东瓜镇双建路48号,0
100000,102,宁德市,福鼎市中保比讯保安服务有限公司,O,17,APP,3,43.4,M,汉,953,2,01,MATE,FRIENDS,1,70.0,福建省,CONSUME,01,,27.334744369751257,120.23480789178176,ANDROID,,福建省宁德市福鼎市山前街道,0
100000,,枣庄市,法罗提枣庄工厂,R,17,XCX,2,26.9,M,汉,1201,4,,MOTHER,COLLEAGUE,2,70.0,山东省,CONSUME,01,,34.81774224819431,117.37444523786388,ANDROID,,山东省枣庄市薛城区兴城街道S238(店韩路),0
100000,102,蚌埠市,伊士通技术有限公司,Z,90,XCX,2,46.8,M,汉,2372,2,01,MATE,FRIENDS,1,70.0,安徽省,CONSUME,01,,29.89294837947611,121.56042128922172,ANDROID,,浙江省宁波市江北区外滩街道大庆南路538号,0
100000,103,佛山市,顺德渔村餐饮服务有限公司,I,54,XCX,2,43.3,M,汉,2623,2,,MATE,SIBLING,1,70.0,广东省,CONSUME,01,,22.95090142144097,113.69879096137153,ANDROID,,广东省东莞市厚街镇将军路,0
100000,104,南充市,深圳桑博人才集团有限公司,H,54,APP,2,40.7,M,汉,5367,3,01,MOTHER,FRIENDS,1,70.0,四川省,CONSUME,01,,22.56108130161589,113.9885592237753,ANDROID,,广东省深圳市南山区桃源街道深云车辆段隧道,0
100000,102,周口市,乔刘坤个人工作室,Z,90,APP,2,29.0,M,汉,6321,4,01,FRIENDS,FRIENDS,1,70.0,河南省,CONSUME,01,,29.329583,120.138905,ANDROID,,浙江省金华市义乌市江东街道阳光大桥,0
100000,102,周口市,乔刘坤个人工作室,Z,90,APP,2,29.0,M,汉,6321,4,01,FRIENDS,FRIENDS,1,70.0,河南省,CONSUME,01,,29.329583,120.138905,ANDROID,,浙江省金华市义乌市江东街道阳光大桥,0
100000,103,烟台市,烟台开发区综合执法局,S,11,APP,4,35.0,M,汉,167,2,01,FATHER,RELATIVES,2,73.827,山东省,CONSUME,01,,37.577495,121.135396,ANDROID,,山东省烟台市福山区古现街道S302(上海大街),0
100000,105,辽阳市,辽阳中翼,H,54,APP,3,22.9,M,汉,1849,2,01,MOTHER,FRIENDS,2,70.0,辽宁省,CONSUME,01,,41.687570861357489,123.48648650089713,ANDROID,,辽宁省沈阳市浑南区白塔街道沈本一街,0
100000,,九江市,小雷水果炒货,H,54,XCX,2,39.7,M,汉,5396,2,01,MATE,FRIENDS,1,95.0,江西省,CONSUME,01,,29.03117586795911,114.55356797638683,ANDROID,,江西省九江市修水县义宁镇宁红社区健走步道,0
100000,,天津市,天津市津西检测试验有限责任公司,L,17,XCX,4,29.4,M,汉,65,2,01,FATHER,SIBLING,2,91.794,天津市,CONSUME,02,,39.14800024447455,117.16840049520447,ANDROID,,天津市红桥区芥园街道义德道,0
100000,105,温州市,董加乐个人工作室,Z,90,XCX,3,28.3,M,汉,605,4,01,CHILDREN,SIBLING,2,70.0,浙江省,CONSUME,01,,27.637275096866625,120.33010691401209,ANDROID,,浙江省温州市平阳县水头镇富阳东路41号,0
100000,,运城市,京府镁化有限公司,Z,90,XCX,2,44.3,F,汉,3831,2,01,MATE,FRIENDS,1,70.0,山西省,CONSUME,01,,35.51328284845304,111.33857667790514,ANDROID,,山西省运城市闻喜县礼元镇,0
100000,102,合肥市,星世纪动漫体验中心,H,54,APP,3,34.0,M,汉,4807,4,01,MATE,MOTHER,1,70.0,安徽省,CONSUME,01,,31.87606859571668,117.46807311377768,ANDROID,,安徽省合肥市肥东县店埠镇长江东路辅路,0
100000,105,温州市,董加乐个人工作室,Z,90,XCX,3,28.3,M,汉,605,4,01,CHILDREN,SIBLING,2,70.0,浙江省,CONSUME,01,,27.637275096866625,120.33010691401209,ANDROID,,浙江省温州市平阳县水头镇富阳东路41号,0
100000,102,嘉兴市,上海厚裕羊绒制品有限公司,C,24,APP,2,37.1,M,汉,5188,2,01,MATE,FRIENDS,1,70.0,浙江省,CONSUME,01,,30.654153457206545,120.57712139220985,ANDROID,,浙江省嘉兴市桐乡市梧桐街道履祥路,0
100000,102,蚌埠市,中铁四局集团有限公司,E,24,XCX,2,36.2,M,汉,3695,4,01,FATHER,FATHER,2,70.0,安徽省,CONSUME,01,,33.329980,117.610839,ANDROID,,安徽省蚌埠市五河县东刘集镇,0
100000,,上饶市,天荣机电安装有限公司,Z,90,XCX,2,43.8,F,汉,4478,4,01,MATE,FRIENDS,1,70.0,江西省,CONSUME,01,,29.79188397242997,121.49199062125799,ANDROID,,浙江省宁波市鄞州区姜山镇,0
100000,102,保定市,朝阳饭店,I,54,XCX,4,35.5,F,汉,5833,4,01,MOTHER,FRIENDS,1,88.757,河北省,CONSUME,01,,28.197330058401787,113.01615580543936,ANDROID,,湖南省长沙市芙蓉区荷花园街道德政街306号,0
100000,103,岳阳市,易冬强个人工作室,Z,90,XCX,2,46.0,M,汉,1702,2,01,SIBLING,SIBLING,2,70.0,湖南省,CONSUME,01,,29.376074,113.12978,ANDROID,,湖南省岳阳市岳阳楼区枫桥湖街道许家坡,0
100000,103,宁波市,余姚市思锐电器厂,C,24,APP,2,39.0,M,汉,3558,4,01,RELATIVES,RELATIVES,1,70.0,浙江省,CONSUME,01,,28.197375822708865,113.01704867169545,ANDROID,,湖南省长沙市芙蓉区荷花园街道东荷街124号,0
100000,105,惠州市,杨嘉敏个人工作室,Z,90,XCX,3,26.9,F,汉,710,2,01,FATHER,FRIENDS,2,87.54157,广东省,CONSUME,01,,22.9819220760732,114.24324587980085,IOS,,广东省惠州市惠城区沥林镇岭背一路,0
100000,,丽江市,暂无公司,Z,90,XCX,3,37.6,M,汉,5395,2,01,FATHER,FRIENDS,1,70.0,云南省,CONSUME,01,,26.882325257715665,100.23088288252363,ANDROID,,云南省丽江市古城区大研街道民主路210,0
100000,,长治市,太榆国际汽配城,Z,90,XCX,4,25.4,M,汉,1880,2,01,FATHER,FRIENDS,2,86.72844,山西省,CONSUME,01,,37.819839962395437,112.61772725291005,ANDROID,,山西省太原市迎泽区郝庄镇半山路,0
100000,103,恩施土家族苗族自治州,湖北银航建筑劳务有限公司,O,17,XCX,2,43.8,M,土家,1816,2,01,MATE,FRIENDS,1,95.072,湖北省,CONSUME,01,,33.98302205409753,116.81876272122912,ANDROID,,安徽省淮北市杜集区高岳街道X311(高岳路),0
100000,102,蚌埠市,中铁四局集团有限公司,E,24,XCX,2,36.2,M,汉,3695,4,01,FATHER,FATHER,2,70.0,安徽省,CONSUME,01,,33.329980,117.610839,ANDROID,,安徽省蚌埠市五河县东刘集镇,0
100000,103,咸宁市,东莞市摩视自动化科技有限公司,G,13,XCX,4,35.6,M,汉,5851,4,01,FATHER,COLLEAGUE,1,91.979,湖北省,CONSUME,01,,22.826247236976003,113.81467913549482,ANDROID,,广东省东莞市长安镇,0
100000,103,温州市,乐清市志博电器有限公司,C,24,APP,3,33.7,F,汉,5525,4,01,FATHER,FRIENDS,1,79.366,浙江省,CONSUME,01,,28.038366604286439,120.91417291087669,ANDROID,,浙江省温州市乐清市柳市镇柳翁线,0
100000,308,西安市,西安海阔天地企业管理咨询有限公司,Z,90,XCX,2,41.4,M,汉,4292,4,01,MATE,SIBLING,1,89.89,陕西省,CONSUME,01,,34.3018450808953,108.9108115354501,ANDROID,,陕西省西安市未央区未央宫街道回澜桥,0
