amount,bankCardInfo.bankCode,city,companyInfo.companyName,companyInfo.industry,companyInfo.occupation,customerSource,degree,idInfo.birthDate,idInfo.gender,idInfo.nation,idInfo.validityDate,income,jobFunctions,linkmanList.0.relationship,linkmanList.1.relationship,maritalStatus,pictureInfo.0.faceScore,province,purpose,resideFunctions,term,deviceInfo.gpsLatitude,deviceInfo.gpsLongitude,deviceInfo.osType,deviceInfo.isCrossDomain,deviceInfo.applyPos,label
100000,,张家口市,中航神州北京文化发展有限公司,R,17,XCX,4,39.7,F,汉,2812,4,01,MATE,FRIENDS,1,71.0,河北省,CONSUME,01,,40.097178819444444,116.98223551432292,ANDROID,,北京市平谷区马昌营镇Y210(圪塔头路),1
100000,104,深圳市,深圳市坪山新区管理委员会智慧服务中心,S,11,APP,3,43.8,M,汉,3209,3,01,MATE,SIBLING,1,71.0,广东省,CONSUME,02,,22.662200667463435,114.29705912106297,ANDROID,,广东省深圳市坪山区碧岭街道S301(南坪快速),1
100000,103,西安市,陕西掌悦互动科技有限公司,G,13,APP,3,29.3,M,汉,413,4,01,PARENTS,FRIENDS,2,71.0,陕西省,CONSUME,02,,34.220627,108.866558,ANDROID,,陕西省西安市雁塔区丈八沟街道科技四路,1
100000,,黄冈市,田子涵个人工作室,Z,90,XCX,4,23.9,F,汉,2038,4,01,COLLEAGUE,MOTHER,2,71.0,湖北省,CONSUME,01,,30.448920249766286,115.2704208888475,ANDROID,,湖北省黄冈市浠水县清泉镇S201(闻一多大道),1
100000,,盐城市,上海杰亨保安服务有限公司,Z,90,APP,2,38.8,M,汉,2803,2,01,RELATIVES,SIBLING,1,71.0,江苏省,CONSUME,01,,31.282961,121.507798,ANDROID,,上海市杨浦区四平路街道铁岭路100号,1
100000,,上海市,上海督呈实业有限公司,C,24,APP,2,38.1,M,汉,3379,3,01,MOTHER,MATE,1,90.869,上海市,CONSUME,01,,31.266798547246297,121.58854653333816,ANDROID,,上海市浦东新区浦兴路街道博兴路,1
100000,,岳阳市,湖南省岳阳市小港粮库,Z,90,APP,3,48.6,F,汉,287,4,01,RELATIVES,FRIENDS,1,71.0,湖南省,CONSUME,01,,25.777045,113.023444,ANDROID,,湖南省郴州市北湖区燕泉街道青年大道21,1
100000,,临沂市,临沂商城数字科技集团有限公司,H,54,APP,3,28.8,M,汉,599,4,01,FATHER,SIBLING,2,88.418,山东省,CONSUME,01,,35.120827860453986,118.26723009254255,ANDROID,,山东省临沂市兰山区兰山街道G327辅路,1
100000,309,邯郸市,北京联合创造力文化发展有限公司,R,17,APP,2,31.9,F,汉,5225,3,01,MATE,COLLEAGUE,1,71.0,河北省,CONSUME,02,,40.035447,116.316502,ANDROID,,北京市海淀区清河街道小营西路33号,1
100000,105,重庆市,重庆九洲星熠导航设备有限公司,C,24,XCX,4,33.2,M,汉,930,3,01,COLLEAGUE,FATHER,2,71.0,重庆市,CONSUME,01,,29.641805474001296,106.53257149145252,ANDROID,,重庆市渝北区人和街道吉兴路,1
100000,,杭州市,李成飞个人工作室,Z,90,APP,2,27.9,M,汉,447,2,01,FATHER,MOTHER,2,71.0,浙江省,CONSUME,01,,29.895103,119.898375,ANDROID,,浙江省杭州市富阳区常安镇X414(环金线),1
100000,105,开封市,输变电线路工程技术,E,24,APP,2,26.3,M,汉,517,2,01,FATHER,FRIENDS,2,71.0,河南省,CONSUME,02,,22.600232,109.551302,ANDROID,,广西壮族自治区钦州市浦北县乐民镇,1
100000,,韶关市,东莞能率科技有限公司,Z,90,APP,4,26.4,M,汉,1281,2,01,FATHER,SIBLING,2,88.873,广东省,CONSUME,01,,23.024142,113.871831,ANDROID,,广东省东莞市寮步镇寮步金富东路,1
100000,102,定西市,新疆第一师林园医院,Q,11,APP,4,33.6,M,汉,732,4,01,SIBLING,FRIENDS,2,71.0,甘肃省,CONSUME,01,,32.378541,105.637099,ANDROID,,四川省广元市利州区宝轮镇G108(清江大道),1
100000,,徐州市,卡特彼勒有限公司,Z,90,XCX,4,35.3,M,汉,235,2,01,PARENTS,FRIENDS,2,71.0,江苏省,CONSUME,01,,34.26448419112506,117.15847001237047,ANDROID,,江苏省徐州市泉山区永安街道淮海西路270号,1
100000,102,贵阳市,贵州修文农村商业银行股份有限公司,J,13,APP,4,34.3,M,汉,6754,2,01,MOTHER,MATE,1,92.116,贵州省,CONSUME,01,,26.843263,106.603965,ANDROID,,贵州省贵阳市修文县龙场镇瑞云路,1
100000,403,贵阳市,贵州黔能黔建筑工程有限公司,Z,90,APP,4,30.8,M,汉,616,3,01,SIBLING,FRIENDS,2,91.866,贵州省,CONSUME,01,,26.596977,106.640791,ANDROID,,贵州省贵阳市云岩区金鸭社区G320(北京西路),1
100000,102,成都市,天府机场邮政处理中心,F,17,APP,3,29.6,M,汉,6230,2,01,MOTHER,MATE,1,71.0,四川省,CONSUME,01,,30.240418,104.367149,ANDROID,,四川省成都市简阳市董家埂镇Y150,1
100000,,荆州市,广州拼写服饰有限公司,C,24,XCX,2,29.1,M,汉,833,4,01,PARENTS,FRIENDS,2,71.0,湖北省,CONSUME,01,,23.156778428819443,113.23060004340277,ANDROID,,广东省广州市白云区同德街道西槎路9号,1
100000,403,重庆市,李沙个人工作室,Z,90,APP,3,37.0,F,汉,5611,2,01,MOTHER,FATHER,3,71.0,重庆市,CONSUME,01,,29.752161,106.609348,ANDROID,,重庆市渝北区双龙湖街道春华大道,1
100000,,昭通市,大关县良瑞娱乐馆,R,17,XCX,3,46.5,F,彝,3611,3,01,MATE,SIBLING,1,78.717,云南省,CONSUME,01,,27.740027669270834,103.8937660047743,ANDROID,,云南省昭通市大关县翠华镇G040(昭麻二级公路),1
100000,105,重庆市,重庆奇谐建筑劳务有限公司,Z,90,XCX,2,33.9,M,汉,6286,2,01,MATE,FRIENDS,1,82.413,重庆市,CONSUME,01,,22.753310546875,113.72868218315972,ANDROID,,广东省东莞市长安镇滨海湾大道辅路,1
100000,,红河哈尼族彝族自治州,昆明容商物业管理有限公司,Z,90,XCX,2,34.5,M,瑶,4422,4,01,PARENTS,FRIENDS,3,89.358,云南省,CONSUME,01,,23.625607638888887,102.83609646267361,ANDROID,,云南省红河哈尼族彝族自治州建水县临安镇太史巷,1
100000,,黔西南布依族苗族自治州,兴义市小怪兽餐饮店,Z,90,APP,3,28.1,M,彝,117,4,01,MATE,COLLEAGUE,1,71.0,贵州省,CONSUME,01,,25.097043,104.913855,ANDROID,,贵州省黔西南布依族苗族自治州兴义市桔山街道瑞金南路59号,1
100000,,黔西南布依族苗族自治州,兴义市小怪兽餐饮店,Z,90,APP,3,28.1,M,彝,117,4,01,MATE,COLLEAGUE,1,71.0,贵州省,CONSUME,01,,25.097043,104.913855,ANDROID,,贵州省黔西南布依族苗族自治州兴义市桔山街道瑞金南路59号,1
100000,,黄山市,安庆乐迪教育有限公司,P,13,APP,4,37.8,F,汉,4609,2,01,MATE,FRIENDS,1,71.0,安徽省,CONSUME,01,,30.5152,117.087907,ANDROID,,安徽省安庆市迎江区龙狮桥乡华圣路,1
100000,,常德市,常德市天方大数据管理有限公司,Z,90,XCX,4,38.3,M,汉,4304,3,01,MATE,FRIENDS,1,71.0,湖南省,CONSUME,01,,29.02135986328125,111.72161295572917,ANDROID,,湖南省常德市武陵区永安街道常德大道辅路,0
100000,,重庆市,重庆重川益合驾驶技术咨询服务有限公司,L,17,APP,3,32.8,M,汉,4973,4,01,FATHER,FRIENDS,2,71.0,重庆市,CONSUME,01,,29.542389,105.821,ANDROID,,重庆市大足区玉龙镇红岩大道,1
100000,103,宣城市,南京东汉文化传播有限公司,R,17,APP,2,40.4,M,汉,5544,2,01,COLLEAGUE,MATE,1,88.524,安徽省,CONSUME,01,,32.030498,118.800464,ANDROID,,江苏省南京市秦淮区大光路街道八宝前街54号,1
100000,102,天津市,中国能源建设集团天津电力建设有限公司,Z,90,APP,4,41.4,M,汉,2905,2,01,MOTHER,OTHER,2,71.0,天津市,CONSUME,01,,30.533534,117.164741,ANDROID,,安徽省安庆市迎江区老峰镇滨江大道,1
100000,,自贡市,星锐工程机械,C,24,APP,2,39.2,M,汉,5485,2,01,MATE,COLLEAGUE,1,71.0,四川省,CONSUME,01,,29.565276,104.287343,ANDROID,,四川省自贡市荣县双古镇S4(成宜昭高速),0
100000,,成都市,四川望远望商贸有限公司,Z,90,XCX,4,40.4,M,汉,6470,3,01,MATE,FRIENDS,1,71.0,四川省,CONSUME,01,,30.656490,104.093472,IOS,,四川省成都市成华区猛追湾街道望平美食区玉双路8号,1
100000,102,长沙市,北京一鸣达装饰设计有限公司,Z,90,APP,4,41.1,M,汉,4329,4,01,MATE,FATHER,1,97.15,湖南省,CONSUME,01,,39.78100184409314,116.22927786929469,ANDROID,,北京市房山区长阳镇右堤路,1
100000,,凉山彝族自治州,请拓实业股份有限公司,C,24,XCX,2,26.7,M,汉,1262,2,,MOTHER,COLLEAGUE,2,71.0,四川省,CONSUME,02,,23.517947048611113,111.24107014973958,ANDROID,,广西壮族自治区梧州市长洲区兴龙街道,1
100000,105,泉州市,孟连泉铭建材,E,24,APP,2,46.1,M,汉,4161,3,,MATE,FATHER,1,71.0,福建省,CONSUME,01,,22.319157,99.587101,ANDROID,,云南省普洱市孟连傣族拉祜族佤族自治县娜允镇,1
100000,310,上海市,上海市教育财务核算中心,Z,90,APP,4,29.0,F,汉,2521,4,01,MOTHER,SIBLING,2,71.0,上海市,CONSUME,01,,31.633647,121.430526,ANDROID,,上海市崇明区城桥镇X521(瀛洲路),1
100000,105,哈尔滨市,黑龙江中航医院,Q,11,XCX,3,25.8,F,汉,1285,2,01,RELATIVES,FRIENDS,2,71.0,黑龙江省,CONSUME,01,,45.75557,127.482271,ANDROID,,黑龙江省哈尔滨市宾县宾州镇宾州南路中段,1
100000,102,达州市,渠县第六学校,P,13,XCX,4,44.0,M,汉,4336,4,01,MATE,COLLEAGUE,1,80.909,四川省,CONSUME,01,,30.830905,106.966179,ANDROID,,四川省达州市渠县渠江街道南大街,1
100000,105,厦门市,厦门天家诚工贸有限公司,C,24,APP,2,37.6,M,汉,3771,2,,FATHER,SIBLING,3,71.0,福建省,CONSUME,01,,24.648573,118.255685,ANDROID,,福建省厦门市翔安区马巷街道舫山东二路,1
100000,,重庆市,伍贤禹个人工作室,Z,90,APP,2,28.1,M,苗,452,4,01,FATHER,COLLEAGUE,3,71.0,重庆市,CONSUME,01,,24.67446,118.164423,ANDROID,,福建省厦门市同安区西柯街道滨海西大道,1
100000,,普兰店市,博格华纳联合传动系统有限公司,C,24,XCX,3,26.0,M,汉,810,2,,FRIENDS,FRIENDS,2,71.0,辽宁省,CONSUME,01,,39.05789222649515,121.89000474336908,ANDROID,,辽宁省大连市金州区湾里街道黄海东路,1
100000,,重庆市,重庆三七信产科技有限公司,Z,90,XCX,3,33.2,M,汉,6481,2,01,FRIENDS,FRIENDS,1,71.0,重庆市,CONSUME,01,,31.018827582465278,109.41202907986111,ANDROID,,重庆市奉节县永安街道,1
100000,104,贵港市,黄义初个人工作室,Z,90,APP,2,30.8,M,汉,6311,2,01,FATHER,FRIENDS,2,95.072,广西壮族自治区,CONSUME,01,,22.872046,113.019335,ANDROID,,广东省佛山市顺德区龙江镇,1
100000,,许昌市,源洪电子厂,Z,90,XCX,4,37.2,F,汉,6198,2,01,MATE,PARENTS,1,71.0,河南省,CONSUME,01,,34.102170998271109,113.86086418160747,ANDROID,,河南省许昌市建安区尚集镇尚德路,1
100000,,漯河市,鹏达电器销售门市部,Z,90,XCX,3,27.6,M,汉,2980,4,01,FATHER,FRIENDS,1,87.024,河南省,CONSUME,01,,33.076854926215276,112.15509602864583,ANDROID,,河南省南阳市镇平县石佛寺镇广场北路,1
100000,103,盐城市,汽车配件有限公司,H,54,APP,2,46.1,F,汉,2951,4,01,FATHER,FRIENDS,1,90.578,江苏省,CONSUME,01,,33.45545639546294,119.94212796056395,ANDROID,,江苏省盐城市建湖县庆丰镇,1
100000,,抚州市,诺黎森卫浴,Z,90,XCX,2,26.9,F,汉,1377,2,01,MATE,SIBLING,1,74.16,江西省,CONSUME,01,,24.997956,118.650371,ANDROID,,福建省泉州市惠安县洛阳镇X306,1
100000,,北京市,北京云水峰商贸有限公司,H,54,APP,2,38.7,M,汉,3653,2,01,MATE,COLLEAGUE,1,71.0,北京市,CONSUME,02,,40.371299,116.855413,ANDROID,,北京市密云区鼓楼街道X043辅路,1
100000,307,南京市,栖霞区电力设备安装工程有限公司,E,24,APP,2,28.7,M,汉,406,3,01,MATE,FRIENDS,1,71.0,江苏省,CONSUME,02,,32.36701,118.912884,ANDROID,,江苏省南京市六合区横梁街道马厂湖路,1
100000,,台州市,养殖有限公司,C,24,XCX,3,45.4,F,汉,2986,4,01,MATE,FRIENDS,1,77.038,浙江省,CONSUME,01,,28.41341337817772,121.38036843625271,IOS,,浙江省台州市温岭市城东街道S76(锦屏大道),1
100000,,咸宁市,锐启达鑫电子有限公司,Z,90,APP,2,31.4,M,汉,6772,2,01,FATHER,MATE,2,87.183,湖北省,CONSUME,01,,29.533698,114.057612,ANDROID,,湖北省咸宁市崇阳县崇阳经济开发区丁家路,1
100000,,重庆市,重庆能丰房产有限公司,Z,90,APP,2,39.1,F,汉,5698,4,01,MATE,FRIENDS,1,71.0,重庆市,CONSUME,01,,29.563827,106.232745,ANDROID,,重庆市璧山区璧城街道石堡街4号-18,1
100000,,泉州市,泉州中石化有限公司,C,24,APP,2,38.0,M,汉,3240,3,,FRIENDS,FRIENDS,1,71.0,福建省,CONSUME,01,,25.027458,118.885699,ANDROID,,福建省泉州市惠安县东桥镇G228(丹东线),1
100000,,宜昌市,人民医院,Z,90,XCX,3,24.0,F,汉,2247,2,01,FATHER,FRIENDS,2,97.15,湖北省,CONSUME,01,,30.732028962708456,111.50136032614872,ANDROID,,湖北省宜昌市夷陵区龙泉镇,1
100000,403,宁波市,江北制药,M,11,XCX,4,26.7,M,汉,1342,4,,FATHER,FATHER,2,71.0,浙江省,CONSUME,01,,29.682716200086805,121.70866021050347,ANDROID,,浙江省宁波市鄞州区塘溪镇,1
100000,403,文昌市,林小媚个人工作室,A,27,APP,2,37.1,F,汉,3848,2,01,MATE,RELATIVES,1,71.0,海南省,CONSUME,01,,19.996827,110.68983,ANDROID,,海南省文昌市锦山镇S203(锦南路),1
100000,307,青岛市,青岛博众健康有限公司,Q,11,APP,4,37.6,F,汉,6102,2,01,MATE,SIBLING,1,71.0,山东省,CONSUME,01,,36.380187,120.676969,ANDROID,,山东省青岛市即墨区鳌山卫街道天云山一路,1
100000,307,温州市,东岳弯管,H,54,APP,2,44.7,M,汉,3185,4,01,MATE,COLLEAGUE,1,71.0,浙江省,CONSUME,01,,27.884925,120.796905,ANDROID,,浙江省温州市龙湾区沙城街道沧宁西路13号,1
100000,105,怀化市,中国电信,H,24,XCX,2,36.2,M,瑶,4967,4,01,RELATIVES,SIBLING,2,71.0,湖南省,CONSUME,02,,22.714813003150235,22.714812999999976,ANDROID,,"Al Kufrah, Libya",1
100000,103,滁州市,安徽益麟塑业科技有限公司,C,24,XCX,2,25.4,M,汉,613,4,01,COLLEAGUE,FRIENDS,2,95.878,安徽省,CONSUME,01,,32.502910427517364,117.69663736979167,ANDROID,,安徽省滁州市定远县安徽定远经济开发区金山路,1
100000,103,宣城市,宣城全鑫矿业公司,Z,90,XCX,2,48.0,M,汉,2324,2,01,MOTHER,FRIENDS,1,71.0,安徽省,CONSUME,01,,30.956953402712935,118.75473894613183,ANDROID,,安徽省宣城市宣州区澄江街道澄江桥,1
100000,103,黄冈市,武汉和百顺钢结构工程有限公司,C,24,XCX,2,42.0,M,汉,4661,3,01,RELATIVES,COLLEAGUE,1,95.072,湖北省,CONSUME,01,,30.47040524640002,114.41585768991213,ANDROID,,湖北省武汉市江夏区东湖开发区光谷大道51号,1
100000,,成都市,青羊区金珑商贸部,Z,90,XCX,4,37.7,F,汉,5311,4,01,MATE,FRIENDS,1,89.214,四川省,CONSUME,01,,30.60805962741865,104.08621987451058,ANDROID,,四川省成都市锦江区柳江街道翠风路476号,1
100000,309,深圳市,学大教育,P,13,APP,4,43.7,M,汉,4549,3,01,RELATIVES,COLLEAGUE,1,83.279,广东省,CONSUME,01,,22.557842,114.033556,ANDROID,,广东省深圳市福田区莲花街道景田北二街1号,1
100000,307,杭州市,杭州月恒针纺织有限公司,Z,90,XCX,3,31.9,F,汉,5892,3,01,PARENTS,MOTHER,2,94.529,浙江省,CONSUME,01,,30.47667733781667,114.67738404049126,ANDROID,,湖北省鄂州市华容区葛店镇新华大道,1
100000,,上饶市,宁波市菜鸟速递有限公司,Z,90,XCX,3,37.1,M,汉,3302,2,01,SIBLING,COLLEAGUE,1,86.686,江西省,CONSUME,01,,29.845229456700925,121.65225847872051,ANDROID,,浙江省宁波市鄞州区邱隘镇古洞桥,1
100000,,贵港市,邱汉群个人工作室,Z,90,XCX,3,36.1,F,汉,3688,4,01,FATHER,OTHER,2,71.0,广西壮族自治区,CONSUME,01,,23.1234156473165,109.50958367610927,ANDROID,,广西壮族自治区贵港市港北区根竹镇,1
100000,,衡水市,雅焱金属制品厂,Z,90,XCX,2,41.7,M,汉,3475,3,01,PARENTS,COLLEAGUE,1,80.99,河北省,CONSUME,01,,38.165523364552317,115.62755577952253,ANDROID,,河北省衡水市饶阳县东里满镇,1
100000,305,汕头市,广州工程总承包集团有限公司,E,24,XCX,3,31.1,M,汉,6843,4,,PARENTS,FRIENDS,2,72.694,广东省,CONSUME,04,,23.38731662326389,116.4881884765625,ANDROID,,广东省汕头市潮阳区西胪镇Y124,1
100000,104,黄山市,胡兴堂文化发展有限公司,R,17,APP,3,41.4,F,汉,4225,4,01,MATE,FRIENDS,1,71.0,安徽省,CONSUME,01,,29.708325,118.329485,ANDROID,,安徽省黄山市屯溪区阳湖镇前园南路,1
100000,,德州市,胜利油田临盘采油厂,Z,90,APP,2,41.1,M,汉,4155,3,01,MATE,SIBLING,1,71.0,山东省,CONSUME,01,,37.207252,116.780275,ANDROID,,山东省德州市临邑县临盘街道西安路,1
100000,102,洛阳市,河南省中成房地产开发集团有限公司,K,17,XCX,4,34.0,M,汉,4637,3,,MOTHER,FATHER,2,71.0,河南省,CONSUME,01,,34.707507866753474,112.79136610243056,ANDROID,,河南省洛阳市偃师区商城街道少康路,1
100000,,安阳市,胡莉玲个人工作室,Z,90,APP,3,35.6,F,汉,3990,2,01,FATHER,RELATIVES,2,71.0,河南省,CONSUME,01,,39.944208,116.365061,ANDROID,,北京市西城区新街口街道新街口六条10号,1
100000,,临沂市,茂友木材股份有限公司,Z,90,XCX,3,40.7,M,汉,4362,3,01,SIBLING,COLLEAGUE,1,71.0,山东省,CONSUME,01,,30.841004024914786,120.88947577079809,ANDROID,,浙江省嘉兴市嘉善县魏塘街道X116(城西大道),1
100000,,六安市,安徽飞鸿工程机械有限公司,Z,90,XCX,2,30.2,M,汉,946,3,01,RELATIVES,COLLEAGUE,1,85.135,安徽省,CONSUME,01,,31.731311,116.463702,ANDROID,,安徽省六安市裕安区城南镇佛子岭路辅路,1
100000,,南京市,宁波知道科技,G,13,XCX,4,38.2,M,汉,4016,4,01,FATHER,FRIENDS,1,71.0,江苏省,CONSUME,01,,31.638846299913194,119.024658203125,ANDROID,,江苏省南京市溧水区永阳街道金娃路88号,1
100000,,六安市,安徽飞鸿工程机械有限公司,Z,90,XCX,2,30.2,M,汉,946,3,01,RELATIVES,COLLEAGUE,1,85.135,安徽省,CONSUME,01,,31.731311,116.463702,ANDROID,,安徽省六安市裕安区城南镇佛子岭路辅路,1
100000,403,吕梁市,波尔发型顾问,Z,90,APP,2,28.4,F,汉,1775,4,01,MATE,MOTHER,1,71.0,山西省,CONSUME,01,,36.988224,110.819253,ANDROID,,山西省吕梁市石楼县灵泉镇,1
100000,309,襄阳市,广丰工贸有限公司,Z,90,APP,2,37.1,M,汉,5932,2,01,FATHER,SIBLING,1,89.508,湖北省,CONSUME,01,,24.534146,118.017584,ANDROID,,福建省厦门市海沧区新阳工业区霞光路109,1
100000,103,青岛市,泰康保险公司,Z,90,APP,4,30.4,F,汉,121,2,01,FATHER,MATE,1,71.0,山东省,CONSUME,01,,36.995067,119.988771,ANDROID,,山东省青岛市平度市大泽山镇,1
100000,105,洪湖市,湖南省第四工程有限公司,E,24,APP,2,36.4,M,汉,5260,2,,MATE,COLLEAGUE,1,71.0,湖北省,CONSUME,04,,29.971236,113.470623,ANDROID,,湖北省荆州市洪湖市汊河镇,1
100000,103,衡水市,天津市恒久源环保科技有限公司,E,24,XCX,2,43.0,M,汉,3874,4,01,MATE,FRIENDS,1,71.0,河北省,CONSUME,01,,39.05944264806824,117.20256368256278,ANDROID,,天津市西青区津门湖街道翠波道,1
100000,403,临汾市,张娇个人工作室,Z,90,APP,4,39.1,F,汉,3980,2,01,RELATIVES,FRIENDS,1,71.0,山西省,CONSUME,01,,35.745073,111.710084,ANDROID,,山西省临汾市翼城县唐兴镇唐尧北路,1
100000,103,淄博市,山东冉凯节能,M,11,APP,2,30.9,M,汉,97,3,01,SIBLING,MATE,1,71.0,山东省,CONSUME,01,,36.902541,118.06806,ANDROID,,山东省淄博市桓台县果里镇G205辅路,1
100000,103,泰州市,泰州国际集装箱码头,F,17,XCX,3,38.8,M,汉,5157,2,,PARENTS,SIBLING,1,71.0,江苏省,CONSUME,01,,32.44858669704861,119.94132676866319,ANDROID,,江苏省泰州市海陵区凤凰街道G328(宁海线),1
100000,103,平顶山市,刘晓洋个人工作室,Z,90,APP,4,26.9,F,汉,1158,4,01,MOTHER,MATE,1,71.0,河南省,CONSUME,01,,34.064903262016,112.704856878839,ANDROID,,河南省平顶山市汝州市蟒川镇,1
100000,103,盐城市,德龙集团,Z,90,APP,2,34.7,M,汉,4408,2,01,RELATIVES,FRIENDS,3,71.0,江苏省,CONSUME,01,,34.203368,119.573974,ANDROID,,江苏省盐城市响水县响水镇黄海路86号,1
100000,309,成都市,四川众力兴商贸有限公司,Z,90,APP,3,37.6,M,汉,3916,4,01,MATE,FRIENDS,1,71.0,四川省,CONSUME,01,,24.941358,102.751461,ANDROID,,云南省昆明市官渡区矣六街道先锋路,1
100000,105,无锡市,新秀丽中国有限公司,Z,90,XCX,4,39.8,M,汉,5450,3,01,FATHER,FATHER,1,71.0,江苏省,CONSUME,01,,31.474648980034722,120.29935112847222,ANDROID,,江苏省无锡市滨湖区太湖街道震泽路,1
100000,,南京市,南京博物院服务部,H,54,XCX,4,37.2,M,汉,4179,3,01,COLLEAGUE,RELATIVES,2,86.623,江苏省,CONSUME,01,,32.03975504557292,118.80195258246528,ANDROID,,江苏省南京市秦淮区瑞金路街道西华东巷,1
100000,,毕节市,家有宝贝母婴店,H,54,APP,4,25.0,F,汉,2140,4,01,MATE,FATHER,1,73.13,贵州省,CONSUME,01,,27.602459,105.666989,ANDROID,,贵州省毕节市七星关区普宜镇G321(广成线),1
100000,,天津市,单新宇个人工作室,Z,90,XCX,3,34.3,M,汉,5061,2,01,FRIENDS,COLLEAGUE,1,71.0,天津市,CONSUME,01,,39.343212177367977,117.8565348889148,ANDROID,,河北省唐山市丰南区汉丰镇干渠路,1
100000,105,济宁市,济南市展华堂装饰工程有限公司,E,24,APP,2,37.1,M,汉,5424,3,,FRIENDS,FRIENDS,3,71.0,山东省,CONSUME,02,,36.885499,117.771701,ANDROID,,山东省滨州市邹平市高新街道魏纺路,1
100000,,威海市,木海水产,H,54,XCX,2,39.1,M,汉,3840,4,01,FATHER,FRIENDS,1,71.0,山东省,CONSUME,01,,40.079464,116.297701,IOS,,北京市昌平区回龙观街道二龙北路,1
100000,102,葫芦岛市,中联房管家不动产,K,17,APP,3,35.1,M,汉,4659,4,,MOTHER,FRIENDS,2,79.633,辽宁省,CONSUME,01,,41.774134,123.290738,ANDROID,,辽宁省沈阳市铁西区昆明湖街道燕塞湖街,1
100000,,天津市,单新宇个人工作室,Z,90,XCX,3,34.3,M,汉,5061,2,01,FRIENDS,COLLEAGUE,1,71.0,天津市,CONSUME,01,,39.343212177367977,117.8565348889148,ANDROID,,河北省唐山市丰南区汉丰镇干渠路,0
100000,102,仁寿县,仁寿县妇幼保健院,Q,11,APP,4,41.3,F,汉,3398,4,01,MATE,FATHER,1,90.131,四川省,CONSUME,01,,29.9956867185322,104.17656478826167,IOS,,四川省眉山市仁寿县文林街道青岗路,1
100000,,天津市,单新宇个人工作室,Z,90,XCX,3,34.3,M,汉,5061,2,01,FRIENDS,COLLEAGUE,1,71.0,天津市,CONSUME,01,,39.343212177367977,117.8565348889148,ANDROID,,河北省唐山市丰南区汉丰镇干渠路,1
100000,403,济宁市,杨营镇许老三肉食店,H,54,XCX,2,34.2,F,汉,5736,2,,FATHER,COLLEAGUE,1,87.629,山东省,CONSUME,01,,35.833715232923598,115.96301909584808,ANDROID,,山东省济宁市梁山县杨营镇,1
100000,306,焦作市,苏争辉个人工作室,Z,90,APP,3,33.3,M,汉,608,2,01,FRIENDS,COLLEAGUE,1,71.0,河南省,CONSUME,01,,35.259384,113.32391,ANDROID,,河南省焦作市马村区马村街道解放东路3455,1
100000,,延安市,陕西华誉保安公司,O,17,APP,2,41.4,M,汉,4133,4,01,MOTHER,COLLEAGUE,1,71.0,陕西省,CONSUME,02,,35.924792,109.375839,ANDROID,,陕西省延安市富县茶坊街道,1
100000,,成都市,杭州安诺过滤器材有限公司,Z,90,XCX,4,31.4,M,汉,6242,3,01,FATHER,FATHER,2,71.0,四川省,CONSUME,01,,30.61805392795139,104.0788818359375,ANDROID,,四川省成都市武侯区火车南站街道航空路,1
100000,,攀枝花市,四川省米易县原新农业科技有限责任公司公司,A,27,APP,3,46.5,M,汉,814,2,01,MOTHER,MATE,1,71.0,四川省,CONSUME,01,,26.912988,102.111492,ANDROID,,四川省攀枝花市米易县草场镇G227(盐米路),1
100000,102,绍兴市,绍兴上虞涵峰包装制品有限公司,C,24,XCX,4,31.3,M,汉,7095,3,01,FATHER,FRIENDS,2,71.0,浙江省,CONSUME,01,,30.0267068007879,120.82774350228074,IOS,,浙江省绍兴市上虞区曹娥街道兴业北路,1
100000,104,九江市,九江美思雅营销顾问有限公司,L,17,APP,4,41.0,M,汉,4623,4,01,RELATIVES,RELATIVES,1,71.0,江西省,CONSUME,01,,29.701022842239894,116.028912566019,ANDROID,,江西省九江市濂溪区虞家河乡庐山大道辅路,1
100000,103,河源市,惠州市圣安庭食品有限公司,C,24,APP,2,26.9,M,汉,952,3,01,MOTHER,RELATIVES,1,93.283,广东省,CONSUME,01,,23.068327,114.415313,ANDROID,,广东省惠州市惠城区河南岸街道南岸路113号,1
100000,302,郴州市,养殖有限公司,P,13,XCX,4,39.1,M,汉,5472,4,01,FRIENDS,FRIENDS,1,90.838,湖南省,CONSUME,01,,26.076217048424725,112.93493095138293,ANDROID,,湖南省郴州市永兴县高亭司镇,1
100000,105,铜陵市,四川耙耳朵鱼火锅店,I,54,APP,2,46.1,M,汉,1966,4,01,MATE,FRIENDS,1,71.0,安徽省,CONSUME,01,,30.955729991186104,117.790517796029548,ANDROID,,安徽省铜陵市义安区五松镇观湖大道中段-12号,1
100000,102,枣阳市,湖北飞龙摩擦材料股份有限公司,C,24,APP,3,37.5,M,汉,3355,2,01,FATHER,FRIENDS,1,71.0,湖北省,CONSUME,01,,32.109589,112.733863,ANDROID,,湖北省襄阳市枣阳市南城街道润阳路辅路,1
100000,,舟山市,舟山农投,Z,90,APP,3,43.3,F,汉,4352,2,01,MOTHER,FRIENDS,1,85.207,浙江省,CONSUME,01,,29.997508,122.194561,ANDROID,,浙江省舟山市定海区临城街道翁山路,1
100000,,衡阳市,常旺企业管理有限公司,Z,90,XCX,2,35.1,M,汉,6332,2,01,FRIENDS,FRIENDS,2,79.838,湖南省,CONSUME,01,,23.169876174696026,113.35781769807622,ANDROID,,广东省广州市天河区长兴街道长福路,1
100000,,宜昌市,宜都市深圳燃气有限公司,D,17,XCX,4,33.0,M,土家,4855,2,01,FATHER,FRIENDS,2,71.0,湖北省,CONSUME,01,,30.382764756944443,111.44387722439237,ANDROID,,湖北省宜昌市宜都市陆城街道园林大道3-1-33,1
100000,105,临沂市,华鑫木业有限公司,C,24,APP,2,24.5,F,汉,1155,4,01,RELATIVES,COLLEAGUE,2,71.0,山东省,CONSUME,01,,35.459773,117.74771,ANDROID,,山东省临沂市平邑县温水镇万平线,1
100000,104,鸡西市,中国邮政集团有限公司鸡西市分公司,F,17,XCX,3,47.0,F,汉,4674,4,,MATE,FRIENDS,1,71.0,黑龙江省,CONSUME,04,,45.292058,130.957403,ANDROID,,黑龙江省鸡西市鸡冠区西山街道和平北大街200号,1
100000,103,阜阳市,卢续溧水百货,H,54,APP,3,32.1,M,汉,7270,3,,MATE,SIBLING,1,90.244,安徽省,CONSUME,01,,32.836664,116.365,ANDROID,,安徽省阜阳市颍上县陈桥镇,1
100000,105,庆阳市,甘肃万盛矿业有限责任公司,C,24,APP,2,33.3,M,汉,97,3,,MATE,SIBLING,1,71.0,甘肃省,CONSUME,02,,37.087421,106.789702,ANDROID,,甘肃省庆阳市环县甜水镇,1
100000,,重庆市,重庆市俊希预应力管厂,Z,90,XCX,2,39.3,M,汉,3619,4,01,FRIENDS,FRIENDS,3,96.2,重庆市,CONSUME,01,,29.592136984966414,106.49208800534812,ANDROID,,重庆市渝北区龙山街道龙山路253号,1
100000,,盐城市,昆山东和超声波设备有限公司,C,24,APP,4,42.9,F,汉,3764,4,01,MATE,FATHER,1,71.0,江苏省,CONSUME,01,,31.46731201171875,120.99485432942708,ANDROID,,江苏省苏州市昆山市周市镇蔚州路,1
100000,102,上饶市,八字桥面馆,I,54,APP,2,33.8,M,汉,6256,3,01,MATE,FRIENDS,1,85.307,江西省,CONSUME,01,,30.350199,120.147121,ANDROID,,浙江省杭州市拱墅区康桥街道溪居路,1
100000,,北京市,北京延语文化传媒有限公司,R,17,APP,3,29.0,M,汉,6531,3,01,FATHER,RELATIVES,2,71.0,北京市,CONSUME,01,,39.92477267795139,116.70591688368056,ANDROID,,北京市通州区潞城镇三惠东桥,1
100000,,恩施土家族苗族自治州,华盛橡胶有限公司,Z,90,APP,3,34.8,M,土家,4694,4,01,COLLEAGUE,RELATIVES,2,71.0,湖北省,CONSUME,01,,29.815953,110.426195,ANDROID,,湖北省恩施土家族苗族自治州鹤峰县走马镇,1
100000,103,衡阳市,东莞市宝鑫箱包有限公司,Z,90,APP,3,42.1,M,汉,3762,2,01,FATHER,FRIENDS,1,71.0,湖南省,CONSUME,01,,11.884206,104.707822,ANDROID,,"Sedthei, Kampong Chhnang, Cambodia",1
100000,105,扬州市,仪征新豪建材商行,Z,90,APP,2,37.0,M,汉,5512,3,01,MATE,FATHER,1,84.735,江苏省,CONSUME,01,,32.41664,119.386462,ANDROID,,江苏省扬州市邗江区西湖街道金辉路,1
100000,,遵义市,黎洪个人工作室,Z,90,XCX,2,31.4,M,汉,6607,2,01,MATE,FRIENDS,1,71.0,贵州省,CONSUME,01,,28.252149251302082,121.60594346788194,ANDROID,,浙江省台州市温岭市石塘镇,1
100000,103,佛山市,佛山市顺德区大良美纳福食品经营部,Z,90,APP,2,35.0,F,汉,5779,2,01,MATE,SIBLING,1,71.0,广东省,CONSUME,01,,22.843232,113.267062,ANDROID,,广东省佛山市顺德区大良街道太艮路,1
100000,,上海市,嘉泓耀国际物流(上海)有限公司,F,17,XCX,3,48.2,M,汉,99999,4,01,MOTHER,MATE,1,90.255,上海市,CONSUME,01,,31.15083224826389,121.33690456814236,ANDROID,,上海市闵行区七宝镇中春路7468号,1
100000,105,达州市,成都韦迪宏科技有限公司,G,13,APP,4,27.2,M,汉,659,2,01,FATHER,FRIENDS,2,71.0,四川省,CONSUME,01,,30.806619,103.927996,ANDROID,,四川省成都市郫都区红光街道港北四路二段,1
100000,102,海口市,赣县区韩坊镇人民政府,S,11,APP,4,32.7,M,汉,5348,2,01,MOTHER,FRIENDS,2,71.0,海南省,CONSUME,01,,25.863750463223,115.020454417675,ANDROID,,江西省赣州市赣县区梅林镇城南大道,1
100000,102,天门市,湖北省天门市委档案局,S,11,APP,4,41.7,M,汉,3188,3,01,FATHER,COLLEAGUE,1,71.0,湖北省,CONSUME,01,,30.656925579751984,113.15543546683173,ANDROID,,湖北省天门市竟陵街道四牌楼街89号,1
100000,103,德宏傣族景颇族自治州,捷安特自行车有限公司,H,54,APP,3,41.4,M,景颇,4682,2,01,FATHER,FRIENDS,2,71.0,云南省,CONSUME,01,,24.177103,97.798844,ANDROID,,云南省德宏傣族景颇族自治州陇川县章凤镇新城路,1
100000,403,海城市,云之龙服饰,H,54,APP,2,43.2,F,汉,3820,4,01,PARENTS,FRIENDS,1,71.0,辽宁省,CONSUME,01,,41.115217,122.974731,ANDROID,,辽宁省鞍山市铁西区八家子街道启明街20,1
100000,,泸州市,爱尚美工作室,Z,90,XCX,3,32.9,F,汉,5094,4,01,SIBLING,FRIENDS,1,71.0,四川省,CONSUME,01,,26.568981342520833,101.70771148905591,ANDROID,,四川省攀枝花市东区炳草岗街道宁安巷,1
100000,,宜春市,万载华达汽车销售有限公司,Z,90,XCX,4,26.8,M,汉,1349,3,01,MATE,COLLEAGUE,1,92.001,江西省,CONSUME,01,,28.08743191189236,114.46807644314237,ANDROID,,江西省宜春市万载县鹅峰乡G320(宜万同城快速通道),1
100000,,柳州市,陈知公鞋业,Z,90,XCX,2,33.2,F,汉,6858,2,01,PARENTS,FRIENDS,1,71.0,广西壮族自治区,CONSUME,01,,24.31781684027778,109.44372124565972,ANDROID,,广西壮族自治区柳州市鱼峰区麒麟街道华园路,1
100000,,乐山市,府谷县老高川镇四川人家,I,54,APP,3,39.4,M,汉,4107,4,01,RELATIVES,RELATIVES,1,71.0,四川省,CONSUME,01,,39.10453721788195,110.51159288194444,ANDROID,,陕西省榆林市神木市店塔镇,1
100000,105,成都市,糖果铺杂货店,Z,90,APP,3,38.7,F,汉,2718,4,01,PARENTS,FRIENDS,1,71.0,四川省,CONSUME,01,,30.755019,104.157088,ANDROID,,四川省成都市新都区三河街道三都路,1
100000,,无锡市,常州小飞猪网络科技有限公司,G,13,XCX,2,26.3,F,汉,3513,4,01,MATE,SIBLING,2,83.788,江苏省,CONSUME,01,,31.82096435546875,120.14871826171876,ANDROID,,江苏省常州市天宁区郑陆镇溪河路,1
100000,,普洱市,曲靖三农农业机械修理店,Z,90,APP,3,43.6,M,拉祜,4140,3,01,COLLEAGUE,COLLEAGUE,2,71.0,云南省,CONSUME,01,,26.095765,104.081377,ANDROID,,云南省曲靖市宣威市板桥街道Y260,1
100000,,焦作市,宋平个人工作室,Z,90,XCX,2,42.1,F,汉,7248,4,01,MOTHER,MATE,1,81.172,河南省,CONSUME,01,,35.23716716626022,113.2440071730466,ANDROID,,河南省焦作市山阳区定和街道焦东路232号,1
100000,,南昌市,南昌绿卓餐饮服务中心,Z,90,APP,2,44.6,M,汉,4212,4,01,MOTHER,FRIENDS,1,71.0,江西省,CONSUME,01,,28.63056925716273,115.95170001403199,ANDROID,,江西省南昌市青山湖区江西青山湖高新技术产业园区高新南大道辅路,1
100000,,黔西南布依族苗族自治州,兴义市小怪兽餐饮店,Z,90,APP,3,28.1,M,彝,117,4,01,MATE,COLLEAGUE,1,71.0,贵州省,CONSUME,01,,25.097043,104.913855,ANDROID,,贵州省黔西南布依族苗族自治州兴义市桔山街道瑞金南路59号,1
100000,103,泰安市,山东能源集团,D,17,APP,4,36.4,M,汉,5124,3,01,RELATIVES,COLLEAGUE,2,71.0,山东省,CONSUME,02,,36.684016,117.731961,ANDROID,,山东省淄博市周村区王村镇S102,1
100000,,德州市,众鑫达鱼竿厂,C,24,XCX,2,41.3,F,汉,3867,2,01,MATE,FRIENDS,1,71.0,山东省,CONSUME,01,,37.14345621744792,116.43602484809028,ANDROID,,山东省德州市平原县桃园街道,1
100000,,济宁市,邹城市诚和商贸有限公司,H,54,APP,3,38.7,M,汉,5551,3,01,MATE,FATHER,1,71.0,山东省,CONSUME,01,,35.436776,116.620501,ANDROID,,山东省济宁市任城区洸河街道机电二路,1
100000,,三明市,揭阳市揭东区磐东圻瑞玉器加工厂,Z,90,APP,2,35.5,M,汉,6146,4,01,MATE,FRIENDS,1,71.0,福建省,CONSUME,01,,23.577539071653246,116.33079198664086,ANDROID,,广东省揭阳市榕城区东阳街道,1
100000,,自贡市,星锐工程机械,C,24,APP,2,39.2,M,汉,5485,2,01,MATE,COLLEAGUE,1,71.0,四川省,CONSUME,01,,29.565276,104.287343,ANDROID,,四川省自贡市荣县双古镇S4(成宜昭高速),0
100000,103,庆阳市,郭梓宇个人工作室,Z,90,XCX,2,25.5,M,汉,1309,4,01,MATE,FATHER,2,71.0,甘肃省,CONSUME,01,,35.68253605587665,107.20113933122478,ANDROID,,甘肃省庆阳市镇原县城关镇S318(柏山路),1
100000,,上海市,上海麦途餐饮管理有限公司,I,54,APP,3,26.6,M,汉,445,2,01,MATE,FRIENDS,2,71.0,上海市,CONSUME,01,,31.393853624131946,121.48260498046875,ANDROID,,上海市宝山区友谊路街道牡丹江路1242弄-10号,1
100000,103,上海市,崇明巴士公共交通有限公司,O,17,XCX,3,48.8,M,汉,99999,4,,MATE,FRIENDS,1,91.147,上海市,CONSUME,01,,31.645654361188709,121.60904543885411,IOS,,上海市崇明区东平镇Y849(阿里山路),1
100000,105,商丘市,宋振阳个人工作室,H,54,APP,3,25.1,M,汉,2028,4,01,PARENTS,FRIENDS,1,71.0,河南省,CONSUME,02,,30.293588,121.291981,ANDROID,,浙江省宁波市慈溪市庵东镇仁洋路,0
100000,105,南通市,大洋桥土菜馆,I,54,APP,2,38.9,M,汉,4449,2,01,MATE,COLLEAGUE,2,71.0,江苏省,CONSUME,02,,32.046486,121.600806,ANDROID,,江苏省南通市启东市吕四港镇建设南路,1
100000,,临汾市,北京利文世纪科技有限公司,G,13,XCX,2,27.7,M,汉,118,2,01,COLLEAGUE,COLLEAGUE,2,71.0,山西省,CONSUME,01,,40.098964301215275,116.29120388454861,ANDROID,,北京市昌平区史各庄街道朱辛庄西二路,1
100000,301,宜宾市,中国邮政集团有限公司四川省江安县分公司,F,17,APP,3,35.2,M,汉,4606,3,01,MATE,SIBLING,1,71.0,四川省,CONSUME,02,,28.725381401909722,105.06695827907986,ANDROID,,四川省宜宾市江安县江安镇南屏大道中段辅路,1
100000,103,湖州市,德清壹城装饰有限公司,E,24,APP,3,28.0,M,汉,2161,4,01,MATE,FRIENDS,2,71.0,浙江省,CONSUME,01,,30.539131304907487,120.07845167270675,ANDROID,,浙江省湖州市德清县乾元镇苕溪横路19,1
100000,105,资阳市,深圳依时货拉拉科技有限公司,Z,90,XCX,2,44.2,M,汉,861,2,01,RELATIVES,COLLEAGUE,1,71.0,四川省,CONSUME,01,,29.82269,105.60628,ANDROID,,重庆市大足区中敖镇,1
100000,306,孝感市,广州精锐教育集团,Z,90,APP,4,42.3,F,汉,5186,2,01,MATE,COLLEAGUE,1,71.0,湖北省,CONSUME,01,,22.927906,113.365903,ANDROID,,广东省广州市番禺区桥南街道华荟路91号,1
100000,,保定市,张雷个人工作室,Z,90,APP,2,45.1,F,汉,6449,4,01,MATE,COLLEAGUE,1,71.0,河北省,CONSUME,02,,39.488888,116.045184,ANDROID,,河北省保定市涿州市高新技术产业开发区朝阳路,0
100000,,大连市,大家华宫古文化发展中心,Z,90,APP,2,42.6,M,汉,1593,2,01,SIBLING,COLLEAGUE,1,87.454,辽宁省,CONSUME,01,,39.401691,121.954302,ANDROID,,辽宁省大连市普兰店区铁西街道铁西路,1
100000,,保定市,张雷个人工作室,Z,90,APP,2,45.1,F,汉,6449,4,01,MATE,COLLEAGUE,1,71.0,河北省,CONSUME,02,,39.488888,116.045184,ANDROID,,河北省保定市涿州市高新技术产业开发区朝阳路,0
100000,,牡丹江市,烟台蓬莱国际机场,F,17,XCX,4,25.8,M,汉,1457,2,01,FATHER,MOTHER,2,71.0,黑龙江省,CONSUME,01,,37.65987383425492,120.9978762148856,ANDROID,,山东省烟台市蓬莱区潮水镇迎宾一路,1
100000,301,深圳市,陈奕微个人工作室,Z,90,APP,3,39.8,F,汉,5598,3,01,MATE,CHILDREN,1,71.0,广东省,CONSUME,01,,22.531172,114.065914,ANDROID,,广东省深圳市福田区福田街道福强路1005号,1
100000,,苏州市,殷文露个人工作室,Z,90,XCX,3,24.2,F,汉,3427,4,01,PARENTS,SIBLING,2,71.0,江苏省,CONSUME,01,,31.102009677246018,121.32592610438057,ANDROID,,上海市松江区九亭镇中心路,1
100000,,长春市,李娜个人工作室,Z,90,XCX,2,32.6,F,汉,746,4,01,FATHER,MOTHER,1,71.0,吉林省,CONSUME,01,,44.883708212855669,126.68385521988815,ANDROID,,吉林省长春市榆树市城发乡,1
100000,,徐州市,高清华个人工作室,Z,90,APP,2,31.4,F,汉,6555,4,01,SIBLING,FRIENDS,1,71.0,江苏省,CONSUME,01,,33.91983789575508,118.93234172929792,ANDROID,,江苏省宿迁市沭阳县钱集镇李庄线,1
100000,,杭州市,浦江弘拓生物科技有限公司,Z,90,APP,4,38.1,M,汉,6065,4,01,FRIENDS,COLLEAGUE,3,89.703,浙江省,CONSUME,01,,29.456828,119.955075,ANDROID,,浙江省金华市浦江县岩头镇百炼大道,1
100000,103,苏州市,私营业主,Z,90,APP,4,48.9,M,汉,99999,4,01,FATHER,MATE,1,88.846,江苏省,CONSUME,01,,31.857529,120.558267,ANDROID,,江苏省苏州市张家港市杨舍镇华昌路117号,1
100000,104,上海市,上海盒马网络科技有限公司,C,24,APP,4,43.3,F,汉,3577,3,01,CHILDREN,FRIENDS,1,71.0,上海市,CONSUME,01,,31.195333,121.425486,ANDROID,,上海市徐汇区徐家汇街道徐虹北路94号,1
100000,,眉山市,越瑞轩电力工程有限公司,Z,90,XCX,2,25.4,M,汉,2156,4,01,PARENTS,FRIENDS,2,71.0,四川省,CONSUME,01,,29.842256163296537,103.87191130318492,ANDROID,,四川省眉山市青神县白果乡华青路,1
100000,103,昆明市,昆明市第二人民医院,Q,11,XCX,4,27.2,F,汉,3037,2,01,FATHER,FRIENDS,2,81.55,云南省,CONSUME,01,,25.05800320095486,102.74534586588541,ANDROID,,云南省昆明市盘龙区东华街道昙小路中段-366号-2楼,1
100000,105,市辖区,天津海鑫物流有限公司,F,17,XCX,3,44.3,F,汉,4136,4,,FRIENDS,FRIENDS,1,71.0,天津市,CONSUME,01,,39.03174831814236,117.64774631076389,ANDROID,,天津市滨海新区杭州道街道甘肃路86号,1
100000,102,烟台市,龙口市中宇机械,C,24,APP,4,41.0,M,汉,2693,2,01,MATE,FRIENDS,1,71.0,山东省,CONSUME,01,,37.677301,120.391721,ANDROID,,山东省烟台市龙口市龙港街道桑园路,1
100000,,乐山市,小小超市,Z,90,APP,2,40.8,F,汉,4513,2,01,MOTHER,MATE,1,71.0,四川省,CONSUME,01,,29.407619951306065,103.83365560276397,ANDROID,,四川省乐山市五通桥区竹根镇,1
100000,103,滨州市,万事达建筑钢品,Z,90,APP,3,31.3,M,汉,6426,4,01,FATHER,MOTHER,1,71.0,山东省,CONSUME,01,,36.796116,118.045679,ANDROID,,山东省淄博市张店区和平街道西二路西一街1,1
100000,,盘锦市,然百洗浴会所,R,17,APP,2,30.9,M,汉,525,2,01,FATHER,FRIENDS,2,71.0,辽宁省,CONSUME,01,,41.654393446180556,123.33367160373264,ANDROID,,辽宁省沈阳市苏家屯区沈水街道香杨路76-5门,1
100000,,株洲市,深圳第三人民医院,Z,90,XCX,4,23.2,M,汉,2260,3,01,PARENTS,SIBLING,1,71.0,湖南省,CONSUME,01,,22.689178090105324,114.2541258625477,ANDROID,,广东省深圳市龙岗区宝龙街道A号路,1
100000,,邵阳市,深圳市宝安中心有限公司,Z,90,APP,3,25.0,M,汉,1622,3,01,SIBLING,FRIENDS,2,71.0,湖南省,CONSUME,01,,22.608455,113.841765,ANDROID,,广东省深圳市宝安区航城街道航城大道,1
100000,105,泉州市,晋江市梅岭水船精匠寿司店,I,54,XCX,2,30.7,M,汉,7124,2,01,FATHER,FRIENDS,2,87.571,福建省,CONSUME,02,,24.856787923177084,118.43285400390624,ANDROID,,福建省泉州市南安市官桥镇育才路,1
100000,,宝鸡市,西安勤越房地产营销策划有限公司,E,24,APP,3,32.2,M,汉,5425,3,01,FATHER,SIBLING,1,71.0,陕西省,CONSUME,01,,34.28578565655892,109.04018242844127,ANDROID,,陕西省西安市灞桥区席王街道御城路,1
100000,,六安市,安徽飞鸿工程机械有限公司,Z,90,XCX,2,30.2,M,汉,946,3,01,RELATIVES,COLLEAGUE,1,85.135,安徽省,CONSUME,01,,31.731311,116.463702,ANDROID,,安徽省六安市裕安区城南镇佛子岭路辅路,1
100000,,六安市,安徽飞鸿工程机械有限公司,Z,90,XCX,2,30.2,M,汉,946,3,01,RELATIVES,COLLEAGUE,1,85.135,安徽省,CONSUME,01,,31.731311,116.463702,ANDROID,,安徽省六安市裕安区城南镇佛子岭路辅路,1
100000,,吉安市,梧州市龙圩区丽艳灯饰店,Z,90,XCX,2,39.4,M,汉,3916,3,01,MATE,FRIENDS,1,71.0,江西省,CONSUME,01,,23.41916123208593,111.26747461012097,ANDROID,,广西壮族自治区梧州市龙圩区龙圩镇,1
100000,,六安市,安徽飞鸿工程机械有限公司,Z,90,XCX,2,30.2,M,汉,946,3,01,RELATIVES,COLLEAGUE,1,85.135,安徽省,CONSUME,01,,31.731311,116.463702,ANDROID,,安徽省六安市裕安区城南镇佛子岭路辅路,1
100000,105,广元市,圣恩生物科技股份（成都）有限公司,M,11,APP,3,47.5,M,汉,759,3,01,RELATIVES,FRIENDS,1,71.0,四川省,CONSUME,02,,27.642604,113.842825,ANDROID,,江西省萍乡市安源区后埠街道山下路19号,1
100000,,岳阳市,中国石化加油站,D,17,XCX,2,25.9,F,汉,985,4,,MATE,RELATIVES,1,71.0,湖南省,CONSUME,01,,28.710241156684027,113.58097574869792,ANDROID,,湖南省岳阳市平江县汉昌街道民建北路,1
100000,104,聊城市,聊城高新区明德托管服务中心,E,24,APP,3,31.7,M,汉,7105,3,01,RELATIVES,RELATIVES,1,95.014,山东省,CONSUME,01,,36.442533,116.002726,ANDROID,,山东省聊城市东昌府区柳园街道陈口路,1
100000,,北京市,天津壹昕科技有限公司,Z,90,XCX,4,44.1,F,汉,4180,4,01,MATE,COLLEAGUE,1,87.5,北京市,CONSUME,01,,40.123483301996348,116.45956854779924,ANDROID,,北京市昌平区小汤山镇温榆河巡河右提路,1
100000,,盐城市,苏州九龙医院,Q,11,XCX,4,27.8,F,汉,783,3,01,MOTHER,FRIENDS,2,81.572,江苏省,CONSUME,01,,31.328565809461807,120.72721652560764,ANDROID,,江苏省苏州市苏州工业园区金鸡湖街道现代大道,1
100000,,绍兴市,上海建工集团,L,17,XCX,4,35.7,M,汉,3929,3,01,SIBLING,COLLEAGUE,2,71.0,浙江省,CONSUME,01,,28.237345,113.081572,IOS,,湖南省长沙市长沙县星沙街道金茂路,1
100000,403,雅安市,润建股份有限公司四川分公司,Z,90,APP,4,40.7,M,汉,4345,3,01,MATE,SIBLING,1,71.0,四川省,CONSUME,01,,30.054889,102.7748,ANDROID,,四川省雅安市天全县城厢镇,1
100000,,北京市,北京市嘉元世纪有限公司,Z,90,XCX,4,46.1,F,汉,6892,4,01,FATHER,COLLEAGUE,1,71.0,北京市,CONSUME,01,,39.853535257251518,116.28558895866262,ANDROID,,北京市丰台区丰台街道游泳场北路13号,1
100000,105,滁州市,秦栏镇中心卫生院,Q,11,XCX,4,30.1,M,汉,1076,2,,MOTHER,FRIENDS,2,95.31,安徽省,CONSUME,04,,32.60543240017361,119.17465657552083,ANDROID,,安徽省滁州市天长市秦栏镇步行街,1
100000,105,嘉兴市,海宁黄夫人纺织品有限公司,C,24,APP,2,38.0,M,汉,3010,4,01,FATHER,MOTHER,2,71.0,浙江省,CONSUME,01,,30.428703,120.347311,ANDROID,,浙江省嘉兴市海宁市许村镇锦绣路,1
100000,,南充市,沙磁邮礼公司,Z,90,XCX,2,33.0,F,汉,6896,2,01,MATE,FRIENDS,1,71.0,四川省,CONSUME,01,,25.428226097818336,106.7798690317744,ANDROID,,贵州省黔南布依族苗族自治州罗甸县龙坪镇,1
100000,,玉溪市,施英个人工作室,Z,90,APP,2,36.0,F,彝,3882,2,01,MOTHER,FRIENDS,1,71.0,云南省,CONSUME,01,,24.171665,102.406227,ANDROID,,云南省玉溪市峨山彝族自治县双江街道彩虹路,1
100000,305,泉州市,南艺彩印,H,54,XCX,2,40.4,M,汉,3026,3,01,MOTHER,FRIENDS,1,71.0,福建省,CONSUME,01,,24.855961371527776,118.66225477430555,ANDROID,,福建省泉州市丰泽区东海街道丰海路,1
100000,102,襄阳市,湖北华振工程咨询服务有限公司,L,17,APP,4,38.0,M,汉,5001,4,01,FATHER,SIBLING,1,71.0,湖北省,CONSUME,01,,32.130022,112.751161,ANDROID,,湖北省襄阳市枣阳市枣阳经济开发区前进路22-3号,1
100000,105,抚顺市,奥德燃气有限公司,Z,90,XCX,2,42.5,M,汉,2229,4,01,FATHER,FATHER,2,71.0,辽宁省,CONSUME,01,,39.87240397135417,124.17600775824653,ANDROID,,辽宁省丹东市东港市新兴街道G228(观海路),1
100000,,汕尾市,深圳市南科润投资发展有限公司,J,13,APP,3,35.9,M,汉,3841,2,01,SIBLING,FRIENDS,2,71.0,广东省,CONSUME,01,,22.703362,114.37134,ANDROID,,广东省深圳市坪山区石井街道石井福民路,1
100000,,北京市,京西逐梦篮球俱乐部,Z,90,XCX,4,29.6,M,汉,305,2,01,FATHER,FRIENDS,2,96.78018,北京市,CONSUME,01,,39.96452333446324,116.14339483202994,IOS,,北京市石景山区五里坨街道黑陈路,1
100000,,眉山市,杨松个人工作室,Z,90,XCX,2,35.6,M,汉,5066,4,01,MATE,FATHER,1,71.0,四川省,CONSUME,01,,29.991299866141185,103.53689643792944,ANDROID,,四川省眉山市丹棱县齐乐镇,1
100000,,天津市,单新宇个人工作室,Z,90,XCX,3,34.3,M,汉,5061,2,01,FRIENDS,COLLEAGUE,1,71.0,天津市,CONSUME,01,,39.343212177367977,117.8565348889148,ANDROID,,河北省唐山市丰南区汉丰镇干渠路,1
100000,104,沈阳市,顺丰冷链,Z,90,APP,4,23.0,M,汉,2658,2,01,FATHER,MOTHER,2,96.2,辽宁省,CONSUME,01,,41.993857,122.829034,ANDROID,,辽宁省沈阳市新民市辽滨街道南市东路4号,1
100000,,温州市,温州市中祥光电科技发展有限公司,Z,90,XCX,3,44.3,M,汉,7014,3,01,PARENTS,COLLEAGUE,1,89.766,浙江省,CONSUME,01,,27.520677123219135,120.62759002794768,ANDROID,,浙江省温州市龙港市新城开发建设中心,1
100000,,文山壮族苗族自治州,上海优泉,Z,90,APP,2,30.9,M,汉,6086,2,01,SIBLING,SIBLING,2,71.0,云南省,CONSUME,01,,22.892059,112.825275,ANDROID,,广东省佛山市高明区荷城街道三明路,1
100000,103,重庆市,未知公司,H,54,XCX,3,40.8,F,汉,4801,2,01,MOTHER,FRIENDS,1,90.509,重庆市,CONSUME,01,,31.946566882475659,108.67251678582069,ANDROID,,重庆市城口县葛城街道Y026(三东路),1
100000,,株洲市,一佳电器销售有限公司,H,54,APP,2,42.2,F,汉,4437,4,,FATHER,SIBLING,1,71.0,湖南省,CONSUME,01,,27.676497,113.501278,ANDROID,,湖南省株洲市醴陵市来龙门街道李畋路,1
100000,,盐城市,周斌个人工作室,Z,90,APP,2,48.9,M,汉,99999,3,01,MATE,FRIENDS,1,71.0,江苏省,CONSUME,01,,32.198919270833336,118.67508599175348,ANDROID,,江苏省南京市浦口区盘城街道华康路,1
100000,,天津市,单新宇个人工作室,Z,90,XCX,3,34.3,M,汉,5061,2,01,FRIENDS,COLLEAGUE,1,71.0,天津市,CONSUME,01,,39.343212177367977,117.8565348889148,ANDROID,,河北省唐山市丰南区汉丰镇干渠路,0
100000,,天津市,单新宇个人工作室,Z,90,XCX,3,34.3,M,汉,5061,2,01,FRIENDS,COLLEAGUE,1,71.0,天津市,CONSUME,01,,39.343212177367977,117.8565348889148,ANDROID,,河北省唐山市丰南区汉丰镇干渠路,1
100000,,桂林市,林巧个人工作室,Z,90,APP,2,35.6,F,汉,6724,4,,MATE,FATHER,1,71.0,广西壮族自治区,CONSUME,01,,24.745404,110.847779,ANDROID,,广西壮族自治区桂林市平乐县二塘镇,1
100000,104,张家口市,天石实业有限公司,C,24,XCX,2,39.3,M,汉,4528,2,01,MATE,FRIENDS,1,71.0,河北省,CONSUME,01,,40.91507965203622,107.76790917787639,ANDROID,,内蒙古自治区巴彦淖尔市五原县天吉泰镇,1
100000,,凤城市,小幼丁儿童辅食馆,H,54,APP,4,37.4,M,满,4869,4,01,RELATIVES,RELATIVES,2,71.0,辽宁省,CONSUME,01,,40.010005696614584,124.35218044704861,ANDROID,,辽宁省丹东市振兴区浪头镇,1
100000,103,镇江市,威诗曼眼镜,H,54,APP,2,27.9,F,汉,531,2,,FRIENDS,MATE,1,71.0,江苏省,CONSUME,01,,32.043087,119.606257,ANDROID,,江苏省镇江市丹阳市曲阿街道圣昌东路,1
100000,,邹城市,秦浩个人工作室,Z,90,APP,2,29.5,M,汉,6256,2,01,FATHER,FRIENDS,2,71.0,山东省,CONSUME,01,,35.412769,116.948364,ANDROID,,山东省济宁市邹城市钢山街道宏达路169号,1
100000,,南昌市,南昌县象湖星红百货店,I,54,APP,3,35.9,M,汉,4921,4,01,SIBLING,FRIENDS,1,71.0,江西省,CONSUME,01,,28.586230926509316,115.88414733225743,ANDROID,,江西省南昌市南昌县莲塘镇邓埠西路,1
100000,102,温州市,北京玉洁东方名流商贸有限公司,H,54,XCX,4,41.0,F,汉,4836,4,,FATHER,FRIENDS,1,71.0,浙江省,CONSUME,01,,40.081808,116.363122,IOS,,北京市昌平区霍营街道龙锦三街辅路,1
100000,,昆明市,昆明摄影小工作,Z,90,APP,3,27.5,M,彝,1331,2,01,FRIENDS,FRIENDS,1,71.0,云南省,CONSUME,01,,24.965838017778347,102.77197734705962,ANDROID,,云南省昆明市官渡区小板桥街道迎坡街,1
100000,,揭阳市,美宜佳便利店,Z,90,APP,3,29.7,M,汉,2069,3,01,PARENTS,MOTHER,2,71.0,广东省,CONSUME,01,,23.541625406231736,116.36058681944063,ANDROID,,广东省揭阳市榕城区榕华街道港墘天福东路南7巷-1号,1
100000,,泰州市,江苏同方,Z,90,XCX,3,32.0,M,汉,6821,2,01,COLLEAGUE,RELATIVES,1,85.435,江苏省,CONSUME,01,,31.448252224392363,121.09112440321181,ANDROID,,江苏省苏州市太仓市城厢镇北城河西弄,1
100000,,重庆市,吴君个人工作室,Z,90,APP,2,35.9,F,汉,3777,2,01,MATE,MOTHER,1,72.675,重庆市,CONSUME,01,,29.592953,106.22892,ANDROID,,重庆市璧山区璧泉街道东关东巷50,1
100000,103,重庆市,重庆永博机电有限责任公司,G,13,APP,2,43.5,M,汉,1084,4,01,FATHER,COLLEAGUE,,71.0,重庆市,CONSUME,01,,30.05984686530695,107.13424674193263,ANDROID,,重庆市长寿区葛兰镇G243,1
100000,403,辽源市,吴广福个人工作室,Z,90,XCX,3,26.2,M,汉,216,3,01,FATHER,FRIENDS,2,71.0,吉林省,CONSUME,01,,42.94683078342014,125.68025933159723,ANDROID,,吉林省辽源市东丰县黄河镇,1
100000,,安阳市,河南天海文化传播有限公司,Z,90,APP,3,35.4,M,汉,7056,2,01,MATE,FATHER,1,71.0,河南省,CONSUME,01,,31.140426,121.541053,ANDROID,,上海市浦东新区三林镇S20(环南一大道),1
100000,102,鹰潭市,餐饮行业,Z,90,XCX,3,30.7,F,汉,6990,2,01,FRIENDS,FRIENDS,1,71.0,江西省,CONSUME,01,,28.286177,117.201574,ANDROID,,江西省鹰潭市贵溪市东门街道复兴路1号,1
100000,105,平顶山市,澄友食品有限公司,C,24,APP,4,37.7,M,汉,3880,4,,MATE,FATHER,1,93.775,河南省,CONSUME,01,,35.045254,113.926098,ANDROID,,河南省新乡市原阳县葛埠口乡荣鑫街,1
100000,,六安市,舒城县谷诚植保专业合作社,A,27,XCX,3,26.1,M,汉,1407,4,01,FATHER,SIBLING,2,91.823,安徽省,CONSUME,01,,31.467452799479165,116.92681694878472,ANDROID,,安徽省六安市舒城县城关镇X005(桃溪中路),1
100000,,海口市,海航航空技术有限公司,F,17,XCX,4,34.6,M,汉,5294,3,01,FATHER,FRIENDS,2,71.0,海南省,CONSUME,01,,18.51053137363669,108.79531801680126,ANDROID,,海南省乐东黎族自治县黄流镇吉祥二路,1
100000,102,苏州市,苏州嘉睦碧晟建筑装饰有限公司,Z,90,APP,3,36.0,M,汉,6000,2,01,CHILDREN,PARENTS,1,71.0,江苏省,CONSUME,01,,31.382521,120.57384,ANDROID,,江苏省苏州市相城区黄桥街道黄桥村街西40号,1
100000,,九江市,陈海个人工作室,Z,90,APP,2,25.3,M,汉,911,4,01,SIBLING,FATHER,2,71.0,江西省,CONSUME,01,,29.270981057140025,115.55169211633722,ANDROID,,江西省九江市永修县三溪桥镇,1
100000,,金华市,金华日报报业传媒集团,Z,90,APP,4,40.4,F,汉,4213,3,01,FATHER,FATHER,2,71.0,浙江省,CONSUME,01,,29.084407,119.72932,ANDROID,,浙江省金华市金东区江东镇十下线,1
100000,105,广州市,玉艺缘玉器店,H,54,APP,2,36.8,F,汉,3397,4,01,FATHER,FRIENDS,1,71.0,广东省,CONSUME,01,,23.385457,113.210606,ANDROID,,广东省广州市花都区新华街道培英街17号,1
100000,,六盘水市,一家羊奶店,Z,90,APP,4,27.1,F,苗,1006,2,01,MOTHER,COLLEAGUE,2,71.0,贵州省,CONSUME,01,,26.232595150149885,105.88101477394342,ANDROID,,贵州省安顺市西秀区西航街道西航路,1
100000,102,武威市,相栋林个人工作室,Z,90,APP,4,36.9,M,汉,4052,2,,SIBLING,MATE,2,71.0,甘肃省,CONSUME,02,,37.912252,102.624506,ANDROID,,甘肃省武威市凉州区和平镇古浪街,1
100000,,抚州市,马步奇公司,Z,90,XCX,4,29.1,M,汉,160,4,,FRIENDS,FRIENDS,2,71.0,江西省,CONSUME,03,,28.023049858940972,116.26145399305555,ANDROID,,江西省抚州市临川区展坪镇,1
100000,103,安阳市,横店影视城剧组,H,54,APP,2,27.7,M,汉,1008,4,01,RELATIVES,RELATIVES,2,71.0,河南省,CONSUME,02,,34.586855,113.640037,ANDROID,,河南省郑州市新郑市龙湖街道会盟大道,1
100000,105,邢台市,平乡县兴航建筑工程有限公司,E,24,APP,2,40.1,M,汉,2415,3,01,SIBLING,FRIENDS,1,71.0,河北省,CONSUME,02,,36.957695,114.979135,ANDROID,,河北省邢台市平乡县平乡镇,1
100000,,绥化市,"？？？

外贸公司",Z,90,XCX,2,45.5,M,汉,1144,3,01,SIBLING,CHILDREN,1,85.621,黑龙江省,CONSUME,01,,50.232537444583488,127.52933699482957,ANDROID,,黑龙江省黑河市爱辉区幸福乡龙海路,1
100000,105,巴中市,巴中市恩阳区民政局,S,11,APP,3,38.9,M,汉,4457,2,01,PARENTS,COLLEAGUE,1,90.255,四川省,CONSUME,01,,31.80771556637067,106.65071444864049,ANDROID,,四川省巴中市恩阳区登科街道G244(环城路东段),1
100000,,滁州市,滁州市顺山土石方工程有限公司,Z,90,APP,2,42.8,M,汉,4304,4,01,COLLEAGUE,COLLEAGUE,1,71.0,安徽省,CONSUME,01,,32.25660333862805,118.39864695118752,ANDROID,,安徽省滁州市南谯区乌衣镇,1
100000,105,无锡市,无锡市瑞通汽车修理有限公司,O,17,XCX,3,39.4,M,汉,5346,4,01,RELATIVES,RELATIVES,3,71.0,江苏省,CONSUME,01,,31.535725330197097,120.2831428807917,ANDROID,,江苏省无锡市滨湖区蠡湖街道五湖大道辅路,1
100000,,普洱市,鲍青霞个人工作室,Z,90,APP,2,30.2,F,佤,124,2,01,PARENTS,OTHER,1,71.0,云南省,CONSUME,01,,23.051387783855917,99.79601233371494,ANDROID,,云南省普洱市澜沧拉祜族自治县上允镇,1
100000,,怀化市,永红烟花厂,Z,90,APP,3,37.2,M,汉,5113,3,01,FATHER,SIBLING,3,71.0,湖南省,CONSUME,01,,29.057454425811867,111.69219412526995,ANDROID,,湖南省常德市武陵区南坪街道柳叶大道2608,1
100000,,阜新市,长营子镇政府,Z,90,XCX,4,32.5,F,汉,6222,4,01,MOTHER,FRIENDS,1,71.0,辽宁省,CONSUME,01,,42.04278700086805,121.66509304470486,ANDROID,,辽宁省阜新市细河区玉丰街道正阳街辅路,1
100000,,太原市,潘毛毛个人工作室,Z,90,XCX,2,32.8,F,汉,5339,2,01,MATE,FRIENDS,1,71.0,山西省,CONSUME,01,,37.610813,112.361647,ANDROID,,山西省太原市清徐县清源镇康乐路168,1
100000,102,遂宁市,昆山悦晖电子材料有限公司,Z,90,APP,3,46.7,M,土家,850,3,01,MATE,COLLEAGUE,1,71.0,四川省,CONSUME,01,,31.41808,120.941177,ANDROID,,江苏省苏州市昆山市玉山镇永丰余路1031号,1
100000,,伊春市,大庆筑安建工集团有限公司,E,24,APP,4,38.0,M,汉,3763,4,01,FATHER,FRIENDS,2,71.0,黑龙江省,CONSUME,01,,46.470535000000005,125.20470500000002,ANDROID,,黑龙江省大庆市龙凤区卧里屯街道化工路,1
100000,102,泸州市,非传统企业,C,24,XCX,2,34.4,M,汉,4549,4,01,FRIENDS,RELATIVES,1,89.983,四川省,CONSUME,01,,30.65430007769123,104.07298424705562,ANDROID,,四川省成都市锦江区春熙路街道走马街22号,1
100000,403,宣城市,安徽省宣城市恒山建设工程有限公司,E,24,XCX,2,47.0,M,汉,3888,2,01,SIBLING,MATE,1,90.41,安徽省,CONSUME,01,,30.94443759852613,118.74534101915312,ANDROID,,安徽省宣城市宣州区西林街道电大巷,1
100000,105,临沂市,临沂市兰山区星光艺术学院,P,13,APP,4,33.8,M,汉,5143,3,01,RELATIVES,FRIENDS,1,71.0,山东省,CONSUME,01,,35.100582,118.344616,ANDROID,,山东省临沂市兰山区柳青街道智圣路,1
100000,,吉安市,畲乡美食,Z,90,APP,2,29.5,M,汉,856,4,01,MATE,FRIENDS,1,71.0,江西省,CONSUME,01,,27.106396,115.019561,ANDROID,,江西省吉安市青原区河东街道货场路,1
100000,,青岛市,智诚昌标牌加工部,C,24,APP,3,47.4,M,朝鲜,1553,2,01,SIBLING,FRIENDS,3,71.0,山东省,CONSUME,02,,36.14829,120.429492,ANDROID,,山东省青岛市李沧区浮山路街道金液泉路,1
100000,,嘉兴市,私营业主,Z,90,XCX,3,42.8,F,汉,4241,2,01,MATE,FRIENDS,1,71.0,浙江省,CONSUME,01,,30.794240974498405,120.72052020718505,ANDROID,,浙江省嘉兴市秀洲区嘉北街道云海路,1
100000,,衡阳市,甲可宠工作室,Z,90,APP,2,36.7,F,汉,5410,2,01,MATE,SIBLING,1,71.0,湖南省,CONSUME,01,,27.910207352710949,110.6083862614046,ANDROID,,湖南省怀化市溆浦县卢峰镇长兴路,1
100000,,黄冈市,南京千京粒科技有限公司,Z,90,XCX,2,30.8,M,汉,1113,4,01,MOTHER,SIBLING,2,71.0,湖北省,CONSUME,01,,32.065165,118.902276,ANDROID,,江苏省南京市栖霞区马群街道G42(沪蓉高速),1
100000,102,北京市,中国人民保险公司,J,13,APP,3,40.0,M,汉,4144,4,,MATE,FRIENDS,1,71.0,北京市,CONSUME,01,,39.909218,116.460935,ANDROID,,北京市朝阳区建外街道东环北路38号,1
100000,,昆明市,正昌安装有限公司,E,24,XCX,2,38.3,M,汉,5057,2,01,MATE,RELATIVES,1,79.61426,云南省,CONSUME,01,,24.864749967388744,102.9860022298762,ANDROID,,云南省玉溪市澄江市阳宗镇,1
100000,,常州市,常州凯佳车辆配件有限公司,C,24,APP,3,37.4,M,汉,4547,4,01,RELATIVES,COLLEAGUE,3,71.0,江苏省,CONSUME,01,,32.015544,119.846489,IOS,,江苏省常州市新北区孟河镇环镇北路,1
100000,,马鞍山市,大理市卫家佳小吃店,I,54,XCX,2,36.7,M,汉,4364,4,01,PARENTS,COLLEAGUE,1,71.0,安徽省,CONSUME,01,,31.59735222267639,118.13100410850066,ANDROID,,安徽省马鞍山市含山县陶厂镇,1
100000,105,衡水市,河北中石油昆仑清洁能源开发有限公司,D,17,XCX,4,34.9,M,汉,5370,4,01,MATE,FRIENDS,1,89.272,河北省,CONSUME,01,,37.5677815930026,115.58133576928688,IOS,,河北省衡水市冀州区冀州镇,1
100000,,贵港市,餐饮行业,Z,90,APP,3,31.6,M,汉,7028,2,01,SIBLING,RELATIVES,2,71.0,广西壮族自治区,CONSUME,01,,23.082769,113.265179,ANDROID,,广东省广州市海珠区南石头街道南泰路253号,1
100000,,阜阳市,张营彪个人工作室,Z,90,APP,2,28.9,M,汉,389,4,01,FATHER,MOTHER,2,96.2,安徽省,CONSUME,01,,36.767154698988,112.688652044918,ANDROID,,山西省长治市沁县定昌镇S220,1
100000,,徐州市,徐州佩翔商贸,H,54,APP,4,32.0,M,汉,5555,4,01,MOTHER,FRIENDS,1,71.0,江苏省,CONSUME,01,,34.268491,117.191634,ANDROID,,江苏省徐州市鼓楼区黄楼街道黄河西路19号,1
100000,103,重庆市,简约青年电竞酒店,I,54,XCX,3,30.1,M,汉,6026,2,01,MATE,FRIENDS,1,71.0,重庆市,CONSUME,01,,29.531489,106.518557,ANDROID,,重庆市九龙坡区谢家湾街道黄杨路14-30号,1
100000,,达州市,食全食美面店,H,54,XCX,2,35.4,M,汉,5855,4,01,FRIENDS,SIBLING,1,78.386,四川省,CONSUME,01,,31.215043,107.501428,ANDROID,,四川省达州市通川区东城街道二马路134,1
100000,,邯郸市,刘新闯个人工作室,Z,90,XCX,4,27.1,M,汉,1055,4,01,FATHER,FRIENDS,2,88.027,河北省,CONSUME,01,,32.04852972858898,118.81798118115363,IOS,,江苏省南京市玄武区梅园新村街道民福巷,1
100000,,西安市,万程行汽车服务有限公司,Z,90,APP,2,30.1,M,汉,291,3,,MOTHER,FRIENDS,2,71.0,陕西省,CONSUME,03,,26.73082496997372,119.56696504799746,ANDROID,,福建省宁德市蕉城区漳湾镇西陂塘路,0
100000,105,娄底市,湖南国广置业有限公司,Z,90,XCX,3,35.9,M,汉,4428,3,01,PARENTS,COLLEAGUE,1,71.0,湖南省,CONSUME,01,,28.115777994791667,113.02324110243056,ANDROID,,湖南省长沙市雨花区洞井街道雨河路,1
100000,102,海口市,赣县区韩坊镇人民政府,S,11,APP,4,32.7,M,汉,5348,2,01,MOTHER,FRIENDS,2,71.0,海南省,CONSUME,01,,25.863750463223,115.020454417675,ANDROID,,江西省赣州市赣县区梅林镇城南大道,1
100000,,淮安市,江苏文达科教设备有限公司,C,24,APP,3,34.8,M,汉,5345,3,,MATE,FRIENDS,1,71.0,江苏省,CONSUME,01,,33.405586,119.365001,ANDROID,,江苏省淮安市淮安区施河镇世纪大道,1
100000,,台州市,台州龙焱户外拓展有限公司,Z,90,XCX,3,40.8,M,汉,4063,4,01,PARENTS,FRIENDS,1,71.0,浙江省,CONSUME,01,,30.302730305989584,120.31706732855903,ANDROID,,浙江省杭州市钱塘区下沙街道下沙路辅路,1
100000,,广元市,华伟汽车部件有限公司,Z,90,APP,3,31.7,M,汉,5775,3,01,PARENTS,FRIENDS,2,71.0,四川省,CONSUME,01,,31.470153513378578,121.38390557784968,ANDROID,,上海市宝山区月浦镇云天路,1
100000,105,昆明市,普洱市人民医院,Q,11,APP,4,25.3,M,拉祜,467,4,01,FATHER,FRIENDS,2,71.0,云南省,CONSUME,02,,22.778369,100.977262,ANDROID,,云南省普洱市思茅区思茅街道名都路16,1
100000,104,牡丹江市,王宇鑫个人工作室,Z,90,XCX,4,30.4,M,汉,1808,3,01,MOTHER,FRIENDS,2,71.0,黑龙江省,CONSUME,01,,44.5736767578125,129.58880072699654,ANDROID,,黑龙江省牡丹江市西安区火炬街道西八条路,1
100000,,吉林市,石鹏个人工作室,Z,90,APP,4,28.1,M,汉,2658,4,01,MATE,FATHER,1,71.0,吉林省,CONSUME,01,,42.9535513480893,126.06403645529719,ANDROID,,吉林省吉林市磐石市河南街道石城大街,1
100000,302,杭州市,杭州传奇泰丽电影院有限公司,Z,90,XCX,3,38.1,F,汉,4694,3,01,MATE,RELATIVES,1,87.198,浙江省,CONSUME,01,,30.297597384982637,120.10873589409722,ANDROID,,浙江省杭州市拱墅区祥符街道塘萍路,1
100000,103,嘉兴市,魔幻都市,Z,90,APP,3,26.0,M,汉,1581,2,01,FATHER,SIBLING,2,71.0,浙江省,CONSUME,01,,30.524305,120.931235,ANDROID,,浙江省嘉兴市海盐县武原街道城北西路205号,1
100000,105,重庆市,重庆奇谐建筑劳务有限公司,Z,90,XCX,2,33.9,M,汉,6286,2,01,MATE,FRIENDS,1,82.413,重庆市,CONSUME,01,,22.753310546875,113.72868218315972,ANDROID,,广东省东莞市长安镇滨海湾大道辅路,0
100000,,黔西南布依族苗族自治州,兴义市小怪兽餐饮店,Z,90,APP,3,28.1,M,彝,117,4,01,MATE,COLLEAGUE,1,71.0,贵州省,CONSUME,01,,25.097043,104.913855,ANDROID,,贵州省黔西南布依族苗族自治州兴义市桔山街道瑞金南路59号,0
100000,,宜宾市,环球霓裳,Z,90,APP,3,23.5,F,汉,2443,2,01,FATHER,MOTHER,2,71.0,四川省,CONSUME,01,,28.75936297574247,104.65630460812214,ANDROID,,四川省宜宾市叙州区南岸街道长江大道,1
100000,,沈阳市,杉杉奥特莱斯,Z,90,XCX,3,28.0,F,汉,541,4,01,MOTHER,FRIENDS,1,71.0,辽宁省,CONSUME,01,,41.79966825561503,123.3146330249945,ANDROID,,辽宁省沈阳市铁西区重工街道南六西路83号,1
100000,,苏州市,奇奇文具店,Z,90,XCX,3,34.3,M,汉,238,4,01,PARENTS,MATE,1,71.0,江苏省,CONSUME,01,,31.24912841796875,120.52036105685764,ANDROID,,江苏省苏州市吴中区木渎镇姑苏路42-141号,1
100000,,南通市,艾康医疗,Q,11,XCX,3,33.2,M,汉,345,2,,FATHER,SIBLING,1,71.0,江苏省,CONSUME,03,,32.143519965277775,119.52232503255209,ANDROID,,江苏省镇江市丹徒区辛丰镇G346(金润大道),1
100000,,常德市,常德市天方大数据管理有限公司,Z,90,XCX,4,38.3,M,汉,4304,3,01,MATE,FRIENDS,1,71.0,湖南省,CONSUME,01,,29.02135986328125,111.72161295572917,ANDROID,,湖南省常德市武陵区永安街道常德大道辅路,0
100000,,成都市,中铁二十四局南昌铁路工程有限公司,E,24,APP,4,40.3,M,汉,4117,2,01,FATHER,FRIENDS,1,71.0,四川省,CONSUME,02,,28.65634,115.918371,ANDROID,,江西省南昌市青云谱区徐家坊街道解放西路85,1
100000,301,杭州市,嘉兰商务有限公司,Z,90,APP,4,31.4,M,汉,422,2,01,PARENTS,FRIENDS,1,71.0,浙江省,CONSUME,01,,27.974518,119.632294,ANDROID,,浙江省丽水市景宁畲族自治县鹤溪街道鹤溪中路1号,1
100000,,黔西南布依族苗族自治州,兴义市小怪兽餐饮店,Z,90,APP,3,28.1,M,彝,117,4,01,MATE,COLLEAGUE,1,71.0,贵州省,CONSUME,01,,25.097043,104.913855,ANDROID,,贵州省黔西南布依族苗族自治州兴义市桔山街道瑞金南路59号,1
100000,,周口市,江苏凯美电子有限公司,Z,90,APP,2,36.1,F,汉,4193,4,01,FATHER,SIBLING,1,71.0,河南省,CONSUME,01,,31.43684109157986,120.55532118055555,ANDROID,,江苏省苏州市相城区黄埭镇下塘街101号,1
100000,,商丘市,五洲工程顾问集团有限公司,Z,90,APP,3,46.3,M,汉,1417,2,01,MATE,FRIENDS,1,85.749,河南省,CONSUME,01,,36.638244,117.213286,ANDROID,,山东省济南市历城区港沟街道,1
100000,103,昆明市,巨利达钢铁公司,C,24,APP,3,33.6,F,汉,6578,2,01,MATE,COLLEAGUE,1,81.797,云南省,CONSUME,01,,24.999223,103.224269,ANDROID,,云南省昆明市宜良县北古城镇红枫路,1
100000,,绵阳市,绵阳市仁杰物业管理有限公司,Z,90,APP,3,31.8,M,汉,547,4,01,MATE,SIBLING,1,71.0,四川省,CONSUME,01,,31.450496148003474,104.72785536024305,ANDROID,,四川省绵阳市涪城区南山街道S416(涪兴大道),0
100000,,荆州市,海南省二建建筑木工,E,24,APP,2,41.7,M,汉,2903,2,01,FATHER,COLLEAGUE,3,71.0,湖北省,CONSUME,01,,20.017679578993057,110.14875406901042,ANDROID,,海南省海口市秀英区西秀镇金荣路,1
100000,,绵阳市,绵阳市仁杰物业管理有限公司,Z,90,XCX,3,31.8,M,汉,547,4,01,MATE,SIBLING,1,71.0,四川省,CONSUME,01,,31.450496148003474,104.72785536024305,ANDROID,,四川省绵阳市涪城区南山街道S416(涪兴大道),0
100000,,焦作市,嗨舞舞蹈培训中心,Z,90,XCX,3,32.0,M,汉,5162,2,01,PARENTS,MATE,1,89.746,河南省,CONSUME,01,,35.03742382098172,113.38529685222183,ANDROID,,河南省焦作市武陟县北郭乡X025,1
100000,,齐齐哈尔市,哈尔滨汇桓财富有限公司,J,13,XCX,4,32.2,F,汉,5825,2,01,FATHER,FRIENDS,2,71.0,黑龙江省,CONSUME,01,,45.66833767361111,126.62248643663195,ANDROID,,黑龙江省哈尔滨市南岗区保健路街道兴南路21,1
100000,,毕节市,金色摇篮幼儿园,P,13,XCX,3,25.8,F,汉,1716,4,01,FRIENDS,COLLEAGUE,2,83.736,贵州省,CONSUME,01,,27.301003960503472,105.28773952907986,ANDROID,,贵州省毕节市七星关区市西街道公园路,1
100000,,抚顺市,辽宁电机集团抚顺再制造有限公司,C,24,XCX,3,43.0,F,汉,5521,3,01,FRIENDS,FRIENDS,3,71.0,辽宁省,CONSUME,01,,41.87751654730903,123.89960367838542,ANDROID,,辽宁省抚顺市顺城区抚顺城街道新城路52,1
100000,,莆田市,厦门映星光投资有限公司,J,13,APP,4,34.8,F,汉,5318,2,01,MOTHER,COLLEAGUE,2,94.653,福建省,CONSUME,01,,24.495447166819,118.186096197241,ANDROID,,福建省厦门市思明区莲前街道塔埔西路,1
100000,105,德阳市,巴老冒豆花冒菜,I,54,APP,2,32.5,M,汉,5339,4,01,FATHER,FRIENDS,2,71.0,四川省,CONSUME,01,,31.131874,104.049681,ANDROID,,四川省德阳市什邡市师古镇Y073,1
100000,105,宿迁市,沭阳县客运东站,F,17,XCX,2,34.1,F,汉,6422,4,01,FATHER,FRIENDS,1,89.685,江苏省,CONSUME,01,,33.94918072856855,118.91119168383252,ANDROID,,江苏省宿迁市沭阳县钱集镇,1
100000,,驻马店市,莱州一帆装饰工程有限公司,Z,90,APP,4,46.9,M,汉,112,3,01,MATE,FRIENDS,2,71.0,河南省,CONSUME,01,,37.171555,119.964537,ANDROID,,山东省烟台市莱州市文昌路街道东苑路,1
100000,105,烟台市,烟台市扶贫办,Z,90,APP,4,36.1,M,汉,3738,2,01,FATHER,SIBLING,1,71.0,山东省,CONSUME,01,,37.564679,121.181515,ANDROID,,山东省烟台市福山区古现街道S304(长江路),1
100000,102,南安市,苏小华个人工作室,Z,90,XCX,2,36.4,F,汉,4051,4,01,MATE,SIBLING,1,71.0,福建省,CONSUME,01,,25.032520073784724,118.50653347439236,ANDROID,,福建省泉州市南安市洪濑镇,1
100000,102,廊坊市,第三幼儿园,Z,90,XCX,3,32.2,F,汉,5744,4,,FRIENDS,SIBLING,1,87.223,河北省,CONSUME,02,,39.54619350894064,116.73037007686497,ANDROID,,河北省廊坊市广阳区北旺镇耀华道,1
100000,,信阳市,平安融易（黑龙江）信息服务有限公司信阳分公司,Z,90,APP,4,35.8,M,汉,7031,4,01,MATE,SIBLING,1,71.0,河南省,CONSUME,01,,32.068767,114.887359,ANDROID,,河南省信阳市光山县十里镇G40(沪陕高速),1
100000,,邵阳市,佛山市中浩阳工程有限公司,Z,90,XCX,4,37.6,M,汉,5317,3,01,MATE,FRIENDS,1,71.0,湖南省,CONSUME,01,,23.104898167382364,113.16831251940912,ANDROID,,广东省佛山市南海区大沥镇联安大道9号,1
100000,,泰安市,宝来利来生物,M,11,XCX,4,42.0,M,汉,4009,4,01,FATHER,RELATIVES,1,71.0,山东省,CONSUME,01,,24.425729437934027,118.13115152994791,ANDROID,,福建省厦门市思明区滨海街道X401辅路,1
100000,,泰州市,久盛地板有限公司,Z,90,XCX,3,37.5,M,汉,4119,2,01,MATE,SIBLING,1,71.0,江苏省,CONSUME,01,,31.417566731770833,120.9625634765625,ANDROID,,江苏省苏州市昆山市玉山镇柏庐北路辅路,1
100000,,遵义市,遵友水电安装,D,17,APP,2,35.0,M,汉,6019,4,01,FATHER,FRIENDS,1,71.0,贵州省,CONSUME,01,,27.773978,106.904279,ANDROID,,贵州省遵义市汇川区高坪街道S02(遵义绕城高速),1
100000,,哈尔滨市,张俊个人工作室,Z,90,XCX,2,43.9,F,汉,4185,4,01,MATE,MOTHER,1,71.0,黑龙江省,CONSUME,01,,45.730230354879399,126.65965478147862,ANDROID,,黑龙江省哈尔滨市香坊区和平路街道东七道街1号,1
100000,104,黄山市,汪丹个人工作室,Z,90,XCX,2,28.9,M,汉,988,2,,FRIENDS,FRIENDS,1,75.167,安徽省,CONSUME,02,,29.235648057725694,119.95740342881945,ANDROID,,浙江省金华市义乌市义亭镇重阳街,1
100000,103,重庆市,李琪琦个人工作室,Z,90,XCX,2,25.4,F,汉,820,2,01,FATHER,RELATIVES,1,90.359,重庆市,CONSUME,01,,22.68274137498124,113.95537055883577,IOS,,广东省深圳市宝安区石岩街道G15(沈海高速),1
100000,104,朔州市,中国移动营业厅,G,13,APP,2,39.8,F,汉,4760,4,01,SIBLING,SIBLING,1,90.288,山西省,CONSUME,02,,39.351633,112.448365,ANDROID,,山西省朔州市朔城区北旺庄街道招远路,1
100000,,衡阳市,罗林香个人工作室,Z,90,XCX,3,35.2,F,汉,6305,4,01,RELATIVES,RELATIVES,1,71.0,湖南省,CONSUME,01,,27.240394694010416,112.74949517144097,ANDROID,,湖南省衡阳市衡山县开云镇,1
100000,,重庆市,嘉龙密封件股份有限公司,Z,90,APP,3,38.1,M,苗,4547,2,01,MOTHER,COLLEAGUE,1,88.798,重庆市,CONSUME,01,,29.745292,106.652488,ANDROID,,重庆市渝北区两路街道机场北一路,1
100000,,绵阳市,张骏个人工作室,Z,90,APP,2,39.3,M,汉,4702,2,01,FRIENDS,MATE,1,93.766,四川省,CONSUME,01,,29.687507,104.090024,ANDROID,,四川省乐山市井研县集益镇,1
100000,102,梅州市,伟利纸品包装有限公司,C,24,XCX,2,43.6,M,汉,4872,4,01,FATHER,FRIENDS,3,71.0,广东省,CONSUME,01,,24.053129,115.937516,ANDROID,,广东省梅州市梅县区畲江镇Y212,1
100000,103,盐城市,苏州荣升乾商贸有限公司,H,54,XCX,3,34.0,F,汉,6128,4,01,PARENTS,FRIENDS,1,71.0,江苏省,CONSUME,01,,28.188855789177695,112.88091006861153,ANDROID,,湖南省长沙市岳麓区梅溪湖街道环湖路,1
100000,,珠海市,珠海免税,Z,90,APP,4,31.6,F,汉,873,2,01,MATE,FRIENDS,1,71.0,广东省,CONSUME,01,,22.275087391486179,113.57759769620161,ANDROID,,广东省珠海市香洲区香湾街道G228(情侣中路),1
100000,105,都江堰市,浙江亚宏医疗器械有限公司,H,54,APP,2,35.5,F,汉,4183,4,01,MOTHER,FRIENDS,1,71.0,四川省,CONSUME,01,,28.396591,117.569963,ANDROID,,江西省上饶市横峰县岑阳镇,1
100000,,九江市,汪玉红个人工作室,Z,90,APP,2,37.2,F,汉,6993,4,01,SIBLING,FRIENDS,1,71.0,江西省,CONSUME,01,,39.802642,116.448527,ANDROID,,北京市大兴区旧宫(地区)镇旧宫西街三条4号,1
100000,,泉州市,行政机构、企事业单位管理人员/专业技术人员,E,24,APP,3,45.0,M,汉,3407,3,01,MATE,SIBLING,1,71.0,福建省,CONSUME,02,,24.917578,118.708229,ANDROID,,福建省泉州市惠安县洛阳镇,1
100000,,临沂市,尚尔迪智能科技有限公司,Z,90,XCX,3,24.9,M,汉,950,2,01,FATHER,FRIENDS,2,71.0,山东省,CONSUME,01,,37.170651,121.58312,IOS,,山东省烟台市牟平区水道镇G206(金政街),1
100000,,邯郸市,魏县医采卓越联盟雪大工作室,Z,90,APP,2,32.8,F,汉,1034,4,01,MOTHER,FRIENDS,3,71.0,河北省,CONSUME,01,,36.352153049045135,114.9421826171875,ANDROID,,河北省邯郸市魏县魏城镇梨乡南大街辅路,1
100000,,六安市,安徽飞鸿工程机械有限公司,Z,90,XCX,2,30.2,M,汉,946,3,01,RELATIVES,COLLEAGUE,1,85.135,安徽省,CONSUME,01,,31.731311,116.463702,ANDROID,,安徽省六安市裕安区城南镇佛子岭路辅路,0
100000,308,聊城市,作业帮教育科技有限公司,G,13,APP,4,29.9,M,汉,6041,2,01,SIBLING,FRIENDS,2,71.0,山东省,CONSUME,02,,36.678256979834198,117.10950317809416,ANDROID,,山东省济南市历下区舜华路街道奥体中路,1
100000,,六安市,安徽飞鸿工程机械有限公司,Z,90,XCX,2,30.2,M,汉,946,3,01,RELATIVES,COLLEAGUE,1,85.135,安徽省,CONSUME,01,,31.731311,116.463702,ANDROID,,安徽省六安市裕安区城南镇佛子岭路辅路,1
100000,,南宁市,巴马自然资源局,C,24,XCX,3,39.5,M,壮,4625,2,01,MATE,SIBLING,1,71.0,广西壮族自治区,CONSUME,01,,24.153307304681808,107.25013584721065,ANDROID,,广西壮族自治区河池市巴马瑶族自治县巴马镇,1
100000,,淮安市,淮安市志图运输有限公司,Z,90,XCX,3,48.1,M,汉,3268,3,01,OTHER,OTHER,2,71.0,江苏省,CONSUME,01,,31.846457,120.48326,ANDROID,,江苏省无锡市江阴市华士镇龙山路28号,1
100000,102,德阳市,广汉市洛琪水行,G,13,APP,4,40.3,F,汉,5239,3,01,MATE,FRIENDS,2,71.0,四川省,CONSUME,02,,22.81045342679539,113.30045343954433,ANDROID,,广东省佛山市顺德区大良街道德民路东延线,1
100000,102,抚州市,小康建材商行,H,54,APP,2,43.4,M,汉,2293,3,01,MATE,FRIENDS,1,91.439,江西省,CONSUME,01,,30.185191368369673,120.94261462658507,ANDROID,,浙江省宁波市余姚市临山镇大古塘路,1
100000,,黔南布依族苗族自治州,国泰建设集团,E,24,APP,2,35.3,M,布依,5306,3,01,MATE,RELATIVES,1,71.0,贵州省,CONSUME,01,,30.078491,120.289439,ANDROID,,浙江省杭州市萧山区所前镇来娘线,1
100000,104,南通市,南通精诚测绘有限公司,M,11,XCX,3,29.0,M,汉,1248,2,01,RELATIVES,PARENTS,1,71.0,江苏省,CONSUME,01,,31.379822128580764,121.45452019262094,ANDROID,,上海市宝山区杨行镇兰岗路531号-临,1
100000,105,珠海市,松涛山庄,H,54,APP,2,41.1,M,汉,4252,4,,FATHER,FRIENDS,2,71.0,广东省,CONSUME,02,,22.186526,113.305027,ANDROID,,广东省珠海市斗门区井岸镇,1
100000,,湛江市,79号渔船海鲜主题饭店,Z,90,APP,2,23.2,F,汉,2240,4,01,FATHER,RELATIVES,2,79.22967,广东省,CONSUME,01,,22.57250174630871,114.11501378927165,ANDROID,,广东省深圳市罗湖区笋岗街道清涟桥,1
100000,105,上海市,童崔静泊个人工作室,Z,90,APP,2,23.0,M,汉,2050,2,,MOTHER,FATHER,2,71.0,上海市,CONSUME,03,,31.260299,121.420422,ANDROID,,上海市普陀区石泉路街道交通路,1
100000,,苏州市,苏州亚邦包装材料有限公司,Z,90,APP,3,35.9,M,汉,4059,4,01,SIBLING,FRIENDS,1,71.0,江苏省,CONSUME,01,,31.378356221726606,120.64550173012329,ANDROID,,江苏省苏州市相城区澄阳街道华元路77号,1
100000,,邵阳市,爱饭餐饮有限公司,Z,90,APP,2,25.4,M,汉,832,2,01,FRIENDS,FRIENDS,2,71.0,湖南省,CONSUME,01,,28.16747111760293,112.99473982411793,ANDROID,,湖南省长沙市雨花区砂子塘街道果茶巷8号,1
100000,105,常州市,扬州园林局,S,11,XCX,4,23.4,M,汉,1194,3,01,MOTHER,COLLEAGUE,2,71.0,江苏省,CONSUME,01,,31.79782454641317,119.93443005211803,ANDROID,,江苏省常州市钟楼区荷花池街道常林路,1
100000,,邯郸市,武安市劲达汽车服务有限公司,Z,90,XCX,2,32.7,M,汉,5106,3,01,MOTHER,MATE,1,71.0,河北省,CONSUME,01,,36.58367054074391,114.11636738517096,ANDROID,,河北省邯郸市武安市磁山镇永平大街,1
100000,102,天津市,晶鑫物流有限公司,Z,90,XCX,2,36.2,M,汉,5691,2,01,MATE,FRIENDS,2,90.535,天津市,CONSUME,01,,39.19332794711637,117.26590878971473,ANDROID,,天津市东丽区金钟街道秀林小路,1
100000,102,烟台市,烟台众信家居有限公司,C,24,XCX,2,43.2,M,汉,4436,2,01,MATE,FRIENDS,1,71.0,山东省,CONSUME,01,,37.484249805538478,121.43005937132563,ANDROID,,山东省烟台市莱山区黄海路街道凤凰山隧道,0
100000,,中山市,强兴五金店,H,54,APP,4,35.4,M,汉,221,2,01,MOTHER,MATE,1,71.0,广东省,CONSUME,01,,22.726217,113.279346,ANDROID,,广东省中山市南头镇经华一路,1
100000,,长沙市,师秀花个人工作室,Z,90,XCX,2,35.5,F,汉,6636,4,01,MOTHER,COLLEAGUE,1,71.0,湖南省,CONSUME,01,,28.153019779388765,112.22880011904891,ANDROID,,湖南省长沙市宁乡市横市镇,1
100000,,南宁地区,广西南宁梦佳鑫企业管理有限公司,L,17,XCX,3,26.2,M,壮,1044,4,,FATHER,FRIENDS,2,71.0,广西壮族自治区,CONSUME,02,,22.785299,113.903523,ANDROID,,广东省深圳市光明区公明街道华发北路2,1
100000,,天津市,单新宇个人工作室,Z,90,APP,3,34.3,M,汉,5061,2,01,FRIENDS,COLLEAGUE,1,71.0,天津市,CONSUME,01,,39.343212177367977,117.8565348889148,ANDROID,,河北省唐山市丰南区汉丰镇干渠路,0
100000,,赣州市,润曼姿生物科技有限公司,M,11,APP,3,33.1,M,汉,5264,4,01,FATHER,MATE,1,71.0,江西省,CONSUME,01,,30.32313,120.291429,ANDROID,,浙江省杭州市临平区乔司街道恒大路,1
100000,,宜昌市,长和汽车销售有限公司,Z,90,XCX,2,48.8,F,汉,4661,4,01,FATHER,FATHER,1,71.0,湖北省,CONSUME,01,,30.682657,111.314353,ANDROID,,湖北省宜昌市西陵区云集街道万寿路,1
100000,,天津市,单新宇个人工作室,Z,90,XCX,3,34.3,M,汉,5061,2,01,FRIENDS,COLLEAGUE,1,71.0,天津市,CONSUME,01,,39.343212177367977,117.8565348889148,ANDROID,,河北省唐山市丰南区汉丰镇干渠路,1
100000,103,上海市,上海嘉合兴商贸,H,54,APP,4,46.3,M,汉,7131,2,01,FATHER,COLLEAGUE,2,71.0,上海市,CONSUME,01,,30.754354350095516,121.34660474711268,ANDROID,,上海市金山区山阳镇龙翔路,1
100000,,濮阳市,南乐县黄河酒业,C,24,XCX,2,27.2,M,汉,2007,2,01,FATHER,SIBLING,1,71.0,河南省,CONSUME,01,,36.10861572265625,115.41260932074653,ANDROID,,河南省濮阳市南乐县福堪镇书山路,1
100000,,昭通市,马林个人工作室,Z,90,APP,4,28.7,M,苗,245,2,01,FATHER,FATHER,1,71.0,云南省,CONSUME,01,,27.60201,113.951871,ANDROID,,江西省萍乡市芦溪县上埠镇枫树塘登山步道,1
100000,,运城市,仵冬振个人工作室,Z,90,APP,2,34.6,M,汉,5863,2,01,FATHER,FRIENDS,2,71.0,山西省,CONSUME,01,,35.027559,111.143392,ANDROID,,山西省运城市盐湖区东郭镇S5902(运城绕城高速),1
100000,,重庆市,弹性工作者,Z,90,XCX,3,34.0,M,汉,4525,4,01,FATHER,FRIENDS,3,71.0,重庆市,CONSUME,01,,29.475460105828419,106.558072587409,IOS,,重庆市巴南区李家沱街道渝南大道,1
100000,,白沙黎族自治县,刘一手火锅,Z,90,APP,3,24.1,F,黎,725,2,01,MATE,SIBLING,1,71.0,海南省,CONSUME,01,,31.07636085247041,112.7455673483383,ANDROID,,湖北省荆门市钟祥市长滩镇,1
100000,,达州市,雷财芹个人工作室,Z,90,APP,2,29.1,F,汉,740,4,01,RELATIVES,COLLEAGUE,2,71.0,四川省,CONSUME,01,,31.93035503815912,108.24797215133754,ANDROID,,四川省达州市万源市八台镇,1
100000,,成都市,成都远玖盛商贸有限公司,Z,90,APP,3,27.9,M,汉,6702,3,01,MATE,MOTHER,1,71.0,四川省,CONSUME,01,,30.608066884496897,104.0861866474907,ANDROID,,四川省成都市锦江区柳江街道翠风路476号,1
100000,,乐东黎族自治县,美禾咖啡厅,Z,90,XCX,2,38.1,M,汉,5612,2,01,SIBLING,SIBLING,1,71.0,海南省,CONSUME,01,,18.51281120023983,108.95386405683192,ANDROID,,海南省乐东黎族自治县九所镇,1
100000,,北京市,北京阳光天晟物业管理有限公司,L,17,XCX,3,44.6,F,汉,5530,2,01,FATHER,FATHER,1,71.0,北京市,CONSUME,01,,40.064815538194445,116.33400824652777,ANDROID,,北京市昌平区回龙观街道文博路,0
100000,,上饶市,杭州自在旅行社,Z,90,XCX,2,28.3,M,汉,461,2,01,FATHER,MOTHER,2,83.487,江西省,CONSUME,01,,29.830209689670138,121.49671793619791,ANDROID,,浙江省宁波市海曙区石碶街道石泉路15号,0
100000,105,聊城市,乌鲁木齐经济技术开发区盛兴汽配经销部,H,54,XCX,2,35.1,M,汉,6333,3,01,MATE,FRIENDS,1,71.0,山东省,CONSUME,01,,43.884495171440975,87.3760902235243,ANDROID,,新疆维吾尔自治区乌鲁木齐市头屯河区王家沟片区街道铁银街,1
100000,,宁波市,林杰建设有限公司,Z,90,XCX,2,32.6,M,汉,118,4,01,PARENTS,FRIENDS,2,71.0,浙江省,CONSUME,01,,29.960118543836806,121.69579128689236,ANDROID,,浙江省宁波市镇海区招宝山街道吉庆路,1
100000,102,石家庄市,河北厚朴供应链有限公司,Z,90,APP,2,39.8,M,汉,4632,4,01,MOTHER,FRIENDS,1,71.0,河北省,CONSUME,01,,38.279937,114.684272,ANDROID,,河北省石家庄市正定县新城铺镇迎宾路,1
100000,,潍坊市,山东沃茂农业技术有限公司,A,27,XCX,2,39.2,M,汉,5362,4,01,FATHER,FRIENDS,1,71.0,山东省,CONSUME,01,,36.86771166657972,118.9554353987629,IOS,,山东省潍坊市寿光市稻田镇,1
100000,104,银川市,宁夏增银达运输有限责任公司,F,17,XCX,4,33.7,M,汉,4854,4,,MATE,FRIENDS,1,71.0,宁夏回族自治区,CONSUME,01,,39.217673,106.763736,ANDROID,,宁夏回族自治区石嘴山市惠农区育才路街道惠安大街3号楼,1
100000,,荆州市,南菱汽车销售集团,Z,90,APP,2,47.4,M,汉,824,2,01,MATE,FRIENDS,1,71.0,湖北省,CONSUME,01,,23.344134,113.368388,ANDROID,,广东省广州市白云区钟落潭镇白沙前社街,1
100000,,荆州市,监利市朱河镇二人民医院,Q,11,XCX,3,48.5,F,汉,4736,4,01,FRIENDS,FRIENDS,1,71.0,湖北省,CONSUME,01,,29.725560438368056,113.12492919921876,ANDROID,,湖北省荆州市监利市朱河镇教育二路,1
100000,403,汉中市,北京市北京建工集团有限公司,E,24,APP,3,38.3,M,汉,3769,3,,FATHER,SIBLING,1,71.0,陕西省,CONSUME,01,,40.107914,116.6959,ANDROID,,北京市顺义区仁和(地区)镇X203(右堤路),1
100000,105,邯郸市,邯郸市公安局交巡警支队大名县大队,Z,90,APP,3,29.0,M,汉,7111,4,01,MOTHER,COLLEAGUE,1,85.711,河北省,CONSUME,01,,36.284344,115.161972,ANDROID,,河北省邯郸市大名县大名镇滨河街,1
100000,,常州市,江苏咖墨文化科技有限公司,R,17,APP,4,45.8,M,汉,295,4,01,COLLEAGUE,COLLEAGUE,1,71.0,江苏省,CONSUME,02,,31.74723,119.996126,ANDROID,,江苏省常州市天宁区雕庄街道青洋中路118,1
100000,,温州市,浙江新城建筑设计院,Z,90,APP,2,47.9,M,汉,873,3,01,MATE,FRIENDS,1,71.0,浙江省,CONSUME,01,,27.991879810867326,120.73504063980458,ANDROID,,浙江省温州市龙湾区蒲州街道蒲帛路,1
100000,,漯河市,西城区永惠生活超市,Z,90,XCX,3,33.2,M,汉,5372,4,01,MATE,COLLEAGUE,1,71.0,河南省,CONSUME,01,,33.99119164301666,113.86573071208045,ANDROID,,河南省许昌市建安区将官池镇,1
100000,,达州市,格调服饰,H,54,APP,2,47.7,F,汉,677,4,01,FATHER,FRIENDS,1,71.0,四川省,CONSUME,01,,30.615896,103.911363,ANDROID,,四川省成都市双流区九江街道双九路辅路,1
100000,,珠海市,洲仔股份合作公司,Z,90,APP,3,44.2,M,汉,4162,3,01,MATE,FRIENDS,1,71.0,广东省,CONSUME,01,,22.243976,113.593688,ANDROID,,广东省珠海市香洲区吉大街道,1
100000,,沈阳市,沈阳市科成精米厂,C,24,APP,2,38.4,M,汉,2978,4,01,MATE,FRIENDS,1,71.0,辽宁省,CONSUME,01,,41.67669,122.830077,ANDROID,,辽宁省沈阳市辽中区冷子堡镇,1
100000,,葫芦岛市,中霆控股集团有限公司内蒙古鄂尔多斯分公司,Z,90,XCX,3,38.7,M,汉,6653,2,01,MATE,RELATIVES,1,71.0,辽宁省,CONSUME,01,,39.27928399633476,118.4664598622111,ANDROID,,河北省唐山市曹妃甸区唐海镇永丰路,1
100000,,十堰市,老长沙湘菜馆,I,54,XCX,2,39.0,M,汉,6046,2,01,MATE,SIBLING,1,71.0,湖北省,CONSUME,01,,38.74940348307292,110.00952284071181,ANDROID,,陕西省榆林市神木市大保当镇,1
100000,403,双鸭山市,大世界家具商场,H,54,APP,2,33.0,F,汉,5381,2,01,RELATIVES,FRIENDS,1,71.0,黑龙江省,CONSUME,01,,46.792979148107779,130.34967967811205,ANDROID,,黑龙江省佳木斯市向阳区向阳区直辖村级区划联盟路,1
100000,105,鞍山市,岫岩满族自治县税务局,Z,90,APP,4,46.6,F,满,4436,4,01,MATE,FRIENDS,1,71.0,辽宁省,CONSUME,01,,40.28764,123.278621,ANDROID,,辽宁省鞍山市岫岩满族自治县阜昌街道阜昌路,1
100000,,钦州市,鸿盛包装材料有限公司,Z,90,APP,2,38.0,M,汉,5794,3,01,MOTHER,SIBLING,2,71.0,广西壮族自治区,CONSUME,01,,22.819929,114.11082,ANDROID,,广东省东莞市塘厦镇G220(环市东路),1
100000,,深圳市,深圳市龙岗区鑫华辉皮革行,C,24,APP,4,44.3,M,蒙古,3713,3,01,FATHER,SIBLING,1,71.0,广东省,CONSUME,01,,22.669156,114.306997,ANDROID,,广东省深圳市坪山区碧岭街道汤坑三路31-1,1
100000,103,莆田市,郊尾石油交易中心,L,17,XCX,2,32.8,F,汉,4949,4,01,MATE,PARENTS,1,71.0,福建省,CONSUME,01,,25.35847505680767,118.80667993390779,IOS,,福建省莆田市仙游县盖尾镇仙港大道,1
100000,307,河源市,恒泰床上用品百货,H,54,XCX,2,30.4,M,汉,7270,2,01,PARENTS,MOTHER,1,95.072,广东省,CONSUME,01,,22.942915137642279,114.75294853870732,ANDROID,,广东省惠州市惠东县大岭街道,0
100000,,宁波市,暂未提供公司名称,Z,90,XCX,2,48.2,F,汉,3273,3,01,MATE,FRIENDS,2,71.0,浙江省,CONSUME,01,,29.448283,121.921587,IOS,,浙江省宁波市象山县丹东街道巨鹰路,1
100000,,黔东南苗族侗族自治州,中铁大桥局上海工程有限公司,Z,90,XCX,3,28.1,M,汉,6657,4,01,COLLEAGUE,FRIENDS,2,96.2,贵州省,CONSUME,01,,26.26502012125462,108.62878940592629,ANDROID,,贵州省黔东南苗族侗族自治州黎平县尚重镇,1
100000,,泰州市,山西鑫强工程设备安装有限责任公司,Z,90,APP,4,37.2,M,汉,5145,2,01,MATE,FRIENDS,1,71.0,江苏省,CONSUME,01,,37.801379,112.495819,ANDROID,,山西省太原市晋源区义井街道南堰北街,1
100000,,玉林市,广西博白县亿港贸易有限公司,C,24,XCX,2,37.0,F,汉,6122,2,01,SIBLING,COLLEAGUE,1,84.224,广西壮族自治区,CONSUME,01,,21.938119845920138,110.20173638237847,ANDROID,,广西壮族自治区玉林市博白县文地镇,1
100000,,潍坊市,王祥祥个人工作室,Z,90,APP,2,23.2,M,汉,3259,4,01,FATHER,MOTHER,2,88.41,山东省,CONSUME,01,,36.253036,119.811208,ANDROID,,山东省潍坊市高密市柏城镇,1
100000,,安庆市,上海服盟信息科技有限公司,Z,90,XCX,3,29.3,M,汉,7014,3,01,MATE,COLLEAGUE,2,71.0,安徽省,CONSUME,01,,31.14833740234375,121.23916720920138,ANDROID,,上海市青浦区赵巷镇G50(沪渝高速),1
100000,104,上饶市,浙江山水建设监理有限公司,E,24,APP,4,36.0,M,汉,4310,4,01,MATE,COLLEAGUE,1,89.945,江西省,CONSUME,01,,30.44009287788148,120.32693903171186,ANDROID,,浙江省杭州市临平区东湖街道兴塘桥,1
100000,,烟台市,中通快递,F,17,XCX,2,38.1,M,汉,5212,2,01,FATHER,FATHER,1,71.0,山东省,CONSUME,01,,37.63403,121.109517,ANDROID,,山东省烟台市福山区古现街道天津北路,1
100000,,南充市,力胜建筑工程有限公司,E,24,APP,3,31.1,M,汉,1505,4,01,PARENTS,FRIENDS,1,71.0,四川省,CONSUME,01,,31.76877644144619,106.19214650274893,ANDROID,,四川省南充市阆中市老观镇,1
100000,,松原市,芜湖长信新显示器件有限公司,Z,90,XCX,3,37.6,M,汉,4715,2,01,FRIENDS,PARENTS,2,71.0,吉林省,CONSUME,01,,31.44538187073611,118.37076131440893,ANDROID,,安徽省芜湖市鸠江区芜湖经济技术开发区,1
100000,,南昌市,江西坤通建筑工程有限公司,Z,90,XCX,2,30.3,M,汉,6422,4,01,MOTHER,MATE,1,71.0,江西省,CONSUME,01,,28.35402575814216,116.09343501667168,ANDROID,,江西省南昌市进贤县温圳镇,1
100000,104,富顺县狮市,自贡市沿滩区发展和改革局,S,11,APP,4,39.0,F,汉,4753,4,01,PARENTS,FRIENDS,2,71.0,四川省,CONSUME,02,,29.252309,105.029409,ANDROID,,四川省自贡市富顺县狮市镇隆富路,1
100000,,深圳市,深圳市卓粤电气有限公司,G,13,APP,4,37.9,M,汉,4305,2,,FATHER,RELATIVES,3,71.0,广东省,CONSUME,01,,22.680007,114.172734,ANDROID,,广东省东莞市凤岗镇京创一路,1
100000,,驻马店市,睿盛科技有限公司,Z,90,APP,2,24.6,M,汉,1832,2,01,FATHER,COLLEAGUE,2,90.488,河南省,CONSUME,01,,23.152642,113.201719,ANDROID,,广东省广州市白云区金沙街道沙凤向南街162号,1
100000,102,黑河市,黑河市第二小学,P,13,APP,4,47.7,F,汉,4428,2,01,MATE,COLLEAGUE,1,71.0,黑龙江省,CONSUME,02,,50.258324,127.47894,ANDROID,,黑龙江省黑河市爱辉区兴安街道海兰街,1
100000,105,长沙市,养殖有限公司,S,11,APP,2,32.5,M,汉,1048,4,01,FATHER,FRIENDS,2,71.0,湖南省,CONSUME,01,,28.296326917861845,112.90792939383873,ANDROID,,湖南省长沙市望城区月亮岛街道普瑞东路,1
100000,102,苏州市,张家港华芳金陵国际酒店,I,54,APP,3,29.2,F,汉,6326,2,01,PARENTS,FATHER,2,86.381,江苏省,CONSUME,01,,27.984400476534149,120.62769773249765,ANDROID,,浙江省温州市瓯海区新桥街道六虹桥路1000号,0
100000,105,合肥市,杨氏小锅台,I,54,APP,2,32.9,M,汉,6384,2,01,FATHER,FRIENDS,1,71.0,安徽省,CONSUME,01,,32.0321,117.253459,ANDROID,,安徽省合肥市长丰县双墩镇泉阳路,1
100000,,商丘市,阿佑美之家,Z,90,APP,3,25.8,M,汉,335,3,01,FATHER,FATHER,2,71.0,河南省,CONSUME,01,,34.220529,116.054826,ANDROID,,河南省商丘市夏邑县何营乡,1
100000,104,邵阳市,苏州市康普来新材料有限公司,C,24,APP,3,41.9,M,汉,4772,3,01,SIBLING,MATE,1,71.0,湖南省,CONSUME,01,,25.788166,-100.269499,ANDROID,,"San Nicols de los Garza, Nuevo Len, Mexico",1
100000,104,榆林市,宁夏回族自治区银川市味味佳凉皮解放西街店,H,54,XCX,3,30.4,M,汉,5724,3,01,MOTHER,RELATIVES,2,71.0,陕西省,CONSUME,01,,40.753995,107.403425,ANDROID,,内蒙古自治区巴彦淖尔市临河区团结街道团结路,1
100000,104,西安市,西安前萱雨商贸有限公司,Z,90,XCX,3,44.0,M,汉,4073,4,01,MATE,COLLEAGUE,1,71.0,陕西省,CONSUME,01,,34.18498911515082,108.54630071883325,ANDROID,,陕西省西安市鄠邑区涝店街道,1
100000,,来宾市,信维通信股份,Z,90,APP,3,30.2,F,壮,6363,2,01,SIBLING,FRIENDS,2,71.0,广西壮族自治区,CONSUME,01,,22.727865628652827,113.80108631049808,ANDROID,,广东省深圳市宝安区沙井街道沙井路321号,1
100000,,九江市,江西省水利投资集团有限公司,Z,90,APP,4,34.7,F,汉,4438,2,01,MATE,SIBLING,1,71.0,江西省,CONSUME,01,,29.026537320835585,114.58603647943646,ANDROID,,江西省九江市修水县义宁镇下坑路,1
100000,,合肥市,安徽长丰海螺水泥有限公司,Z,90,XCX,3,37.8,F,汉,3705,2,01,MATE,COLLEAGUE,1,71.0,安徽省,CONSUME,01,,31.842702401487249,117.29767474283989,ANDROID,,安徽省合肥市包河区望湖街道马鞍山南路68号,1
100000,104,沈阳市,中国人寿保险股份有限公司北京市分公司,J,13,XCX,2,30.8,M,汉,7188,2,01,FATHER,FRIENDS,2,89.411,辽宁省,CONSUME,01,,41.8106702652334,123.44572326188175,ANDROID,,辽宁省沈阳市沈河区北站街道团结路94号,1
100000,,石家庄市,河北安通运输有限公司,F,17,APP,2,35.6,M,汉,7068,3,,MATE,FRIENDS,1,71.0,河北省,CONSUME,01,,37.86107,113.623665,ANDROID,,山西省阳泉市郊区开发区北海路,1
100000,105,绵阳市,成都盒马生鲜有限责任公司,Z,90,XCX,3,32.4,M,汉,929,4,01,MATE,FRIENDS,1,71.0,四川省,CONSUME,01,,31.446249794155205,104.65005153877344,ANDROID,,四川省绵阳市涪城区新皂镇八号路,1
100000,105,亳州市,室内装修,E,24,XCX,2,37.2,M,汉,4758,4,01,MOTHER,FRIENDS,1,71.0,安徽省,CONSUME,01,,33.18382925501338,116.18219588090571,ANDROID,,安徽省亳州市利辛县城关镇淝河大道辅路,1
100000,,重庆市,牟健个人工作室,Z,90,APP,3,41.5,M,汉,3576,2,,SIBLING,FRIENDS,1,71.0,重庆市,CONSUME,04,,29.530515,106.495022,ANDROID,,重庆市九龙坡区渝州路街道奥体运动街71号,1
100000,103,韶关市,夏传进个人工作室,Z,90,APP,3,39.9,M,汉,4347,3,01,FATHER,SIBLING,3,88.254,广东省,CONSUME,01,,23.31495,113.303175,ANDROID,,广东省广州市白云区人和镇鹤亭凤尾西街,1
100000,,南昌市,南昌燃气公司,D,17,XCX,3,32.8,M,汉,5362,4,01,PARENTS,FRIENDS,2,71.0,江西省,CONSUME,01,,28.661976709900658,115.88353569365187,ANDROID,,江西省南昌市西湖区桃源街道桃苑西路234号,1
100000,,吉林市,吉林环城农村商业银行股份有限公司,Z,90,XCX,4,30.4,F,回,6712,3,01,MATE,FRIENDS,1,71.0,吉林省,CONSUME,01,,43.83238535391883,126.55617636283846,IOS,,吉林省吉林市丰满区江南街道滨江中路,1
100000,,钦州市,佛山市骏驰新材料股份有限公司,G,13,APP,3,47.6,M,壮,1005,2,01,MATE,SIBLING,1,71.0,广西壮族自治区,CONSUME,01,,23.126302,113.19078,ANDROID,,广东省佛山市南海区大沥镇沙溪共南路,1
100000,102,南阳市,公共交通总公司,O,17,XCX,2,36.6,F,汉,3701,2,01,FATHER,FRIENDS,2,71.0,河南省,CONSUME,01,,32.996151529947916,112.53853162977431,ANDROID,,河南省南阳市宛城区东关街道联合街476号,1
100000,,盐城市,常州金茂钢结构有限公司,Z,90,APP,2,44.0,M,汉,6464,4,01,MOTHER,MATE,1,90.554,江苏省,CONSUME,01,,31.675072,119.95918,ANDROID,,江苏省常州市武进区南夏墅街道新平路,1
100000,,十堰市,武汉东亭医院,Z,90,APP,4,24.1,M,汉,1309,4,01,FATHER,COLLEAGUE,2,71.0,湖北省,CONSUME,01,,30.61944,114.261315,ANDROID,,湖北省武汉市江汉区唐家墩街街道发展大道239号,1
100000,,东方市,海口市龙华区滨海街道,Z,90,XCX,4,31.0,F,汉,6110,2,01,MATE,FRIENDS,1,71.0,海南省,CONSUME,01,,18.8246728515625,108.68451741536458,ANDROID,,海南省东方市板桥镇,1
100000,105,新余市,深圳市军创建筑劳务有限公司,O,17,APP,3,47.2,M,汉,4875,3,01,FATHER,MATE,1,71.0,江西省,CONSUME,01,,27.827113,114.896274,ANDROID,,江西省新余市渝水区城北街道北湖西路辅路,1
100000,403,大庆市,邢国龙个人工作室,Z,90,APP,3,43.8,M,汉,1776,4,01,RELATIVES,RELATIVES,1,71.0,黑龙江省,CONSUME,01,,45.536335,125.084294,ANDROID,,黑龙江省大庆市肇源县和平乡,1
100000,103,六安市,上海兴鸿,H,54,APP,3,30.3,M,汉,453,4,01,FATHER,MATE,1,71.0,安徽省,CONSUME,01,,30.966555,121.735569,ANDROID,,上海市浦东新区大团镇永春南路8号,1
100000,,汕头市,广东省路桥建设发展有限公司广韶分公司,F,17,APP,3,40.7,M,汉,4073,2,01,MATE,SIBLING,1,71.0,广东省,CONSUME,02,,24.684952,113.609829,ANDROID,,广东省韶关市曲江区马坝镇韶钢大道129号,1
100000,,南通市,上海铠邦机电安装公司,G,13,XCX,2,43.9,M,汉,4200,4,01,MATE,SIBLING,1,71.0,江苏省,CONSUME,01,,31.040274522569444,121.29002875434028,ANDROID,,上海市松江区中山街道,1
100000,,绍兴市,绍兴柯桥供水有限公司,Z,90,APP,3,46.1,M,汉,1184,2,01,MATE,FRIENDS,1,71.0,浙江省,CONSUME,01,,30.08111208173616,120.49140927330673,ANDROID,,浙江省绍兴市柯桥区柯桥街道金柯桥大道,1
100000,105,怀化市,湘企筑学企业管理,O,17,APP,4,34.8,M,汉,5380,3,01,MATE,FRIENDS,1,71.0,湖南省,CONSUME,01,,28.132703,113.015414,ANDROID,,湖南省长沙市雨花区井湾子街道洞井中路,1
100000,,酒泉市,甘肃领创亿家财务管理咨询有限公司,Z,90,APP,3,30.9,F,汉,6934,4,01,MATE,COLLEAGUE,1,71.0,甘肃省,CONSUME,01,,39.99048165059756,98.91265401088613,ANDROID,,甘肃省酒泉市金塔县城关街道,1
100000,104,营口市,个体经营,Z,90,XCX,2,30.6,F,汉,5715,4,01,PARENTS,PARENTS,3,71.0,辽宁省,CONSUME,01,,40.20083577473958,122.27302137586805,ANDROID,,辽宁省营口市盖州市双台镇,1
100000,,武汉市,武汉市新洲区鸿刚水产养殖经营部,E,24,APP,3,45.4,M,汉,6811,2,01,MATE,FRIENDS,1,71.0,湖北省,CONSUME,01,,30.45208,114.051857,ANDROID,,湖北省武汉市蔡甸区奓山街道福照路,1
100000,,射洪市,创想装饰,E,24,XCX,2,34.3,M,汉,5663,3,01,MATE,FRIENDS,1,71.0,四川省,CONSUME,01,,31.427616102430555,104.76631944444445,ANDROID,,四川省绵阳市涪城区塘汛街道板桥街,1
100000,105,松原市,迎新饭庄,Z,90,XCX,2,33.1,M,汉,5678,4,01,MATE,FATHER,1,89.817,吉林省,CONSUME,01,,45.11011,124.807491,ANDROID,,吉林省松原市宁江区建设街道建华路8号楼,1
100000,104,上海市,上海汉盛律师事务所,L,17,APP,4,46.4,M,汉,6737,4,01,MATE,OTHER,1,71.0,上海市,CONSUME,01,,31.229176188493477,121.54230653345639,ANDROID,,上海市浦东新区洋泾街道杨高中路2764号,1
100000,,文山壮族苗族自治州文山市,曾安秋个人工作室,H,54,XCX,2,29.8,M,壮,1205,4,01,MATE,FRIENDS,1,71.0,云南省,CONSUME,01,,23.61557920945875,103.8911306393951,ANDROID,,云南省文山壮族苗族自治州文山市德厚镇明双段,1
100000,,绵竹市,张宝松个人工作室,Z,90,XCX,2,27.1,M,汉,371,4,01,RELATIVES,RELATIVES,2,71.0,四川省,CONSUME,02,,2,104.166373,ANDROID,,[],1
100000,105,扬州市,扬州盛点企业策划有限公司,R,17,APP,3,41.2,M,汉,3582,4,01,FATHER,SIBLING,1,71.0,江苏省,CONSUME,01,,32.373657,119.378177,ANDROID,,江苏省扬州市邗江区蒋王街道建设大街41号,1
100000,102,营口市,御药房医药有限公司,H,54,APP,2,39.2,F,汉,5905,2,01,FRIENDS,COLLEAGUE,2,71.0,辽宁省,CONSUME,01,,47.210652,123.640663,ANDROID,,黑龙江省齐齐哈尔市富拉尔基区铁北街道民兴路,1
100000,301,深圳市,陕西全通实业集团有限公司,H,54,APP,4,44.9,M,汉,3876,4,01,MATE,FRIENDS,1,71.0,广东省,CONSUME,01,,34.298048,108.955467,ANDROID,,陕西省西安市未央区大明宫街道太液西路,1
100000,105,榆林市,内蒙古垣吉化工有限公司,Z,90,APP,2,31.3,M,汉,805,2,01,MATE,FRIENDS,1,71.0,陕西省,CONSUME,01,,40.083824,111.261144,ANDROID,,内蒙古自治区鄂尔多斯市准格尔旗薛家湾镇汉青路,1
100000,105,上饶市,信州区民政局,S,11,APP,2,43.8,F,汉,4001,2,01,PARENTS,SIBLING,1,71.0,江西省,CONSUME,01,,28.437628310999736,117.97341184157127,ANDROID,,江西省上饶市信州区水南街道水南街,1
100000,105,晋江市,岩磊五金商店,H,54,XCX,2,33.1,M,汉,4836,2,01,MOTHER,COLLEAGUE,2,71.0,福建省,CONSUME,01,,24.672767198350694,118.55460747612847,ANDROID,,福建省泉州市晋江市永和镇,1
100000,,齐齐哈尔市,北方护理学校,P,13,APP,4,31.6,M,汉,6741,2,01,FATHER,FRIENDS,2,83.86384,黑龙江省,CONSUME,01,,47.296512574205497,123.96934502011891,ANDROID,,黑龙江省齐齐哈尔市龙沙区南航街道,1
100000,,池州市,个人所在公司,Z,90,XCX,4,35.1,F,汉,5094,2,01,RELATIVES,OTHER,1,71.0,安徽省,CONSUME,01,,30.648428095347169,117.47723658207662,IOS,,安徽省池州市贵池区池阳街道烟柳路,1
100000,105,大理白族自治州,重庆市英奥新点培训学校,P,13,APP,4,42.1,F,白,4204,4,01,MATE,COLLEAGUE,1,88.194,云南省,CONSUME,02,,29.388729056130157,106.54835838469848,ANDROID,,重庆市巴南区龙洲湾街道,1
100000,,日照市,日照市圣生基础工程有限公司,Z,90,APP,2,29.3,M,汉,6341,3,01,SIBLING,FRIENDS,2,71.0,山东省,CONSUME,01,,35.430055,119.465785,ANDROID,,山东省日照市东港区日照街道望海路,1
100000,,九江市,伊宁市正禾水貂服饰店,Z,90,APP,2,29.4,M,汉,476,3,01,MATE,FRIENDS,1,71.0,江西省,CONSUME,01,,43.919108,81.330722,ANDROID,,新疆维吾尔自治区伊犁哈萨克自治州伊宁市艾兰木巴格街道胜利街9巷32号,1
100000,,泉州市,泉州市远恒贸易有限责任公司,C,24,XCX,2,46.9,M,汉,644,3,01,MATE,FRIENDS,1,71.0,福建省,CONSUME,01,,25.028075086805554,118.79646782769098,ANDROID,,福建省泉州市惠安县螺城镇八二三东街,1
100000,,仙桃市,易双姣个人工作室,Z,90,XCX,2,37.9,F,汉,3986,2,01,PARENTS,FATHER,1,71.0,湖北省,CONSUME,01,,30.36060696953268,113.43370795514194,ANDROID,,湖北省仙桃市沙嘴街道宏达路,1
100000,,绥化市,肇东市明久中学校,Z,90,APP,4,28.9,M,汉,1978,2,01,MATE,SIBLING,1,96.2,黑龙江省,CONSUME,01,,46.79644049516635,130.3769814889445,ANDROID,,黑龙江省佳木斯市前进区南岗街道王三五路,1
100000,,泉州市,石狮市虹福五金制品有限公司,C,24,APP,2,41.0,M,汉,3933,3,,MATE,FRIENDS,1,71.0,福建省,CONSUME,04,,24.75562282986111,118.68126654730902,ANDROID,,福建省泉州市石狮市蚶江镇益家南路,1
100000,,定西市,明宇科技有限公司,Z,90,APP,3,35.2,M,汉,4162,3,01,FRIENDS,FRIENDS,2,71.0,甘肃省,CONSUME,01,,32.01249949883806,119.8604876117771,ANDROID,,江苏省常州市新北区孟河镇宝善街6号,1
100000,,广州市,广州市白云区大源街大源村经济联合社,Z,90,APP,4,27.6,M,汉,592,3,01,PARENTS,FRIENDS,2,91.741,广东省,CONSUME,01,,23.24981770833333,113.3442738172743,ANDROID,,广东省广州市白云区大源街道大源中路88号,1
100000,,平凉市,九江华鑫宠物犬舍猫舍基地,Z,90,APP,3,26.1,M,汉,273,2,01,FRIENDS,FRIENDS,2,71.0,甘肃省,CONSUME,01,,29.698448,115.972865,ANDROID,,江西省九江市浔阳区人民路街道新湖中路170号,1
100000,,成都市,中国青年旅行社,Z,90,APP,3,28.3,M,汉,930,4,01,FATHER,FRIENDS,2,71.0,四川省,CONSUME,01,,30.699666612413193,104.031171875,ANDROID,,四川省成都市金牛区营门口街道花照壁街89号,1
100000,,梅州市,上海宝冶集团有限公司,H,54,APP,4,24.6,M,汉,606,2,01,FATHER,COLLEAGUE,2,80.775,广东省,CONSUME,01,,21.23282938121771,110.40719618692863,ANDROID,,广东省湛江市霞山区乐华街道乐金路,1
100000,403,毕节市,赵利娟个人工作室,Z,90,APP,2,31.0,F,汉,6962,2,01,FATHER,MOTHER,2,80.642,贵州省,CONSUME,01,,27.41129,106.414565,ANDROID,,贵州省毕节市金沙县安底镇,1
100000,,白银市,霍夫曼北京工程技术有限公司,Z,90,APP,4,30.9,M,汉,6387,3,01,COLLEAGUE,COLLEAGUE,1,71.0,甘肃省,CONSUME,02,,39.89486,116.684592,ANDROID,,北京市通州区玉桥街道乔庄北街,1
100000,,绵阳市,六月雪干锅,I,54,XCX,2,27.8,M,汉,449,2,01,FATHER,FRIENDS,2,87.195,四川省,CONSUME,02,,31.11537055121528,105.09618923611112,ANDROID,,四川省绵阳市三台县北坝镇城隍路,1
100000,,锦州市,锦州易尓捷科技有限公司,G,13,XCX,3,34.5,M,满,4263,3,01,MOTHER,FRIENDS,1,71.0,辽宁省,CONSUME,01,,40.887818567253059,121.06649628621448,ANDROID,,辽宁省锦州市太和区王家街道,1
100000,,太原市,山西六建集团有限公司,E,24,APP,4,44.7,M,汉,640,3,,FATHER,COLLEAGUE,1,71.0,山西省,CONSUME,01,,43.93548719618055,87.63325493706597,ANDROID,,新疆维吾尔自治区乌鲁木齐市米东区南路街道开源街北二巷,1
100000,,宜宾市,宜宾美捷通讯科技有限公司,G,13,APP,2,28.9,M,汉,1765,2,01,SIBLING,SIBLING,2,71.0,四川省,CONSUME,01,,28.81407384624727,104.72709799978718,ANDROID,,四川省宜宾市翠屏区沙坪街道港园路西段,1
100000,,衡阳市,衡阳市蓝盾驾驶员培训学校,Z,90,APP,3,44.6,M,汉,671,2,01,MATE,FRIENDS,1,71.0,湖南省,CONSUME,01,,26.905338,112.63109,ANDROID,,湖南省衡阳市珠晖区粤汉街道,1
100000,,宁波市,宁波长振铜业有限公司,Z,90,XCX,3,29.8,M,汉,1727,2,,MATE,SIBLING,1,71.0,浙江省,CONSUME,04,,30.192441,121.02385,IOS,,浙江省宁波市余姚市泗门镇开夹线,1
100000,,潮州市,雅欣纸箱加工厂,C,24,XCX,2,40.3,M,汉,3965,3,01,MATE,FRIENDS,1,71.0,广东省,CONSUME,01,,23.462111146720607,116.6597655269422,ANDROID,,广东省潮州市潮安区庵埠镇陇江路,1
100000,,宜宾市,成都三快科技有限公司,G,13,APP,3,29.4,M,汉,7196,3,01,FRIENDS,FRIENDS,1,87.252,四川省,CONSUME,01,,28.790096,104.679552,ANDROID,,四川省宜宾市翠屏区沙坪街道长江北路西段附二段,1
100000,,绵阳市,江苏华锦建设,E,24,APP,2,47.8,M,汉,2476,2,01,RELATIVES,FRIENDS,3,71.0,四川省,CONSUME,01,,31.445877,104.667753,ANDROID,,四川省绵阳市涪城区新皂镇科飞路,1
100000,,舟山市,浙江省舟山市齐兴餐饮服务有限公司,Z,90,XCX,2,45.2,M,汉,927,3,01,FATHER,FRIENDS,1,71.0,浙江省,CONSUME,01,,29.93572050252017,122.36370970141357,ANDROID,,浙江省舟山市普陀区朱家尖街道G329(东西快速路),1
100000,,金华市,义乌智库贸易有限公司,C,24,XCX,3,27.2,F,汉,477,3,01,FATHER,FRIENDS,2,77.69544,浙江省,CONSUME,01,,29.41602973008496,120.13789675359725,ANDROID,,浙江省金华市义乌市苏溪镇阳光大道辅路,1
100000,,唐山市,家和防盗门窗经销处,C,24,XCX,3,43.6,M,汉,2718,4,01,FATHER,FRIENDS,1,71.0,河北省,CONSUME,01,,40.150804,116.295538,IOS,,北京市昌平区沙河(地区)镇松辛路,1
100000,105,九江市,九江华义电梯有限公司,C,24,XCX,3,25.9,M,汉,923,2,01,MOTHER,FRIENDS,2,71.0,江西省,CONSUME,01,,19.991985,110.303958,ANDROID,,海南省海口市龙华区海垦街道金盘路,1
100000,104,嘉兴市,浙江瑞弗机电有限公司,G,13,APP,4,38.0,M,汉,4980,4,01,MATE,FRIENDS,1,71.0,浙江省,CONSUME,01,,30.503385,120.704815,ANDROID,,浙江省嘉兴市海宁市硖石街道康乐路,1
100000,102,安庆市,安徽佰通,H,54,APP,3,38.4,M,汉,4637,4,01,SIBLING,SIBLING,2,71.0,安徽省,CONSUME,01,,30.454984,116.317875,ANDROID,,安徽省安庆市太湖县经济开发区龙山路辅路,1
100000,,岳阳市,汨罗市弼时福利有限公司,Z,90,APP,3,31.4,M,汉,7214,3,01,MATE,FRIENDS,1,88.438,湖南省,CONSUME,01,,28.247497,113.09277,ANDROID,,湖南省长沙市长沙县星沙街道G319辅路,1
100000,,长春市,林立鑫个人工作室,Z,90,XCX,2,29.3,M,汉,405,2,01,PARENTS,MOTHER,2,87.264,吉林省,CONSUME,01,,43.883479368740079,125.43178499201975,ANDROID,,吉林省长春市二道区英俊镇吉林大路,1
100000,105,天水市,秦安县依仁幼儿园,P,13,XCX,3,25.7,F,汉,1737,4,01,FATHER,FRIENDS,2,89.55209,甘肃省,CONSUME,02,,34.8602442308473,105.6828035820122,ANDROID,,甘肃省天水市秦安县兴国镇,1
100000,,资阳市,新亿展柜,Z,90,APP,2,29.3,M,汉,6369,4,01,PARENTS,FRIENDS,2,71.0,四川省,CONSUME,01,,30.048477602921058,104.83688555612231,ANDROID,,四川省资阳市雁江区东峰镇,1
100000,,盐城市,上海爱拓房地产营销策划有限公司,Z,90,XCX,2,33.8,M,汉,5676,3,01,MATE,COLLEAGUE,1,80.938,江苏省,CONSUME,01,,32.003235,120.90736,ANDROID,,江苏省南通市崇川区观音山街道星城路,1
100000,,安阳市,安阳安优传媒有限公司,Z,90,APP,2,29.8,M,汉,6900,3,01,MATE,FRIENDS,1,71.0,河南省,CONSUME,01,,36.1203959303006,114.41217347523978,ANDROID,,河南省安阳市北关区彰东街道G4(京港澳高速),1
100000,103,昆明市,俊宇咨询有限公司,L,17,XCX,4,37.7,M,汉,3140,4,01,FATHER,FATHER,1,71.0,云南省,CONSUME,01,,25.00915066189236,102.70252604166667,ANDROID,,云南省昆明市西山区前卫街道前卫西路,1
100000,,运城市,吕安杰个人工作室,Z,90,XCX,2,48.5,M,汉,3371,2,01,FATHER,FATHER,1,71.0,山西省,CONSUME,01,,35.44979,110.8824,ANDROID,,山西省运城市万荣县解店镇宁仁线,1
100000,,重庆市,重庆捷江药品物流有限公司,Z,90,APP,3,32.2,F,汉,6851,3,01,MOTHER,FRIENDS,2,71.0,重庆市,CONSUME,01,,29.546017898641858,106.5283038120165,ANDROID,,重庆市渝中区两路口街道龙家湾隧道,1
100000,,日照市,日照市公安局东港分局,Z,90,XCX,4,30.9,M,汉,5680,2,01,FATHER,OTHER,2,71.0,山东省,CONSUME,01,,35.424113698433249,119.50329306488276,ANDROID,,山东省日照市东港区秦楼街道曲阜路,1
100000,,重庆市,灵活用工人士,Z,90,APP,2,43.4,M,汉,6338,4,01,FATHER,FRIENDS,1,71.0,重庆市,CONSUME,01,,29.53196533203125,106.50516574435764,ANDROID,,重庆市九龙坡区渝州路街道奥体路58号,1
100000,105,淮安市,中储智运物流有限公司,F,17,XCX,4,30.5,M,汉,314,3,01,MATE,FRIENDS,1,71.0,江苏省,CONSUME,01,,32.9896929724918,118.98879184822168,ANDROID,,江苏省淮安市金湖县黎城街道G344(东灵线),1
100000,,临汾市,个体经营者,Z,90,XCX,4,32.8,M,汉,5659,4,01,MATE,FRIENDS,1,71.0,山西省,CONSUME,01,,35.98438882266742,110.87900205188105,ANDROID,,山西省临汾市乡宁县昌宁镇滨河东路,1
100000,105,日照市,张利华个人工作室,Z,90,XCX,3,31.7,M,汉,6388,2,01,MOTHER,FRIENDS,2,82.951,山东省,CONSUME,01,,35.444163556732309,119.52144496903392,ANDROID,,山东省日照市东港区秦楼街道济宁路,1
100000,,四平市,百鸣网络科技有限公司,Z,90,XCX,4,32.8,M,汉,5323,4,01,MATE,RELATIVES,1,71.0,吉林省,CONSUME,01,,43.168337630495418,124.43630085257021,ANDROID,,吉林省四平市铁东区城东乡,1
100000,,金华市,金华灿坤新能源科技有限公司,Z,90,XCX,3,28.4,M,汉,1943,2,01,RELATIVES,COLLEAGUE,2,71.0,浙江省,CONSUME,01,,29.06458197699653,119.62477945963542,ANDROID,,浙江省金华市婺城区秋滨街道积道街885号,1
100000,,南阳市,河南宏龙劳务分包有限责任公司,Z,90,XCX,3,45.9,M,汉,3324,4,01,OTHER,OTHER,1,71.0,河南省,CONSUME,01,,32.525787,112.36209,ANDROID,,河南省南阳市新野县汉城街道朝阳路,1
100000,103,汕头市,绿汇源果汁,H,54,XCX,2,35.7,F,汉,61,4,01,MATE,FRIENDS,1,71.0,广东省,CONSUME,01,,23.490821668836805,116.79816324869792,ANDROID,,广东省汕头市澄海区莲下镇S231(莲凤路),1
100000,310,随州市,湖北宏盾建设工程劳务有限公司,E,24,XCX,2,29.7,M,汉,308,2,01,PARENTS,FRIENDS,2,71.0,湖北省,CONSUME,01,,23.244621933678837,113.31126352890591,ANDROID,,广东省广州市白云区永平街道贤达一街,1
100000,104,十堰市,上海殷德,H,54,APP,4,27.0,M,汉,6961,2,01,CHILDREN,OTHER,2,87.148,湖北省,CONSUME,01,,31.348509,120.953863,ANDROID,,江苏省苏州市昆山市玉山镇荷包巷,1
100000,,沧州市,河北省盐山县电力管件有限公司,Z,90,APP,2,39.2,M,汉,5079,3,,MATE,FRIENDS,1,82.079,河北省,CONSUME,01,,37.897504,117.236031,ANDROID,,河北省沧州市盐山县孟店镇,1
100000,,成都市,广元达芬奇整形外科门诊部,Q,11,XCX,4,33.0,M,汉,560,4,01,PARENTS,FRIENDS,1,71.0,四川省,CONSUME,01,,30.728282877604165,103.82905653211806,ANDROID,,四川省成都市温江区万春镇G213(春江路),1
100000,,成都市,成都泰联再生资源回收有限公司,M,11,APP,2,41.0,M,汉,4899,2,01,FRIENDS,SIBLING,2,89.266,四川省,CONSUME,01,,30.64442,104.245172,ANDROID,,四川省成都市龙泉驿区西河街道阙黄路,1
100000,,来宾市,缅姿秀泰,Z,90,APP,3,42.3,M,壮,6278,3,01,SIBLING,SIBLING,2,89.589,广西壮族自治区,CONSUME,01,,28.8743,120.034867,ANDROID,,浙江省金华市永康市江南街道南都路辅路,1
100000,,重庆市,重庆两江新区招商集团有限公司,H,54,XCX,4,41.4,F,汉,2299,4,01,FATHER,FRIENDS,1,71.0,重庆市,CONSUME,01,,40.466541,116.123927,ANDROID,,北京市延庆区井庄镇南山环线,1
100000,105,昆明市,云南建投第三建设有限公司,E,24,XCX,4,34.9,F,彝,7118,4,01,MATE,FATHER,3,71.0,云南省,CONSUME,01,,25.080188760279879,102.65329647976381,ANDROID,,云南省昆明市五华区黑林铺街道科高路1763号,1
100000,,内江市,刘莲个人工作室,Z,90,APP,3,29.0,F,汉,201,2,01,SIBLING,OTHER,2,79.308,四川省,CONSUME,01,,29.522944,104.645388,ANDROID,,四川省内江市威远县严陵镇桂花北路,1
100000,,唐山市,刘斌个人工作室,Z,90,XCX,2,31.2,M,汉,6422,4,01,MATE,FATHER,1,71.0,河北省,CONSUME,01,,40.02426792850865,118.51990347056062,ANDROID,,河北省唐山市迁安市大五里镇G0121(京秦高速),1
100000,,邯郸市,灵活就业者,Z,90,XCX,2,45.4,M,汉,1046,4,01,FATHER,FRIENDS,1,71.0,河北省,CONSUME,01,,36.38068604621674,114.61196979692754,ANDROID,,河北省邯郸市成安县辛义乡人民路,1
100000,103,海口市,亿联百汇商行,H,54,XCX,3,39.0,M,汉,5808,2,01,FATHER,MATE,1,71.0,海南省,CONSUME,01,,31.979176974826387,117.22508680555555,ANDROID,,安徽省合肥市长丰县双凤开发区金梅路,1
100000,403,南京市,斯泰潘南京化工,C,24,APP,3,39.1,M,汉,3567,2,,MATE,FRIENDS,1,71.0,江苏省,CONSUME,04,,32.302671,118.748956,ANDROID,,江苏省南京市六合区龙池街道常庄路,1
100000,,十堰市,陈韬个人工作室,Z,90,XCX,3,42.8,M,汉,3939,4,01,MATE,FATHER,1,71.0,湖北省,CONSUME,01,,32.546358605741747,111.51852586647778,ANDROID,,湖北省十堰市丹江口市大坝路街道静乐大道,1
100000,103,沧州市,沧州滕泰,H,54,APP,2,43.7,M,汉,4129,4,01,MATE,SIBLING,1,89.908,河北省,CONSUME,01,,37.98661806504059,117.20254692692164,ANDROID,,河北省沧州市盐山县孟店镇,1
100000,,白城市,李浩个人工作室,Z,90,APP,2,25.7,M,汉,2311,2,01,FATHER,FRIENDS,2,71.0,吉林省,CONSUME,01,,44.807809,123.081666,ANDROID,,吉林省白城市通榆县八区街道团结路,1
100000,,襄阳市,恒号电梯有限公司,Z,90,XCX,2,36.9,M,汉,3780,3,01,FATHER,SIBLING,1,71.0,湖北省,CONSUME,01,,31.815297,112.004414,ANDROID,,湖北省襄阳市南漳县九集镇襄阳路,1
100000,,重庆市,河南快准车服汽车配件有限公司,Z,90,XCX,2,29.6,M,汉,348,2,01,FATHER,FATHER,1,71.0,重庆市,CONSUME,01,,30.75634684244792,108.4318527560764,IOS,,重庆市万州区百安坝街道学府路,1
100000,105,新乡市,获嘉县城关镇人民政府,S,11,XCX,3,47.3,M,汉,776,2,01,PARENTS,COLLEAGUE,1,71.0,河南省,CONSUME,01,,35.25702286924,113.643829355019,ANDROID,,河南省新乡市获嘉县城关镇同盟大道,1
100000,,亳州市,贵记小吃铺,Z,90,XCX,3,35.9,F,汉,6608,4,01,FATHER,FATHER,1,71.0,安徽省,CONSUME,01,,30.964414,113.836083,ANDROID,,湖北省孝感市云梦县伍洛镇新胜路,1
100000,105,运城市,立恒商贸有限公司,Z,90,APP,3,37.5,M,汉,3869,3,01,RELATIVES,FRIENDS,2,71.0,山西省,CONSUME,01,,35.039215,111.019837,ANDROID,,山西省运城市盐湖区安邑街道步青路,1
100000,,深圳市,夏文广个人工作室,Z,90,APP,3,44.0,M,汉,4178,3,01,FATHER,MATE,1,71.0,广东省,CONSUME,01,,22.709168,114.345681,ANDROID,,广东省深圳市坪山区坪山街道深汕路坪山段581号,1
100000,,宿州市,南京益佳精密机械有限公司,Z,90,APP,2,35.3,M,汉,7195,3,01,SIBLING,SIBLING,1,71.0,安徽省,CONSUME,01,,31.841241,118.613488,ANDROID,,江苏省南京市江宁区江宁街道X003(正方西路),1
100000,,襄阳市,刘普个人工作室,Z,90,XCX,2,38.9,M,汉,4155,4,01,MATE,FATHER,1,71.0,湖北省,CONSUME,01,,32.112461209327509,111.98286366763797,ANDROID,,湖北省襄阳市樊城区牛首镇,1
100000,,黔西南布依族苗族自治州,普安大头童装店,Z,90,APP,2,39.9,M,汉,4940,4,01,FRIENDS,FRIENDS,1,71.0,贵州省,CONSUME,01,,25.14749572332466,105.00787975539582,ANDROID,,贵州省黔西南布依族苗族自治州兴义市顶效街道,1
100000,102,长沙市,三一重工股份有限公司,C,24,XCX,4,40.1,M,汉,3360,4,01,RELATIVES,RELATIVES,1,71.0,湖南省,CONSUME,01,,40.090649,116.291054,ANDROID,,北京市昌平区史各庄街道S216(G110辅路),1
100000,301,深圳市,南方科技大学深圳医院,Q,11,APP,4,41.0,M,汉,3687,4,01,PARENTS,FRIENDS,1,71.0,广东省,CONSUME,01,,22.543178,113.895709,ANDROID,,广东省深圳市南山区南山街道梦海大道,1
100000,102,毕节市,步步高服装店,H,54,APP,2,41.9,F,汉,4356,3,01,FRIENDS,FRIENDS,3,71.0,贵州省,CONSUME,02,,26.470657353989,105.698837286339,ANDROID,,贵州省毕节市织金县熊家场镇G321,1
100000,,深圳市,深圳市老刘私房钱馆,S,11,XCX,3,45.2,F,汉,3156,4,01,MATE,FRIENDS,1,71.0,广东省,CONSUME,01,,22.69455452710381,114.36143021939607,ANDROID,,广东省深圳市坪山区马峦街道龙新路30号,1
100000,,遵义市,简再涵个人工作室,Z,90,APP,2,31.5,M,土家,665,2,01,SIBLING,SIBLING,2,71.0,贵州省,CONSUME,01,,28.931924582341798,119.96241840519628,ANDROID,,浙江省金华市永康市花街镇,1
100000,103,烟台市,依品外贸,H,54,XCX,2,38.8,F,汉,4091,4,01,FATHER,FATHER,1,71.0,山东省,CONSUME,01,,36.8031529405382,120.82049045138889,ANDROID,,山东省烟台市莱阳市大夼镇,1
100000,403,梧州市,瑞源宏科技发展有限公司,Z,90,APP,2,36.4,M,汉,5298,4,01,FRIENDS,FRIENDS,3,85.213,广西壮族自治区,CONSUME,01,,22.835865,113.976107,ANDROID,,广东省东莞市黄江镇公常路龙见田段108号,1
100000,,成都市,林秀个人工作室,Z,90,APP,2,35.3,F,汉,6844,4,01,SIBLING,FRIENDS,1,71.0,四川省,CONSUME,01,,30.674514,104.370511,ANDROID,,四川省成都市龙泉驿区洛带镇新长仁路,1
100000,,乳山市,福临家好生活超市,Z,90,XCX,4,42.1,M,汉,3990,2,01,MATE,FRIENDS,1,71.0,山东省,CONSUME,01,,37.065986328125,121.48816840277777,ANDROID,,山东省威海市乳山市午极镇,1
100000,,宜宾市,老屋印象,I,54,XCX,2,27.9,M,汉,252,4,01,FRIENDS,COLLEAGUE,1,71.0,四川省,CONSUME,01,,29.854714015450131,121.540109829571833,ANDROID,,浙江省宁波市海曙区南门街道澄浪南路51,1
100000,,南昌市,赵春雷个人工作室,Z,90,XCX,2,45.7,M,汉,4267,4,01,SIBLING,RELATIVES,2,71.0,江西省,CONSUME,01,,28.677803,115.892258,ANDROID,,江西省南昌市西湖区西湖街道羊子街178号,1
100000,,湖州市,兴发铝材,H,54,XCX,2,24.9,M,汉,2105,2,01,FATHER,FRIENDS,2,88.54765,浙江省,CONSUME,01,,30.89362120300204,119.635415300307,IOS,,浙江省湖州市长兴县泗安镇G235(上聂线),1
100000,105,揭阳市,深圳市博科信电子,G,13,XCX,2,29.2,F,汉,201,4,,PARENTS,FRIENDS,2,71.0,广东省,CONSUME,01,,22.29441098766474,113.48787033332747,ANDROID,,广东省珠海市香洲区凤山街道大友街,0
100000,,新乡市,万德建设集团有限公司,E,24,XCX,2,27.2,M,汉,1273,4,01,FATHER,FRIENDS,1,71.0,河南省,CONSUME,01,,40.53239,116.664317,IOS,,北京市怀柔区怀北镇G111(京加路),0
100000,102,张掖市,甘肃爱味客马铃薯加工有限公司,C,24,APP,3,30.7,M,汉,6342,4,01,MATE,FATHER,2,89.592,甘肃省,CONSUME,01,,38.76002143737942,100.67850149354396,ANDROID,,甘肃省张掖市民乐县六坝镇,1
100000,,洛阳市,郑州农大兽药有限公司,Z,90,APP,3,43.9,M,汉,1622,3,01,FRIENDS,SIBLING,1,91.801,河南省,CONSUME,01,,34.805448,112.442812,ANDROID,,河南省洛阳市孟津区城关镇咸宁路,1
100000,,长春市,一汽大众汽车有限公司,C,24,XCX,4,38.0,M,汉,3965,4,01,MOTHER,FRIENDS,1,77.542,吉林省,CONSUME,02,,43.84442979600694,125.19665690104166,ANDROID,,吉林省长春市绿园区西新镇,1
100000,105,深圳市,深圳前海德云资产管理有限公司,J,13,XCX,3,31.7,F,汉,5804,3,01,RELATIVES,COLLEAGUE,2,71.0,广东省,CONSUME,01,,22.537531,114.065845,ANDROID,,广东省深圳市福田区福田街道福华路253,1
100000,102,济宁市,神墨教育,P,13,APP,3,25.8,F,汉,936,2,01,MOTHER,MATE,2,85.516,山东省,CONSUME,02,,36.710117195715898,116.94259807764195,ANDROID,,山东省济南市天桥区药山街道洋涓路,1
100000,102,廊坊市,豪源鱼杆包有限公司,Z,90,APP,2,31.7,F,汉,6189,4,01,PARENTS,MOTHER,1,86.269,河北省,CONSUME,02,,39.43748333778829,116.32160933186037,ANDROID,,河北省廊坊市固安县固安镇京九西路,1
100000,403,上海市,襄阳耀俊通信有限公司,C,24,APP,4,39.1,M,汉,2915,4,01,FATHER,MATE,1,71.0,上海市,CONSUME,01,,30.885608,121.015305,ANDROID,,上海市金山区枫泾镇G320(枫泾铁路立交桥),1
100000,,苏州市,吴江区思贤实验小学,Z,90,APP,4,43.9,M,汉,5999,4,01,MATE,COLLEAGUE,1,71.0,江苏省,CONSUME,01,,31.328977816885755,120.471000564873,ANDROID,,江苏省苏州市虎丘区浒墅关镇象山路辅路,1
100000,103,汕头市,暂未提供公司名称,H,54,XCX,2,36.0,M,汉,5962,2,01,FATHER,SIBLING,,92.52,广东省,CONSUME,01,,23.48667706198114,116.77189325467133,IOS,,广东省汕头市澄海区凤翔街道G228(汕汾路),1
100000,,晋中市,灵石县亿林煤化有限公司,C,24,XCX,2,26.4,M,汉,1574,2,01,FATHER,MOTHER,2,71.0,山西省,CONSUME,02,,37.79674669053819,112.6262548828125,ANDROID,,山西省太原市小店区北营街道南中环东街,1
100000,,盐城市,江苏省东台市水务局,S,11,APP,4,37.0,M,汉,4345,2,01,FATHER,SIBLING,2,71.0,江苏省,CONSUME,01,,32.842753,120.292314,ANDROID,,江苏省盐城市东台市东台镇斜桥路,1
100000,103,郴州市,玖的VR动感影视,Z,90,XCX,2,31.9,M,汉,271,4,01,SIBLING,SIBLING,1,71.0,湖南省,CONSUME,01,,25.180113,112.909353,ANDROID,,湖南省郴州市宜章县岩泉镇,1
100000,103,宜昌市,沁鑫服饰公司,C,24,APP,3,40.9,F,壮,2852,3,,MOTHER,SIBLING,1,71.0,湖北省,CONSUME,01,,23.039957,114.066378,ANDROID,,广东省东莞市桥头镇,1
100000,,临汾市,山西省交通建设工程质量检测中心有限公司,Z,90,APP,3,38.4,M,汉,5760,3,01,FATHER,COLLEAGUE,1,71.0,山西省,CONSUME,01,,34.867568,110.45441,ANDROID,,山西省运城市永济市城东街道市府东街,1
100000,,吉安市,吉安市林业局,Z,90,XCX,4,47.0,F,汉,257,2,01,MATE,RELATIVES,1,71.0,江西省,CONSUME,01,,27.088669827209818,114.99394384623236,ANDROID,,江西省吉安市青原区滨江街道富水路,1
100000,,宿州市,蚌埠市驿志建筑劳务责任有限公司,H,54,XCX,4,43.1,M,汉,2739,4,01,MATE,SIBLING,1,71.0,安徽省,CONSUME,01,,33.3117545214403,117.35829834745036,ANDROID,,安徽省蚌埠市固镇县谷阳镇G344(东灵线),1
100000,,宜宾市,梵熙美容美发,Z,90,APP,2,24.2,F,汉,1966,3,01,FRIENDS,FRIENDS,2,71.0,四川省,CONSUME,01,,30.522139005635159,104.07342955308421,ANDROID,,四川省成都市双流区华阳街道雅和北二路,1
100000,,成都市,茗香茶楼,H,54,XCX,2,46.5,F,汉,6430,4,01,MATE,SIBLING,1,71.0,四川省,CONSUME,01,,30.5327,103.7399,ANDROID,,四川省成都市大邑县沙渠街道方圆路,1
100000,,淮安市,金象传动,H,54,APP,2,25.9,M,汉,937,2,01,FATHER,MATE,1,71.0,江苏省,CONSUME,02,,33.635045063881215,119.02852925905059,ANDROID,,江苏省淮安市淮阴区王家营街道小营路,1
100000,104,商丘市,霍艳辉个人工作室,Z,90,APP,2,36.6,M,汉,6451,3,01,FATHER,COLLEAGUE,1,71.0,河南省,CONSUME,01,,32.402812,120.550313,ANDROID,,江苏省南通市如皋市城北街道泰宁路33号,1
100000,,红河哈尼族彝族自治州,王田峰个人工作室,Z,90,XCX,2,36.0,M,彝,6639,4,01,FRIENDS,COLLEAGUE,3,71.0,云南省,CONSUME,01,,23.84982666015625,103.10652316623263,ANDROID,,云南省红河哈尼族彝族自治州开远市小龙潭镇,1
100000,102,珠海市,珠海市新平茂渔业有限公司,A,27,XCX,4,28.5,M,汉,874,2,01,FATHER,FRIENDS,2,89.388,广东省,CONSUME,01,,22.108130491004244,113.25869491770357,IOS,,广东省珠海市斗门区乾务镇,1
100000,105,绵阳市,绵阳跃尚物业管理有限责任公司,L,17,APP,4,32.5,M,汉,5425,4,01,MATE,COLLEAGUE,1,71.0,四川省,CONSUME,01,,31.467967,104.736729,ANDROID,,四川省绵阳市涪城区城北街道会仙路5号-1,1
100000,,沧州市,三和电器有限公司,Z,90,APP,2,26.8,M,汉,2051,3,01,MOTHER,SIBLING,2,71.0,河北省,CONSUME,01,,37.482087,116.368408,ANDROID,,山东省德州市德城区宋官屯街道广达东路,1
100000,,临沂市,临沂东成电动工具有限公司,C,24,APP,2,35.8,M,汉,4177,3,01,MATE,SIBLING,1,71.0,山东省,CONSUME,01,,35.25558,118.27217,ANDROID,,山东省临沂市兰山区汪沟镇,1
100000,,阳春市,中山市和泰照明,C,24,APP,2,32.4,M,汉,6642,2,,MATE,SIBLING,1,71.0,广东省,CONSUME,01,,22.538516,113.260003,ANDROID,,广东省中山市横栏镇永兴北路,1
100000,103,成都市,成都市妙鲜好果铺农业科技有限公司,A,27,APP,4,37.0,M,汉,4423,3,01,FATHER,FRIENDS,2,71.0,四川省,CONSUME,01,,30.553504,104.031818,ANDROID,,四川省成都市武侯区桂溪街道德赛四街52号,1
100000,,日照市,日照鸿日新能源汽车有限公司,Z,90,XCX,3,36.9,M,汉,4102,3,01,MATE,FRIENDS,2,71.0,山东省,CONSUME,01,,35.819204,119.228504,IOS,,山东省日照市五莲县高泽街道泰安路,1
100000,104,景德镇市,饿了么运营中心,Z,90,APP,4,31.2,M,汉,5563,2,01,FATHER,FRIENDS,2,71.0,江西省,CONSUME,01,,29.351038,117.22194,ANDROID,,江西省景德镇市珠山区竟成街道S207(瓷源路),1
100000,,大庆市,大庆市利昌劳务有限公司,Z,90,APP,3,41.0,M,汉,3681,2,01,FATHER,RELATIVES,2,71.0,黑龙江省,CONSUME,01,,46.579229751761399,125.15726518239549,ANDROID,,黑龙江省大庆市龙凤区龙凤镇科创街,1
100000,103,信阳市,上海铝腾幕墙材料有限公司,M,11,APP,2,37.6,M,汉,5487,4,02,MATE,SIBLING,1,71.0,河南省,CONSUME,01,,32.014788002393817,115.07174968576067,ANDROID,,河南省信阳市潢川县白店乡,1
100000,,萍乡市,陈正朋个人工作室,Z,90,XCX,3,25.2,M,汉,1370,4,01,CHILDREN,MOTHER,3,71.0,江西省,CONSUME,01,,27.646079955548428,113.81277584630067,ANDROID,,江西省萍乡市安源区青山镇X128(青山路),1
100000,103,金华市,朱晓明个人工作室,Z,90,APP,2,43.8,M,汉,3749,3,01,FATHER,RELATIVES,2,71.0,浙江省,CONSUME,02,,29.46802,119.979049,ANDROID,,浙江省金华市浦江县黄宅镇黄岩路,1
100000,102,恩施土家族苗族自治州,金绿福珠宝,H,54,APP,2,40.8,F,土家,4229,4,01,MATE,MOTHER,1,71.0,湖北省,CONSUME,01,,29.969389,109.501054,ANDROID,,湖北省恩施土家族苗族自治州宣恩县珠山镇G209(苏北线),1
100000,102,南充市,浙江康德莱医疗器械有限公司,H,54,XCX,2,29.1,M,汉,6612,2,01,FATHER,COLLEAGUE,2,86.669,四川省,CONSUME,01,,30.982134874131944,105.88785427517361,ANDROID,,四川省南充市西充县南台街道G212(环城大道三段),1
100000,,临夏回族自治州,未知所在公司,Z,90,APP,3,35.6,M,东乡,4415,4,01,FATHER,FRIENDS,,71.0,甘肃省,CONSUME,01,,35.427263,103.351961,ANDROID,,甘肃省临夏回族自治州和政县城关镇环城东路,1
100000,,宿迁市,宿豫顺河医院,Z,90,XCX,3,25.0,M,汉,1848,4,01,MATE,FRIENDS,2,71.0,江苏省,CONSUME,01,,33.961388091548467,118.34041502288405,IOS,,江苏省宿迁市宿豫区顺河街道G235(西楚大道),1
100000,103,日照市,初雪房屋租赁咨询,Z,90,APP,3,33.0,F,汉,6568,2,01,MATE,SIBLING,1,86.561,山东省,CONSUME,01,,36.127506,120.380005,ANDROID,,山东省青岛市市北区河西街道德兴路,1
100000,,海口市,郑州大学西亚斯国际学院,Z,90,XCX,4,47.9,F,汉,6403,4,01,FATHER,FATHER,1,71.0,海南省,CONSUME,01,,34.762678,113.614302,ANDROID,,河南省郑州市中原区棉纺路街道棉纺三街,1
100000,104,营口市,熊岳正大购物中心,H,54,APP,4,31.1,F,汉,5631,3,01,FATHER,SIBLING,2,71.0,辽宁省,CONSUME,01,,40.64695502387153,122.28099093967013,ANDROID,,辽宁省营口市西市区沿海街道中意路,1
100000,103,遂宁市,百汇精密模具有限公司,Z,90,XCX,3,34.7,M,汉,6597,3,01,MATE,COLLEAGUE,1,91.17,四川省,CONSUME,02,,22.732103678385418,113.85530734592014,ANDROID,,广东省深圳市宝安区新桥街道曾园路,1
100000,,昭通市,温峤镇莞渭童村金田鞋厂,Z,90,APP,4,31.5,M,汉,6943,2,01,MATE,FRIENDS,1,97.69228,云南省,CONSUME,01,,27.447793512601366,104.88000474785119,ANDROID,,云南省昭通市镇雄县乌峰街道X253(镇塘线),1
100000,103,钦州市,广西利达餐饮管理有限公司,I,54,APP,2,27.7,F,汉,1749,4,01,MATE,MOTHER,1,84.029,广西壮族自治区,CONSUME,01,,21.741246,108.652472,ANDROID,,广西壮族自治区钦州市钦南区钦州港经济技术开发区大榄坪大街辅路,1
100000,,邢台市,昌平住建委,Z,90,APP,3,26.2,M,汉,1719,2,01,OTHER,OTHER,2,71.0,河北省,CONSUME,01,,40.230638,116.232995,ANDROID,,北京市昌平区城北街道中山口路,1
100000,103,邯郸市,百捷钢钩,H,54,APP,2,48.0,F,汉,3645,2,01,MATE,FRIENDS,1,71.0,河北省,CONSUME,01,,29.478966,115.105288,ANDROID,,江西省九江市武宁县泉口镇G316(福兰线),1
100000,105,安庆市,杭州银泰建筑装饰工程有限公司,E,24,APP,4,40.3,M,汉,2534,4,01,MATE,FRIENDS,1,71.0,安徽省,CONSUME,01,,30.166594,116.143593,ANDROID,,安徽省安庆市宿松县孚玉镇,1
100000,,平江县童市,金雪玉天花装饰有限公司,E,24,APP,2,29.9,M,汉,6339,4,01,PARENTS,FRIENDS,2,71.0,湖南省,CONSUME,01,,28.546506,113.646515,ANDROID,,湖南省岳阳市平江县安定镇,1
100000,105,上海市,肖瑶个人工作室,Z,90,XCX,3,43.5,F,汉,3069,4,01,FRIENDS,FRIENDS,2,71.0,上海市,CONSUME,01,,31.068676,121.385501,ANDROID,,上海市闵行区颛桥镇颛兴路666弄-17-～19号,1
100000,309,锦州市,杭州易哲企业管理咨询有限公司,L,17,APP,2,36.4,M,汉,4602,4,01,FATHER,FRIENDS,2,95.072,辽宁省,CONSUME,01,,31.311772104392916,120.6264989023229,ANDROID,,江苏省苏州市姑苏区平江街道临顿路30号,1
100000,,青岛市,信川机械,Z,90,APP,3,29.5,M,汉,96,3,01,PARENTS,SIBLING,2,71.0,山东省,CONSUME,01,,36.476700598795257,119.20006604682716,ANDROID,,山东省潍坊市安丘市新安街道青云大街,1
100000,,宜昌市,皇家御马男装,H,54,XCX,2,31.1,F,汉,7102,2,01,FATHER,MATE,1,76.348,湖北省,CONSUME,01,,30.706274,111.291306,ANDROID,,湖北省宜昌市西陵区云集街道东山大道,1
100000,,南充市,可梦娱乐,Z,90,XCX,4,26.1,M,汉,2984,2,01,FATHER,FRIENDS,2,97.7514,四川省,CONSUME,01,,30.11336313878708,104.68307571043178,IOS,,四川省资阳市雁江区宝莲街道希望大道,1
100000,,成都市,龙泉驿区西河镇博源装饰部,E,24,XCX,2,49.0,F,汉,3779,4,01,MATE,FRIENDS,1,71.0,四川省,CONSUME,01,,30.652008192274305,104.24155517578124,ANDROID,,四川省成都市龙泉驿区西河街道望天堰路,1
100000,,定州市,河北酷动商贸有限责任公司,H,54,XCX,3,29.3,F,汉,6885,4,01,FATHER,MOTHER,2,71.0,河北省,CONSUME,01,,38.471898208639569,115.01315169022543,ANDROID,,河北省保定市定州市南城区街道定深线,1
100000,102,唐山市,唐山市路南区南湖,H,54,APP,3,29.6,F,汉,5976,4,01,SIBLING,SIBLING,2,83.85,河北省,CONSUME,01,,39.659917,118.204109,ANDROID,,河北省唐山市路北区缸窑街道缸窑路34号,1
100000,,石家庄市,北京建工集团有限责任公司,E,24,APP,4,44.2,M,汉,3800,3,01,MOTHER,FRIENDS,2,94.073,河北省,CONSUME,02,,37.12907655091464,114.68922617692391,ANDROID,,河北省邢台市任泽区任城镇新兴街128,1
100000,309,鹰潭市,晋江永新彩印有限公司,C,24,XCX,2,30.1,F,汉,5890,4,01,MATE,MOTHER,1,95.072,江西省,CONSUME,01,,26.444679,106.98165,ANDROID,,贵州省黔南布依族苗族自治州龙里县冠山街道铁龙路,1
100000,,贺州市,广西贺州达润建材有限公司,E,24,XCX,3,39.3,M,汉,5010,3,01,MATE,SIBLING,1,71.0,广西壮族自治区,CONSUME,01,,23.19037624782986,112.93149441189236,ANDROID,,广东省佛山市三水区西南街道,1
100000,,南通市,杰红渔具,H,54,XCX,3,37.0,M,汉,3764,3,,MATE,SIBLING,1,71.0,江苏省,CONSUME,04,,32.49362114800347,120.4181081814236,ANDROID,,江苏省南通市海安市海安街道西园大道,1
100000,105,聊城市,范县实验幼儿园,Z,90,APP,4,47.5,M,汉,1230,2,01,MATE,RELATIVES,1,71.0,山东省,CONSUME,02,,35.876552,115.61878,ANDROID,,河南省濮阳市范县颜村铺乡,1
100000,105,江门市,李美芳个人工作室,Z,90,XCX,2,43.0,F,汉,3794,4,01,MATE,MOTHER,1,71.0,广东省,CONSUME,01,,22.484758273652056,112.82144200237542,ANDROID,,广东省江门市新会区司前镇Y249(东成街),1
100000,,南京市,南京万科物业管理有限公司,L,17,XCX,3,27.6,M,汉,1006,2,01,MOTHER,FRIENDS,2,71.0,江苏省,CONSUME,01,,32.02888225991757,118.70169355661486,ANDROID,,江苏省南京市建邺区江心洲街道江堤路,1
100000,,巴中市,四川建筑公司,Z,90,APP,4,25.1,F,汉,2057,3,01,FRIENDS,COLLEAGUE,1,71.0,四川省,CONSUME,01,,31.90849366300693,107.27105018688452,ANDROID,,四川省巴中市通江县诺江镇通平路,1
100000,,台州市,伟星股份有限公司,Z,90,APP,4,30.0,M,汉,7030,2,01,FATHER,FRIENDS,2,71.0,浙江省,CONSUME,01,,28.742117241753473,121.10806939019098,ANDROID,,浙江省台州市临海市尤溪镇,1
100000,,百色市,黄日厚个人工作室,Z,90,APP,4,27.3,M,壮,931,4,01,FRIENDS,FRIENDS,1,71.0,广西壮族自治区,CONSUME,01,,23.377818383288909,107.52985527793241,ANDROID,,广西壮族自治区百色市平果市马头镇,1
100000,,凉山彝族自治州,甘洛县人民法院,S,11,APP,2,25.9,M,彝,2086,4,01,PARENTS,FRIENDS,1,71.0,四川省,CONSUME,01,,28.906690809461807,102.79239583333333,ANDROID,,四川省凉山彝族自治州甘洛县普昌镇,1
100000,,晋中市,山西战火特训文化传播有限公司,R,17,XCX,4,31.1,F,汉,6289,2,01,MATE,FATHER,1,71.0,山西省,CONSUME,01,,37.19558675130208,112.15375651041667,ANDROID,,山西省晋中市平遥县古陶镇上西关街,1
100000,,宜宾市,龙赲建设,E,24,XCX,2,39.9,M,汉,5043,2,01,MATE,SIBLING,1,71.0,四川省,CONSUME,01,,24.266891486474,116.04985046441,ANDROID,,广东省梅州市梅县区扶大高管会G25(长深高速),1
100000,,淮安市,淮安市远达运输有限公司,Z,90,APP,3,35.4,M,汉,5641,3,01,FATHER,MOTHER,1,71.0,江苏省,CONSUME,01,,33.251479,119.277137,ANDROID,,江苏省扬州市宝应县山阳镇X204(金港路),1
100000,105,天津市,天津海滨高速公路管理有限公司,F,17,XCX,3,41.9,M,汉,3744,3,,MATE,COLLEAGUE,1,93.227,天津市,CONSUME,04,,39.026415201822914,117.66969889322917,ANDROID,,天津市滨海新区杭州道街道开发区建材路欣园南街4号,1
100000,,孝感市,科大讯飞,H,54,APP,4,29.8,M,汉,855,3,01,MATE,MOTHER,1,71.0,湖北省,CONSUME,02,,25.536837022569443,103.82522379557291,ANDROID,,云南省曲靖市麒麟区白石江街道文苑南路,1
100000,105,北京市,北京中科嘉和科技发展有限公司,G,13,APP,4,44.7,M,汉,3582,4,01,MATE,FATHER,1,71.0,北京市,CONSUME,02,,-37.718521,175.235023,ANDROID,,"Kay Road, Waikato, New Zealand",1
100000,104,济南市,山东荣创智能科技有限公司,E,24,XCX,3,30.0,M,汉,1089,4,01,MATE,FRIENDS,1,91.004,山东省,CONSUME,01,,36.74211748168124,117.38470069420497,ANDROID,,山东省济南市章丘区龙山街道,1
100000,105,重庆市,重庆云欣建设集团有限公司,E,24,XCX,3,36.7,M,汉,4051,4,01,RELATIVES,FRIENDS,1,89.174,重庆市,CONSUME,01,,29.724900692050157,106.46469240038889,ANDROID,,重庆市北碚区蔡家岗街道嘉运大道,1
100000,,广元市,中海物业管理有限公司,L,17,XCX,4,31.8,M,汉,726,3,01,FATHER,SIBLING,2,71.0,四川省,CONSUME,01,,22.234690212673613,113.5418728298611,ANDROID,,广东省珠海市香洲区拱北街道桂花北路106号,1
100000,,安庆市,芜湖中恒交通工程咨询有限公司,L,17,APP,3,31.3,M,汉,1674,2,01,FATHER,COLLEAGUE,2,80.874,安徽省,CONSUME,01,,30.50915,117.059494,ANDROID,,安徽省安庆市迎江区新河路街道华中西路115号,1
100000,,定州市,谷雨婷个人工作室,Z,90,APP,3,24.1,F,汉,3471,2,01,MOTHER,FRIENDS,2,91.933,河北省,CONSUME,01,,38.5006,114.986787,ANDROID,,河北省保定市定州市南城区街道G107辅路,1
100000,104,台州市,台州卡迪汽车销售服务有限公司,Z,90,XCX,3,40.6,F,汉,4235,3,01,SIBLING,MOTHER,2,71.0,浙江省,CONSUME,02,,28.57228247544493,121.40438383210747,ANDROID,,浙江省台州市路桥区路南街道永长路,1
100000,102,湛江市,中国交建,Z,90,XCX,4,37.0,M,汉,4541,3,01,MATE,COLLEAGUE,1,71.0,广东省,CONSUME,01,,23.886466,106.628779,ANDROID,,广西壮族自治区百色市右江区龙景街道龙翔路,1
100000,,苏州市,日月新半导体有限公司,G,13,XCX,2,33.5,M,汉,114,4,01,PARENTS,FRIENDS,2,71.0,江苏省,CONSUME,01,,31.29235785590278,120.65969129774305,ANDROID,,江苏省苏州市苏州工业园区娄葑街道通园路,1
100000,102,上海市,私营业主,Z,90,APP,4,32.1,M,汉,6051,2,01,MATE,FRIENDS,1,71.0,上海市,CONSUME,01,,31.363588603292705,121.24454137261557,ANDROID,,上海市嘉定区菊园新区招贤路438号,1
100000,103,滁州市,来安县半塔镇政府,Z,90,APP,2,35.1,M,汉,4080,2,01,FRIENDS,COLLEAGUE,1,71.0,安徽省,CONSUME,01,,32.66629995272193,119.06580378065913,ANDROID,,安徽省滁州市天长市仁和集镇,1
100000,,株洲市,新塘镇大盛服装,Z,90,XCX,3,42.6,F,汉,3223,4,01,FATHER,FATHER,2,71.0,湖南省,CONSUME,01,,23.13176,113.616248,ANDROID,,广东省广州市增城区新塘镇东华大道,1
100000,,临沧市,尚永辉个人工作室,Z,90,XCX,2,31.5,M,汉,5663,2,01,MATE,COLLEAGUE,1,71.0,云南省,CONSUME,02,,24.079455,99.133789,ANDROID,,云南省临沧市永德县勐板乡,1
100000,,潍坊市,鸿创经贸,Z,90,XCX,2,28.6,M,汉,496,2,01,PARENTS,SIBLING,2,71.0,山东省,CONSUME,01,,36.87358913845486,118.72323269314236,ANDROID,,山东省潍坊市寿光市圣城街道圣城街616号,1
100000,103,南通市,江苏省南通市如皋市如皋市森澄服装厂,C,24,XCX,2,43.8,F,汉,4317,4,01,MATE,FRIENDS,1,71.0,江苏省,CONSUME,01,,32.40844322150288,120.55281061084695,ANDROID,,江苏省南通市如皋市城北街道居间路,1
100000,301,曲靖市,中铁一局,E,24,APP,2,23.8,M,汉,2259,2,01,FATHER,RELATIVES,2,71.0,云南省,CONSUME,01,,25.523939,103.739737,ANDROID,,云南省曲靖市麒麟区西城街道宁州路,1
100000,,大庆市,黑龙江氯元化工,Z,90,XCX,2,42.6,M,汉,1658,2,01,FRIENDS,FRIENDS,2,71.0,黑龙江省,CONSUME,01,,46.391586,125.32609,ANDROID,,黑龙江省绥化市安达市安达镇G203(大同路),1
100000,,安庆市,安装工司,H,54,XCX,2,42.2,M,汉,4417,4,01,MOTHER,COLLEAGUE,1,71.0,安徽省,CONSUME,01,,30.400676287975306,116.2968458944998,ANDROID,,安徽省安庆市太湖县晋熙镇,1
100000,,西安市,连续创业人士,Z,90,XCX,4,37.3,F,汉,5103,4,01,RELATIVES,FRIENDS,1,71.0,陕西省,CONSUME,01,,34.27327015797892,108.94193395865712,ANDROID,,陕西省西安市莲湖区青年路街道青年路103号,1
100000,104,贵港市,点金珠宝,H,54,APP,4,43.7,M,壮,3989,2,01,FATHER,FRIENDS,2,71.0,广西壮族自治区,CONSUME,01,,22.91961028873444,113.34204329766267,ANDROID,,广东省广州市番禺区沙湾街道西环路2001号,1
100000,,长春市,杨光个人工作室,H,54,APP,2,32.6,M,汉,1209,3,01,FATHER,RELATIVES,2,71.0,吉林省,CONSUME,01,,42.437872,128.128259,ANDROID,,吉林省延边朝鲜族自治州安图县二道白河镇文化路,1
100000,,安顺市,明达水泥有限公司,C,24,XCX,2,32.5,M,汉,868,2,01,SIBLING,MATE,1,86.65802,贵州省,CONSUME,01,,26.330946,105.856756,ANDROID,,贵州省安顺市普定县白岩镇,1
100000,,重庆市,金色印象足疗保健按摩,R,17,XCX,2,39.8,F,汉,2386,4,,MOTHER,FRIENDS,2,71.0,重庆市,CONSUME,01,,29.599378526475693,103.71725992838542,ANDROID,,四川省乐山市市中区通江街道太白路,1
100000,,常德市,陈曼个人工作室,Z,90,XCX,2,34.9,F,汉,7131,2,01,MATE,MOTHER,1,88.293,湖南省,CONSUME,01,,29.034931992976497,111.00800418016782,ANDROID,,湖南省常德市桃源县牛车河镇,1
100000,,淮安市,北京市清河分局交通大队,S,11,APP,3,32.8,F,汉,200,2,01,MATE,FRIENDS,1,71.0,江苏省,CONSUME,01,,39.2266006524,117.671684275052,ANDROID,,北京市西城区白纸坊街道S103(津汉线),1
100000,104,马鞍山市,万达广告公司,R,17,XCX,2,34.2,M,汉,236,2,,SIBLING,SIBLING,2,71.0,安徽省,CONSUME,04,,31.283154839409722,119.64716796875,ANDROID,,江苏省无锡市宜兴市张渚镇S342,1
100000,102,南通市,无锡博得模塑有限公司,C,24,APP,4,44.9,M,汉,3808,3,01,MATE,COLLEAGUE,1,71.0,江苏省,CONSUME,01,,31.494842680360305,120.50117324655659,ANDROID,,江苏省无锡市新吴区鸿山街道飞凤路辅路,1
100000,,广安市,江苏省苏州市吴江区,C,24,APP,2,40.1,F,汉,3904,4,01,MOTHER,FRIENDS,1,71.0,四川省,CONSUME,01,,30.530843,106.434231,ANDROID,,四川省广安市岳池县九龙街道新马路1号,1
100000,,三门峡市,私营业主,Z,90,XCX,2,40.1,M,汉,5194,2,01,MATE,OTHER,1,71.0,河南省,CONSUME,01,,28.572933485243055,121.40018310546876,ANDROID,,浙江省台州市路桥区路南街道路泽太一级公路辅路,1
100000,,贺州市,龙土清个人工作室,Z,90,XCX,2,24.6,M,汉,1918,3,01,MATE,SIBLING,1,71.0,广西壮族自治区,CONSUME,01,,22.64877706175658,113.27242749258665,ANDROID,,广东省中山市小榄镇德兴路,1
100000,103,阜阳市,罗苏丽个人工作室,Z,90,APP,4,37.1,F,汉,4477,3,,MATE,OTHER,1,71.0,安徽省,CONSUME,01,,32.498468,116.451294,ANDROID,,安徽省阜阳市颍上县赛涧回族乡S224(民族街),1
100000,105,运城市,元通凯迪拉克,C,24,APP,2,30.7,M,汉,6005,2,01,FRIENDS,RELATIVES,2,88.983,山西省,CONSUME,01,,35.08673,110.961351,ANDROID,,山西省运城市盐湖区姚孟街道解放北路辅路,1
100000,,咸阳市,牛国立个人工作室,Z,90,APP,3,33.5,M,汉,5960,4,01,FATHER,MATE,1,71.0,陕西省,CONSUME,02,,18.820329,110.399717,ANDROID,,海南省万宁市万城镇环市三路,1
100000,,蚌埠市,蚌埠市塞外锦顺物流有限公司,F,17,APP,4,35.3,M,汉,6033,4,01,FATHER,RELATIVES,1,71.0,安徽省,CONSUME,01,,34.355222,109.079685,ANDROID,,陕西省西安市灞桥区新筑街道于家东路,1
100000,,德阳市,德阳开发区槿榆花艺,Z,90,APP,3,28.5,F,汉,2694,2,01,RELATIVES,FRIENDS,2,71.0,四川省,CONSUME,01,,31.096387,104.394439,ANDROID,,四川省德阳市旌阳区八角井街道蓥华南路三段,1
100000,105,咸阳市,青海华丰建设工程有限公司,E,24,APP,3,33.8,M,汉,503,3,01,MATE,COLLEAGUE,1,71.0,陕西省,CONSUME,01,,36.690185557562,101.755035405758,ANDROID,,青海省西宁市城北区廿里铺镇宁张路180号,1
100000,,临沧市,来福太厦门股份有限公司,Z,90,XCX,3,28.0,M,彝,690,4,01,PARENTS,FRIENDS,2,71.0,云南省,CONSUME,01,,23.7785200949373,98.83135793235519,ANDROID,,云南省临沧市镇康县南伞镇G219(龙南公路),1
100000,,白银市,全家鑫家装服务部,C,24,APP,3,37.1,M,汉,4366,4,01,FATHER,FRIENDS,2,71.0,甘肃省,CONSUME,01,,36.068659180174758,103.8710923099708,ANDROID,,甘肃省兰州市城关区雁北街道雁西路1182,1
100000,,齐齐哈尔市,王宇璇个人工作室,Z,90,XCX,3,27.0,F,汉,676,3,01,MATE,COLLEAGUE,1,85.129,黑龙江省,CONSUME,01,,47.30757013645418,123.9808064736042,ANDROID,,黑龙江省齐齐哈尔市铁锋区南浦街道新兴街,1
100000,102,湖州市,海德智造科技有限公司,G,13,XCX,3,30.0,M,汉,554,4,01,PARENTS,FRIENDS,1,71.0,浙江省,CONSUME,01,,22.157865455543957,113.59000066457786,ANDROID,,澳门嘉模堂区,1
100000,,铜川市,印台区人民法院,S,11,XCX,3,37.5,F,汉,4352,4,01,PARENTS,SIBLING,1,71.0,陕西省,CONSUME,01,,35.036605,109.049668,ANDROID,,陕西省铜川市王益区黄堡镇,1
100000,,惠州市,深圳宋燊装饰工程有限公司,E,24,APP,3,25.0,M,汉,2728,2,01,MOTHER,FRIENDS,2,71.0,广东省,CONSUME,02,,22.536938,113.386557,ANDROID,,广东省中山市石岐街道龙井南路3号,1
100000,105,文昌市,重庆市渝途国际旅行社有限公司,Z,90,XCX,3,44.8,M,汉,655,4,01,FATHER,FRIENDS,1,71.0,海南省,CONSUME,01,,29.59193793402778,106.53455376519098,ANDROID,,重庆市渝北区龙塔街道黄龙路6号,1
100000,,揭阳市,拉扎斯（上海）科技有限公司,G,13,XCX,4,37.1,M,汉,4105,3,01,MATE,FRIENDS,1,71.0,广东省,CONSUME,01,,23.0739156736969,113.17175006510301,ANDROID,,广东省佛山市南海区大沥镇海龙路,1
100000,103,保山市,保蓝机械科技有限公司,Z,90,XCX,2,33.7,M,汉,5121,2,01,MATE,SIBLING,1,71.0,云南省,CONSUME,01,,23.275946,116.243257,ANDROID,,广东省揭阳市普宁市下架山镇,1
100000,,南通市,美高印象,Z,90,XCX,2,30.7,M,汉,5799,4,01,PARENTS,FRIENDS,2,90.233,江苏省,CONSUME,01,,32.026392935452463,120.856909833699959,ANDROID,,江苏省南通市崇川区和平桥街道濠北路508号,1
100000,,大同市,于秀苹个人工作室,Z,90,XCX,3,33.9,F,汉,6871,3,01,FATHER,MOTHER,1,85.486,山西省,CONSUME,01,,37.63477564132559,112.38053980012335,ANDROID,,山西省太原市晋源区姚村镇,1
100000,,大石桥市,李云龙个人工作室,Z,90,XCX,2,25.1,M,汉,2672,4,01,FATHER,MATE,2,71.0,辽宁省,CONSUME,01,,40.76182733471487,122.36548782484882,ANDROID,,辽宁省营口市大石桥市高坎镇,1
100000,,毕节市,深圳市景阳博创数码科技有限公司,G,13,XCX,2,30.8,M,彝,7130,4,01,PARENTS,MOTHER,1,86.337,贵州省,CONSUME,01,,22.757932,113.796392,ANDROID,,广东省深圳市宝安区沙井街道德和商业街63号,1
100000,,达州市,四川京邦达物流科技有限公司,F,17,APP,3,27.4,M,汉,232,2,01,MOTHER,SIBLING,2,71.0,四川省,CONSUME,01,,30.665727,104.093022,ANDROID,,四川省成都市锦江区书院街街道猛追湾滨河路,1
100000,,大庆市,养殖有限公司,G,13,XCX,4,35.0,M,汉,4260,4,01,FATHER,OTHER,1,71.0,黑龙江省,CONSUME,01,,46.52346117419184,125.10393209788514,ANDROID,,黑龙江省大庆市龙凤区龙凤街道龙八路,1
100000,105,宿州市,湖州德圣纺织有限公司,C,24,APP,2,35.7,M,汉,6018,3,01,FATHER,FRIENDS,1,87.979,安徽省,CONSUME,02,,30.496073,120.349918,ANDROID,,浙江省嘉兴市桐乡市大麻镇麻溪路,1
100000,,张家口市,极简文化传媒有限公司,Z,90,APP,2,37.0,M,汉,6671,2,01,MATE,SIBLING,1,71.0,河北省,CONSUME,01,,40.433156,114.0712,ANDROID,,山西省大同市天镇县玉泉镇迎宾路,1
100000,,宜宾市,安徽双盈有限公司,Z,90,XCX,4,43.5,M,汉,4074,4,01,SIBLING,FRIENDS,2,71.0,四川省,CONSUME,01,,28.887621014023617,105.07481343661388,ANDROID,,四川省宜宾市南溪区裴石镇Y011(留广路),1
100000,307,福州市,宏顺运输有限公司,F,17,XCX,2,40.8,F,汉,3716,4,01,MATE,SIBLING,1,71.0,福建省,CONSUME,01,,26.34455050998264,119.93062093098958,ANDROID,,福建省福州市连江县,1
100000,,孝感市,安陆自然资源和规划局,Z,90,XCX,4,45.8,M,汉,3357,4,01,MOTHER,FRIENDS,1,71.0,湖北省,CONSUME,01,,31.277066181124736,113.70780247519173,ANDROID,,湖北省孝感市安陆市府城街道安广线,1
100000,103,揭阳市,陈楚荣建材商店,Z,90,APP,3,36.2,M,汉,3608,2,01,MATE,FRIENDS,1,71.0,广东省,CONSUME,01,,23.060716,115.96214,ANDROID,,广东省揭阳市惠来县葵潭镇S17(揭普惠高速),1
100000,303,北京市,北京鑫旺畅达机电设备运输有限公司,Z,90,XCX,3,30.8,M,汉,6645,3,,RELATIVES,FRIENDS,2,79.269,北京市,CONSUME,01,,40.309324,116.65586,ANDROID,,北京市怀柔区怀柔(地区)镇Y458(中葛路),1
100000,,泰州市,韩岑个人工作室,Z,90,XCX,3,23.4,M,汉,1947,2,01,MATE,COLLEAGUE,2,71.0,江苏省,CONSUME,01,,32.93317425357604,119.84957262252385,ANDROID,,江苏省泰州市兴化市垛田街道得胜湖路,1
100000,,遂宁市,郭玉锋个人工作室,G,13,APP,3,37.2,M,汉,4378,2,01,MATE,FRIENDS,1,71.0,四川省,CONSUME,01,,30.850173,105.372992,ANDROID,,四川省遂宁市射洪市武安镇太和大道南段辅路,1
100000,102,兰州市,兰州天美互动文化传播有限公司,R,17,APP,3,45.4,M,汉,5361,4,,MOTHER,FRIENDS,2,89.4,甘肃省,CONSUME,01,,36.0627,103.715412,ANDROID,,甘肃省兰州市七里河区彭家坪镇彭园北路,1
100000,103,安顺市,陈国项个人工作室,Z,90,XCX,3,23.9,M,汉,1616,3,01,RELATIVES,RELATIVES,2,71.0,贵州省,CONSUME,01,,29.75632876302855,121.59651211024321,ANDROID,,浙江省宁波市鄞州区云龙镇,1
100000,102,黄山市,个体经营,C,24,APP,2,35.2,M,汉,4326,2,01,MOTHER,FRIENDS,1,71.0,安徽省,CONSUME,01,,30.858331,120.244175,ANDROID,,浙江省湖州市吴兴区织里镇吴兴大道,1
100000,105,昆明市,昆明索电影音有限公司,Z,90,APP,3,47.5,F,汉,138,4,01,MATE,FATHER,1,90.244,云南省,CONSUME,01,,25.028620414908283,102.71686666527589,ANDROID,,云南省昆明市官渡区太和街道前卫路29号,1
100000,104,泰州市,泰州市云道广告策划有限公司,R,17,APP,2,35.9,M,汉,4459,2,01,FATHER,FRIENDS,1,88.216,江苏省,CONSUME,01,,40.062957084147168,117.02509813692835,ANDROID,,北京市平谷区马坊(地区)镇京平高速联络线,1
100000,,西安市,陕西力源仪器设备检测有限公司,Z,90,APP,4,32.0,M,汉,5754,2,01,MATE,FATHER,1,71.0,陕西省,CONSUME,01,,34.182521,108.933364,ANDROID,,陕西省西安市雁塔区杜城街道三爻路,0
100000,403,宝鸡市,工程机械,C,24,APP,3,39.5,M,汉,3205,2,01,SIBLING,COLLEAGUE,1,71.0,陕西省,CONSUME,01,,34.442391,107.618317,ANDROID,,陕西省宝鸡市岐山县凤鸣镇朝阳路44号,0
100000,105,延边朝鲜族自治州,汪清宾馆有限公司,I,54,APP,4,32.7,F,朝鲜,5512,2,01,FATHER,COLLEAGUE,1,71.0,吉林省,CONSUME,01,,43.312245,129.780235,ANDROID,,吉林省延边朝鲜族自治州汪清县汪清镇江北街,0
100000,,绍兴市,杭州健崃生物科技有限公司,Z,90,APP,4,32.0,F,汉,5690,4,01,SIBLING,COLLEAGUE,2,71.0,浙江省,CONSUME,01,,30.23903166534537,120.26441228265749,ANDROID,,浙江省杭州市萧山区盈丰街道鸿宁路辅路,0
100000,403,彬州市,福州优礼客企业管理咨询有限公司,L,17,APP,2,36.2,M,汉,6289,2,01,FATHER,FRIENDS,2,87.987,陕西省,CONSUME,02,,26.017738,119.344311,ANDROID,,福建省福州市仓山区盖山镇潘墩路辅路,1
100000,,牡丹江市,周威翰个人工作室,Z,90,APP,3,27.4,M,汉,2171,4,01,SIBLING,COLLEAGUE,2,71.0,黑龙江省,CONSUME,01,,44.600234,129.651225,ANDROID,,黑龙江省牡丹江市阳明区前进街道镇江路,1
100000,103,天津市,双桥河镇人民政府,S,11,XCX,2,31.4,M,汉,5384,2,01,FRIENDS,COLLEAGUE,1,71.0,天津市,CONSUME,01,,38.98397,117.368242,ANDROID,,天津市津南区咸水沽镇月牙河西路,1
100000,,唐山市,喜成车队,Z,90,XCX,3,47.6,M,汉,909,4,01,MATE,FRIENDS,1,71.0,河北省,CONSUME,01,,31.87047960868612,121.88037334044928,ANDROID,,江苏省南通市启东市近海镇,1
100000,,潜江市,全友家私有限公司,C,24,APP,3,38.6,F,汉,4382,3,01,MATE,SIBLING,1,71.0,湖北省,CONSUME,01,,25.954361,111.665003,ANDROID,,湖南省永州市双牌县泷泊镇永水路,1
100000,,杭州市,瑞幸咖啡,I,54,XCX,3,25.6,M,汉,1904,4,01,MOTHER,FATHER,2,71.0,浙江省,CONSUME,01,,30.230969722509838,119.72263620848182,ANDROID,,浙江省杭州市临安区锦城街道天目路236号,1
100000,104,赣州市,江西天键电声有限公司,G,13,APP,2,31.7,M,汉,1523,2,,SIBLING,FRIENDS,1,71.0,江西省,CONSUME,01,,25.991666,115.385963,ANDROID,,江西省赣州市于都县贡江镇于都县绕城北快速路,1
100000,105,九江市,深圳市尚为照明有限公司,Z,90,XCX,3,28.7,M,汉,6606,2,01,RELATIVES,FRIENDS,2,71.0,江西省,CONSUME,01,,28.578535,115.924047,ANDROID,,江西省南昌市南昌县莲塘镇康莲路,1
100000,306,高密市,烟台迈斯卡商贸有限公司,H,54,XCX,3,36.0,M,汉,4301,2,,MATE,FRIENDS,1,71.0,山东省,CONSUME,01,,37.522095,121.394463,ANDROID,,山东省烟台市芝罘区奇山街道上山路32号,1
100000,403,廊坊市,一达配货中心,F,17,XCX,2,42.2,F,汉,3072,2,01,MATE,FATHER,1,71.0,河北省,CONSUME,01,,39.08047444661458,116.78938042534722,ANDROID,,河北省廊坊市霸州市东段乡辛胜道,1
100000,,黄冈市,瑞福达液晶显示股份有限公司,Z,90,XCX,2,36.7,M,汉,3791,4,01,RELATIVES,FRIENDS,1,71.0,湖北省,CONSUME,01,,22.5223146707905,113.39942236263188,ANDROID,,广东省中山市东区街道孙文东路637,1
100000,,昆明市,昆明好百年家具集团有限公司,C,24,XCX,2,43.5,M,汉,3933,4,01,MATE,FRIENDS,1,71.0,云南省,CONSUME,01,,25.237891,103.038353,ANDROID,,云南省昆明市嵩明县杨林镇南环路,1
100000,,赣州市,鑫诚公司,Z,90,XCX,2,41.4,M,汉,4715,4,01,RELATIVES,FRIENDS,1,71.0,江西省,CONSUME,01,,25.820067434869764,115.62496051879279,ANDROID,,江西省赣州市会昌县白鹅乡S217,1
100000,,宜宾市,宜宾市第二人民医院,Z,90,XCX,4,38.7,F,汉,5407,3,01,OTHER,OTHER,1,71.0,四川省,CONSUME,01,,28.780656,104.670506,IOS,,四川省宜宾市翠屏区白沙湾街道长江北路西段附一段,1
100000,,忻州市,图文设计有限公司,Z,90,XCX,2,45.9,M,汉,390,3,01,FATHER,FRIENDS,1,71.0,山西省,CONSUME,01,,38.90842129702581,112.44128513887891,ANDROID,,山西省忻州市原平市轩岗镇S305(崞五线),1
100000,103,玉溪市,铠铠程商贸有限公司,H,54,APP,3,42.0,M,汉,4245,4,01,SIBLING,SIBLING,1,71.0,云南省,CONSUME,01,,22.177868,99.19886,ANDROID,,云南省普洱市孟连傣族拉祜族佤族自治县勐马镇双相公路,1
100000,102,南平市,福建祈盛门窗科技有限公司,C,24,APP,3,35.5,M,汉,5825,4,01,MOTHER,COLLEAGUE,1,71.0,福建省,CONSUME,01,,26.496704209491925,118.31339774985621,ANDROID,,福建省南平市延平区炉下镇,1
100000,105,白山市,私营业主,Z,90,XCX,2,38.9,F,汉,4956,2,01,MATE,MOTHER,1,85.533,吉林省,CONSUME,01,,42.06687027325739,126.59938948022378,ANDROID,,吉林省白山市江源区正岔街道育林路,1
100000,105,朝阳市,喀左县东哨镇金海湾酒楼,I,54,XCX,4,31.7,F,蒙古,6799,4,,COLLEAGUE,SIBLING,2,86.813,辽宁省,CONSUME,04,,41.765138761595618,123.4328562127533,ANDROID,,辽宁省沈阳市沈河区五里河街道北文萃路,1
100000,,北京市,北京麦当劳食品有限公司,I,54,XCX,4,41.4,F,汉,3368,2,01,MATE,FRIENDS,1,95.37088,北京市,CONSUME,01,,39.85199682876095,116.2399974387758,ANDROID,,北京市丰台区五里店街道丰台西路49号,1
100000,,邵阳市,特儿立康复训练中心,S,11,XCX,4,25.2,M,汉,2773,2,01,FATHER,FRIENDS,2,90.46413,湖南省,CONSUME,01,,27.264507471565528,111.75049070295838,ANDROID,,湖南省邵阳市邵东市大禾塘街道S315(昭阳大道),1
100000,103,沧州市,北冯庄村,Z,90,XCX,2,34.7,F,汉,4729,4,01,MATE,SIBLING,1,71.0,河北省,CONSUME,01,,39.17607801649306,114.48396728515625,ANDROID,,河北省保定市涞源县走马驿镇,1
100000,102,保定市,灵活就业者,H,54,APP,2,31.3,M,汉,6860,4,01,MATE,RELATIVES,1,89.624,河北省,CONSUME,01,,38.63858150483862,114.71767646052537,ANDROID,,河北省保定市曲阳县恒州镇,1
100000,,河池市,私营业主,Z,90,APP,2,42.8,M,壮,3804,2,01,RELATIVES,FRIENDS,3,71.0,广西壮族自治区,CONSUME,01,,24.513729,108.657802,ANDROID,,广西壮族自治区河池市宜州区刘三姐镇G242(龙江路),1
100000,103,重庆市,千叶眼镜,H,54,APP,2,39.9,F,汉,3750,4,01,PARENTS,FRIENDS,1,71.0,重庆市,CONSUME,01,,29.780731,106.653114,ANDROID,,重庆市渝北区双凤桥街道港月路,1
100000,,滁州市,安徽国汉建设监理咨询有限公司,Z,90,APP,3,31.7,M,汉,6026,2,,MATE,COLLEAGUE,1,71.0,安徽省,CONSUME,01,,32.341444,118.326572,ANDROID,,安徽省滁州市琅琊区扬子街道钟山路,1
100000,403,达州市,广东国光电子有限公司,Z,90,XCX,2,38.0,M,汉,4891,4,,SIBLING,FRIENDS,2,71.0,四川省,CONSUME,04,,23.373666720920138,113.25135335286458,ANDROID,,广东省广州市花都区新雅街道银松四街,1
100000,,保山市,锐达奇户外休闲专卖店,H,54,XCX,3,38.8,F,汉,4342,4,01,MATE,SIBLING,1,71.0,云南省,CONSUME,02,,25.340344,98.463564,ANDROID,,云南省保山市腾冲市固东镇,1
100000,,齐齐哈尔市,河北彩鑫网络科技有限公司,L,17,XCX,2,34.5,M,汉,4749,2,,FRIENDS,FRIENDS,1,71.0,黑龙江省,CONSUME,02,,36.579745551215275,114.47767578125,ANDROID,,河北省邯郸市邯山区马庄乡陵西南大街辅路,1
100000,105,宝鸡市,靓贝宠物食品有限公司,C,24,XCX,2,32.5,F,汉,5969,2,,MATE,FRIENDS,2,71.0,陕西省,CONSUME,02,,34.316147592995417,108.9099873643638,ANDROID,,陕西省西安市未央区汉城街道Y371(丰景路),1
100000,,襄阳市,福建省泉州市泰王服饰,Z,90,XCX,2,36.0,M,汉,4121,4,01,FATHER,FRIENDS,1,71.0,湖北省,CONSUME,01,,31.918782009550019,111.79861204482529,ANDROID,,湖北省襄阳市南漳县九集镇,1
100000,103,绍兴市,个体工商户,C,24,XCX,4,43.6,M,汉,3350,2,01,FATHER,FATHER,1,89.156,浙江省,CONSUME,01,,30.054156,120.887309,ANDROID,,浙江省绍兴市上虞区百官街道G92(杭州湾环线高速),1
100000,,泉州市,福建省联迎石业有限公司,Z,90,XCX,2,43.7,M,汉,6230,4,01,MATE,RELATIVES,1,71.0,福建省,CONSUME,01,,24.898123,118.39885,ANDROID,,福建省泉州市南安市柳城街道南大路辅路,1
100000,,成都市,肥仔港式保仔饭,Z,90,XCX,2,40.6,M,汉,4752,2,01,MATE,SIBLING,1,71.0,四川省,CONSUME,01,,30.676324,104.000716,ANDROID,,四川省成都市青羊区金沙街道清江西路77,1
100000,,揭阳市,临时项目员工,Z,90,XCX,2,44.5,M,汉,2423,4,01,MATE,FRIENDS,1,71.0,广东省,CONSUME,01,,23.347963324652778,116.34664794921875,ANDROID,,广东省揭阳市普宁市南径镇S13(揭惠高速),1
100000,102,兰州市,张琼个人工作室,Z,90,XCX,3,47.0,F,汉,6201,2,01,MOTHER,FRIENDS,1,71.0,甘肃省,CONSUME,01,,36.078699,103.774416,ANDROID,,甘肃省兰州市七里河区建兰路街道G109(南滨河中路),1
100000,,惠州市,华通有限公司,Z,90,APP,2,34.1,M,汉,5603,2,01,FATHER,SIBLING,1,71.0,广东省,CONSUME,01,,23.245831508750566,114.14422909340556,ANDROID,,广东省惠州市博罗县湖镇镇长旺街176号,1
100000,,长春市,江西华墨展览有限公司,Z,90,XCX,4,32.0,M,汉,7258,4,01,FATHER,COLLEAGUE,1,90.475,吉林省,CONSUME,01,,28.60857289968349,115.80884174448099,ANDROID,,江西省南昌市红谷滩区九龙湖管理区雅瑶路,1
100000,,北京市,刘斯博个人工作室,Z,90,APP,3,35.0,M,汉,5768,2,01,MATE,FRIENDS,1,71.0,北京市,CONSUME,01,,40.14978885660533,116.27271730592831,ANDROID,,北京市昌平区沙河(地区)镇高教园南三街,1
100000,,淄博市,恒博建材经营部,H,54,APP,2,37.0,M,汉,3990,2,01,CHILDREN,CHILDREN,1,71.0,山东省,CONSUME,02,,36.92626,118.131923,ANDROID,,山东省淄博市桓台县果里镇G233(山深线),1
100000,,池州市,精品服装,Z,90,XCX,3,48.8,M,汉,469,2,01,MATE,FRIENDS,1,71.0,安徽省,CONSUME,01,,37.89353202287728,112.53362173186992,ANDROID,,山西省太原市尖草坪区古城街道滨河东路辅路,1
100000,,石家庄市,小猪查理,H,54,APP,2,33.2,M,汉,5162,4,01,MATE,FRIENDS,2,71.0,河北省,CONSUME,01,,38.352731,114.680777,ANDROID,,河北省石家庄市新乐市长寿街道新华路,1
100000,,七台河市,勃利县移动公司,Z,90,XCX,4,45.8,F,汉,6065,2,01,MOTHER,FRIENDS,1,71.0,黑龙江省,CONSUME,01,,45.75527314341676,130.5835568121564,ANDROID,,黑龙江省七台河市勃利县勃利镇东大路,1
100000,,佛山市,佛山市三水中旅集团有限公司华厦酒店,Z,90,XCX,3,35.1,F,汉,5415,2,01,FATHER,FATHER,1,71.0,广东省,CONSUME,01,,23.163041178385416,112.88532958984375,ANDROID,,广东省佛山市三水区西南街道赤岗街10号,1
100000,,保定市,旭通电器有限公司,Z,90,XCX,2,42.3,M,汉,4520,4,01,FATHER,FRIENDS,1,71.0,河北省,CONSUME,01,,40.129051,116.413953,ANDROID,,北京市昌平区北七家镇X021(东北路),1
100000,,青岛市,即墨区蓝村育栋幼儿园,Z,90,XCX,2,39.9,F,汉,3563,3,01,FATHER,FATHER,1,71.0,山东省,CONSUME,01,,36.42880398109902,120.182038843615,IOS,,山东省青岛市即墨区蓝村街道城七路,1
100000,,杭州市,浦江县亮泽化妆品科技有限公司,Z,90,APP,2,37.1,M,汉,4071,2,01,FATHER,COLLEAGUE,3,71.0,浙江省,CONSUME,01,,29.462219,119.999924,ANDROID,,浙江省金华市浦江县黄宅镇,1
100000,,湛江市,陈海平个人工作室,Z,90,APP,3,43.1,F,汉,3987,4,01,MOTHER,COLLEAGUE,1,87.746,广东省,CONSUME,01,,22.798055,113.696238,ANDROID,,广东省东莞市虎门镇南栅上南路,1
100000,103,临沂市,蒙阴森歌传媒,R,17,APP,4,38.7,F,汉,5451,2,01,MATE,FRIENDS,1,80.407,山东省,CONSUME,01,,34.9433719906723,118.33876796163001,IOS,,山东省临沂市罗庄区册山街道,1
100000,,焦作市,徐水帛个人工作室,Z,90,XCX,3,38.3,M,汉,3671,2,01,MOTHER,FRIENDS,1,71.0,河南省,CONSUME,01,,35.23820436603311,113.26297457309576,ANDROID,,河南省焦作市山阳区焦东街道东苑路,1
100000,302,齐齐哈尔市,赵坐小锅糊饼,I,54,APP,2,30.6,M,汉,89,2,01,FATHER,SIBLING,2,79.157,黑龙江省,CONSUME,01,,47.30071,123.960168,ANDROID,,黑龙江省齐齐哈尔市龙沙区南航街道鹤城路辅路,1
100000,103,烟台市,东力人力资源管理服务有限公司,O,17,APP,4,33.0,M,汉,5316,2,01,FATHER,COLLEAGUE,2,71.0,山东省,CONSUME,02,,37.53269,121.407245,ANDROID,,山东省烟台市芝罘区东山街道北环山里9号,1
100000,,重庆市,美明达鞋业发展有限公司,Z,90,XCX,2,24.2,M,土家,1399,4,01,FATHER,FRIENDS,2,71.0,重庆市,CONSUME,01,,24.71682263066049,118.54786599805748,ANDROID,,福建省泉州市晋江市永和镇社马路,1
100000,104,昭通市,陈必飞个人工作室,Z,90,XCX,2,29.0,M,汉,6383,2,01,SIBLING,FRIENDS,2,71.0,云南省,CONSUME,01,,27.409320475260415,103.76122016059028,ANDROID,,云南省昭通市昭阳区北闸街道昭彝线,1
100000,103,廊坊市,益及便利店,H,54,XCX,2,33.5,F,汉,5107,4,01,MATE,FATHER,1,71.0,河北省,CONSUME,01,,39.63709433800893,117.13173422662924,ANDROID,,河北省廊坊市香河县刘宋镇,1
100000,104,徐州市,云龙区明悦烟酒经营部,C,24,XCX,3,44.8,M,回,4480,4,01,MATE,FRIENDS,1,71.0,江苏省,CONSUME,01,,28.239059742724526,113.09418613071641,ANDROID,,湖南省长沙市长沙县星沙街道北斗路,1
100000,105,扬州市,江苏省地质局第三地质大队,S,11,APP,4,30.7,M,汉,99,3,01,MOTHER,FRIENDS,2,71.0,江苏省,CONSUME,01,,32.1681991135149,119.39854103357685,ANDROID,,江苏省镇江市润州区蒋乔街道润兴路68号,1
100000,403,株洲市,瑞盛古典家具厂,C,24,APP,2,36.6,M,汉,4744,4,01,MATE,FATHER,1,71.0,湖南省,CONSUME,01,,22.513169,112.964273,ANDROID,,广东省江门市新会区大泽镇,1
100000,102,长沙市,湖南同舟汽车配件有限公司,C,24,APP,3,30.7,M,汉,35,2,01,PARENTS,MATE,2,71.0,湖南省,CONSUME,01,,28.33592790139297,113.20825870922909,ANDROID,,湖南省长沙市长沙县果园镇,1
100000,,邯郸市,广平县财政局,Z,90,XCX,4,39.7,M,汉,5709,3,01,MATE,FRIENDS,2,71.0,河北省,CONSUME,01,,36.485601951638219,114.94112708155477,IOS,,河北省邯郸市广平县广平镇育才路,1
100000,,绍兴市,浙江省诸暨市街亭镇浮塘村209号,Z,90,XCX,4,48.6,F,汉,147,4,01,FATHER,FRIENDS,1,71.0,浙江省,CONSUME,01,,29.686653723899107,120.27829256238313,ANDROID,,浙江省绍兴市诸暨市浣东街道白马墩路,1
100000,,沧州市,北京博识教育集团,Z,90,XCX,4,33.9,F,回,4683,4,01,SIBLING,SIBLING,2,84.36,河北省,CONSUME,01,,38.064352207011399,117.11369934897152,ANDROID,,河北省沧州市孟村回族自治县孟村镇中兴路,1
100000,,沈阳市,中建桥梁有限公司,Z,90,XCX,4,37.4,M,汉,5176,3,01,COLLEAGUE,MATE,1,71.0,辽宁省,CONSUME,01,,43.79567591327936,125.39276846738818,ANDROID,,吉林省长春市南关区净月街道新城大街辅路,1
100000,102,来宾市,莫帅个人工作室,Z,90,XCX,2,40.5,M,壮,3910,4,01,MATE,MOTHER,1,71.0,广西壮族自治区,CONSUME,01,,23.17229253088589,113.15969765270997,ANDROID,,广东省佛山市南海区里水镇江边中路,1
100000,,赣州市,暂未提供公司名称,Z,90,XCX,2,48.4,M,汉,713,3,01,MATE,COLLEAGUE,1,71.0,江西省,CONSUME,01,,23.911814,115.767981,ANDROID,,广东省梅州市五华县水寨镇,0
100000,,广元市,赵英杰个人工作室,Z,90,XCX,3,24.7,M,汉,2662,2,01,FRIENDS,FRIENDS,2,87.536,四川省,CONSUME,01,,28.15663316864581,121.03117129594907,ANDROID,,浙江省温州市乐清市蒲岐镇G104辅路,1
100000,,眉山市,熊桃个人工作室,Z,90,XCX,2,32.0,M,汉,5611,3,01,MATE,SIBLING,1,71.0,四川省,CONSUME,01,,30.060628363274703,104.14937278239134,ANDROID,,四川省眉山市仁寿县文林街道G213(兰磨线),1
100000,,台州市,未知所在公司,A,27,APP,2,41.0,M,汉,4127,4,01,RELATIVES,FRIENDS,2,71.0,浙江省,CONSUME,02,,28.404123718035409,121.56852454390236,ANDROID,,浙江省台州市温岭市箬横镇,1
100000,103,安康市,石泉县交通局,S,11,XCX,3,40.0,F,汉,3958,4,01,MATE,MOTHER,1,80.133,陕西省,CONSUME,01,,33.0230042860243,108.26744384765625,ANDROID,,陕西省安康市石泉县城关镇长安大道,1
100000,,齐齐哈尔市,齐齐哈尔苇迪医疗器械有限公司,Z,90,XCX,4,48.8,F,汉,1173,4,01,MATE,COLLEAGUE,1,71.0,黑龙江省,CONSUME,01,,47.371667,123.955806,ANDROID,,黑龙江省齐齐哈尔市建华区建华区(镇)直辖地域齐双公路,1
100000,,柳州市,广西德记小黄牛餐饮服务有限公司,I,54,XCX,3,46.8,M,壮,784,3,01,MOTHER,FRIENDS,1,71.0,广西壮族自治区,CONSUME,01,,24.303765992063015,109.44050165867722,ANDROID,,广西壮族自治区柳州市鱼峰区阳和街道社湾路28号,1
100000,,黔西南布依族苗族自治州,洁曼洗涤服务有限公司,H,54,XCX,3,48.6,M,布依,1807,3,01,CHILDREN,COLLEAGUE,3,71.0,贵州省,CONSUME,01,,26.22658679831278,105.71514015133347,ANDROID,,贵州省安顺市普定县马官镇,1
100000,105,荆门市,湖北省赤壁市黄盖湖镇人民政府（农场）,S,11,APP,3,38.9,M,汉,5884,2,01,MOTHER,FRIENDS,1,71.0,湖北省,CONSUME,01,,29.811032,113.57778,ANDROID,,湖北省咸宁市赤壁市黄盖湖镇S208(黄盖大道),1
100000,,西安市,巨东东个人工作室,Z,90,APP,2,30.0,M,汉,208,2,01,FRIENDS,FRIENDS,2,71.0,陕西省,CONSUME,01,,34.32784427688728,108.80530517253517,ANDROID,,陕西省西安市未央区建章路街道丰安路,1
100000,,内江市,射洪市洪桥集团,H,54,XCX,3,39.4,M,汉,4282,4,01,PARENTS,FRIENDS,1,71.0,四川省,CONSUME,01,,29.494515947337864,104.94043115440147,ANDROID,,四川省内江市市中区永安镇,1
100000,105,泉州市,南安市公共资源交易中心,Z,90,APP,3,25.4,M,汉,1992,4,01,RELATIVES,RELATIVES,1,71.0,福建省,CONSUME,01,,24.949811,118.399108,ANDROID,,福建省泉州市南安市柳城街道,1
100000,,盐城市,上海嘉定华润万家,F,17,APP,3,42.7,M,汉,2810,3,01,MATE,CHILDREN,1,71.0,江苏省,CONSUME,01,,31.466456538541494,121.36900156765539,ANDROID,,上海市宝山区罗泾镇金石路,1
100000,,深圳市,深圳市云琴科技有限公司,G,13,APP,4,30.9,M,汉,953,4,01,FATHER,FRIENDS,2,71.0,广东省,CONSUME,01,,23.02599419487847,113.92123860677083,ANDROID,,广东省东莞市东坑镇福兴路,1
100000,,惠州市,黄少雄个人工作室,Z,90,XCX,2,32.5,M,汉,5649,2,01,MATE,FRIENDS,1,71.0,广东省,CONSUME,01,,23.019231,114.084133,ANDROID,,广东省东莞市桥头镇桥光大道北二街7号,1
100000,,湛江市,东莞市麦克电子科技有限公司,Z,90,XCX,2,31.7,M,汉,6370,4,01,PARENTS,RELATIVES,1,89.825,广东省,CONSUME,01,,22.855024,113.837953,ANDROID,,广东省东莞市大岭山镇水简街,1
100000,105,重庆市,建工三建南川项目部,Z,90,XCX,3,41.8,F,汉,3254,4,01,MOTHER,FRIENDS,1,71.0,重庆市,CONSUME,01,,29.15188,107.082896,ANDROID,,重庆市南川区南城街道金鼎路,1
100000,,永州市,小宠当家宠物生活馆,O,17,XCX,2,29.8,M,汉,6754,3,01,MOTHER,FATHER,1,75.429,湖南省,CONSUME,01,,25.91063178269002,112.23890952198131,ANDROID,,湖南省永州市新田县龙泉街道,1
100000,102,惠州市,深圳万豪行政公寓,Z,90,XCX,2,30.7,F,汉,6387,2,01,SIBLING,MOTHER,2,80.324,广东省,CONSUME,01,,22.629317762586805,114.0314501953125,ANDROID,,广东省深圳市龙华区民治街道民治大道649号,1
100000,,湘潭市,周涟江个人工作室,Z,90,XCX,2,37.6,M,汉,5653,2,01,MOTHER,COLLEAGUE,1,71.0,湖南省,CONSUME,01,,23.045021430121526,113.54294650607639,ANDROID,,广东省东莞市麻涌镇中心大道,1
100000,,廊坊市,廊坊兴联新材料有限公司,Z,90,APP,3,36.1,F,汉,3999,3,01,FATHER,FATHER,1,71.0,河北省,CONSUME,01,,39.347248,116.635311,ANDROID,,河北省廊坊市永清县别古庄镇,1
100000,,重庆市,金纳纺织有限公司,G,13,XCX,2,33.5,M,汉,831,2,01,FATHER,FRIENDS,2,71.0,重庆市,CONSUME,01,,29.602142931043859,105.5977521077142,ANDROID,,重庆市大足区三驱镇,1
100000,105,邵阳市,独立工作人员,H,54,XCX,2,47.4,M,汉,5781,3,01,MATE,FRIENDS,1,71.0,湖南省,CONSUME,01,,27.124068140001478,111.56363435355068,ANDROID,,湖南省邵阳市大祥区蔡锷乡,1
100000,105,杭州市,章进舟个人工作室,Z,90,APP,4,39.7,M,汉,4785,4,01,FATHER,FATHER,2,71.0,浙江省,CONSUME,01,,30.221159,119.711944,ANDROID,,浙江省杭州市临安区锦城街道锦溪北路,1
100000,,荆州市,京城服装厂,Z,90,APP,2,38.4,M,汉,4252,4,01,SIBLING,MOTHER,1,71.0,湖北省,CONSUME,01,,29.816276,112.900823,ANDROID,,湖北省荆州市监利市红城乡建设大道109号,1
100000,,成都市,红旗连锁有限责任公司,Z,90,APP,2,36.4,F,汉,5185,2,01,MOTHER,RELATIVES,2,83.818,四川省,CONSUME,01,,30.66672,104.087255,ANDROID,,四川省成都市锦江区书院街街道东较场街73号-附7号,1
100000,102,石家庄市,个体经营,Z,90,APP,2,31.1,M,汉,587,2,01,RELATIVES,COLLEAGUE,2,71.0,河北省,CONSUME,01,,37.991225479864,114.54179192472428,ANDROID,,河北省石家庄市裕华区建华南街道建华南大街,1
100000,103,大同市,美的中央空调,Z,90,APP,3,30.1,M,汉,5932,3,01,MOTHER,COLLEAGUE,2,81.717,山西省,CONSUME,01,,39.817053,113.097476,ANDROID,,山西省朔州市怀仁市云中街道仁人北路,1
100000,105,无锡市,江苏安凯特股份有限公司,Z,90,XCX,2,40.2,M,汉,3385,2,01,RELATIVES,FRIENDS,1,71.0,江苏省,CONSUME,01,,31.776924,120.418785,ANDROID,,江苏省无锡市江阴市祝塘镇镇北路,1
100000,105,平顶山市,宿迁亿呵禾医药科技有限公司,G,13,XCX,3,33.6,F,汉,6432,3,,RELATIVES,FRIENDS,1,71.0,河南省,CONSUME,01,,34.14794976128472,112.83577582465277,ANDROID,,河南省平顶山市汝州市洗耳河街道汝河北路,1
100000,,安康市,旬阳市兴华汽车服务有限公司,O,17,XCX,4,39.6,M,汉,4801,4,01,FATHER,FRIENDS,1,71.0,陕西省,CONSUME,01,,40.108397,116.145991,IOS,,北京市海淀区苏家坨(地区)镇S218(温阳路),1
100000,104,双鸭山市,农贸市场,S,11,APP,3,42.5,M,汉,4826,2,01,MOTHER,MATE,1,71.0,黑龙江省,CONSUME,01,,35.111169,119.315786,ANDROID,,山东省日照市岚山区安东卫街道万斛路,1
100000,105,宿州市,百一度美容护肤,O,17,XCX,2,24.5,F,汉,1734,4,01,FATHER,FRIENDS,2,71.0,安徽省,CONSUME,01,,32.133882312846477,118.84862955829839,ANDROID,,江苏省南京市栖霞区燕子矶街道迈化路,1
100000,105,汕头市,汕头市澄海区乐华家用电器商行,Z,90,APP,2,35.3,M,汉,6325,4,01,MOTHER,SIBLING,1,71.0,广东省,CONSUME,01,,23.598966,116.795317,ANDROID,,广东省汕头市澄海区莲华镇南宁路,1
100000,,绵阳市,四川飞牛建筑劳务有限公司,O,17,APP,2,26.7,M,羌,1491,2,01,PARENTS,FRIENDS,2,71.0,四川省,CONSUME,01,,31.861807,106.768295,ANDROID,,四川省巴中市巴州区江北街道灵官庙街,1
100000,102,贵阳市,贵阳市顺发出租汽车有限公司,C,24,APP,2,44.5,M,汉,4163,2,01,SIBLING,CHILDREN,1,87.415,贵州省,CONSUME,01,,27.704818528878176,106.94860410515843,ANDROID,,贵州省遵义市汇川区高桥街道G210(东联络线),1
100000,,聊城市,莘县龙腾二手车,Z,90,APP,3,32.0,M,汉,1232,2,01,COLLEAGUE,COLLEAGUE,1,91.736,山东省,CONSUME,01,,36.247044,115.676762,ANDROID,,山东省聊城市莘县东鲁街道通运路,1
100000,,汉中市,深圳林氏家居旗舰店,H,54,XCX,2,36.0,F,汉,4009,3,01,MATE,RELATIVES,1,86.877,陕西省,CONSUME,01,,22.766172146267362,113.79754638671875,ANDROID,,广东省深圳市宝安区沙井街道松福大道,1
100000,,益阳市,美团外卖,Z,90,XCX,2,39.8,M,汉,2390,2,01,COLLEAGUE,FRIENDS,2,98.0,湖南省,CONSUME,01,,28.261378687684148,112.99258491763867,ANDROID,,湖南省长沙市开福区浏阳河街道筒车坝路,1
100000,309,樟树市,樟树市浩宇工程服务有限公司,E,24,XCX,2,39.0,M,汉,4667,2,01,MATE,FRIENDS,1,71.0,江西省,CONSUME,01,,28.062153117647534,115.55241893532511,ANDROID,,江西省宜春市樟树市淦阳街道共和东路,1
100000,,亳州市,毛娃手机维修,S,11,XCX,4,26.4,M,汉,2120,4,01,MOTHER,FRIENDS,2,71.0,安徽省,CONSUME,01,,33.171573350694445,116.29632188585069,ANDROID,,安徽省亳州市利辛县中疃镇,1
100000,102,阜新市,阜新市公安局太平公安分局,S,11,APP,3,29.9,M,汉,6303,4,01,FATHER,MOTHER,2,71.0,辽宁省,CONSUME,01,,42.054501,121.74444,ANDROID,,辽宁省阜新市阜新蒙古族自治县城区街道繁荣大街83号,1
100000,,成都市,杨雪利个人工作室,Z,90,XCX,2,48.8,F,汉,4294,3,01,MATE,FRIENDS,2,71.0,四川省,CONSUME,01,,30.557463455869898,104.01784467961889,ANDROID,,四川省成都市双流区西航港街道嘉里路,1
100000,,恩施土家族苗族自治州,湖北恩施腾升农业生物科技有限公司,Z,90,XCX,3,35.7,M,土家,69,2,01,PARENTS,FATHER,1,88.028,湖北省,CONSUME,01,,30.30079082981236,109.49451475413736,ANDROID,,湖北省恩施土家族苗族自治州恩施市舞阳坝街道柑子槽小区三巷,1
100000,104,沈阳市,阜阳宝龙温德姆至尊豪廷大酒店,I,54,XCX,4,45.7,M,汉,4988,3,01,MOTHER,FRIENDS,3,87.64,辽宁省,CONSUME,01,,36.836978960996919,112.9046102927535,ANDROID,,山西省长治市武乡县丰州镇,1
100000,,岳阳市,华润湖南医药有限公司岳阳分公司,Z,90,APP,4,34.8,M,汉,5740,4,01,SIBLING,FRIENDS,1,88.322,湖南省,CONSUME,01,,29.347285,113.208355,ANDROID,,湖南省岳阳市岳阳楼区金凤桥管理处X026,1
100000,,聊城市,聊城市东昌府区小山养殖处,A,27,XCX,2,37.5,M,汉,6607,2,01,FRIENDS,COLLEAGUE,1,76.61,山东省,CONSUME,01,,36.119769694010415,116.73064860026042,ANDROID,,山东省泰安市肥城市安临站镇G22(青兰高速),1
100000,,钟祥市,钟祥龙行天下运动用品有限公司,C,24,XCX,3,42.6,F,汉,1787,3,01,MATE,SIBLING,1,71.0,湖北省,CONSUME,01,,31.174029854963007,112.59447102156223,ANDROID,,湖北省荆门市钟祥市郢中街道黄梗东街43号,1
100000,105,安庆市,安徽仟盛智能科技有限公司,G,13,APP,2,35.0,M,汉,4478,4,01,FATHER,FRIENDS,1,71.0,安徽省,CONSUME,02,,30.921797,117.819666,ANDROID,,安徽省铜陵市铜官区铜官区虚镇长江东路516号,1
100000,,黔南布依族苗族自治州,华迪有限公司,Z,90,XCX,2,33.4,M,汉,4743,3,01,MATE,FATHER,1,71.0,贵州省,CONSUME,01,,26.50115,106.739103,ANDROID,,贵州省贵阳市南明区云关乡,1
100000,,大理白族自治州,极兔速递,F,17,APP,3,27.7,M,彝,452,4,01,PARENTS,FRIENDS,2,71.0,云南省,CONSUME,01,,25.117194,102.977818,ANDROID,,云南省昆明市官渡区大板桥街道向贤路,1
100000,102,滨州市,山东通联物流有限公司,F,17,APP,3,36.6,M,汉,4227,4,01,MATE,SIBLING,1,76.193,山东省,CONSUME,01,,37.450542457728,117.495574957064,ANDROID,,山东省滨州市惠民县孙武街道G233,1
100000,,保定市,保定市中心血站,S,11,XCX,3,39.4,F,汉,3549,2,01,MATE,SIBLING,1,71.0,河北省,CONSUME,01,,38.89819580078125,115.50587375217015,ANDROID,,河北省保定市莲池区韩庄乡瑞兴路辅路,1
100000,,遵义市,方泰科技,G,13,XCX,2,25.9,M,汉,1546,2,01,RELATIVES,FRIENDS,2,71.0,贵州省,CONSUME,01,,27.837214,120.646222,ANDROID,,浙江省温州市瑞安市塘下镇登峰路458,1
100000,,安康市,陕西悠然山酒店管理有限公司,Z,90,XCX,3,33.3,M,汉,5754,2,01,FATHER,COLLEAGUE,1,97.81336,陕西省,CONSUME,01,,33.377175,108.278331,IOS,,陕西省安康市宁陕县城关镇悠然山路,1
100000,,钦州市,物流有限公司,Z,90,XCX,2,46.4,M,汉,493,4,01,MATE,FRIENDS,2,71.0,广西壮族自治区,CONSUME,01,,22.462648,113.290269,ANDROID,,广东省中山市大涌镇大业路,1
100000,,上海市,重器科工企业发展（上海）有限公司,Z,90,XCX,4,37.9,M,汉,4627,3,01,FATHER,MATE,1,71.0,上海市,CONSUME,01,,31.211149088541667,121.39043023003472,ANDROID,,上海市长宁区仙霞新村街道芙蓉江路150弄-37号-103室,1
100000,103,黔西南布依族苗族自治州,兴隆珠宝城,H,54,XCX,2,32.2,F,汉,6104,2,01,COLLEAGUE,SIBLING,1,81.97,贵州省,CONSUME,01,,27.012073909181177,106.02937758629258,ANDROID,,贵州省毕节市黔西市水西街道迎宾西路,1
100000,105,徐州市,昭通有限公司,Z,90,XCX,2,35.9,F,汉,4564,4,01,MATE,FATHER,1,71.0,江苏省,CONSUME,01,,28.238322018791949,112.89086345966763,ANDROID,,湖南省长沙市岳麓区天顶街道永青路,1
100000,102,济源市,华那整形,Q,11,XCX,4,30.0,F,汉,1832,2,01,FRIENDS,COLLEAGUE,2,71.0,河南省,CONSUME,01,,34.84624362788628,113.6877096871282,ANDROID,,河南省郑州市金水区国基路街道柳林立交桥,1
100000,103,上海市,中国旅行社总社上海有限公司,O,17,APP,4,34.6,M,汉,5976,4,,FATHER,FATHER,2,89.505,上海市,CONSUME,01,,31.269691,121.461737,ANDROID,,上海市静安区共和新路街道民和路187号,1
100000,,哈尔滨市,大连启合物流有限公司,Z,90,XCX,3,32.9,M,汉,307,4,01,MATE,MOTHER,1,71.0,黑龙江省,CONSUME,01,,39.02668131510416,121.802041015625,ANDROID,,辽宁省大连市金州区海青岛街道振鹏北路,1
100000,,重庆市,华铁传媒重庆分公司,R,17,APP,4,42.1,F,汉,2936,2,01,OTHER,OTHER,1,71.0,重庆市,CONSUME,02,,30.438765,103.814316,ANDROID,,四川省成都市新津区五津街道希望东路,1
100000,,廊坊市,德泰电气,Z,90,XCX,2,38.9,M,汉,4241,3,01,SIBLING,FRIENDS,1,71.0,河北省,CONSUME,01,,38.85849555121528,116.32409206814236,ANDROID,,河北省廊坊市文安县大留镇镇,1
100000,,台州市,杰克科技股份有限公司,Z,90,XCX,2,26.2,M,汉,2023,4,01,MATE,FRIENDS,1,71.0,浙江省,CONSUME,01,,28.976410726011289,121.04978455275429,IOS,,浙江省台州市临海市永丰镇,1
100000,305,北京市,北京明特量化信息技术有限公司,G,13,APP,3,36.8,M,汉,5550,2,01,MATE,FRIENDS,1,89.345,北京市,CONSUME,01,,39.77948994990664,116.6074558456142,ANDROID,,北京市通州区台湖镇Y628(潞桑路),1
100000,,漯河市,私营业主,Z,90,APP,2,23.8,F,汉,1457,2,01,FATHER,FRIENDS,2,71.0,河南省,CONSUME,01,,33.76351155598958,114.01746473524305,ANDROID,,河南省漯河市临颍县皇帝庙乡丰康路,1
100000,102,福州市,李积国个人工作室,Z,90,XCX,2,46.0,M,汉,1678,4,01,MATE,CHILDREN,1,71.0,福建省,CONSUME,01,,30.345757921006946,103.83294596354166,ANDROID,,四川省眉山市彭山区青龙街道成乐高速,1
100000,,阳泉市,暂未提供公司名称,Z,90,XCX,4,35.2,F,汉,4086,3,01,OTHER,COLLEAGUE,2,71.0,山西省,CONSUME,01,,38.09043145327466,113.4171684025291,ANDROID,,山西省阳泉市盂县秀水镇金龙东街,1
100000,,三亚市,林聪强个人工作室,Z,90,APP,3,47.2,M,汉,5143,2,01,RELATIVES,RELATIVES,2,71.0,海南省,CONSUME,02,,18.26205,109.515692,ANDROID,,海南省三亚市吉阳区凤凰路辅路,1
100000,,绵阳市,绵阳市北斗星科技,E,24,APP,2,48.4,M,汉,696,2,01,FATHER,FATHER,1,71.0,四川省,CONSUME,01,,31.46186,104.793085,ANDROID,,四川省绵阳市游仙区小枧镇,1
100000,,南昌市,魏丽萍个人工作室,Z,90,APP,3,31.5,F,汉,847,4,01,RELATIVES,RELATIVES,1,71.0,江西省,CONSUME,01,,31.484752,104.736833,ANDROID,,四川省绵阳市涪城区工区街道平政一巷2,1
100000,,三门峡市,河南大有能源股份有限公司,D,17,APP,4,39.3,M,汉,3692,3,01,FATHER,FATHER,1,71.0,河南省,CONSUME,01,,34.722052787119,111.89573952463164,ANDROID,,河南省三门峡市义马市东区街道,1
100000,102,郑州市,郑州皓威磨料磨具有限公司,C,24,XCX,3,43.8,M,汉,1099,2,01,RELATIVES,MATE,1,71.0,河南省,CONSUME,02,,34.45871609157986,113.11967068142361,ANDROID,,河南省郑州市登封市中岳街道永开线辅路,1
100000,105,岳阳市,珊珊批发与零售,H,54,APP,3,42.1,F,汉,4143,3,01,FATHER,CHILDREN,1,71.0,湖南省,CONSUME,01,,29.48010477991519,113.46699340896814,ANDROID,,湖南省岳阳市临湘市五里牌街道永昌东路,1
100000,,泰安市,暂未提供公司,Z,90,XCX,3,38.0,F,汉,4871,4,01,MOTHER,FRIENDS,1,71.0,山东省,CONSUME,01,,36.19882344041764,117.10697328646556,ANDROID,,山东省泰安市泰山区泰前街道龙潭路66号,1
100000,,哈尔滨市,崔日龙个人工作室,Z,90,XCX,2,43.6,M,汉,4680,4,01,MOTHER,MATE,1,71.0,黑龙江省,CONSUME,01,,46.30623957037954,129.94959656290119,ANDROID,,黑龙江省哈尔滨市依兰县团山子乡,1
100000,103,福州市,林明秀个人工作室,Z,90,APP,2,33.7,F,汉,4581,2,01,FATHER,FRIENDS,1,89.567,福建省,CONSUME,01,,26.46398474377885,119.61253944926173,ANDROID,,福建省福州市罗源县松山镇G228(丹东线),1
100000,,彭州市,成都市金众源商贸有限公司,Z,90,APP,3,33.0,M,汉,4777,3,01,COLLEAGUE,FRIENDS,1,74.748,四川省,CONSUME,01,,30.715015,104.036692,ANDROID,,四川省成都市金牛区九里堤街道金府路528号-a1-8号,1
100000,102,赣州市,江西省赣州市宁都县洛口卫生院,Q,11,XCX,2,35.9,F,汉,5270,4,01,FRIENDS,FRIENDS,1,95.072,江西省,CONSUME,01,,26.471787719880188,116.02527867053678,ANDROID,,江西省赣州市宁都县梅江镇邦士路,1
100000,,北京市,百济神州,Z,90,XCX,3,36.5,F,汉,3689,2,01,FATHER,SIBLING,3,71.0,北京市,CONSUME,01,,39.879665,116.469727,IOS,,北京市朝阳区劲松街道磨房北路,1
100000,,玉林市,广东烧鸭饭,H,54,XCX,2,30.3,M,汉,683,2,01,MATE,COLLEAGUE,1,81.601,广西壮族自治区,CONSUME,01,,30.039875430604753,121.12482501227469,ANDROID,,浙江省宁波市余姚市兰江街道大丁街路,1
100000,103,东阳市,东阳市交通局,S,11,APP,4,48.7,F,汉,4883,3,01,SIBLING,COLLEAGUE,1,71.0,浙江省,CONSUME,01,,29.263741888357913,120.22043153832814,ANDROID,,浙江省金华市东阳市吴宁街道西岘路11号,1
100000,,临安市,丁鹏个人工作室,H,54,APP,2,29.6,M,汉,491,2,01,COLLEAGUE,FRIENDS,2,71.0,浙江省,CONSUME,01,,30.197549111968095,119.73874040356322,ANDROID,,浙江省杭州市临安区锦南街道,1
100000,403,北海市,合浦县雄成种子有限公司,C,24,APP,4,40.3,M,汉,5369,3,01,MOTHER,SIBLING,2,71.0,广西壮族自治区,CONSUME,01,,21.681575,109.22487,ANDROID,,广西壮族自治区北海市合浦县廉州镇廉阳大道辅路,1
100000,,德阳市,广汉市旺升食品有限公司,C,24,APP,2,33.0,M,汉,5576,4,01,FATHER,RELATIVES,3,71.0,四川省,CONSUME,01,,31.022773,104.314668,ANDROID,,四川省德阳市广汉市小汉镇,1
100000,,周口市,恒记饭店莱蒙店,I,54,APP,2,30.2,M,汉,6311,2,01,FATHER,OTHER,1,84.467,河南省,CONSUME,01,,31.705306,119.946881,ANDROID,,江苏省常州市武进区湖塘镇长虹中路辅路,1
100000,,北京市,农业农村部,Z,90,XCX,4,41.7,M,汉,4594,2,01,MATE,SIBLING,1,81.526,北京市,CONSUME,01,,40.099544542100695,116.71922498914931,ANDROID,,北京市顺义区仁和(地区)镇S331(顺平南线),1
100000,,齐齐哈尔市,意艾斯蒂静电有限公司,Z,90,XCX,2,34.8,F,汉,5520,2,01,MATE,FRIENDS,1,71.0,黑龙江省,CONSUME,01,,38.883274900876028,117.26632118562512,ANDROID,,天津市西青区王稳庄镇稳盛道,1
100000,,湛江市,十八22餐饮,Z,90,APP,4,26.9,M,汉,853,3,01,FATHER,FRIENDS,2,71.0,广东省,CONSUME,01,,22.91559,113.369851,ANDROID,,广东省广州市番禺区桥南街道福愉东路8,1
100000,105,昭通市,云南省德克玛电器,C,24,XCX,3,31.7,M,汉,5682,2,01,RELATIVES,RELATIVES,2,71.0,云南省,CONSUME,01,,27.338451,103.7141,ANDROID,,云南省昭通市昭阳区龙泉街道南顺城街54号,1
100000,,邯郸市,北京必胜客比萨饼有限公司河北分公司,H,54,XCX,3,28.2,F,汉,2835,2,01,MOTHER,FRIENDS,1,71.0,河北省,CONSUME,01,,38.070359242973967,114.52543530850696,ANDROID,,河北省石家庄市长安区建北街道体育北大街293号,0
100000,,亳州市,浙江振元,Z,90,APP,2,28.1,M,汉,426,4,01,PARENTS,FRIENDS,1,71.0,安徽省,CONSUME,01,,30.168825,120.848019,ANDROID,,浙江省绍兴市上虞区杭州湾精细化工园区,0
100000,102,无锡市,无锡友邦人寿保险公司,J,13,APP,4,33.8,M,汉,5737,4,01,MOTHER,FRIENDS,1,71.0,江苏省,CONSUME,01,,31.580909,120.432655,ANDROID,,江苏省无锡市锡山区安镇街道吼山南路辅路,1
100000,102,重庆市,重庆京邦达有限公司,H,54,APP,2,30.4,M,汉,1584,3,01,MOTHER,COLLEAGUE,1,89.837,重庆市,CONSUME,01,,30.671373,107.753144,ANDROID,,重庆市梁平区双桂街道,0
100000,103,哈尔滨市,王丹丹个人工作室,C,24,XCX,2,43.2,F,汉,1454,2,01,FATHER,FATHER,1,72.004,黑龙江省,CONSUME,01,,39.524034830729164,121.87320366753472,ANDROID,,辽宁省大连市瓦房店市九龙街道于岚线,0
100000,102,遂宁市,吴季阳个人工作室,Z,90,APP,3,23.4,M,汉,1477,4,01,FATHER,SIBLING,2,71.0,四川省,CONSUME,01,,30.677951,103.968018,ANDROID,,四川省成都市青羊区苏坡街道G318(日月大道快速路),0
100000,102,晋城市,农夫山泉股份有限公司,H,54,APP,4,43.0,M,汉,3678,2,01,FATHER,FRIENDS,2,71.0,山西省,CONSUME,01,,35.517864312065974,112.83658203125,ANDROID,,山西省晋城市城区西上庄街道古书院街,1
100000,,大庆市,大庆油田水务公司,D,17,APP,2,35.9,M,汉,6597,4,01,FATHER,SIBLING,2,92.614,黑龙江省,CONSUME,01,,46.51423,124.876352,ANDROID,,黑龙江省大庆市让胡路区银浪街道银龙街,1
100000,,重庆市,天影照相,O,17,APP,2,37.3,F,汉,3822,4,01,SIBLING,RELATIVES,1,71.0,重庆市,CONSUME,01,,29.57455593532986,106.53300428602431,ANDROID,,重庆市江北区华新街街道中野路7号,1
100000,,昆明市,昆明友讯公众电脑屋,H,54,XCX,4,29.3,F,汉,295,2,01,MOTHER,FRIENDS,2,71.0,云南省,CONSUME,01,,25.068232563623345,102.73735692412115,ANDROID,,云南省昆明市盘龙区东华街道穿金路665号,1
100000,102,延边朝鲜族自治州,艺彩童声语言艺术培训学校,P,13,XCX,4,38.4,F,朝鲜,4021,3,01,FATHER,COLLEAGUE,1,79.686485,吉林省,CONSUME,02,,43.66882549159078,126.51289079319575,ANDROID,,吉林省吉林市永吉县永吉经济开发区特殊乡镇,1
100000,102,广安市,成都华西集团,H,54,XCX,2,33.2,M,汉,6667,2,01,MATE,COLLEAGUE,2,89.04,四川省,CONSUME,01,,30.768389837873629,104.16596070401909,ANDROID,,四川省成都市新都区三河街道龙山路,1
100000,,驻马店市,李淳宇个人工作室,Z,90,XCX,4,23.3,M,汉,2637,2,01,FATHER,FRIENDS,2,92.20105,河南省,CONSUME,01,,31.252425149329633,121.54938975548044,ANDROID,,上海市浦东新区金杨新村街道栖山路881号,1
100000,,哈尔滨市,哈尔滨车务段,F,17,APP,4,41.7,M,汉,5599,2,01,MATE,SIBLING,1,71.0,黑龙江省,CONSUME,01,,45.998336795318,126.638702397172,ANDROID,,黑龙江省哈尔滨市呼兰区呼兰街道东风路,1
100000,,四平市,梨树县住房和城乡建设局,S,11,XCX,4,35.4,F,汉,5669,2,01,MOTHER,FRIENDS,1,71.0,吉林省,CONSUME,01,,43.313345515552978,124.34240124710388,ANDROID,,吉林省四平市梨树县梨树镇农机街,1
100000,,宜春市,东莞因佳美贸易有限公司,C,24,XCX,3,35.3,M,汉,5793,3,01,FATHER,COLLEAGUE,1,78.349,江西省,CONSUME,01,,22.812631564670138,113.69690592447917,ANDROID,,广东省东莞市虎门镇捷东路24,1
100000,,巴中市,成都生活家装饰,E,24,APP,3,36.0,M,汉,4368,4,01,RELATIVES,RELATIVES,1,71.0,四川省,CONSUME,01,,25.784441,109.617702,ANDROID,,广西壮族自治区柳州市三江侗族自治县古宜镇G321(侗乡大道),1
100000,,红河哈尼族彝族自治州,明珠广场,Z,90,XCX,2,43.6,M,壮,2517,2,01,MATE,FRIENDS,1,71.0,云南省,CONSUME,01,,20.033980332412758,110.35352775487132,ANDROID,,海南省海口市美兰区和平南街道海府路61号-5,1
100000,103,邵阳市,世宇科技,C,24,APP,4,34.6,M,汉,6555,4,01,MATE,RELATIVES,1,71.0,湖南省,CONSUME,01,,47.30669991430855,119.88756650315014,ANDROID,,内蒙古自治区兴安盟阿尔山市林海街道G621,1
100000,403,承德市,承德市公安局,S,11,XCX,4,39.0,M,蒙古,6096,3,01,MOTHER,MATE,1,71.0,河北省,CONSUME,01,,40.989204476008499,117.9424952362151,ANDROID,,河北省承德市双桥区西大街街道山庄东路,1
100000,103,丽江市,自由职业,Z,90,XCX,2,28.2,F,彝,1150,2,01,RELATIVES,COLLEAGUE,1,71.0,云南省,CONSUME,01,,27.283388,100.855543,ANDROID,,云南省丽江市宁蒗彝族自治县大兴街道泸沽湖大道,1
100000,103,淮南市,真功夫餐饮,Z,90,XCX,2,29.5,M,汉,399,4,01,MOTHER,FRIENDS,1,71.0,安徽省,CONSUME,01,,23.091997457580108,113.79511812438853,ANDROID,,广东省东莞市石碣镇上垅路,1
100000,,鞍山市,四川威振保安服务公司深圳分公司,H,54,XCX,2,38.1,M,汉,6304,3,01,MATE,SIBLING,1,71.0,辽宁省,CONSUME,01,,22.681887,113.929308,IOS,,广东省深圳市宝安区石岩街道宝石南路194,1
100000,,新余市,史遇酒店有限公司,Z,90,APP,2,27.7,M,汉,2760,2,01,MOTHER,FRIENDS,2,71.0,江西省,CONSUME,01,,27.829496,114.89993,ANDROID,,江西省新余市渝水区城北街道长林路,1
100000,,济源市,私营业主,Z,90,APP,2,45.6,F,汉,566,2,01,MATE,FRIENDS,1,71.0,河南省,CONSUME,01,,35.10755208333333,112.5510888671875,ANDROID,,河南省济源市天坛街道太行北路辅路,1
100000,,盐城市,阜宁县阳光实验幼儿园济南路园区,P,13,XCX,3,28.4,F,汉,618,2,01,MOTHER,FRIENDS,1,71.0,江苏省,CONSUME,01,,33.76191530851873,119.81215482027524,ANDROID,,江苏省盐城市阜宁县花园街道迎宾大道185号,1
100000,,聊城市,天津天狮学院,K,17,XCX,4,33.1,M,汉,5607,3,01,FATHER,COLLEAGUE,1,71.0,山东省,CONSUME,01,,39.4454896375868,117.0462855360243,ANDROID,,天津市武清区南蔡村镇东环路,1
100000,301,忻州市,广宇煤电,Z,90,APP,2,35.4,M,汉,4618,3,01,MOTHER,FRIENDS,1,89.321,山西省,CONSUME,01,,38.440141,112.705184,ANDROID,,山西省忻州市忻府区长征街街道雁门大道南街,1
100000,102,黑河市,逸馨养生馆,Z,90,XCX,2,37.2,M,满,4491,3,01,MOTHER,FATHER,2,92.018,黑龙江省,CONSUME,01,,50.2517333571904,127.51517504018715,ANDROID,,黑龙江省黑河市爱辉区花园街道,1
100000,,嘉兴市,桐乡市鸿益热电有限公司,Z,90,APP,3,31.5,M,汉,6641,2,01,MOTHER,FRIENDS,2,71.0,浙江省,CONSUME,01,,30.563359,120.338706,ANDROID,,浙江省嘉兴市桐乡市洲泉镇章桥,1
100000,,佳木斯市,于鑫个人工作室,Z,90,XCX,3,33.1,F,汉,602,2,01,MATE,FRIENDS,1,71.0,黑龙江省,CONSUME,01,,46.79309766058518,130.34471332278199,ANDROID,,黑龙江省佳木斯市向阳区向阳区直辖村级区划联盟路,1
100000,,运城市,老杨浆水面,H,54,APP,2,23.9,M,汉,2387,2,01,FATHER,SIBLING,2,71.0,山西省,CONSUME,01,,34.864785,110.431187,ANDROID,,山西省运城市永济市城西街道河东大道辅路,1
100000,,重庆市,重庆市天翎烟花爆竹有限公司,Z,90,XCX,3,33.1,M,汉,4982,2,01,MOTHER,COLLEAGUE,3,92.02,重庆市,CONSUME,01,,29.15021464361551,107.09977408339701,ANDROID,,重庆市南川区南城街道东风路,1
100000,104,白山市,白山边境管理支队,S,11,APP,3,28.8,M,朝鲜,889,2,,SIBLING,FRIENDS,2,77.662,吉林省,CONSUME,01,,41.934138,126.425721,ANDROID,,吉林省白山市浑江区城南街道清华街15,1
100000,,毕节市,纳雍县医疗保障局,Q,11,XCX,4,43.9,F,汉,2212,2,01,MOTHER,FRIENDS,2,79.035,贵州省,CONSUME,01,,26.76249321831597,105.3593603515625,ANDROID,,贵州省毕节市纳雍县文昌街道,1
100000,,滁州市,滁州市勤达劳务有限公司,E,24,XCX,2,40.0,M,汉,5569,4,01,RELATIVES,FRIENDS,3,71.0,安徽省,CONSUME,01,,32.20135232204732,118.44883526210056,ANDROID,,安徽省滁州市南谯区乌衣镇,1
100000,,苏州市,苏州九皇变频科技有限公司,Z,90,APP,2,33.9,M,汉,260,2,01,MATE,COLLEAGUE,1,86.696,江苏省,CONSUME,01,,30.998134,120.719631,ANDROID,,江苏省苏州市吴江区黎里镇,1
100000,105,兰州市,甘肃盛源生态生物体系咨询中心,L,17,XCX,4,28.8,M,汉,6433,2,01,FATHER,SIBLING,2,90.949,甘肃省,CONSUME,01,,39.439009526112858,111.33951301300405,ANDROID,,内蒙古自治区鄂尔多斯市准格尔旗龙口镇,1
100000,103,重庆市,重庆沙坪坝区荣鼎建筑机械租凭经营部,E,24,XCX,3,36.3,M,汉,3761,3,01,SIBLING,FATHER,1,71.0,重庆市,CONSUME,02,,24.48728391720724,100.16082921504997,IOS,,云南省临沧市云县爱华镇G214(西景线),1
100000,,长春市,农安县忠洋蟾蜍养殖场,Z,90,XCX,2,28.9,M,汉,231,3,01,FATHER,FRIENDS,1,71.0,吉林省,CONSUME,01,,44.18657620032432,125.17551016859251,ANDROID,,吉林省长春市农安县开安镇,1
100000,103,安庆市,何妃服装,H,54,XCX,4,40.7,M,汉,4445,4,01,MATE,FRIENDS,1,94.916,安徽省,CONSUME,01,,31.742116197079338,119.58840388947599,ANDROID,,江苏省常州市金坛区东城街道华苑南路,1
100000,,沧州市,津瑞鑫德公司,Z,90,XCX,2,35.8,M,回,5144,2,01,RELATIVES,FRIENDS,2,71.0,河北省,CONSUME,01,,38.47741805539461,116.75019310740653,ANDROID,,河北省沧州市青县木门店镇,1
100000,,汕尾市,顺源超市,H,54,XCX,2,30.2,F,汉,35,2,01,RELATIVES,COLLEAGUE,1,71.0,广东省,CONSUME,02,,22.720938585069444,114.28861138237848,ANDROID,,广东省深圳市龙岗区宝龙街道大埔一路9号,1
100000,,南通市,江苏中奕源建筑企业咨询有限公司,Z,90,XCX,3,37.8,F,汉,3883,3,01,PARENTS,MATE,1,71.0,江苏省,CONSUME,01,,31.334673397768055,120.66209389834342,ANDROID,,江苏省苏州市苏州工业园区娄葑街道扬富路51号,1
100000,,太原市,厦门市泛华建筑设计有限公司山西分公司,E,24,XCX,4,29.7,F,汉,6343,3,01,MOTHER,FRIENDS,2,71.0,山西省,CONSUME,01,,36.194598795572915,113.09735921223958,ANDROID,,山西省长治市潞州区英雄南路街道府后西街261号,1
100000,103,绥化市,张宪伟个人工作室,Z,90,APP,3,36.5,M,汉,4449,3,01,MATE,RELATIVES,1,88.867,黑龙江省,CONSUME,01,,39.205328,115.969608,ANDROID,,河北省保定市高碑店市东马营镇S030,1
100000,,扬州市,张家港市冠通汽修有限公司,Z,90,XCX,2,35.0,M,汉,4183,4,01,MATE,COLLEAGUE,1,86.837,江苏省,CONSUME,01,,31.850601364343845,120.516415673279639,ANDROID,,江苏省苏州市张家港市杨舍镇长安南路,1
100000,,重庆市辖区,胖大姐物流,F,17,APP,2,40.4,M,汉,4254,2,01,MATE,FRIENDS,1,71.0,重庆市,CONSUME,01,,29.555745,106.575197,ANDROID,,重庆市渝中区南纪门街道凯旋路42号,1
100000,,滁州市,青岛兴邦顺国际物流有限公司,F,17,XCX,3,41.1,F,汉,1967,2,01,FATHER,SIBLING,1,80.97,安徽省,CONSUME,02,,36.03034139540995,120.16498874419196,ANDROID,,山东省青岛市黄岛区辛安街道江山北路,1
100000,,佳木斯市,卓泽饺子馆,Z,90,XCX,4,42.6,M,汉,4555,2,01,MATE,FRIENDS,2,71.0,黑龙江省,CONSUME,01,,38.77427042614069,116.29239407205344,ANDROID,,河北省沧州市任丘市梁召镇,1
100000,,绍兴市,苹果梦服装厂,C,24,APP,2,47.8,M,汉,1936,4,01,PARENTS,RELATIVES,1,71.0,浙江省,CONSUME,01,,30.09812228732639,120.51846896701389,ANDROID,,浙江省绍兴市柯桥区齐贤街道镜水北路,1
100000,,南阳市,张建国个人工作室,Z,90,APP,2,42.6,M,汉,3478,2,01,MOTHER,FRIENDS,3,71.0,河南省,CONSUME,01,,35.05406928168403,114.5042542860243,ANDROID,,河南省新乡市封丘县冯村乡,1
100000,102,嘉兴市,浙江圣宇建设有限公司,E,24,APP,3,48.3,M,汉,4942,4,01,MATE,FRIENDS,1,71.0,浙江省,CONSUME,01,,30.69100030134662,121.00870638015529,ANDROID,,浙江省嘉兴市平湖市当湖街道园丁路,1
100000,103,江门市,鹤山沙坪镇二三二鞋厂,C,24,APP,2,36.8,F,汉,3504,2,01,MOTHER,FRIENDS,2,71.0,广东省,CONSUME,01,,22.763518377314302,112.94102062733864,ANDROID,,广东省江门市鹤山市沙坪街道X919(莺朗街),1
100000,105,南通市,江苏华欣装饰集团有限公司,Z,90,APP,3,35.1,M,汉,4431,2,01,FATHER,MATE,1,71.0,江苏省,CONSUME,01,,31.810556,121.141496,ANDROID,,江苏省南通市海门区滨江街道广州路,1
100000,102,成都市,中国平安股份有限公司成都电销,J,13,XCX,3,27.2,M,汉,823,2,01,PARENTS,FRIENDS,2,71.0,四川省,CONSUME,01,,30.914504367140137,103.64066194564616,ANDROID,,四川省成都市都江堰市青城山镇,1
100000,,百色市,河北宜农科技股份有限公司,Z,90,APP,3,36.9,M,壮,4212,2,01,MATE,FRIENDS,1,71.0,广西壮族自治区,CONSUME,01,,23.318995,107.588562,ANDROID,,广西壮族自治区百色市平果市马头镇新港路,1
100000,102,怀化市,豪顺酒业,H,54,APP,3,24.8,M,苗,1567,2,01,FATHER,RELATIVES,2,71.0,湖南省,CONSUME,02,,29.277471,119.432063,ANDROID,,浙江省金华市兰溪市女埠街道创新大道,1
100000,102,惠州市,东莞市建设监理有限公司,H,54,XCX,2,41.8,M,汉,4512,4,01,MATE,COLLEAGUE,2,71.0,广东省,CONSUME,02,,23.01108181423611,113.75528700086805,ANDROID,,广东省东莞市东城街道银树路32,1
100000,103,吕梁市,自由职业,Z,90,XCX,3,40.0,M,汉,4225,4,01,RELATIVES,RELATIVES,1,71.0,山西省,CONSUME,01,,37.84164333767361,112.58622938368056,ANDROID,,山西省太原市迎泽区郝庄镇双塔南巷33,1
100000,,鞍山市,毛祁镇赵八村,Z,90,APP,2,41.7,M,汉,6422,4,01,FATHER,COLLEAGUE,1,71.0,辽宁省,CONSUME,01,,40.82042561848959,122.72053602430556,ANDROID,,辽宁省鞍山市海城市毛祁镇河南路,1
100000,,吉林市,名门喜宴中心,Z,90,APP,3,37.1,F,汉,4291,4,01,SIBLING,FATHER,1,71.0,吉林省,CONSUME,01,,44.394196,126.948128,ANDROID,,吉林省吉林市舒兰市南城街道G222(新村路),1
100000,,涿州市,联想移动通信集团,G,13,XCX,2,27.5,F,汉,2576,2,,MOTHER,FATHER,1,94.572,河北省,CONSUME,04,,39.55596137152778,116.01467013888889,ANDROID,,河北省保定市涿州市码头镇东码路,1
100000,104,保定市,容城腾达毛绒玩具制造有限公司,C,24,XCX,2,34.0,M,汉,4770,4,01,MATE,COLLEAGUE,,71.0,河北省,CONSUME,01,,38.74377149290654,115.63561515606831,ANDROID,,河北省保定市清苑区何桥镇,1
100000,307,绵阳市,绵阳市阳光职业技术学校,P,13,XCX,4,39.8,M,汉,3692,4,,FATHER,COLLEAGUE,1,71.0,四川省,CONSUME,02,,31.418849012586804,104.80941189236111,ANDROID,,四川省绵阳市游仙区小枧镇建兴路,0
100000,,淮安市,苏州大智资讯有限公司,L,17,XCX,3,45.6,M,汉,1195,2,01,FRIENDS,COLLEAGUE,2,71.0,江苏省,CONSUME,01,,31.122250162760416,120.67328911675347,ANDROID,,江苏省苏州市吴江区江陵街道叶锦路,1
100000,,慈溪市,云泰商业管理,Z,90,APP,2,36.0,M,汉,5030,2,01,FATHER,FRIENDS,1,71.0,浙江省,CONSUME,01,,30.155468,121.280901,ANDROID,,浙江省宁波市慈溪市白沙路街道潘桥路105号,1
100000,,东台市,许雪梅个人工作室,Z,90,XCX,4,35.7,F,汉,5513,2,01,FATHER,FRIENDS,1,71.0,江苏省,CONSUME,01,,32.33162000868055,118.8078209092882,ANDROID,,江苏省南京市六合区龙池街道龙湖西路,1
100000,105,淄博市,淄博润淄经贸有限公司,H,54,XCX,3,32.2,M,汉,97,2,01,COLLEAGUE,FRIENDS,2,71.0,山东省,CONSUME,01,,36.825391758897087,118.25515342952895,ANDROID,,山东省淄博市临淄区稷下街道西过境路,1
100000,102,宜昌市,国家粮食和物资储备局,S,11,APP,2,32.3,M,汉,114,4,,MOTHER,COLLEAGUE,2,71.0,湖北省,CONSUME,01,,30.87883281587185,111.83289114519827,ANDROID,,湖北省宜昌市当阳市庙前镇,1
100000,104,阜阳市,峰丽服装有限公司,C,24,APP,3,37.8,M,汉,6486,3,,MATE,SIBLING,1,71.0,安徽省,CONSUME,01,,33.180354,115.736636,ANDROID,,安徽省阜阳市太和县关集镇X013(关集大桥),1
100000,403,南阳市,付中坤个人工作室,Z,90,APP,3,23.5,M,汉,2388,2,01,FATHER,MOTHER,2,71.0,河南省,CONSUME,01,,33.014561,112.577427,ANDROID,,河南省南阳市宛城区汉冶街道兴顺路,1
100000,,吕梁市,曹志个人工作室,Z,90,XCX,3,31.9,M,汉,1357,3,01,COLLEAGUE,COLLEAGUE,1,71.0,山西省,CONSUME,01,,39.8265,110.0132,ANDROID,,内蒙古自治区鄂尔多斯市东胜区公园街道S214(民族东街),1
100000,105,定西市,三一重工有限公司,C,24,XCX,2,35.6,M,汉,4444,4,01,MATE,FATHER,1,71.0,甘肃省,CONSUME,01,,31.628703719183436,120.52996922645979,ANDROID,,江苏省无锡市锡山区羊尖镇通园路,1
100000,102,西安市,比亚迪2厂,C,24,APP,2,31.1,M,汉,6086,4,01,PARENTS,FRIENDS,1,71.0,陕西省,CONSUME,01,,34.263075,108.918543,ANDROID,,陕西省西安市莲湖区北院门街道二环路沿线商业经济带北段-96号,1
100000,,潮州市,荼业公司,Z,90,XCX,2,35.6,F,汉,4504,2,01,MATE,RELATIVES,1,71.0,广东省,CONSUME,01,,23.790651041666667,116.77539822048611,ANDROID,,广东省潮州市饶平县浮滨镇,1
100000,,唐山市,吴家胜个人工作室,Z,90,APP,2,26.5,M,汉,250,2,01,FATHER,FRIENDS,2,86.103,河北省,CONSUME,01,,38.893178,117.003961,ANDROID,,天津市静海区大丰堆镇S311(团静路),1
100000,,邯郸市,北汽福田,Z,90,XCX,4,27.6,M,汉,100,3,01,PARENTS,RELATIVES,2,71.0,河北省,CONSUME,01,,36.57931962246354,113.69313481173926,ANDROID,,河北省邯郸市涉县平安街道河西街,0
100000,,阿坝藏族羌族自治州,汶川县汶兴资产管理有限公司,J,13,APP,3,31.7,F,羌,665,2,01,FATHER,FRIENDS,1,71.0,四川省,CONSUME,02,,30.952781,103.617201,ANDROID,,四川省成都市都江堰市玉堂街道青城山大道辅路,1
100000,,泰安市,浙江吉利汽车有限公司,Z,90,APP,4,39.0,M,汉,4354,3,01,MATE,SIBLING,1,71.0,山东省,CONSUME,01,,29.745718,121.893521,ANDROID,,浙江省宁波市北仑区春晓街道,1
100000,102,县,巫溪康爵食品有限公司,C,24,APP,2,38.8,M,汉,4518,2,01,MATE,FRIENDS,1,71.0,重庆市,CONSUME,01,,26.301048,118.850988,ANDROID,,福建省福州市闽清县东桥镇,1
100000,102,天津市,北京顺丰同城,K,17,APP,3,36.0,M,壮,4534,2,01,RELATIVES,FRIENDS,2,71.0,天津市,CONSUME,01,,39.977781,116.393381,ANDROID,,北京市朝阳区亚运村街道安定门外小关西街92号,1
100000,301,保定市,悠悠洗衣,R,17,APP,2,23.8,M,汉,2360,3,01,MOTHER,OTHER,2,87.869,河北省,CONSUME,02,,38.959033,115.650365,ANDROID,,河北省保定市徐水区大因镇,1
100000,102,湛江市,建筑工队,E,24,APP,2,40.0,M,汉,3623,4,01,MATE,SIBLING,1,71.0,广东省,CONSUME,02,,21.23302424269928,110.36643199890198,ANDROID,,广东省湛江市霞山区海头街道湖光快线,1
100000,,梅州市,范恩琦科技有限公司,G,13,XCX,2,26.1,M,汉,1182,4,01,PARENTS,FRIENDS,2,71.0,广东省,CONSUME,01,,24.056426418606994,115.59532200646749,ANDROID,,广东省梅州市五华县华城镇,1
100000,102,咸宁市,崇阳金鸿装饰工程有限公司,Z,90,APP,3,43.1,M,汉,4301,3,01,MATE,COLLEAGUE,1,87.673,湖北省,CONSUME,01,,29.543708,114.030226,ANDROID,,湖北省咸宁市崇阳县天城镇新建路51号,1
100000,,新乡市,河南省电机厂,C,24,APP,3,35.8,M,汉,5721,3,,FATHER,MOTHER,2,71.0,河南省,CONSUME,01,,35.338258,113.889387,ANDROID,,河南省新乡市牧野区牧野镇北环路,1
100000,301,自贡市,苏州华智诚科技有限公司,G,13,APP,4,28.3,M,汉,6901,3,01,FATHER,RELATIVES,2,80.94,四川省,CONSUME,01,,30.840787,120.968624,ANDROID,,浙江省嘉兴市嘉善县惠民街道嘉善塘大桥,0
100000,105,南通市,如东县巡特警大队,S,11,XCX,3,38.4,M,汉,4459,2,01,FATHER,COLLEAGUE,1,85.451,江苏省,CONSUME,01,,32.36647705078125,121.21909261067708,ANDROID,,江苏省南通市如东县城中街道丁杨路,1
100000,,滁州市,百合酒店,I,54,XCX,4,33.0,F,汉,6865,4,,SIBLING,COLLEAGUE,2,71.0,安徽省,CONSUME,01,,32.25963650173611,118.31099663628473,ANDROID,,安徽省滁州市南谯区龙蟠街道全椒北路辅路,1
100000,102,黄冈市,骏裕五金厂,C,24,APP,4,43.9,M,汉,3989,2,01,FATHER,FRIENDS,1,71.0,湖北省,CONSUME,02,,22.97125594,113.92119243,ANDROID,,广东省东莞市大朗镇高英路219,1
100000,102,盐城市,常州科悦汽车销售有限公司,H,54,XCX,3,31.6,M,汉,585,4,01,FATHER,MOTHER,3,71.0,江苏省,CONSUME,01,,34.229524769606928,119.85807972435406,ANDROID,,江苏省盐城市响水县南河镇,1
100000,,鸡西市,上海至缘酒业有限公司,Z,90,XCX,4,39.0,F,汉,3769,3,01,FATHER,COLLEAGUE,2,71.0,黑龙江省,CONSUME,01,,31.214005449567457,121.24118778246778,IOS,,上海市青浦区华新镇新府南路,1
100000,,定西市,付龙龙个人工作室,Z,90,XCX,3,39.0,M,汉,6128,2,01,FATHER,MATE,1,71.0,甘肃省,CONSUME,01,,34.9837016209213,104.6722445145184,ANDROID,,甘肃省定西市陇西县巩昌镇药都大道,1
100000,,南昌市,江西省高速公路投资有限公司,J,13,XCX,2,37.7,M,汉,4221,4,01,PARENTS,FRIENDS,2,71.0,江西省,CONSUME,01,,27.179919976128474,114.97014377170139,ANDROID,,江西省吉安市吉州区长塘镇长旺路,1
100000,103,上海市,杏景辉个人工作室,Z,90,APP,3,43.1,M,汉,1271,3,01,FATHER,MOTHER,3,95.072,上海市,CONSUME,01,,30.830071,121.317972,ANDROID,,上海市金山区亭林镇天工路,1
100000,,宜昌市,秭归蓝星科技有限公司,G,13,APP,3,47.2,M,汉,238,4,01,MATE,RELATIVES,1,71.0,湖北省,CONSUME,01,,30.820333,110.979069,ANDROID,,湖北省宜昌市秭归县茅坪镇,1
100000,105,苏州市,北京邦景美地服装有限公司,C,24,XCX,4,31.2,F,汉,5405,4,,FATHER,COLLEAGUE,2,91.805,江苏省,CONSUME,02,,31.159283767239747,121.51727017444763,ANDROID,,上海市浦东新区三林镇联明路820号,1
100000,,开封市,小蔡再生资源回收店,Z,90,APP,2,37.0,M,汉,4471,4,01,FATHER,SIBLING,2,71.0,河南省,CONSUME,01,,34.309088642924148,114.72152938268822,ANDROID,,河南省开封市杞县圉镇镇,1
100000,102,南京市,东部机场集团有限公司,F,17,XCX,4,31.6,M,汉,56,4,,FATHER,MOTHER,2,71.0,江苏省,CONSUME,01,,32.03540587097568,118.83058782101957,ANDROID,,江苏省南京市秦淮区月牙湖街道苜中路,1
100000,,黄冈市,连续创业人士,Z,90,XCX,2,43.4,M,汉,4120,4,01,RELATIVES,FRIENDS,1,71.0,湖北省,CONSUME,01,,22.702687338231397,114.05115334041898,ANDROID,,广东省深圳市龙华区观湖街道河西站天桥,1
100000,,廊坊市,河北永通电子科技有限公司,G,13,APP,2,33.5,F,汉,643,2,01,MATE,RELATIVES,1,71.0,河北省,CONSUME,01,,39.437915,116.303132,ANDROID,,河北省廊坊市固安县固安镇G106(永定南路),1
100000,,常德市,TATA美肤造型,Z,90,APP,2,31.2,F,汉,1593,2,01,PARENTS,FRIENDS,2,74.71,湖南省,CONSUME,01,,22.757107,114.3005,ANDROID,,广东省深圳市龙岗区坪地街道南岸路,1
100000,,重庆市,个体工商户张羽,Z,90,APP,3,42.2,F,汉,3573,4,01,FATHER,FRIENDS,1,71.0,重庆市,CONSUME,01,,29.54617173903057,106.52825121425332,ANDROID,,重庆市渝中区两路口街道龙家湾隧道,1
100000,,徐州市,南京景枫物业管理有限公司,L,17,XCX,2,26.9,F,汉,1380,3,01,MOTHER,FRIENDS,1,71.0,江苏省,CONSUME,01,,31.91210220762814,118.84431123429549,ANDROID,,江苏省南京市江宁区秣陵街道清水亭东路,1
100000,303,宜春市,奉新县心馨厨房电器,Z,90,APP,2,42.4,M,汉,4224,3,,FATHER,FATHER,1,71.0,江西省,CONSUME,01,,28.707225,115.396186,ANDROID,,江西省宜春市奉新县冯川镇,1
100000,,玉林市,容县城乡建设服务中心,Z,90,XCX,4,37.1,M,汉,579,4,01,FATHER,FRIENDS,2,71.0,广西壮族自治区,CONSUME,01,,22.586991861118326,110.73711944393108,ANDROID,,广西壮族自治区玉林市容县黎村镇,1
100000,105,肇庆市,风华高科,L,17,APP,3,34.9,M,汉,6170,4,01,PARENTS,RELATIVES,2,71.0,广东省,CONSUME,01,,23.05168706458887,112.44816156349386,ANDROID,,广东省肇庆市端州区城西街道宋城二路14号,1
100000,,陇南市,合肥中睿达通快递公司,F,17,APP,2,24.6,M,汉,691,4,01,FRIENDS,FRIENDS,1,71.0,甘肃省,CONSUME,01,,31.84372,117.424957,ANDROID,,安徽省合肥市肥东县撮镇镇青洛河路,1
100000,,迁安市,明珠国际商贸城早市馆,H,54,APP,2,39.7,M,汉,6033,2,01,FATHER,SIBLING,1,71.0,河北省,CONSUME,01,,38.334774,116.808374,ANDROID,,河北省沧州市运河区小王庄镇,1
100000,104,益阳市,湖南捷坤门业有限公司,Z,90,APP,3,37.3,M,汉,4245,3,01,FATHER,FRIENDS,1,71.0,湖南省,CONSUME,01,,28.600441,112.224467,ANDROID,,湖南省益阳市资阳区新桥河镇,1
100000,102,黔东南苗族侗族自治州,东莞铿利五金制品有限公司,Z,90,XCX,2,29.6,M,侗,6285,2,01,FRIENDS,MATE,1,95.072,贵州省,CONSUME,01,,23.10806879919322,112.9400848227714,ANDROID,,广东省佛山市南海区丹灶镇,1
100000,,北京市,北京市朝阳区村委会,S,11,XCX,3,43.1,M,汉,3247,3,01,MATE,FRIENDS,1,80.77,北京市,CONSUME,01,,40.02632685196262,116.56727933098984,ANDROID,,北京市朝阳区孙河(地区)乡温榆河绿道,1
100000,103,益阳市,黄美珍个人工作室,Z,90,XCX,3,38.5,F,壮,5960,3,01,OTHER,OTHER,1,71.0,湖南省,CONSUME,01,,28.287693,112.243692,ANDROID,,湖南省益阳市桃江县灰山港镇Y509,1
100000,105,伊春市,超凡发艺,H,54,APP,4,48.2,F,汉,544,3,01,SIBLING,FRIENDS,1,76.816,黑龙江省,CONSUME,01,,46.644674,126.986868,ANDROID,,黑龙江省绥化市北林区大有街道致富路,1
100000,,苏州市,胡亮个人工作室,Z,90,XCX,3,34.4,M,汉,5031,3,01,MATE,MOTHER,1,71.0,江苏省,CONSUME,01,,31.477218153211805,121.20649956597222,ANDROID,,上海市嘉定区徐行镇,1
100000,,抚顺市,孟繁丛个人工作室,Z,90,APP,2,39.3,M,汉,4879,2,01,MOTHER,RELATIVES,2,71.0,辽宁省,CONSUME,01,,41.854307,123.90196,ANDROID,,辽宁省抚顺市新抚区千金街道东富平路,1
100000,102,南充市,鸿途汽车装饰,Z,90,XCX,4,26.4,M,汉,3046,3,01,PARENTS,PARENTS,2,71.0,四川省,CONSUME,01,,22.955299,113.684938,ANDROID,,广东省东莞市厚街镇金莹二街7,1
100000,302,遂宁市,中国建筑第八工程局,Z,90,APP,4,40.0,M,汉,2383,4,01,MATE,FATHER,1,71.0,四川省,CONSUME,02,,40.249001,116.193049,ANDROID,,北京市昌平区十三陵镇万西路,1
100000,,镇江市,中国邮政股份有限公司丹阳分公司,F,17,APP,2,39.5,M,汉,3290,2,,MATE,COLLEAGUE,1,94.676,江苏省,CONSUME,01,,31.800984700520832,119.70089029947917,ANDROID,,江苏省镇江市丹阳市皇塘镇皇蒋路,1
100000,,崇左市,立臻科技有限公司,Z,90,XCX,3,43.7,M,壮,4347,4,01,MATE,FRIENDS,1,71.0,广西壮族自治区,CONSUME,01,,31.34808543858186,120.97649371800541,IOS,,江苏省苏州市昆山市玉山镇第二大道,1
100000,,保定市,社旗县森创针织有限公司,Z,90,APP,2,34.0,M,汉,5785,4,01,MATE,MOTHER,1,71.0,河北省,CONSUME,01,,33.074876,112.929949,ANDROID,,河南省南阳市社旗县赊店镇华山东路,1
100000,,宜昌市,汽车美容,Z,90,APP,2,36.3,M,汉,4770,2,01,SIBLING,FRIENDS,3,77.254,湖北省,CONSUME,01,,30.835208,110.968952,ANDROID,,湖北省宜昌市秭归县茅坪镇兰惠路,1
100000,,铜仁市,石阡瑞泰商务酒店,I,54,APP,3,35.4,F,侗,4094,3,01,MOTHER,FRIENDS,1,71.0,贵州省,CONSUME,01,,26.58296576605903,107.97808430989583,ANDROID,,贵州省黔东南苗族侗族自治州凯里市大十字街道建森路,1
100000,,苏州市,苏州市金鸡湖高尔夫俱乐部,Z,90,XCX,3,46.2,M,汉,38,3,01,MATE,SIBLING,1,71.0,江苏省,CONSUME,01,,31.298560655381944,120.59589002821181,ANDROID,,江苏省苏州市姑苏区沧浪街道三香路122号,1
100000,,宿迁市,陈元亮个人工作室,Z,90,XCX,2,43.1,M,汉,4700,4,01,MATE,FATHER,1,71.0,江苏省,CONSUME,01,,33.56008007916189,118.41162495828772,ANDROID,,江苏省宿迁市泗洪县界集镇,1
100000,,南昌市,中国石化销售股份有限公司江西南昌公司,Z,90,XCX,3,36.3,M,汉,4546,3,01,FATHER,FRIENDS,1,71.0,江西省,CONSUME,01,,28.702111926799505,115.863089361946,ANDROID,,江西省南昌市红谷滩区沙井街道庐山南大道278,1
100000,105,十堰市,郧西县城关镇芦茨沟村委会,Z,90,XCX,3,38.3,F,汉,5232,4,01,RELATIVES,FRIENDS,1,71.0,湖北省,CONSUME,01,,32.98411892361111,110.431455078125,ANDROID,,湖北省十堰市郧西县城关镇,1
100000,102,江门市,新会宁丰建材商行,Z,90,APP,3,35.3,M,汉,5568,4,01,COLLEAGUE,FRIENDS,2,90.123,广东省,CONSUME,02,,22.503609,113.065637,ANDROID,,广东省江门市新会区会城街道G240(江门大道南),1
100000,,河津市,简居家具有限公司,C,24,APP,3,23.7,M,汉,3032,2,01,MOTHER,FRIENDS,2,71.0,山西省,CONSUME,01,,35.087611490885415,111.05088704427084,ANDROID,,山西省运城市盐湖区安邑街道钢材中路24,1
100000,103,丽江市,自由职业,Z,90,APP,2,33.7,M,汉,5544,2,01,MATE,COLLEAGUE,1,71.0,云南省,CONSUME,01,,26.844636,100.238265,ANDROID,,云南省丽江市古城区祥和街道,1
100000,,长治市,太行外国语学校,P,13,APP,3,38.4,F,汉,3855,4,01,MATE,FRIENDS,1,71.0,山西省,CONSUME,01,,36.338692,113.058148,ANDROID,,山西省长治市潞州区黄碾镇G309(青兰线),1
100000,,丰城市,南昌创艺装饰有限公司,Z,90,XCX,2,33.3,M,汉,747,4,01,PARENTS,FRIENDS,1,71.0,江西省,CONSUME,01,,28.279632668822257,115.90405353047628,ANDROID,,江西省宜春市丰城市小港镇,1
100000,,昆明市,张燕琴个人工作室,Z,90,APP,2,45.3,F,汉,1761,2,01,SIBLING,CHILDREN,1,71.0,云南省,CONSUME,01,,25.074674,102.724478,ANDROID,,云南省昆明市盘龙区金辰街道北京路1051号,1
100000,,邯郸市,修理和其他服务业,Z,90,XCX,2,45.6,M,汉,3909,2,01,RELATIVES,FRIENDS,1,71.0,河北省,CONSUME,01,,36.60322814735223,114.49689021363858,ANDROID,,河北省邯郸市丛台区人民路街道光明北大街12号,1
100000,,北京市,北京闲村文化有限公司,Z,90,APP,4,34.6,M,汉,4955,4,01,FATHER,FATHER,2,99.05,北京市,CONSUME,01,,39.96693411450895,116.42755698179843,ANDROID,,北京市朝阳区香河园街道太阳宫桥,1
100000,103,徐州市,徐州市贾汪城市建设投资有限公司,E,24,APP,4,33.1,M,汉,6083,4,01,MATE,FATHER,2,71.0,江苏省,CONSUME,01,,34.34453962623578,117.36945401981457,ANDROID,,江苏省徐州市贾汪区大吴街道X251(徐贾快速通道),1
100000,103,承德市,青海众航建筑劳务有限公司,O,17,APP,2,40.8,M,蒙古,4044,3,01,MATE,FRIENDS,1,71.0,河北省,CONSUME,02,,30.271591,104.321498,ANDROID,,四川省成都市简阳市董家埂镇诸峰路,1
100000,,承德市,私营业主,Z,90,APP,2,39.3,M,满,4814,2,01,MATE,FRIENDS,1,71.0,河北省,CONSUME,01,,41.737726236979164,117.5091615125868,ANDROID,,河北省承德市隆化县步古沟镇,1
100000,102,赣州市,东莞市至品创造数码科技有限公司,Z,90,APP,3,31.6,M,汉,5373,3,01,SIBLING,FRIENDS,2,71.0,江西省,CONSUME,01,,23.037058,113.73041,ANDROID,,广东省东莞市莞城街道鳒鱼洲路,1
100000,102,赣州市,暂未提供公司名称,Z,90,APP,2,35.8,M,汉,4214,2,01,SIBLING,COLLEAGUE,1,90.125,江西省,CONSUME,01,,22.692658,113.998574,ANDROID,,广东省深圳市龙华区大浪街道水泰路,1
100000,,杭州市,杭州迅腾医疗器械有限公司,H,54,XCX,3,27.3,M,汉,2163,3,01,MOTHER,FATHER,2,89.722,浙江省,CONSUME,01,,30.318387315538196,120.1648011610243,ANDROID,,浙江省杭州市拱墅区东新街道西文街,1
100000,102,银川市,宁夏润德银菲汽车销售服务有限公司,H,54,APP,3,31.6,M,汉,6651,2,01,FRIENDS,FATHER,2,86.209,宁夏回族自治区,CONSUME,01,,38.527447,106.242807,ANDROID,,宁夏回族自治区银川市金凤区丰登镇后海路,1
100000,403,唐山市,唐山市林坤纸业有限公司,C,24,APP,2,28.3,M,汉,2023,4,01,MATE,FRIENDS,1,83.99,河北省,CONSUME,01,,39.352229,117.542756,ANDROID,,河北省唐山市丰南区海北镇,1
100000,,铁岭市,八方物流,Z,90,XCX,2,48.8,M,汉,42,4,01,MATE,FATHER,1,71.0,辽宁省,CONSUME,01,,43.04447253114988,124.22151088479309,ANDROID,,辽宁省铁岭市昌图县毛家店镇,1
100000,,马鞍山市,嘉驰国际,Z,90,APP,3,30.2,M,汉,5856,2,01,MATE,FRIENDS,1,91.632,安徽省,CONSUME,01,,31.656324,117.992275,ANDROID,,安徽省马鞍山市含山县清溪镇清溪大道,1
100000,,泰安市,尉吉磊个人工作室,S,11,XCX,3,27.7,M,汉,2196,4,01,FRIENDS,FRIENDS,1,71.0,山东省,CONSUME,01,,36.183936,116.765619,ANDROID,,山东省泰安市肥城市新城街道新城路67号,1
100000,,赣州市,启迪公寓,Z,90,APP,4,28.3,M,汉,466,2,,MOTHER,SIBLING,2,94.027,江西省,CONSUME,02,,22.941407,113.379834,ANDROID,,广东省广州市番禺区市桥街道平康路395号,1
100000,,清远市,锦江酒店,Z,90,XCX,2,29.6,M,汉,6019,4,01,PARENTS,FRIENDS,2,71.0,广东省,CONSUME,01,,24.342711506320638,113.76138845928047,ANDROID,,广东省清远市英德市横石水镇,1
100000,,南京市,南京玄武高新技术产业集团有限公司,H,54,XCX,4,30.2,F,汉,5895,2,01,MATE,FRIENDS,1,71.0,江苏省,CONSUME,01,,32.09531928168403,118.88016004774306,ANDROID,,江苏省南京市玄武区玄武湖街道徐庄路辅路,1
100000,,淮北市,特步有限公司,Z,90,XCX,2,36.4,F,汉,4204,4,01,MATE,FRIENDS,1,85.303,安徽省,CONSUME,01,,32.09519232963713,118.79718441225394,ANDROID,,江苏省南京市玄武区红山街道,1
100000,403,北京市,北京玻钢院复合材料有限公司,Z,90,XCX,3,42.8,M,汉,3667,4,,FRIENDS,SIBLING,3,71.0,北京市,CONSUME,04,,40.36103217230903,115.9597425672743,ANDROID,,北京市延庆区八达岭镇S216(G6A辅线),1
100000,,德阳市,黄强个人工作室,Z,90,APP,2,47.5,M,汉,2609,2,01,SIBLING,FRIENDS,1,71.0,四川省,CONSUME,01,,31.365028383895,104.538017271537,ANDROID,,四川省德阳市罗江区金山镇G5(成渝环线高速),1
100000,,泉州市,杭州蓝盾实业有限公司,C,24,XCX,4,27.7,M,汉,877,4,01,FATHER,COLLEAGUE,2,71.0,福建省,CONSUME,01,,28.055107421875,120.64029134114584,ANDROID,,浙江省温州市永嘉县瓯北街道G104(江楠大道),1
100000,,宣城市,独立工作人员,Z,90,APP,2,47.1,F,汉,5114,4,01,RELATIVES,FRIENDS,1,71.0,安徽省,CONSUME,01,,30.700548231336807,118.41745686848958,ANDROID,,安徽省宣城市泾县泾川镇绿城路,1
100000,,沈阳市,沈阳腾佳商贸有限公司,Z,90,XCX,2,27.8,F,汉,640,3,01,PARENTS,COLLEAGUE,2,71.0,辽宁省,CONSUME,01,,41.74043863932292,123.22622965494791,ANDROID,,辽宁省沈阳市铁西区大青中朝友谊街道学院路,1
100000,105,上海市,北京同城比达科技有限公司,G,13,APP,3,47.7,M,汉,6422,2,01,FATHER,FRIENDS,2,71.0,上海市,CONSUME,01,,31.271700918964517,121.49261091843346,ANDROID,,上海市虹口区嘉兴路街道东沙虹港路10号,1
100000,102,赣州市,池江中学,Z,90,APP,4,32.5,M,汉,6478,3,01,MOTHER,RELATIVES,1,89.495,江西省,CONSUME,01,,25.48516,114.561469,ANDROID,,江西省赣州市大余县池江镇,1
100000,,新乡市,苏新彩板房有限公司,Z,90,APP,2,37.1,M,汉,3610,2,01,MATE,FRIENDS,1,71.0,河南省,CONSUME,01,,40.009213,116.487014,ANDROID,,北京市朝阳区来广营(地区)乡容和路,1
100000,,日照市,连军箱包厂,Z,90,APP,2,37.7,M,汉,6097,2,01,FATHER,FATHER,2,71.0,山东省,CONSUME,01,,39.46646,116.707346,ANDROID,,河北省廊坊市安次区北史家务镇,1
100000,105,厦门市,厦门大有海洋有限公司,M,11,XCX,2,34.9,F,汉,5362,4,,COLLEAGUE,MOTHER,1,81.404,福建省,CONSUME,01,,24.445431426892426,118.05318105283027,IOS,,中华人民共和国鼓浪屿内厝澳码头(轮渡站),1
100000,105,佛山市,精承纺织,C,24,XCX,2,41.2,F,汉,3540,2,,SIBLING,COLLEAGUE,1,89.903,广东省,CONSUME,04,,22.864200504798409,113.09987783510502,ANDROID,,广东省佛山市顺德区勒流街道,1
100000,,苏州市,吴江经济技术开发区物流中心,F,17,APP,3,41.4,M,汉,6797,4,,MATE,MOTHER,1,71.0,江苏省,CONSUME,01,,31.127312939236828,120.65321098379735,ANDROID,,江苏省苏州市吴江区江陵街道扬中路,1
100000,,朔州市,张超个人工作室,Z,90,APP,3,24.8,M,汉,2094,4,01,FATHER,FRIENDS,2,71.0,山西省,CONSUME,01,,39.869188,116.263272,ANDROID,,北京市丰台区卢沟桥街道G4辅路,1
100000,,自贡市,勤为科技有限公司,G,13,XCX,3,31.5,F,汉,6970,2,01,MATE,FRIENDS,1,81.99,四川省,CONSUME,01,,29.323670518663196,104.77748101128472,ANDROID,,四川省自贡市自流井区红旗街道紫薇路,1
100000,104,海口市,中国移动通信集团海南有限公司,Z,90,APP,4,46.0,M,汉,2951,3,01,MATE,COLLEAGUE,1,71.0,海南省,CONSUME,01,,20.024692,110.310227,ANDROID,,海南省海口市龙华区金贸街道金龙路51号,1
100000,,黔南布依族苗族自治州,独山县委组织部,S,11,XCX,3,41.1,M,布依,4395,2,01,FATHER,FRIENDS,1,71.0,贵州省,CONSUME,01,,25.832097981770833,107.54390869140624,ANDROID,,贵州省黔南布依族苗族自治州独山县百泉镇文峰路1号,1
100000,,西安市,西安百悠顺冷冻食品配送有限公司,F,17,XCX,2,38.8,F,汉,5330,4,01,MATE,SIBLING,1,71.0,陕西省,CONSUME,01,,34.371784,109.22578,IOS,,陕西省西安市临潼区骊山街道秦陵南路,1
100000,104,广州市,广州发展集团财务有限公司,H,54,APP,4,41.9,M,汉,3325,4,,MATE,SIBLING,1,71.0,广东省,CONSUME,01,,22.927337,113.360739,ANDROID,,广东省广州市番禺区桥南街道南华路67号,1
100000,102,合肥市,合肥市禾有网络信息有限公司,G,13,XCX,4,29.7,M,汉,6134,2,,COLLEAGUE,COLLEAGUE,1,95.072,安徽省,CONSUME,01,,31.744976091547636,117.18178849510463,ANDROID,,安徽省合肥市肥西县桃花镇金寨路立交,1
100000,,陇南市,豆小环个人工作室,Z,90,APP,2,42.7,F,汉,4649,4,01,CHILDREN,FRIENDS,1,85.82,甘肃省,CONSUME,01,,33.694189,105.609412,ANDROID,,甘肃省陇南市成县抛沙镇G7011(十天高速),1
100000,,揭阳市,黄道彬个人工作室,Z,90,APP,2,28.9,M,汉,714,3,01,FATHER,FRIENDS,2,88.715,广东省,CONSUME,01,,23.28689,116.200091,ANDROID,,广东省揭阳市普宁市流沙南街道军马路,1
100000,,内江市,周波个人工作室,Z,90,APP,2,34.2,M,汉,6667,2,01,PARENTS,FATHER,1,71.0,四川省,CONSUME,01,,32.10726624587333,120.58849506474157,ANDROID,,江苏省南通市如皋市长江镇龙游路辅路,1
100000,403,信阳市,蜜雪冰城,H,54,APP,2,25.5,M,汉,764,2,01,FATHER,COLLEAGUE,2,71.0,河南省,CONSUME,01,,31.404856,116.330582,ANDROID,,安徽省六安市霍山县衡山镇诸佛庵东路10,1
100000,,齐齐哈尔市,个体工商户,C,24,XCX,2,38.1,M,汉,5271,4,01,MOTHER,COLLEAGUE,1,71.0,黑龙江省,CONSUME,01,,46.396122,123.417543,IOS,,黑龙江省齐齐哈尔市泰来县泰来镇东风路,1
100000,301,合肥市,安徽浩圣不锈钢装饰有限公司,E,24,APP,2,30.7,M,汉,5649,4,01,PARENTS,FRIENDS,2,71.0,安徽省,CONSUME,01,,31.905958,117.337106,ANDROID,,安徽省合肥市瑶海区七里塘街道月华路,1
100000,,梅州市,中海物业管理广州有限公司,Z,90,APP,2,37.9,M,汉,4071,2,01,FATHER,FRIENDS,2,87.808,广东省,CONSUME,01,,23.349582,113.297607,ANDROID,,广东省广州市白云区人和镇华榕北街,1
100000,,七台河市,人民医院,Z,90,APP,3,36.8,F,汉,4882,2,01,FATHER,MATE,1,85.109,黑龙江省,CONSUME,01,,45.7590777482197,130.98650654866026,ANDROID,,黑龙江省七台河市桃山区万宝河镇安康路,1
100000,,武汉市,匡芯个人工作室,Z,90,XCX,3,23.7,F,汉,2136,2,01,FATHER,MOTHER,2,71.0,湖北省,CONSUME,01,,35.878789692923138,119.97993512158631,ANDROID,,山东省青岛市黄岛区珠海街道中原街40-乙,1
100000,102,安康市,安康家友家居,C,24,APP,4,33.3,F,汉,6263,2,01,FATHER,COLLEAGUE,2,91.8246,陕西省,CONSUME,01,,32.72378481151196,109.01411132486597,ANDROID,,陕西省安康市汉滨区江北街道,1
100000,310,长沙市,湖南金色罗曼装饰建材有限公司,E,24,APP,3,32.1,M,汉,5652,4,01,FATHER,FRIENDS,1,71.0,湖南省,CONSUME,01,,28.352781,112.935271,ANDROID,,湖南省长沙市望城区丁字湾街道汤家湖路,1
100000,,邯郸市,上海有限公司,Z,90,APP,4,48.2,F,汉,5731,4,01,OTHER,OTHER,1,71.0,河北省,CONSUME,01,,31.26221554265125,121.50054548481896,ANDROID,,上海市虹口区北外滩街道安国路287号,1
100000,,嘉兴市,浙江东明不锈钢制品股份有限公司,Z,90,APP,4,27.7,F,汉,99,3,01,PARENTS,PARENTS,2,71.0,浙江省,CONSUME,01,,39.91337821522772,116.43848411427321,ANDROID,,北京市朝阳区朝外街道玉簪路,1
100000,105,梧州市,广西桂景国际旅行社有限公司,O,17,APP,3,32.5,M,汉,5297,3,,FATHER,MOTHER,2,71.0,广西壮族自治区,CONSUME,01,,22.826423,108.280821,ANDROID,,广西壮族自治区南宁市西乡塘区新阳街道上尧罗塘东巷,1
100000,103,常州市,江苏立达电梯有限公司,C,24,APP,3,35.2,M,汉,5808,2,01,FRIENDS,SIBLING,1,71.228,江苏省,CONSUME,01,,31.489841,119.531722,ANDROID,,江苏省常州市溧阳市埭头镇,1
100000,103,宿迁市,橙意网络科技公司,G,13,APP,4,28.1,F,汉,265,2,,FATHER,RELATIVES,2,71.0,江苏省,CONSUME,02,,31.181877,120.640759,ANDROID,,江苏省苏州市吴江区江陵街道江陵西路,1
100000,,重庆市,广州衡辉金属制品有限公司,C,24,XCX,3,27.9,M,汉,824,2,01,MOTHER,FATHER,2,76.959,重庆市,CONSUME,01,,23.29100341796875,113.26154812282986,ANDROID,,广东省广州市白云区人和镇清河流溪河堤路,1
100000,103,吕梁市,山西汾西矿业集团水峪煤业,C,24,APP,3,35.5,F,汉,4294,2,01,MOTHER,FATHER,1,71.0,山西省,CONSUME,01,,37.158002,111.790088,ANDROID,,山西省吕梁市孝义市崇文街道S223(永安路),1
100000,,阜新市,辽宁恒玉养马专业合作社,A,27,APP,3,40.2,F,满,3978,2,01,FATHER,FATHER,1,71.0,辽宁省,CONSUME,01,,42.374768,122.541488,ANDROID,,辽宁省阜新市彰武县彰武镇,1
100000,,天津市,天津伟浩科技有限公司,Z,90,XCX,4,32.8,F,汉,5516,3,01,PARENTS,FRIENDS,1,71.0,天津市,CONSUME,01,,39.12837013267166,117.09697117390583,ANDROID,,天津市西青区中北镇芥园西道,1
100000,102,保定市,顺丰速运,Z,90,APP,2,39.6,M,汉,4095,2,01,MATE,FRIENDS,1,71.0,河北省,CONSUME,01,,39.118915,115.845279,ANDROID,,河北省保定市容城县贾光乡,1
100000,,商丘市,申单单个人工作室,Z,90,XCX,2,42.4,F,汉,6319,4,01,FATHER,CHILDREN,1,82.7,河南省,CONSUME,01,,34.05998447453403,116.05790170911483,ANDROID,,河南省商丘市夏邑县业庙镇,1
100000,102,南昌市,南昌恒兴物业管理有限公司,L,17,XCX,4,36.7,F,汉,6642,4,01,MATE,MOTHER,1,87.814,江西省,CONSUME,01,,28.671520012535536,115.91942774291955,ANDROID,,江西省南昌市青山湖区上海路街道师大南路54-2号,1
100000,103,济南市,山东雄鑫路桥工程有限公司,E,24,APP,4,43.5,M,汉,6397,4,01,MATE,FRIENDS,1,71.0,山东省,CONSUME,01,,14.644719000146229,101.19293099999999,ANDROID,,"Mittraphap, Muak Lek, Saraburi, Thailand",1
100000,,清远市,佛山市明冈模具有限公司,C,24,APP,2,38.2,M,汉,4050,3,01,MATE,COLLEAGUE,1,71.0,广东省,CONSUME,02,,23.181382,113.084798,ANDROID,,广东省佛山市南海区狮山镇,1
100000,105,上海市,vfs签证,H,54,APP,4,26.1,M,汉,491,2,01,MOTHER,FRIENDS,2,71.0,上海市,CONSUME,01,,31.626781,121.203561,ANDROID,,江苏省苏州市太仓市浮桥镇滨江大道,1
100000,,梅州市,年年大丰收鱼庄,Z,90,XCX,3,26.7,M,汉,1351,2,01,PARENTS,COLLEAGUE,2,89.26,广东省,CONSUME,01,,24.266841495428616,116.14848806490497,ANDROID,,广东省梅州市梅江区三角镇圣山中路,1
100000,,淮北市,鑫悠创电子科技有限公司,Z,90,XCX,3,35.5,M,汉,4852,4,01,MATE,RELATIVES,1,71.0,安徽省,CONSUME,01,,22.602981804310749,113.21628749921583,ANDROID,,广东省中山市古镇镇福临街,1
100000,,西安市,潢川县辉达苗圃场,A,27,APP,3,33.9,M,汉,4787,3,01,MATE,FRIENDS,1,71.0,陕西省,CONSUME,01,,34.281648,108.995884,ANDROID,,陕西省西安市新城区胡家庙街道东站路,1
100000,,滁州市,春茗熙餐饮管理有限公司,I,54,APP,2,45.4,M,汉,2516,4,01,MATE,FRIENDS,1,71.0,安徽省,CONSUME,01,,32.126126126126124,118.29330798096795,ANDROID,,安徽省滁州市全椒县襄河镇G40(沪陕高速),1
100000,,安庆市,银企互汇（宁波）信息科技有限公司,Z,90,XCX,3,26.8,M,汉,3240,4,01,FATHER,COLLEAGUE,2,71.0,安徽省,CONSUME,01,,30.309891764322916,120.0616126844618,ANDROID,,浙江省杭州市西湖区三墩镇西园一路2号,1
100000,,南平市,吴敏个人工作室,Z,90,XCX,2,42.2,F,汉,4618,4,01,MATE,FATHER,3,71.0,福建省,CONSUME,01,,26.818918791218317,117.82964702780189,ANDROID,,福建省南平市顺昌县双溪街道,1
100000,,荆门市,谢氏木材,Z,90,APP,2,35.0,M,汉,5661,2,01,PARENTS,SIBLING,2,71.0,湖北省,CONSUME,01,,30.294909325566768,112.29998345078218,ANDROID,,湖北省荆州市沙市区联合乡西干渠路,1
100000,,亳州市,未注册公司,Z,90,APP,2,43.1,M,汉,6255,4,01,FATHER,FRIENDS,1,71.0,安徽省,CONSUME,01,,39.90052106266341,116.43556052457012,ANDROID,,北京市东城区东花市街道环二环绿道,1
100000,303,深圳市,深圳市方森园林花卉有限公司,E,24,XCX,4,43.3,M,汉,3329,3,01,MATE,FRIENDS,1,90.993,广东省,CONSUME,01,,22.588732036170908,113.9562809599472,ANDROID,,广东省深圳市南山区桃源街道大沙河碧道,1
100000,305,滁州市,南京乾元装饰有限公司,E,24,APP,3,34.5,M,汉,5827,3,01,COLLEAGUE,CHILDREN,1,71.0,安徽省,CONSUME,02,,31.913081,118.790767,ANDROID,,江苏省南京市江宁区秣陵街道S55(南京机场高速),1
100000,,扬州市,比亚迪汽车工业有限公司,Z,90,XCX,4,37.1,M,汉,6814,4,01,FATHER,SIBLING,2,71.0,江苏省,CONSUME,01,,22.676648,114.365506,ANDROID,,广东省深圳市坪山区马峦街道龙坪立交桥,1
100000,,宁波市,浩嘉电器,Z,90,APP,2,36.1,F,汉,5655,2,01,PARENTS,SIBLING,1,71.0,浙江省,CONSUME,01,,30.16697228859214,121.1343080003391,ANDROID,,浙江省宁波市余姚市朗霞街道环城南路辅路,1
100000,,赣州市,顺得利制衣厂,Z,90,XCX,3,46.0,M,汉,273,2,01,FATHER,FATHER,1,71.0,江西省,CONSUME,01,,25.721634385850695,114.77545301649306,ANDROID,,江西省赣州市南康区镜坝镇,1
100000,,乐清市,乐清市宇盛智能科技有限公司,Z,90,XCX,3,37.1,M,汉,3723,4,01,MOTHER,FRIENDS,2,71.0,浙江省,CONSUME,01,,28.08510788780886,120.86242425395568,ANDROID,,浙江省温州市乐清市白石街道环城东路,1
100000,,红河哈尼族彝族自治州,李平个人工作室,Z,90,XCX,2,34.0,M,彝,5167,4,01,MATE,MOTHER,1,71.0,云南省,CONSUME,01,,23.84831043684113,102.37063627607093,ANDROID,,云南省红河哈尼族彝族自治州石屏县大桥乡,1
100000,,潍坊市,临朐健一苗木种植园,Z,90,APP,3,37.1,M,汉,5402,3,01,PARENTS,SIBLING,2,71.0,山东省,CONSUME,01,,36.53781948008248,118.5616827491738,ANDROID,,山东省潍坊市临朐县东城街道G233(弥河大桥),1
100000,,嘉兴市,海宁汴禧商贸有限公司,H,54,APP,4,39.2,F,汉,4030,2,01,FATHER,FATHER,1,71.0,浙江省,CONSUME,01,,30.423413,120.348353,ANDROID,,浙江省嘉兴市海宁市许村镇锦绣路,1
100000,,廊坊市,章丘区林业局,S,11,APP,4,33.0,M,汉,5479,2,01,FATHER,FRIENDS,1,71.0,河北省,CONSUME,01,,36.715685,117.512775,ANDROID,,山东省济南市章丘区明水街道铁道北路,1
100000,,普洱市,墨江县雅邑中学,P,13,XCX,4,42.9,F,汉,4644,3,01,MOTHER,SIBLING,1,71.0,云南省,CONSUME,01,,23.414550781629,101.678176886376,ANDROID,,云南省普洱市墨江哈尼族自治县联珠镇G8511(昆磨高速),1
100000,,宜宾市,成都非常越餐饮管理有限公司,I,54,APP,2,25.4,M,汉,1114,2,01,FATHER,RELATIVES,2,71.0,四川省,CONSUME,01,,33.820838,120.42757,ANDROID,,江苏省盐城市射阳县黄沙港镇S329,1
100000,,滁州市,南京润乐人力资源有限公司,Z,90,XCX,4,34.1,M,汉,4575,2,01,MATE,SIBLING,1,71.0,安徽省,CONSUME,01,,32.31336848278392,118.58840748003739,IOS,,安徽省滁州市来安县大英镇,1
100000,,淮安市,华越新能源科技有限公司,Z,90,APP,3,24.5,M,汉,2083,4,01,COLLEAGUE,MATE,1,91.638,江苏省,CONSUME,01,,33.771732,119.28495,ANDROID,,江苏省淮安市涟水县涟城街道X105(北京路),1
100000,105,重庆市,飞凡广告有限公司,R,17,APP,2,35.6,M,汉,6983,2,01,FATHER,COLLEAGUE,2,88.868,重庆市,CONSUME,02,,23.054875,113.771728,ANDROID,,广东省东莞市莞城街道学院路285号,1
100000,,德宏傣族景颇族自治州,云南省德宏州芒市押运有限公司,Z,90,APP,2,40.8,M,汉,4872,4,01,MATE,FRIENDS,2,71.0,云南省,CONSUME,01,,33.78381,119.256011,ANDROID,,江苏省淮安市涟水县涟城街道涟州路辅路,1
100000,,北京市,曹辉个人工作室,Z,90,APP,3,47.3,M,汉,4109,4,,MOTHER,MATE,1,71.0,北京市,CONSUME,01,,39.387065,115.72208,ANDROID,,河北省保定市涞水县城区社区管理办公室街道解放路,1
100000,102,运城市,中驭北京生物工程有限公司,H,24,XCX,3,35.5,M,汉,6188,4,01,COLLEAGUE,FATHER,2,87.65,山西省,CONSUME,01,,39.825191093209028,116.454773560343440,ANDROID,,北京市朝阳区小红门(地区)乡小红门路辅路,1
100000,,潍坊市,自由鸟商贸,Z,90,APP,2,32.7,F,汉,6366,2,01,MATE,FRIENDS,1,71.0,山东省,CONSUME,01,,36.728316042743738,119.42195124003999,ANDROID,,山东省潍坊市寒亭区朱里街道,1
100000,,湛江市,陈宝玉个人工作室,Z,90,APP,3,46.5,F,汉,559,4,01,FRIENDS,COLLEAGUE,1,71.0,广东省,CONSUME,01,,20.337830331647478,110.21537930215248,ANDROID,,广东省湛江市徐闻县南山镇,1
100000,105,达州市,达州车务段,F,17,APP,2,37.2,M,汉,4141,3,01,MOTHER,FATHER,1,81.853,四川省,CONSUME,01,,31.197419,107.453558,ANDROID,,四川省达州市通川区朝阳街道秦巴大道西段,1
100000,,淮安市,夏前坤个人工作室,Z,90,XCX,3,26.5,M,汉,839,3,01,MATE,FRIENDS,1,84.082,江苏省,CONSUME,01,,31.268620062934026,121.43149007161459,ANDROID,,上海市普陀区甘泉路街道新村路167号,1
100000,105,临汾地区,农业银行山西分行,J,13,XCX,4,42.9,M,汉,4645,3,01,MATE,COLLEAGUE,1,71.0,山西省,CONSUME,01,,37.872164442274304,112.566416015625,ANDROID,,山西省太原市杏花岭区杏花岭街道府东街85号,1
100000,,吴忠市,南关社区,Z,90,XCX,4,26.5,F,汉,7151,2,01,SIBLING,PARENTS,1,80.074,宁夏回族自治区,CONSUME,01,,37.78667299868145,107.43198555497766,ANDROID,,宁夏回族自治区吴忠市盐池县花马池镇,1
100000,,重庆市,重庆三友恩力汽车底盘系统有限责任公司,Z,90,XCX,3,34.4,M,汉,263,2,01,PARENTS,MATE,1,71.0,重庆市,CONSUME,01,,29.846141221788194,106.0784765625,ANDROID,,重庆市铜梁区东城街道金龙大道,1
100000,,洛阳市,戴维斯物业第一分公司,L,17,APP,2,43.5,F,汉,4906,4,01,MOTHER,FRIENDS,1,71.0,河南省,CONSUME,01,,34.637799207899306,112.58596354166667,ANDROID,,河南省洛阳市洛龙区李村街道新源路,1
100000,102,徐州市,江苏筑融工程项目管理有限公司,E,24,XCX,4,37.7,M,汉,3868,3,01,MATE,SIBLING,1,76.938,江苏省,CONSUME,01,,34.26800568525333,117.23583485254969,ANDROID,,江苏省徐州市云龙区黄山街道玉华路,1
100000,,云浮市,李达强个人工作室,Z,90,XCX,2,31.6,M,汉,5772,4,01,MATE,COLLEAGUE,1,71.0,广东省,CONSUME,01,,22.556568908792355,111.5591583666876,ANDROID,,广东省云浮市罗定市罗平镇,1
100000,,河池市,广州市名车汇汽车配件有限公司,Z,90,XCX,3,41.0,M,汉,2705,4,01,PARENTS,FRIENDS,1,71.0,广西壮族自治区,CONSUME,01,,24.703029849576809,108.05211589584786,ANDROID,,广西壮族自治区河池市金城江区金城江街道解放西路,1
100000,102,信阳市,昆明云内动力,C,24,APP,3,32.6,M,汉,5796,2,01,COLLEAGUE,FRIENDS,2,90.27,河南省,CONSUME,02,,30.667326,120.638863,ANDROID,,浙江省嘉兴市秀洲区洪合镇,1
100000,,重庆市,重庆灯巢家居有限公司,C,24,XCX,3,31.2,M,汉,1428,3,01,FATHER,SIBLING,1,71.0,重庆市,CONSUME,01,,29.615570475260416,106.50339084201389,ANDROID,,重庆市渝北区大竹林街道G50(沪渝高速),1
100000,105,重庆市,杭州富盛车业,Z,90,APP,2,29.6,M,汉,466,3,01,FRIENDS,FRIENDS,2,71.0,重庆市,CONSUME,01,,30.32457812136168,120.08709108289226,ANDROID,,浙江省杭州市西湖区三墩镇古墩路1027号,1
100000,,资阳市,李成个人工作室,Z,90,XCX,2,36.3,M,汉,6269,2,01,OTHER,OTHER,1,71.0,四川省,CONSUME,01,,36.2254,113.1203,ANDROID,,山西省长治市潞州区大辛庄街道S102,1
100000,104,重庆市,北京瀞园花艺,A,27,APP,4,37.1,F,汉,4806,3,01,MOTHER,SIBLING,2,80.281,重庆市,CONSUME,01,,29.542735,106.51558,ANDROID,,重庆市渝中区大坪街道长江二路77号-3,1
100000,308,济南市,山东高数科技有限公司,G,13,XCX,3,29.5,M,汉,2242,4,01,MOTHER,FATHER,2,71.0,山东省,CONSUME,01,,36.69332333746812,117.08369648694957,ANDROID,,山东省济南市历城区东风街道祝甸路,1
100000,,齐齐哈尔市,逆光映像,Z,90,XCX,4,31.6,F,汉,5487,3,01,MATE,SIBLING,1,85.172,黑龙江省,CONSUME,01,,39.87323554281268,116.34022735484752,ANDROID,,北京市西城区广安门外街道鸭子桥路41-1号,1
100000,105,黄冈市,亿田鑫有限工公司,Z,90,APP,2,42.0,M,汉,4389,2,01,FRIENDS,FRIENDS,1,71.0,湖北省,CONSUME,01,,34.394236,109.06313,ANDROID,,陕西省西安市灞桥区新筑街道漕渠路,1
100000,,宁波市,盛世有限公司,Z,90,APP,2,38.7,F,汉,3778,4,01,SIBLING,MATE,1,71.0,浙江省,CONSUME,01,,29.881823,121.502776,ANDROID,,浙江省宁波市海曙区望春街道福瑞南路,1
100000,,黄冈市,陈泽航个人工作室,Z,90,XCX,2,35.0,M,汉,5704,2,,RELATIVES,FRIENDS,2,71.0,湖北省,CONSUME,02,,36.059885,103.795836,ANDROID,,甘肃省兰州市七里河区西园街道林家庄86号,1
100000,,周口市,龙记万家,Z,90,APP,3,25.1,M,汉,1930,4,01,RELATIVES,RELATIVES,2,71.0,河南省,CONSUME,01,,3,113.602889,ANDROID,,"Bintulu, Sarawak, Malaysia",1
100000,105,吉林市,万通药业,Z,90,XCX,4,33.3,M,汉,554,2,01,COLLEAGUE,SIBLING,2,71.0,吉林省,CONSUME,02,,31.170470962525255,121.47115882415634,ANDROID,,上海市浦东新区上钢新村街道耀华路657号,1
100000,102,邢台市,邢台襄都人力资源有限公司巨鹿分公司,O,17,APP,3,27.7,M,汉,470,4,01,MATE,FRIENDS,1,71.0,河北省,CONSUME,01,,37.22251,115.023684,ANDROID,,河北省邢台市巨鹿县巨鹿镇新兴西路,1
100000,,汕头市,张志强个人工作室,Z,90,XCX,2,43.7,M,汉,4206,4,01,MATE,SIBLING,1,71.0,广东省,CONSUME,01,,23.414765489679973,116.72452005926866,ANDROID,,广东省汕头市龙湖区龙祥街道泰山中路辅路,1
100000,105,南昌市,田木鲜果,Z,90,XCX,2,35.2,M,汉,4120,2,01,FRIENDS,FATHER,2,71.0,江西省,CONSUME,02,,29.851592,115.565578,ANDROID,,湖北省黄冈市武穴市武穴街道永宁大道东97号,1
100000,103,西双版纳傣族自治州,金色制胶厂,C,24,APP,2,32.5,F,哈尼,5333,2,01,COLLEAGUE,FATHER,3,71.0,云南省,CONSUME,02,,21.532427,101.376955,ANDROID,,云南省西双版纳傣族自治州勐腊县勐捧镇Y074,1
100000,,无锡市,宜兴市万辰电子信息科技有限公司,Z,90,APP,4,35.0,M,汉,4224,4,01,FATHER,FRIENDS,1,71.0,江苏省,CONSUME,01,,40.53946,116.360236,ANDROID,,北京市延庆区四海镇,1
100000,,讷河市,王美灵个人工作室,Z,90,APP,2,39.5,F,汉,4225,4,01,RELATIVES,RELATIVES,2,71.0,黑龙江省,CONSUME,01,,40.661783582899304,122.22073974609376,ANDROID,,辽宁省营口市西市区五台子街道体育场南街19-5号,1
100000,105,甘南藏族自治州,住房公积金,S,11,APP,2,34.2,M,藏,6929,2,01,FATHER,RELATIVES,2,82.36,甘肃省,CONSUME,01,,34.587102,103.496862,ANDROID,,甘肃省甘南藏族自治州卓尼县柳林镇朱扎路,1
100000,,荆州市,罗绍美个人工作室,Z,90,APP,2,46.8,F,汉,2863,3,01,COLLEAGUE,FATHER,1,71.0,湖北省,CONSUME,01,,29.240338,91.75841,ANDROID,,西藏自治区山南市乃东区泽当街道湖北大道27,1
100000,,沧州市,泊头市鸿蒙机械模具制造有限公司,C,24,APP,2,26.7,M,汉,531,3,01,FATHER,COLLEAGUE,1,71.0,河北省,CONSUME,01,,38.060908,116.642669,ANDROID,,河北省沧州市泊头市泊镇三井路辅路,1
100000,104,成都市,成都泽浩文化传播,Z,90,APP,4,39.1,M,汉,5845,3,01,MOTHER,SIBLING,2,71.0,四川省,CONSUME,01,,30.597477,114.351949,ANDROID,,湖北省武汉市洪山区和平街道铁机西路,1
100000,,白城市,赤峰凯丰农业有限公司,C,24,XCX,2,39.9,M,汉,4309,2,01,MATE,COLLEAGUE,1,85.498,吉林省,CONSUME,01,,44.46869113498264,120.67006618923611,ANDROID,,内蒙古自治区通辽市扎鲁特旗香山农场贸易街,1
100000,,上海市,统嘉企业管理有限公司,Z,90,XCX,3,30.4,F,汉,2005,2,01,PARENTS,FATHER,2,84.454,上海市,CONSUME,01,,31.338680462163905,121.26842978926794,ANDROID,,上海市嘉定区马陆镇裕民南路,1
100000,309,福州市,福建省通信产业服务有限公司,Z,90,XCX,4,32.9,F,汉,5781,3,,SIBLING,MATE,1,81.761,福建省,CONSUME,01,,26.089649597000837,119.35118877158368,ANDROID,,福建省福州市晋安区鼓山镇湖塘路,1
100000,103,重庆市,中国联合网络通信有限公司奉节县分公司,G,13,XCX,3,33.5,M,汉,4609,2,,FATHER,FRIENDS,1,88.717,重庆市,CONSUME,04,,31.01400417751736,109.47021511501737,ANDROID,,重庆市奉节县鱼复街道,1
100000,,崇左市,陈光元个人工作室,Z,90,XCX,3,46.8,M,壮,788,4,01,FRIENDS,FRIENDS,1,71.0,广西壮族自治区,CONSUME,01,,23.056962,107.149409,ANDROID,,广西壮族自治区崇左市天等县天等镇,1
100000,104,齐齐哈尔市,刘婵丽个人工作室,H,54,APP,2,43.8,F,汉,4155,2,01,FRIENDS,SIBLING,1,93.294,黑龙江省,CONSUME,01,,19.094598,108.683424,ANDROID,,海南省东方市八所镇解放东路,1
100000,,武汉市,浩嘉能物业管理公司,Z,90,APP,2,34.7,F,汉,4569,4,01,MATE,PARENTS,1,71.0,湖北省,CONSUME,01,,30.634767993604944,114.10749531655512,ANDROID,,湖北省武汉市东西湖区吴家山街道金山大道,1
100000,,南京市,南京市建邺区晟锦江食品经营部,H,54,APP,2,46.8,M,汉,164,4,01,MOTHER,MATE,1,71.0,江苏省,CONSUME,01,,32.01339659447932,118.77298866327689,ANDROID,,江苏省南京市秦淮区中华门街道中山南路689号,1
100000,103,滁州市,定远县永康镇靠山村百惠家超市,H,54,XCX,2,37.5,M,汉,4423,3,01,MATE,FATHER,1,71.0,安徽省,CONSUME,01,,32.60941948784722,117.39967258029515,ANDROID,,安徽省滁州市定远县永康镇,1
100000,105,承德市,李迎东个人工作室,Z,90,XCX,2,33.9,M,汉,6828,2,,MOTHER,FRIENDS,2,87.578,河北省,CONSUME,01,,40.743917,117.622299,ANDROID,,河北省承德市承德县鞍匠镇,1
100000,105,淮安市,淮安区城市管理局,Z,90,APP,3,38.2,F,汉,3587,2,01,RELATIVES,FRIENDS,2,71.0,江苏省,CONSUME,01,,33.50597873263889,119.14485243055556,ANDROID,,江苏省淮安市淮安区淮城街道东长街99号,1
100000,,抚州市,暂未提供公司,Z,90,XCX,2,34.4,F,汉,4596,4,01,FATHER,FRIENDS,1,71.0,江西省,CONSUME,01,,27.243821509860788,117.06132875079642,ANDROID,,江西省抚州市黎川县熊村镇,1
100000,,丽江市,云南安杰物业管理有限公司,L,17,XCX,3,44.4,M,汉,3913,4,01,SIBLING,SIBLING,,71.0,云南省,CONSUME,01,,26.633762479320784,101.27784696778072,ANDROID,,云南省丽江市华坪县中心镇,1
100000,,自贡市,星月艺术培训学校,Z,90,APP,3,27.3,F,汉,3023,4,01,FATHER,COLLEAGUE,2,71.0,四川省,CONSUME,01,,27.40331570095486,102.18253960503472,ANDROID,,四川省凉山彝族自治州德昌县德州街道交通路南段,1
100000,104,郴州市,深圳市恺恩科技有限公司,G,13,APP,2,24.4,M,汉,2681,3,,COLLEAGUE,SIBLING,2,77.143,湖南省,CONSUME,01,,30.290518,120.198991,ANDROID,,浙江省杭州市上城区笕桥街道天城路90-1号,1
100000,307,梧州市,深圳慧龙鑫精密制品有限公司,C,24,XCX,3,38.8,M,汉,4312,2,01,PARENTS,RELATIVES,2,91.672,广西壮族自治区,CONSUME,01,,22.718414171006945,113.91656955295139,ANDROID,,广东省深圳市光明区玉塘街道祥富二路,1
100000,105,咸宁市,道达科技有限公司,Z,90,APP,4,34.9,M,汉,6506,3,01,FATHER,FATHER,2,71.0,湖北省,CONSUME,01,,31.905196,120.287467,ANDROID,,江苏省无锡市江阴市澄江街道天鹤路162号,1
100000,102,昆明市,速捷通讯手机专卖店,Z,90,XCX,2,29.7,F,汉,6921,4,01,COLLEAGUE,FRIENDS,2,81.381,云南省,CONSUME,01,,24.800230034722222,102.62530137803819,ANDROID,,云南省昆明市西山区海口街道高蒋段,1
100000,,长春市,中铁三局五公司,Z,90,XCX,2,42.9,M,汉,6815,4,01,MATE,FRIENDS,1,71.0,吉林省,CONSUME,01,,41.68831076568174,124.86260583572677,ANDROID,,辽宁省抚顺市新宾满族自治县永陵镇S104(沈通线),1
100000,,吕梁市,山西金桃园煤焦化集团有限公司,C,24,XCX,2,29.5,F,汉,1593,2,01,MATE,FRIENDS,1,71.0,山西省,CONSUME,01,,37.560931,112.166742,ANDROID,,山西省吕梁市交城县天宁镇东环路,1
100000,,遂宁市,东莞市常平恰欣饰品厂,Z,90,XCX,2,39.6,M,汉,4570,4,01,MOTHER,FRIENDS,1,71.0,四川省,CONSUME,01,,22.918379512632926,114.0391910550993,ANDROID,,广东省东莞市黄江镇艺峰路,1
100000,,文山壮族苗族自治州,浙江杰斯特电源有限公司,C,24,APP,4,30.0,M,汉,2101,2,,FATHER,FRIENDS,1,79.604,云南省,CONSUME,04,,29.274037,119.46219,ANDROID,,浙江省金华市兰溪市女埠街道S317(女后线),1
100000,,邯郸市,天津富腾兴耀装饰材料有限公司,Z,90,XCX,3,42.9,M,汉,6745,4,01,FATHER,FRIENDS,1,71.0,河北省,CONSUME,01,,40.425181,116.345266,IOS,,北京市怀柔区九渡河镇,1
100000,,咸阳市,汽车凹陷修复工作室,Z,90,APP,3,41.6,M,汉,3815,2,01,FATHER,MATE,1,83.198,陕西省,CONSUME,01,,34.638778,108.950781,ANDROID,,陕西省咸阳市三原县城关街道G108(关中环线),1
100000,,南宁市,医科大二医院,Q,11,XCX,4,44.5,F,汉,4431,3,01,SIBLING,FRIENDS,1,84.979,广西壮族自治区,CONSUME,01,,22.81716037326389,108.38731662326389,ANDROID,,广西壮族自治区南宁市青秀区南湖街道景秀路,1
100000,104,厦门市,厦门清韵琼华文化传媒有限公司,Z,90,APP,4,38.4,F,汉,5326,4,,MOTHER,SIBLING,2,71.0,福建省,CONSUME,04,,24.492992,118.027916,ANDROID,,福建省厦门市海沧区海沧街道沧林二路409号,1
100000,,宁波市,余姚市童钱茶叶厂,Z,90,XCX,2,33.3,M,汉,7160,3,01,MATE,PARENTS,1,90.63,浙江省,CONSUME,01,,30.0353371137111,121.01214103461823,ANDROID,,浙江省宁波市余姚市牟山镇,1
100000,,定西市,甘肃省定西市通渭县公安局交通警察大队,Z,90,APP,3,27.4,M,汉,246,4,01,FATHER,FRIENDS,2,71.0,甘肃省,CONSUME,01,,35.21362045455213,105.25155799726888,ANDROID,,甘肃省定西市通渭县平襄镇通渭互通立交桥,1
100000,,兰州市,兰州杉杉奥特莱斯,Z,90,XCX,4,34.6,F,汉,5510,3,01,MATE,FRIENDS,1,71.0,甘肃省,CONSUME,01,,36.06506329295219,103.84426962311068,ANDROID,,甘肃省兰州市城关区广武门街道兰州握桥,1
100000,,上饶市,灵活就业者,Z,90,XCX,4,39.1,M,汉,4329,4,01,MATE,SIBLING,,94.26,江西省,CONSUME,01,,28.296784,117.714759,ANDROID,,江西省上饶市铅山县河口镇仕铨大道,1
100000,,济南市,济南市济阳区琦琳升降机械厂,C,24,APP,3,35.2,M,汉,5569,3,01,MATE,COLLEAGUE,1,71.0,山东省,CONSUME,01,,36.375158,120.384141,ANDROID,,山东省青岛市即墨区通济街道淮涉河二路辅路,1
100000,103,铜仁市,朱砂世家,Z,90,XCX,3,29.3,F,壮,6311,2,01,RELATIVES,FRIENDS,2,71.0,贵州省,CONSUME,01,,27.82415,108.771555,ANDROID,,贵州省铜仁市江口县太平镇X508,1
100000,,邯郸市,武安扶摇书店,Z,90,APP,4,31.2,F,汉,943,2,01,FATHER,FRIENDS,2,71.0,河北省,CONSUME,01,,36.688251,114.19499,ANDROID,,河北省邯郸市武安市武安镇桥西路589号,1
100000,105,长治市,鑫盛防腐木厂,C,24,XCX,3,32.1,F,汉,6291,4,01,PARENTS,MATE,1,87.996,山西省,CONSUME,01,,34.740058,113.867566,ANDROID,,河南省郑州市中牟县白沙街道青年路,1
100000,103,蚌埠市,江苏国望高科纤维有限公司,C,24,APP,2,27.3,M,汉,1162,4,01,MATE,FRIENDS,2,71.0,安徽省,CONSUME,01,,31.945013,117.339465,ANDROID,,安徽省合肥市瑶海区三十头街道通淮南路,1
100000,,六盘水市,联通公司,G,13,APP,4,36.5,F,汉,4169,2,01,MOTHER,CHILDREN,1,80.584,贵州省,CONSUME,01,,26.54144,104.90212,ANDROID,,贵州省六盘水市水城区石龙街道G356(红桥大道),1
100000,,商丘市,比依电器股份有限公司,Z,90,XCX,2,32.6,M,汉,350,2,01,MATE,SIBLING,1,71.0,河南省,CONSUME,01,,30.053740935066146,121.17920631922921,ANDROID,,浙江省宁波市余姚市凤山街道东梅线,1
100000,,石首市,摩曼北京商贸有限公司,H,54,APP,3,36.0,M,汉,5964,4,01,PARENTS,FRIENDS,1,71.0,湖北省,CONSUME,01,,29.680145934591935,112.45182745844832,ANDROID,,湖北省荆州市石首市笔架山街道白莲湖服务区,1
100000,102,杭州市,桐庐回头客餐饮管理有限公司,I,54,APP,4,32.7,M,汉,680,2,01,FATHER,FRIENDS,1,71.0,浙江省,CONSUME,02,,29.852015,119.810307,ANDROID,,浙江省杭州市桐庐县江南镇G25(长深高速),1
100000,,周口市,苑华林个人工作室,Z,90,APP,2,47.2,M,汉,5956,2,01,MATE,COLLEAGUE,1,71.0,河南省,CONSUME,01,,39.460122,75.985331,ANDROID,,新疆维吾尔自治区喀什地区喀什市库木代尔瓦扎街道塔西巴扎路,1
100000,105,安康市,嘉邻物业,Z,90,APP,2,28.2,M,汉,6852,4,01,MATE,FATHER,2,71.0,陕西省,CONSUME,01,,22.559711,113.898204,ANDROID,,广东省深圳市宝安区新安街道海乐路37号,1
100000,,太原市,北京鑫海利恒科技有限公司,Z,90,APP,4,41.1,M,汉,3252,4,01,SIBLING,FRIENDS,3,71.0,山西省,CONSUME,01,,39.91243375634513,116.46321254417969,ANDROID,,北京市朝阳区呼家楼街道光华路北3号楼,1
100000,,济宁市,养殖有限公司,Z,90,APP,3,35.7,M,汉,4294,4,01,FATHER,FRIENDS,1,71.0,山东省,CONSUME,01,,39.812842071424018,116.44773597779127,ANDROID,,北京市大兴区旧宫(地区)镇宣颐路,1
100000,104,常州市,常州市捷达通信设备有限公司,C,24,APP,4,46.0,M,汉,6238,4,01,MOTHER,FRIENDS,1,81.816,江苏省,CONSUME,01,,31.701052,119.956927,ANDROID,,江苏省常州市武进区湖塘镇延政中大道辅路,1
100000,,沧州市,杨再起个人工作室,H,54,XCX,2,29.3,M,汉,2280,2,01,MATE,FRIENDS,1,71.0,河北省,CONSUME,01,,38.227255,116.952246,ANDROID,,河北省沧州市沧县汪家铺镇,1
100000,,本溪市,沈阳福林特种变压器有限公司,C,24,APP,2,35.0,M,汉,6409,4,,FATHER,COLLEAGUE,2,98.1,辽宁省,CONSUME,01,,41.6681484561683,123.35775483354273,ANDROID,,辽宁省沈阳市苏家屯区中兴街道雪莲街68号-7门,1
100000,,泰州市,中石化镇海炼化分公司,Z,90,APP,4,37.9,M,汉,3951,3,01,FRIENDS,FRIENDS,3,71.0,江苏省,CONSUME,01,,29.98445289594904,121.69803588178073,ANDROID,,浙江省宁波市镇海区蛟川街道大安路,1
100000,,巴中市,北京威克逊顾问有限公司,Z,90,APP,3,29.1,M,汉,644,4,01,PARENTS,FRIENDS,2,71.0,四川省,CONSUME,01,,39.91319363100576,116.47170045189682,ANDROID,,北京市朝阳区呼家楼街道西大望路北5号,1
100000,102,佛山市,佛山市三水源兴发金属材料有限公司,C,24,APP,3,38.1,M,汉,3549,2,01,FATHER,MOTHER,1,71.0,广东省,CONSUME,01,,23.04253,113.070386,ANDROID,,广东省佛山市禅城区张槎街道玉带路48号,1
100000,,新乡市,河南佳尔康医疗器械有限公司,H,54,XCX,3,38.9,M,汉,2849,3,,MATE,SIBLING,1,71.0,河南省,CONSUME,01,,35.22174696180556,114.63871826171875,ANDROID,,河南省新乡市长垣市蒲北街道S220(惠济路),1
100000,,陇南市,韩家坝艺术幼儿园,P,13,XCX,2,35.5,F,汉,5873,2,01,FATHER,FATHER,1,71.0,甘肃省,CONSUME,01,,31.48656955295139,104.7544330512153,IOS,,四川省绵阳市游仙区涪江街道滨江东路南段,1
100000,105,长春市,中国交通轨道建设有限公司,Z,90,APP,3,36.2,M,汉,4449,3,,FATHER,FATHER,1,81.736,吉林省,CONSUME,01,,44.527974,125.732415,ANDROID,,吉林省长春市德惠市胜利街道东风路,1
100000,103,连云港市,于双久个人工作室,Z,90,APP,2,37.1,M,汉,4147,4,01,FATHER,SIBLING,1,90.595,江苏省,CONSUME,02,,31.717332,119.91521,ANDROID,,江苏省常州市武进区湖塘镇大坝路,1
100000,,廊坊市,廊坊市鸿炫印刷有限公司,Z,90,XCX,3,32.1,M,汉,5780,2,01,RELATIVES,FRIENDS,2,71.0,河北省,CONSUME,01,,39.526159764040517,116.70963326617275,IOS,,河北省廊坊市广阳区解放道街道爱民东道辅路,1
100000,105,延安市,张云磊个人工作室,Z,90,APP,2,38.3,M,汉,5120,2,,MATE,FRIENDS,1,71.0,陕西省,CONSUME,04,,36.66871,109.438212,ANDROID,,陕西省延安市宝塔区河庄坪镇G6522(阿北高速),1
100000,102,东莞市,东莞市顺海船舶有限运输公司,Z,90,XCX,2,30.4,M,汉,6801,2,,FATHER,FRIENDS,2,84.546,广东省,CONSUME,01,,23.062462836371527,113.58672905815972,ANDROID,,广东省东莞市麻涌镇新太路,1
100000,,四平市,青海捷程建筑公司,Z,90,XCX,3,40.0,F,汉,5663,4,01,FATHER,FRIENDS,2,71.0,吉林省,CONSUME,01,,39.810527,116.3413,IOS,,北京市丰台区花乡街道京开辅路,1
100000,102,甘南藏族自治州,纳浪镇九年制学校,Z,90,APP,4,37.7,M,藏,3801,2,01,FRIENDS,RELATIVES,2,71.0,甘肃省,CONSUME,01,,34.583212,103.511271,ANDROID,,甘肃省甘南藏族自治州卓尼县柳林镇唐嘎街,1
100000,,宁波市,家家旺超市,H,54,APP,3,47.0,F,汉,300,2,01,MOTHER,SIBLING,2,71.0,浙江省,CONSUME,01,,29.869680401495,121.549186716112,ANDROID,,浙江省宁波市海曙区江厦街道药行街139号2901,1
100000,103,泉州市,泉州敦雅贸易有限公司,C,24,XCX,2,38.6,F,汉,5080,3,01,RELATIVES,COLLEAGUE,2,71.0,福建省,CONSUME,01,,24.899755,118.561895,ANDROID,,福建省泉州市鲤城区江南街道火炬街165号,1
100000,,南昌市,南昌市第一医院,Z,90,XCX,4,39.9,M,汉,5110,4,01,FATHER,FATHER,2,71.0,江西省,CONSUME,01,,28.64299506293403,115.8686824544271,IOS,,江西省南昌市西湖区桃花街道丹桂路,1
100000,,钦州市,黄幸新个人工作室,Z,90,APP,2,38.2,M,汉,4163,3,01,MATE,SIBLING,1,71.0,广西壮族自治区,CONSUME,01,,21.904696,108.894629,ANDROID,,广西壮族自治区钦州市钦南区丽光华侨农场,1
100000,,三亚市,三亚市天涯区德叔生腌餐饮业店,I,54,APP,2,32.9,M,汉,6599,4,01,SIBLING,FRIENDS,1,71.0,海南省,CONSUME,01,,18.268958,109.50749,ANDROID,,海南省三亚市吉阳区规划支路,1
100000,,湘潭市,上海红星美凯龙品牌管理有限公司,Z,90,APP,4,38.4,F,汉,4340,3,01,SIBLING,FRIENDS,1,71.0,湖南省,CONSUME,01,,27.86291191989843,112.97717695689194,ANDROID,,湖南省湘潭市岳塘区板塘街道板马路,1
100000,,滁州市,滁州金地集团有限公司,H,54,APP,3,36.3,M,汉,4234,4,01,FATHER,FRIENDS,1,71.0,安徽省,CONSUME,01,,32.29194064670139,118.3169203016493,ANDROID,,安徽省滁州市南谯区银花街道凤谯路,1
100000,103,芜湖市,郭淑芬火锅店,I,54,XCX,4,32.6,M,汉,854,4,01,MATE,SIBLING,1,71.0,安徽省,CONSUME,01,,31.89809136284722,120.24233995225694,ANDROID,,江苏省无锡市江阴市澄江街道文富南路,1
100000,,广安市,重庆捷江药品物流有限公司,Z,90,APP,2,45.8,M,汉,1180,2,01,FRIENDS,FRIENDS,1,71.0,四川省,CONSUME,01,,29.545961597796564,106.52827677159375,ANDROID,,重庆市渝中区两路口街道龙家湾隧道,1
100000,102,哈尔滨市,国药集团黑龙江省医疗器械有限公司,Z,90,XCX,4,30.7,M,汉,1247,3,,PARENTS,FRIENDS,2,71.0,黑龙江省,CONSUME,01,,45.74577419704861,126.58826714409722,ANDROID,,黑龙江省哈尔滨市道里区建国街道松柏街73号,1
100000,,承德市,怡海花园达丰物业,L,17,APP,3,47.6,M,汉,816,2,01,MATE,FRIENDS,1,71.0,河北省,CONSUME,02,,39.84006342852669,116.30798470316242,ANDROID,,北京市丰台区新村街道樊羊路,1
100000,102,上海市,上汽通用汽车有限公司,Z,90,APP,3,42.1,M,汉,3746,2,,MATE,SIBLING,1,80.642,上海市,CONSUME,01,,31.278464,121.622115,ANDROID,,上海市浦东新区金桥镇X574(申江路),1
100000,,淮安市,侯中青个人工作室,Z,90,APP,4,47.0,M,汉,5673,3,01,MATE,FRIENDS,2,71.0,江苏省,CONSUME,01,,31.96265359809823,118.74238358913397,ANDROID,,江苏省南京市雨花台区铁心桥街道春晓路,1
100000,103,安顺市,康复中心,Z,90,APP,2,28.2,M,仡佬,145,4,01,COLLEAGUE,FRIENDS,2,71.0,贵州省,CONSUME,01,,30.503794,120.349437,ANDROID,,浙江省嘉兴市桐乡市大麻镇唐家角桥,1
100000,,玉林市,王蒂生个人工作室,Z,90,APP,2,24.7,M,汉,1232,4,01,SIBLING,FRIENDS,2,71.0,广西壮族自治区,CONSUME,01,,23.05381910659795,114.08834685274019,ANDROID,,广东省东莞市企石镇建圹路,1
100000,103,贵阳市,点石家装,E,24,XCX,4,28.2,F,汉,1498,2,,PARENTS,FATHER,2,74.323,贵州省,CONSUME,01,,26.579932893182858,106.71870863179116,ANDROID,,贵州省贵阳市南明区西湖社区中山东路184,1
100000,,淮安市,大都会寿险,J,13,APP,3,31.2,F,汉,5680,4,01,MOTHER,MATE,1,71.0,江苏省,CONSUME,01,,33.29693467881945,118.8615185546875,ANDROID,,江苏省淮安市洪泽区高良涧街道洪泽湖大道,1
100000,309,滁州市,12345市政中心,C,24,APP,3,26.2,M,汉,547,2,,FATHER,MOTHER,2,71.0,安徽省,CONSUME,01,,32.263818,118.354033,ANDROID,,安徽省滁州市南谯区同乐街道紫薇中路,1
100000,105,济南市,山东海晔文化传媒有限公司,Z,90,XCX,4,42.6,F,汉,4947,3,01,MATE,FRIENDS,1,71.0,山东省,CONSUME,01,,36.67216295004278,117.08256731389553,ANDROID,,山东省济南市历下区姚家街道文敏街,1
100000,,黔西南布依族苗族自治州,刘丽个人工作室,Z,90,XCX,3,36.8,F,汉,3766,3,01,RELATIVES,CHILDREN,1,71.0,贵州省,CONSUME,01,,25.499298502604166,105.12383056640626,ANDROID,,贵州省黔西南布依族苗族自治州兴仁市潘家庄镇,1
100000,403,衡阳市,佛山市三水山摩无机材料有限公司,C,24,APP,4,41.0,M,汉,6183,4,01,SIBLING,COLLEAGUE,2,71.0,湖南省,CONSUME,02,,26.718414,111.954619,ANDROID,,湖南省衡阳市祁东县灵官镇,1
100000,,北京市,北京英敦咨询有限责任公司,L,17,APP,4,44.0,M,汉,3659,2,01,MATE,FRIENDS,2,71.0,北京市,CONSUME,01,,39.86940999348958,116.37219346788194,ANDROID,,北京市丰台区右安门街道幸福三巷17号,1
100000,,西安市,中国太平洋保险公司,R,17,APP,4,39.3,M,汉,3986,3,01,FATHER,SIBLING,2,71.0,陕西省,CONSUME,01,,34.307598,108.952861,ANDROID,,陕西省西安市未央区大明宫街道凝晖巷,1
100000,,上海市,上海大样环境设计有限公司,Z,90,XCX,4,39.4,F,汉,4455,3,01,MATE,FRIENDS,1,71.0,上海市,CONSUME,01,,31.318782122599655,121.44490388907066,ANDROID,,上海市静安区彭浦新村街道共和新路4605弄-3号,1
100000,102,台州市,美团配送,Z,90,APP,3,43.3,M,汉,3857,3,01,COLLEAGUE,FRIENDS,2,71.0,浙江省,CONSUME,01,,28.382677,121.386182,ANDROID,,浙江省台州市温岭市城东街道东环路,1
100000,,滨州市,山东远新轮胎有限公司,C,24,APP,2,35.3,M,汉,4595,2,01,PARENTS,COLLEAGUE,2,71.0,山东省,CONSUME,01,,36.81989127646192,118.31967098999825,ANDROID,,山东省淄博市临淄区闻韶街道临淄大道,1
100000,,安陆市,仰建军个人工作室,E,24,APP,3,47.8,M,汉,465,4,01,RELATIVES,RELATIVES,1,71.0,湖北省,CONSUME,01,,31.190799424913195,113.66947781032987,ANDROID,,湖北省孝感市安陆市南城街道,1
100000,104,昭通市,清真餐厅,I,54,APP,4,23.6,M,汉,2278,2,01,MATE,RELATIVES,2,86.704,云南省,CONSUME,01,,25.039060190496984,102.76918159061171,IOS,,云南省昆明市官渡区金马街道虹桥路,1
100000,102,遂宁市,启帆科创,H,54,APP,3,25.8,M,汉,536,2,01,FATHER,FRIENDS,2,71.0,四川省,CONSUME,01,,30.447947319878473,105.58615478515625,ANDROID,,四川省遂宁市船山区保升镇新开寺路,1
100000,,庆阳市,镇原县方山乡政府,S,11,APP,4,36.5,M,汉,6896,2,01,FATHER,SIBLING,1,71.0,甘肃省,CONSUME,01,,35.976148,107.215169,ANDROID,,甘肃省庆阳市镇原县方山乡,1
100000,105,唐山市,孙帅个人工作室,H,54,APP,3,29.1,M,汉,203,2,01,FATHER,MOTHER,2,85.335,河北省,CONSUME,01,,39.293705421168898,118.4497615212251,ANDROID,,河北省唐山市曹妃甸区唐海镇,1
100000,,庆阳市,永昌县公安局,Z,90,APP,3,27.6,M,汉,2396,2,01,MOTHER,COLLEAGUE,2,71.0,甘肃省,CONSUME,01,,38.25960230542448,101.97816280487224,ANDROID,,甘肃省金昌市永昌县城关镇,1
100000,,韶关市,广东天进新材料有限公司,Z,90,XCX,2,26.6,M,汉,1185,2,01,PARENTS,FRIENDS,2,71.0,广东省,CONSUME,01,,22.954629333428906,112.84122868199684,ANDROID,,广东省佛山市高明区荷城街道S5(莞佛高速),1
100000,,遂宁市,英发科技有限公司,G,13,APP,3,29.1,M,汉,6398,2,01,MATE,RELATIVES,1,75.33258,四川省,CONSUME,01,,28.66369684559489,103.8453105906017,ANDROID,,云南省昭通市绥江县南岸镇,1
100000,105,南充市,浙江丹鸟物流科技有限公司,Z,90,XCX,4,37.2,M,汉,4906,4,01,FATHER,COLLEAGUE,1,73.934,四川省,CONSUME,01,,30.610429416232638,103.97195448133681,ANDROID,,四川省成都市武侯区金花桥街道草金路4号,1
100000,,长治市,常州亨瑞源企业管理有限公司,Z,90,XCX,3,46.4,M,汉,724,4,01,RELATIVES,RELATIVES,1,71.0,山西省,CONSUME,01,,3,119.84882,ANDROID,,[],1
100000,,抚州市,张珊明个人工作室,Z,90,APP,2,30.9,M,汉,1135,4,01,MOTHER,FATHER,2,86.231,江西省,CONSUME,01,,23.459376,113.393168,ANDROID,,广东省广州市花都区花东镇,1
100000,,南充市,华亿五金有限公司,Z,90,XCX,4,35.8,M,汉,4091,3,01,MATE,PARENTS,1,71.0,四川省,CONSUME,01,,24.348510655251613,102.52518992230881,ANDROID,,云南省玉溪市红塔区玉带街道玉龙路,1
100000,,常德市,杭州海程瑞达地毯有限公司,C,24,XCX,3,40.6,F,汉,4547,3,01,FATHER,OTHER,2,71.0,湖南省,CONSUME,01,,39.580876,117.163627,ANDROID,,天津市武清区河北屯镇东区十九排,1
100000,307,阳江市,赣州广浔物流科技有限公司,F,17,APP,4,37.6,M,汉,3923,4,01,MATE,MOTHER,1,71.0,广东省,CONSUME,01,,22.261421,109.53574,ANDROID,,广西壮族自治区钦州市浦北县小江街道,1
100000,,齐齐哈尔市,铁锋区汇博广场多利童装,C,24,APP,3,42.4,F,汉,3688,2,,FATHER,COLLEAGUE,2,71.0,黑龙江省,CONSUME,01,,47.359496,123.963999,IOS,,黑龙江省齐齐哈尔市建华区建设街道军校街辅路,1
100000,,安庆市,张家港菲俊服装厂,Z,90,XCX,4,36.1,M,汉,4708,3,01,MATE,FRIENDS,1,71.0,安徽省,CONSUME,01,,31.702686767646069,120.857847045073,ANDROID,,江苏省苏州市常熟市梅李镇梅西路68号,1
100000,,惠州市,陈素英个人工作室,Z,90,APP,2,32.3,F,汉,6767,4,01,MATE,PARENTS,1,71.0,广东省,CONSUME,01,,22.75240666118607,114.97272486569939,ANDROID,,广东省惠州市惠东县黄埠镇稔平环岛高速,1
100000,403,亳州市,侯梦梦个人工作室,Z,90,APP,2,29.1,F,汉,1140,4,01,MATE,FATHER,1,71.0,安徽省,CONSUME,01,,29.238831687406426,119.98066886683891,ANDROID,,浙江省金华市义乌市义亭镇同和路,1
100000,103,益阳市,湖南欧音文化传媒有限公司,R,17,XCX,2,24.6,F,汉,1541,2,01,FATHER,RELATIVES,2,89.194,湖南省,CONSUME,01,,28.17970993617272,113.0389409978195,IOS,,湖南省长沙市雨花区黎托街道圭塘河路,1
100000,,威海市,集结尚品海鲜自助烤肉,I,54,XCX,2,38.0,M,,5614,2,01,FATHER,FRIENDS,3,71.0,山东省,CONSUME,01,,37.48162217881944,122.01914116753473,ANDROID,,山东省威海市环翠区张村镇火炬南路,0
100000,,淮南市,寿县书荣药房,H,54,XCX,4,37.6,M,汉,4952,4,01,FATHER,FRIENDS,1,71.0,安徽省,CONSUME,01,,31.999542175429285,116.77820936982116,ANDROID,,安徽省淮南市寿县三觉镇S23(德上高速),1
100000,,长春市,新津北星轨道车辆配件有限公司,Z,90,APP,2,29.0,M,汉,1398,3,01,RELATIVES,COLLEAGUE,2,71.0,吉林省,CONSUME,01,,30.351768,103.887499,ANDROID,,四川省成都市新津区普兴街道平塘西路辅路,1
100000,102,张掖市,张掖市财政局,S,11,APP,4,45.1,F,汉,616,3,,FATHER,MATE,1,71.0,甘肃省,CONSUME,01,,38.934344,100.442313,ANDROID,,甘肃省张掖市甘州区新墩镇西环路219,1
100000,102,眉山市,特区建工,E,24,APP,3,36.0,M,汉,4424,2,01,MATE,COLLEAGUE,1,78.817,四川省,CONSUME,02,,22.708246239592,114.228996282806,ANDROID,,广东省深圳市龙岗区龙城街道怡翠路,1
100000,103,清远市,佛山三区西南街道群兴民资店,H,54,XCX,2,44.5,M,汉,1880,3,01,RELATIVES,FRIENDS,1,71.0,广东省,CONSUME,01,,28.187879075554748,113.05033981347352,ANDROID,,湖南省长沙市雨花区黎托街道长善路,1
100000,,红河哈尼族彝族自治州,敬悦装饰店,Z,90,XCX,2,36.1,M,汉,3951,2,01,FATHER,FRIENDS,1,96.56248,云南省,CONSUME,01,,23.373244763508326,102.42487352098778,ANDROID,,云南省红河哈尼族彝族自治州红河县迤萨镇环城北路,1
100000,102,重庆市,重庆博创照明工程有限公司,C,24,APP,2,34.6,M,汉,4646,2,01,FATHER,FATHER,2,71.0,重庆市,CONSUME,01,,29.588416,106.571211,ANDROID,,重庆市江北区五里店街道北滨二路,1
100000,,沈阳市,无工作单位,Z,90,XCX,4,39.9,F,满,3216,3,01,MATE,FRIENDS,1,71.0,辽宁省,CONSUME,01,,41.801820148624468,123.47199342321325,ANDROID,,辽宁省沈阳市大东区津桥街道东边城街32号,1
100000,,喀什地区,重庆重报泸州美团专送,Z,90,APP,3,26.9,M,汉,544,4,01,FATHER,COLLEAGUE,2,71.0,新疆维吾尔自治区,CONSUME,01,,39.127708,77.964239,ANDROID,,新疆维吾尔自治区喀什地区麦盖提县兵团四十五团前进路,1
100000,103,清远市,佛山市南海名亮电机制造厂,Z,90,XCX,2,28.9,M,汉,643,2,,MOTHER,FRIENDS,2,71.0,广东省,CONSUME,03,,22.943229111818409,113.88154626879198,ANDROID,,广东省东莞市大朗镇翠竹路,1
100000,105,武威市,赵宗忠个人工作室,Z,90,APP,2,43.9,M,汉,5814,2,01,MATE,FRIENDS,1,71.0,甘肃省,CONSUME,02,,37.945407,102.638238,ANDROID,,甘肃省武威市凉州区金羊镇天祝街辅路,1
100000,,平凉市,姜忠刚个人工作室,Z,90,APP,2,45.1,M,汉,1155,4,01,MATE,FATHER,1,71.0,甘肃省,CONSUME,01,,35.1268625533196,107.51236095820924,ANDROID,,甘肃省平凉市灵台县西屯镇,1
100000,,承德市,隆化县董记饭店,Z,90,APP,3,33.8,M,满,4880,4,01,PARENTS,FRIENDS,1,71.0,河北省,CONSUME,01,,39.87372186907864,116.47276675017712,ANDROID,,北京市朝阳区南磨房(地区)乡科学楼西路,1
100000,307,北京市,丰台环卫中心东铁营环卫所,Z,90,APP,4,47.2,M,汉,6147,4,01,FRIENDS,RELATIVES,1,71.0,北京市,CONSUME,01,,39.964924,116.413655,ANDROID,,北京市朝阳区和平街街道和平里西街辅路,1
100000,,四平市,魔豆鱼7分店,Z,90,XCX,2,27.5,M,汉,2385,2,01,MATE,PARENTS,1,71.0,吉林省,CONSUME,01,,43.512287326388886,123.49586127387153,ANDROID,,吉林省四平市双辽市辽北街道北兴路,1
100000,,蚌埠市,东海怡品,R,17,XCX,2,42.1,M,汉,4449,3,01,FRIENDS,FRIENDS,2,71.0,安徽省,CONSUME,01,,29.870144,121.550888,IOS,,浙江省宁波市海曙区江厦街道水晶街19号,1
100000,,南京市,杭州易眠科技有限公司,Z,90,XCX,4,32.2,M,汉,281,4,01,FRIENDS,FRIENDS,2,71.0,江苏省,CONSUME,01,,30.337060551455666,120.18013642409307,ANDROID,,浙江省杭州市拱墅区石桥街道永清路82,1
100000,103,海口市,海口丽文贸易有限公司,C,24,APP,3,43.6,F,汉,4917,2,01,FATHER,MATE,1,71.0,海南省,CONSUME,02,,20.018635,110.359195,ANDROID,,海南省海口市琼山区国兴街道海府立交桥,1
100000,,天津市,天津筑兴筑达工程机械设备租赁有限公司,Z,90,XCX,3,38.3,F,汉,4631,4,01,SIBLING,PARENTS,3,71.0,天津市,CONSUME,01,,39.393374804318728,117.09329008940419,ANDROID,,天津市武清区徐官屯街道S324(武宁线),1
100000,105,常德市,王俊夫个人工作室,Z,90,XCX,3,36.1,M,汉,3812,3,,MATE,MOTHER,1,71.0,湖南省,CONSUME,01,,28.232924422655917,112.88671392373728,ANDROID,,湖南省长沙市岳麓区天顶街道望青路,1
100000,,武汉市,武汉青城剑威有限公司,Z,90,XCX,2,36.8,M,汉,3785,2,,MOTHER,RELATIVES,2,71.0,湖北省,CONSUME,01,,30.598661024305557,114.38453857421875,ANDROID,,湖北省武汉市洪山区和平街道丰园路,1
100000,,齐齐哈尔市,杨坤个人工作室,Z,90,APP,2,46.2,F,汉,423,4,01,MATE,MOTHER,1,95.072,黑龙江省,CONSUME,01,,46.010143588732109,126.612697050096,ANDROID,,黑龙江省哈尔滨市呼兰区呼兰街道G222(呼白路),1
100000,301,达州市,千悦餐饮管理有限公司,I,54,APP,2,34.3,M,汉,6359,2,,SIBLING,RELATIVES,2,83.493,四川省,CONSUME,03,,22.544278,113.986537,ANDROID,,广东省深圳市南山区沙河街道侨香路辅路,1
100000,,临沧市,沃随不锈钢制品有限公司,Z,90,APP,2,28.7,M,汉,771,3,01,SIBLING,OTHER,2,71.0,云南省,CONSUME,01,,31.029268533730403,121.62085555464981,ANDROID,,上海市浦东新区新场镇桃花园路,1
100000,,昭通市,宏泽电镀,Z,90,APP,2,42.6,M,汉,6884,4,01,SIBLING,FRIENDS,1,71.0,云南省,CONSUME,01,,30.12969828065599,121.53679099184257,ANDROID,,浙江省宁波市慈溪市龙山镇,1
100000,,惠州市,澳头第六小学,Z,90,XCX,4,28.5,F,汉,454,3,01,SIBLING,FRIENDS,1,71.0,广东省,CONSUME,01,,23.082878883079557,114.46283723915583,ANDROID,,广东省惠州市惠城区马安镇安民路,1
100000,,普洱市,李元贵个人工作室,Z,90,XCX,4,37.0,M,彝,6007,2,,FATHER,SIBLING,2,86.514,云南省,CONSUME,01,,23.398733723958333,100.39783582899305,ANDROID,,云南省普洱市景谷傣族彝族自治县永平镇,1
100000,105,大庆市,自由职业,E,24,APP,2,36.0,M,汉,5198,4,01,MOTHER,FRIENDS,3,89.445,黑龙江省,CONSUME,01,,43.94950223980449,125.33462450831948,ANDROID,,吉林省长春市宽城区兴业街道北环城路,1
100000,,邢台市,朝重沙厂,Z,90,XCX,2,47.7,M,汉,1322,4,01,MOTHER,SIBLING,3,71.0,河北省,CONSUME,01,,37.142905100474937,114.90840754446967,ANDROID,,河北省邢台市平乡县节固镇,1
100000,,孝感市,城关派出所,Z,90,XCX,3,23.1,M,汉,2470,2,01,FATHER,FRIENDS,2,71.0,湖北省,CONSUME,01,,30.65618218315972,113.82326470269098,ANDROID,,湖北省孝感市汉川市仙女山街道涵闸河北路辅路,1
100000,105,凉山彝族自治州,福武运输部,F,17,XCX,2,34.5,M,汉,4671,3,01,RELATIVES,FRIENDS,2,71.0,四川省,CONSUME,01,,27.485003,102.197192,ANDROID,,四川省凉山彝族自治州德昌县麻栗镇G5(京昆高速),1
100000,103,宁波市,宁波展通电信设备有限公司,Z,90,APP,3,44.6,F,汉,3863,3,01,MATE,FRIENDS,1,71.0,浙江省,CONSUME,01,,29.992615,121.22338,ANDROID,,浙江省宁波市余姚市陆埠镇钟山西路48号,1
100000,302,赣州市,珍艺仿红木家具,C,24,APP,2,37.1,M,汉,4117,2,01,MOTHER,FRIENDS,1,71.0,江西省,CONSUME,01,,25.31149,115.06917,ANDROID,,江西省赣州市信丰县古陂镇,1
100000,103,咸阳市,陕西大唐公共出行智能交通科技有限公司,Z,90,APP,3,38.2,F,汉,3955,2,01,MATE,SIBLING,1,71.0,陕西省,CONSUME,01,,34.617099,108.929545,ANDROID,,陕西省咸阳市三原县城关街道盐店街,1
100000,,天水市,长城建筑公司,Z,90,XCX,2,44.7,M,汉,2833,2,01,MATE,FRIENDS,1,86.619,甘肃省,CONSUME,01,,45.52298115288776,83.8772297847987,ANDROID,,新疆维吾尔自治区塔城地区托里县畜牧业区,1
100000,,恩施土家族苗族自治州,周琴个人工作室,Z,90,XCX,3,38.4,F,汉,4355,4,01,SIBLING,FRIENDS,2,79.687,湖北省,CONSUME,01,,30.602003228036297,109.7441215257713,ANDROID,,湖北省恩施土家族苗族自治州建始县业州镇S339,1
100000,105,沈阳市,中国医大四院,Z,90,APP,3,30.8,M,汉,1644,3,01,MATE,COLLEAGUE,1,83.752,辽宁省,CONSUME,01,,41.778602,123.447894,ANDROID,,辽宁省沈阳市沈河区滨河街道南关路120号,1
100000,102,温州市,温州市佰德科技有限公司,H,24,XCX,4,27.2,M,汉,6871,4,01,SIBLING,COLLEAGUE,2,90.764,浙江省,CONSUME,01,,35.642457351021239,139.42100911052988,ANDROID,,"帝京北通り, Hachioji, Tokyo, Japan",1
100000,103,白城市,皓月木材加工厂,C,24,XCX,2,30.5,M,汉,7189,2,01,MATE,RELATIVES,1,89.474,吉林省,CONSUME,02,,45.819537196624619,121.88851386955064,ANDROID,,吉林省白城市洮南市东升乡,1
100000,,上海市,上海复瑞物业管理有限公司,Z,90,APP,3,36.3,F,汉,5317,3,01,FRIENDS,FRIENDS,1,71.0,上海市,CONSUME,01,,31.22912459076368,121.34173190874695,ANDROID,,上海市长宁区新泾镇泾力西路,1
100000,104,济宁市,山东吉子山机电工程有限公司,Z,90,APP,4,40.0,M,汉,4473,2,01,FRIENDS,SIBLING,1,92.141,山东省,CONSUME,01,,35.61575373302114,117.08803371235773,ANDROID,,山东省济宁市曲阜市防山镇G327(连菏线),1
100000,102,铜陵市,春秋装饰,E,24,XCX,3,40.7,M,汉,4126,2,01,MATE,FRIENDS,1,71.0,安徽省,CONSUME,01,,30.96408047590084,117.86747585663527,ANDROID,,安徽省铜陵市铜官区西湖镇陵江中道,1
100000,,郑州市,王战伟烩面馆,Z,90,APP,2,27.8,F,汉,7136,4,01,FATHER,MOTHER,1,71.0,河南省,CONSUME,01,,35.23759,113.245062,ANDROID,,河南省焦作市山阳区定和街道焦东路232号,1
100000,,常德市,五河县凯顺物流有限公司成都分公司,F,17,APP,3,38.2,M,汉,6207,3,01,FRIENDS,MATE,1,71.0,湖南省,CONSUME,01,,29.186675623086346,111.55400116549565,ANDROID,,湖南省常德市桃源县架桥镇,1
100000,,巩义市,深圳市新永超吊装有限公司,Z,90,XCX,2,35.6,M,汉,6535,3,,MOTHER,MATE,1,91.311,河南省,CONSUME,02,,22.598128526475694,114.47184678819444,ANDROID,,广东省深圳市龙岗区大鹏街道教育路3,1
100000,104,绍兴市,绍兴上虞小羊家贸易有限公司,C,24,APP,2,35.0,M,汉,4021,2,01,MOTHER,COLLEAGUE,1,91.528,浙江省,CONSUME,01,,30.019081,120.816664,ANDROID,,浙江省绍兴市上虞区东关街道东一路,1
100000,302,南京市,上汽大众南京分公司,Z,90,XCX,3,33.7,M,汉,6534,4,,COLLEAGUE,MOTHER,2,75.235,江苏省,CONSUME,01,,31.93588704427083,118.85879720052084,ANDROID,,江苏省南京市江宁区淳化街道天印大道,1
100000,,上饶市,上海海鹰机械厂,C,24,APP,3,29.6,M,汉,7048,2,01,MOTHER,SIBLING,2,89.897,江西省,CONSUME,02,,31.305754,121.432346,ANDROID,,上海市静安区彭浦镇场中路3100号,1
100000,104,达州市,利嘉商贸城,H,54,XCX,2,30.3,M,汉,6908,2,01,RELATIVES,FRIENDS,2,90.522,四川省,CONSUME,01,,26.052601996527777,119.31163465711805,ANDROID,,福建省福州市仓山区临江街道南江滨西大道,1
100000,,眉山市,盘锦正鸿实业有限公司,Z,90,APP,2,31.4,M,汉,5404,2,01,MOTHER,RELATIVES,2,88.788,四川省,CONSUME,01,,28.016522101085717,105.47729667708161,ANDROID,,四川省泸州市叙永县后山镇,1
100000,104,日照市,日照钢铁控股集团有限公司,C,24,XCX,2,31.9,M,汉,7110,2,01,RELATIVES,FRIENDS,2,90.828,山东省,CONSUME,01,,35.17222028792473,119.36585089938028,ANDROID,,山东省日照市岚山区虎山镇,1
100000,403,泉州市,上海通易企业管理顾问有限公司,L,17,XCX,2,29.4,M,汉,7159,2,01,MOTHER,FATHER,2,89.148,福建省,CONSUME,01,,22.53573655491734,113.93551380013064,ANDROID,,广东省深圳市南山区粤海街道深大东路,1
100000,,南宁市,隆安县左佰女装,H,54,XCX,3,38.2,F,壮,4136,2,01,MATE,COLLEAGUE,1,71.0,广西壮族自治区,CONSUME,01,,23.17491238064236,107.68586317274305,ANDROID,,广西壮族自治区南宁市隆安县城厢镇国泰街81号,1
100000,,咸阳市,西安神领机电科技有限公司,Z,90,APP,3,35.0,M,汉,4256,3,01,MATE,FRIENDS,1,71.0,陕西省,CONSUME,01,,34.293953,108.467735,ANDROID,,陕西省咸阳市兴平市西城街道兴业路,1
100000,103,杭州市,杭州博望建设工程招标投标代理公司,Z,90,XCX,3,39.5,M,汉,3947,2,01,MATE,SIBLING,1,71.0,浙江省,CONSUME,01,,30.176983235677085,120.2223876953125,ANDROID,,浙江省杭州市萧山区城厢街道西兴路辅路,1
100000,,嘉兴市,正泰电缆,Z,90,XCX,4,30.0,M,汉,6922,3,01,PARENTS,MATE,1,88.922,浙江省,CONSUME,01,,30.735600811249044,120.89383514291532,ANDROID,,浙江省嘉兴市南湖区大桥镇步焦路,1
100000,,通城县麦市,金钰铭洋有限公司,Z,90,XCX,2,45.8,M,汉,3958,4,01,PARENTS,FRIENDS,1,71.0,湖北省,CONSUME,01,,31.450543077256945,121.40235541449653,ANDROID,,上海市宝山区月浦镇蕴川路5148号,1
100000,105,文山壮族苗族自治州,文山铝业有限公司,C,24,APP,3,32.9,M,壮,1121,2,,MATE,COLLEAGUE,1,71.0,云南省,CONSUME,04,,23.331106,104.265863,ANDROID,,云南省文山壮族苗族自治州文山市新平街道腾龙北路,1
100000,,抚顺市,姜婉琪个人工作室,Z,90,APP,3,28.8,F,汉,6443,4,01,MOTHER,FRIENDS,2,71.0,辽宁省,CONSUME,01,,41.849033,123.827609,ANDROID,,辽宁省抚顺市新抚区新抚街道华山二路,1
100000,,徐州市,常州市新北区新桥诺记蛋糕店,Z,90,APP,4,35.9,M,汉,4121,4,01,FATHER,FATHER,1,71.0,江苏省,CONSUME,01,,31.69329,119.943661,ANDROID,,江苏省常州市武进区湖塘镇花园街58-107号,0
100000,103,扬州市,林勇个人工作室,Z,90,APP,2,40.6,M,布依,2754,2,01,MATE,COLLEAGUE,1,83.817,江苏省,CONSUME,01,,32.536292,119.242045,ANDROID,,江苏省扬州市仪征市大仪镇陵宣路,1
100000,,镇江市,陈荣杰个人工作室,Z,90,XCX,2,38.1,M,汉,3325,4,01,MATE,FATHER,1,71.0,江苏省,CONSUME,01,,32.164884285046969,119.48463346282948,ANDROID,,江苏省镇江市京口区丁卯街道潘宗路,1
100000,,中卫市,李辉韩城,Z,90,APP,2,32.8,F,汉,6965,4,01,MATE,FRIENDS,1,82.053,宁夏回族自治区,CONSUME,01,,37.509922,105.180946,ANDROID,,宁夏回族自治区中卫市沙坡头区滨河镇南苑西路,1
100000,,益阳市,乐乐特价外贸童装,Z,90,APP,2,44.3,F,汉,1978,2,01,MOTHER,FRIENDS,1,71.0,湖南省,CONSUME,01,,28.605475619154796,112.34752736165244,ANDROID,,湖南省益阳市资阳区长春经济开发区弯塘街路,1
100000,102,大理白族自治州,张淑宝个人工作室,Z,90,XCX,2,33.9,M,白,6790,3,01,MATE,FRIENDS,1,89.108,云南省,CONSUME,01,,25.613369,100.207722,ANDROID,,云南省大理白族自治州大理市太和街道阳南立交桥,1
100000,,汉中市,汉中强盛岩土工程有限公司,C,24,APP,2,35.1,M,汉,4053,2,01,FATHER,MATE,1,71.0,陕西省,CONSUME,01,,31.83823079427083,101.68001193576389,ANDROID,,四川省阿坝藏族羌族自治州金川县观音桥镇,1
100000,,天津市,刘泽洋个人工作室,Z,90,XCX,2,25.0,M,汉,2073,3,01,MATE,RELATIVES,1,71.0,天津市,CONSUME,01,,40.01855120906984,117.42144703517269,ANDROID,,天津市蓟州区别山镇X587(滨河东街),1
100000,,银川市,天合光能股份有限公司,H,54,APP,4,43.3,M,汉,2110,4,01,SIBLING,FRIENDS,1,71.0,宁夏回族自治区,CONSUME,01,,36.53955337282196,101.6943664636449,ANDROID,,青海省西宁市城中区南川东路街道新城大道159,1
100000,103,大连市,大连福字号食品有限公司,C,24,XCX,4,45.8,M,汉,388,4,01,MATE,FRIENDS,1,71.0,辽宁省,CONSUME,01,,30.633391655815974,103.98590196397569,ANDROID,,四川省成都市武侯区簇锦街道武兴二路7号,1
100000,,益阳市,力合顺有限公司,H,54,XCX,2,35.6,M,汉,4843,2,01,FATHER,FRIENDS,2,71.0,湖南省,CONSUME,01,,23.053834,113.878419,ANDROID,,广东省东莞市茶山镇S122(新石大路),1
100000,,杭州市,杭州德意智家有限公司,Z,90,APP,3,29.2,M,汉,302,2,,SIBLING,SIBLING,1,71.0,浙江省,CONSUME,01,,30.187249,120.457944,ANDROID,,浙江省杭州市萧山区瓜沥镇耕耘路,1
100000,102,重庆市,杭州佳梵健康管理有限公司,H,24,APP,3,37.8,F,汉,3471,4,01,PARENTS,MATE,2,71.0,重庆市,CONSUME,01,,29.429112,106.305509,ANDROID,,重庆市江津区双福街道福星大道,1
100000,,张家界市,中铁二十五局集团有限公司,E,24,XCX,4,38.4,M,汉,6200,3,01,COLLEAGUE,SIBLING,1,86.23,湖南省,CONSUME,01,,20.063635842461886,110.35975098626442,ANDROID,,海南省海口市美兰区新埠街道西苑一街,1
100000,304,焦作市,河南省焦作市铝厂有限责任公司,C,24,APP,2,33.8,M,汉,4889,2,,SIBLING,FRIENDS,2,71.0,河南省,CONSUME,01,,35.359307,113.399636,ANDROID,,河南省焦作市修武县七贤镇G207(乌海线),1
100000,,黄冈市,英山鑫言家具店,Z,90,APP,4,35.2,F,汉,5171,3,01,MATE,MOTHER,1,71.0,湖北省,CONSUME,01,,30.73793899602718,115.68837677793971,ANDROID,,湖北省黄冈市英山县温泉镇莲花路,1
100000,,新田县知市,顺昌床垫厂,C,24,XCX,2,40.1,M,汉,4120,2,01,PARENTS,FRIENDS,3,71.0,湖南省,CONSUME,01,,23.267921006944444,116.39957411024305,ANDROID,,广东省汕头市潮南区司马浦镇,1
100000,,赣州市,温州安耐信科技有限公司,G,13,XCX,2,48.5,F,汉,491,4,01,CHILDREN,FRIENDS,1,71.0,江西省,CONSUME,01,,27.825615,120.678945,ANDROID,,浙江省温州市瑞安市塘下镇朝阳路,1
100000,105,汕头市,广州方正科技有限公司,G,13,XCX,3,30.8,M,汉,5936,4,,MATE,FATHER,2,71.0,广东省,CONSUME,04,,23.28828089256,116.43782648466777,ANDROID,,广东省汕头市潮阳区铜盂镇兴富路,1
100000,103,赣州市,苏州信德通企业咨询有限公司,L,17,APP,2,27.1,M,汉,117,4,01,FATHER,FRIENDS,2,71.0,江西省,CONSUME,01,,22.974924045138888,113.31325385199652,ANDROID,,广东省广州市番禺区钟村街道颖川路,1
100000,,马鞍山市,浙江古茗科技有限公司,G,13,APP,2,27.6,F,汉,896,4,01,FATHER,FRIENDS,2,71.0,安徽省,CONSUME,01,,31.47811767578125,118.39537353515625,ANDROID,,安徽省芜湖市鸠江区芜湖经济技术开发区,1
100000,,德州市,德州梦欣空调通风工程有限公司,Z,90,APP,2,46.8,M,汉,5442,4,01,MATE,CHILDREN,1,71.0,山东省,CONSUME,01,,37.154363,117.14664,ANDROID,,山东省济南市商河县玉皇庙镇科源街,1
100000,104,金华市,鼎奥贸易有限公司,C,24,XCX,3,30.3,M,汉,1353,2,01,SIBLING,COLLEAGUE,2,89.942,浙江省,CONSUME,01,,29.3275146484375,120.11474473741319,ANDROID,,浙江省金华市义乌市福田街道振兴西路,1
100000,103,鞍山市,辽宁省鞍山市铁东区思迈尔口腔,Z,90,APP,4,44.6,M,汉,3779,2,01,RELATIVES,FRIENDS,1,71.0,辽宁省,CONSUME,02,,41.077682,123.011645,ANDROID,,辽宁省鞍山市铁东区新兴街道莘英路,1
100000,,揭阳市,罗李锦个人工作室,Z,90,XCX,2,40.2,M,汉,3024,2,01,FATHER,FRIENDS,1,71.0,广东省,CONSUME,01,,23.165659,115.851635,ANDROID,,广东省揭阳市普宁市大坪农场X092,1
100000,,楚雄彝族自治州,云南宏泰新型材料有限公司,Z,90,XCX,4,29.0,M,汉,344,3,01,MOTHER,FATHER,2,71.0,云南省,CONSUME,01,,23.67602702907543,104.3890079207623,ANDROID,,云南省文山壮族苗族自治州砚山县干河彝族乡,1
100000,,天津市,盘子女人坊,H,54,APP,2,30.2,M,汉,819,4,01,PARENTS,FRIENDS,2,71.0,天津市,CONSUME,01,,38.83786,117.454984,ANDROID,,天津市滨海新区大港街道迎宾街97号,1
100000,,商丘市,青岛厚德五行商贸有限公司,H,54,XCX,3,36.1,M,汉,4302,4,01,MATE,FRIENDS,1,71.0,河南省,CONSUME,01,,36.170270892523848,120.43810103959757,ANDROID,,山东省青岛市李沧区世园街道宜川路,1
100000,105,宜昌市,中保恒杰保安服务有限公司（扬州分公司））,O,17,APP,3,40.8,F,汉,3958,3,01,PARENTS,FRIENDS,2,71.0,湖北省,CONSUME,01,,32.425038732100727,119.59522987280978,ANDROID,,江苏省扬州市江都区仙女镇花市公路,1
100000,,六盘水市,凯嘉国际酒店,Z,90,APP,2,31.2,F,汉,5541,4,01,MATE,FRIENDS,2,71.0,贵州省,CONSUME,01,,25.495712,104.47197,ANDROID,,云南省曲靖市富源县富村镇,1
100000,105,银川市,联强国际贸易有限公司西安分公司,C,24,APP,3,30.6,M,回,6228,4,01,MOTHER,MATE,1,80.174,宁夏回族自治区,CONSUME,02,,38.423688,106.254511,ANDROID,,宁夏回族自治区银川市金凤区长城中路街道六盘山中路辅路,1
100000,,沈阳市,沈阳市小羽毛文化传媒发展有限公司,Z,90,XCX,2,38.8,M,汉,3154,2,01,FATHER,FRIENDS,3,99.0,辽宁省,CONSUME,01,,41.809037832216727,123.3834359507842,ANDROID,,辽宁省沈阳市铁西区霁虹街道北一东路63-3号,1
100000,105,保定市,保定市拘留所,Z,90,APP,2,40.4,F,汉,3951,4,01,MOTHER,FRIENDS,1,71.0,河北省,CONSUME,01,,38.764466,115.478876,ANDROID,,河北省保定市清苑区清苑镇振兴南路166,1
100000,,烟台市,青岛市立医院,Z,90,APP,3,33.0,F,汉,6472,2,01,MATE,FRIENDS,1,71.0,山东省,CONSUME,01,,36.20722979770418,120.41642440202604,ANDROID,,山东省青岛市李沧区湘潭路街道,1
100000,,孝感市,浙江富特科技股份有限公司,Z,90,APP,2,35.5,M,汉,7013,2,01,COLLEAGUE,MATE,1,71.0,湖北省,CONSUME,01,,30.658244,119.617741,ANDROID,,浙江省湖州市安吉县递铺街道康山大道,1
100000,,铁岭市,铁岭县中心医院,Z,90,APP,3,39.0,M,汉,4221,2,01,MATE,SIBLING,1,87.819,辽宁省,CONSUME,01,,42.296287537749045,123.83824235707979,ANDROID,,辽宁省铁岭市银州区工人街道南马路17号,1
100000,102,重庆市,北滨北宴遇私房菜,I,54,APP,2,24.7,M,汉,887,2,01,FATHER,FRIENDS,2,71.0,重庆市,CONSUME,01,,29.572482,106.49903,ANDROID,,重庆市江北区观音桥街道鸿恩二路,1
100000,102,永州市,成都川桂物流有限公司,F,17,APP,2,45.4,M,汉,3406,2,01,FATHER,FRIENDS,2,71.0,湖南省,CONSUME,01,,30.787142,104.120257,ANDROID,,四川省成都市新都区三河街道货运大道绕城高速互通立交,1
100000,,临沂市,北京中仪瑞进医疗科技有限公司,Z,90,APP,4,45.6,M,汉,1028,3,01,FATHER,SIBLING,1,88.431,山东省,CONSUME,01,,39.899875,116.106001,ANDROID,,北京市门头沟区永定(地区)镇泰安路2号,1
100000,,合肥市,安徽佳通轮胎有限公司,C,24,APP,2,29.0,M,汉,767,3,01,MATE,FRIENDS,1,71.0,安徽省,CONSUME,01,,31.719234,117.173708,ANDROID,,安徽省合肥市肥西县上派镇派河大道,1
100000,105,南安市,汕头水万物流科技有限公司,F,17,APP,2,40.4,M,汉,4074,3,,MATE,FRIENDS,1,71.0,福建省,CONSUME,04,,23.248234,116.424382,ANDROID,,广东省汕头市潮南区峡山街道广汕公路111号,1
100000,,固原市,南京国础工程技术有限公司,Z,90,APP,2,23.5,M,汉,1542,4,01,MATE,FRIENDS,2,71.0,宁夏回族自治区,CONSUME,01,,32.035901692708336,118.70594129774305,ANDROID,,江苏省南京市建邺区江心洲街道环岛东路,1
100000,102,商丘市,夏邑县第四初级中学,Z,90,XCX,4,43.4,M,汉,935,2,01,MATE,MOTHER,1,71.0,河南省,CONSUME,01,,34.24078830295139,116.16120632595486,ANDROID,,河南省商丘市夏邑县曹集乡雪枫东路,1
100000,,内江市,佛山市晶睿坊陶瓷装饰有限公司,E,24,XCX,2,35.1,M,汉,6837,2,01,MOTHER,COLLEAGUE,2,71.0,四川省,CONSUME,02,,23.417112087673612,113.31626980251735,ANDROID,,广东省广州市花都区花东镇山下美南庄街,1
100000,,平顶山市,深圳信公咨询企业管理有限公司,Z,90,XCX,4,30.7,F,汉,256,4,01,FATHER,MOTHER,2,71.0,河南省,CONSUME,02,,22.536139,114.051947,ANDROID,,广东省深圳市福田区福田街道福华三路168号,1
100000,102,三门峡市,西安蒙牛乳业销售有限公司,H,54,APP,3,34.4,M,汉,5107,3,01,FATHER,FRIENDS,2,71.0,河南省,CONSUME,01,,34.28629066921828,109.10723079622595,ANDROID,,陕西省西安市灞桥区洪庆街道G40(洪庆特大桥),1
100000,,普洱市,富隆养殖场,A,27,APP,2,41.4,M,哈尼,4311,3,,MATE,FRIENDS,1,71.0,云南省,CONSUME,01,,22.432789,102.158561,ANDROID,,云南省普洱市江城哈尼族彝族自治县曲水镇,1
100000,,铜川市,西安波司登贸易有限公司,Z,90,XCX,2,30.3,F,汉,141,4,01,MATE,SIBLING,1,71.0,陕西省,CONSUME,01,,34.310022,109.025733,ANDROID,,陕西省西安市灞桥区十里铺街道浐河西路,1
100000,308,红河哈尼族彝族自治州,顶峰科技,Z,90,APP,2,30.9,F,汉,6618,2,01,FATHER,FRIENDS,3,90.99023,云南省,CONSUME,01,,24.53285135467311,103.7635891333,ANDROID,,云南省红河哈尼族彝族自治州泸西县中枢镇北正街,1
100000,,北京市,北京麦迪纳体育健身管理有限公司,Z,90,APP,4,39.2,F,汉,5803,4,01,MATE,COLLEAGUE,1,71.0,北京市,CONSUME,01,,39.73839430567436,116.35497036191151,ANDROID,,北京市大兴区观音寺街道团河路,1
100000,105,西安市,永寿县鼎赞广告设计服务部,R,17,XCX,3,30.3,M,汉,1318,4,,MATE,COLLEAGUE,1,83.295,陕西省,CONSUME,01,,35.597026,110.700347,ANDROID,,山西省运城市河津市城区街道汾滨街,1
100000,105,金华市,杨旭明个人工作室,H,54,APP,2,45.2,M,汉,4581,4,,MATE,FRIENDS,1,89.771,浙江省,CONSUME,04,,29.059705,119.833085,ANDROID,,浙江省金华市金东区澧浦镇曹上线,1
100000,307,杭州市,桐庐县第二人民医院,Q,11,XCX,4,43.0,F,汉,1172,2,,COLLEAGUE,RELATIVES,1,71.0,浙江省,CONSUME,04,,29.936014179517874,119.45305116978268,ANDROID,,浙江省杭州市桐庐县分水镇S208(S219),1
100000,,绥化市,方正县天门乡人民政府,Z,90,APP,4,27.8,M,汉,448,2,01,MOTHER,MATE,1,71.0,黑龙江省,CONSUME,01,,45.850352,128.840522,ANDROID,,黑龙江省哈尔滨市方正县方正镇,1
100000,105,烟台市,烟台东都建筑工程有限公司,E,24,APP,3,36.7,F,汉,3581,3,,MOTHER,FRIENDS,2,94.424,山东省,CONSUME,01,,37.500804,121.260033,ANDROID,,山东省烟台市福山区清洋街道民丰路,1
100000,102,漯河市,漯河言诺工程机械租赁有限公司,O,17,XCX,2,31.9,M,汉,634,3,01,MOTHER,FRIENDS,1,71.0,河南省,CONSUME,01,,33.55046920094955,113.93430258291889,ANDROID,,河南省漯河市源汇区大刘镇仓山路,1
100000,,南京市,南京市公安局六合分局,Z,90,APP,4,33.3,M,汉,4994,2,01,MOTHER,COLLEAGUE,1,90.654,江苏省,CONSUME,01,,32.33528,118.873511,ANDROID,,江苏省南京市六合区雄州街道文峰路9号,1
100000,403,仙桃市,康哲美丽,O,17,XCX,4,24.7,M,汉,1223,3,,SIBLING,RELATIVES,2,71.0,湖北省,CONSUME,02,,30.56204128689236,114.31014377170139,ANDROID,,湖北省武汉市武昌区积玉桥街道友谊大道辅路,1
100000,,石家庄市,广东快乐种子科技有限公司,G,13,APP,3,34.1,M,汉,592,4,01,FRIENDS,SIBLING,1,71.0,河北省,CONSUME,01,,31.172368977864583,121.39187201605903,ANDROID,,上海市徐汇区虹梅路街道宜山路1276号,1
100000,104,昆明市,昆明地铁运营有限公司,F,17,APP,4,33.1,F,汉,5222,2,01,FRIENDS,MATE,2,71.0,云南省,CONSUME,01,,25.085369,102.658707,ANDROID,,云南省昆明市五华区普吉街道大塘路,1
100000,,铜仁市,贵州省思南县彩艺广告经营部,Z,90,APP,2,38.3,F,汉,4563,4,01,MATE,RELATIVES,1,71.0,贵州省,CONSUME,01,,27.88302,108.102295,ANDROID,,贵州省铜仁市思南县许家坝镇S304,1
100000,105,荆门市,钟祥市雅斯国际广场,Z,90,XCX,2,34.6,F,汉,5960,4,01,MATE,FRIENDS,1,88.277,湖北省,CONSUME,01,,31.179350665315828,112.59860043895331,ANDROID,,湖北省荆门市钟祥市郢中街道校场路,1
100000,102,芜湖市,芜湖市荻海建材有限责任公司,Z,90,XCX,3,35.4,M,汉,6653,4,,PARENTS,SIBLING,1,87.643,安徽省,CONSUME,01,,31.179543999565972,118.19301703559027,ANDROID,,安徽省芜湖市繁昌区横山社区横山大道,1
100000,,汉中市,陈小玲个人工作室,H,54,XCX,2,36.7,F,汉,6562,4,01,MATE,RELATIVES,1,71.0,陕西省,CONSUME,01,,33.0830064561632,107.02640625,ANDROID,,陕西省汉中市汉台区北关街道兴汉路13号,1
100000,105,湘潭市,湖南时代阳光医药有限公司,M,11,APP,2,40.1,M,汉,4289,3,,FATHER,MATE,1,84.88,湖南省,CONSUME,02,,26.101515,110.280965,ANDROID,,湖南省邵阳市城步苗族自治县汀坪乡S219,1
100000,,广元市,尚宏购物广场,Z,90,XCX,3,44.1,M,汉,2274,4,01,PARENTS,FRIENDS,1,71.0,四川省,CONSUME,01,,32.03398139105903,105.47133273654514,ANDROID,,四川省广元市剑阁县普安镇鹤鸣路,1
100000,105,白银市,甘肃省白银市白银区武川乡崖渠村委会,Z,90,APP,3,38.1,M,汉,5530,4,01,PARENTS,FRIENDS,1,71.0,甘肃省,CONSUME,01,,36.564749,104.164683,ANDROID,,甘肃省白银市白银区纺织路街道北环路辅路,1
100000,,马鞍山市,北京杰美装饰设计有限公司,Z,90,APP,4,44.5,M,汉,5859,3,01,MATE,COLLEAGUE,1,71.0,安徽省,CONSUME,01,,40.15895,116.27279,ANDROID,,北京市昌平区沙河(地区)镇高教园中街,1
100000,,长春市,上海连成(集团)有限公司,Z,90,APP,4,46.1,M,满,5694,4,01,SIBLING,FRIENDS,1,81.393,吉林省,CONSUME,01,,45.128162,124.8051,ANDROID,,吉林省松原市宁江区镜湖街道镜湖北路,1
100000,,安顺市,罗梅个人工作室,Z,90,APP,2,43.0,F,汉,1210,2,01,MATE,COLLEAGUE,1,71.0,贵州省,CONSUME,01,,30.424477,113.760084,ANDROID,,湖北省武汉市蔡甸区侏儒山街道G318(上聂线),1
100000,102,汕头市,和邦玩具厂,C,24,APP,2,34.8,F,汉,4462,4,01,MATE,RELATIVES,1,71.0,广东省,CONSUME,02,,23.44903,116.780286,ANDROID,,广东省汕头市澄海区凤翔街道凤新二路,1
100000,,上海市,上海上实物业管理有限公司,L,17,XCX,3,43.1,M,汉,4395,2,,MOTHER,FATHER,2,71.0,上海市,CONSUME,01,,31.315782606336807,121.44024956597222,ANDROID,,上海市静安区彭浦新村街道曲沃路464号,1
100000,,梅州市,梅州运达公司,Z,90,XCX,3,48.8,M,汉,962,4,01,FRIENDS,FRIENDS,1,71.0,广东省,CONSUME,01,,24.294151640705448,116.10946426153363,ANDROID,,广东省梅州市梅江区江南街道沿江西路,1
100000,102,南充市,全友家私,H,54,XCX,3,32.9,F,汉,5796,3,01,SIBLING,MOTHER,1,71.0,四川省,CONSUME,02,,31.355248723838469,106.05192120192791,ANDROID,,四川省南充市南部县南隆街道新华路,1
100000,,武汉市,朝天门火锅,Z,90,APP,2,23.7,M,汉,2069,4,01,FRIENDS,COLLEAGUE,1,73.81,湖北省,CONSUME,01,,30.779910775130222,114.426983875321611,ANDROID,,湖北省武汉市黄陂区三里桥街道,1
100000,,北京市,东方广场有限公司,Z,90,APP,4,36.7,F,回,3519,2,01,FATHER,FRIENDS,2,71.0,北京市,CONSUME,01,,40.04346807243757,116.55299303948137,ANDROID,,北京市顺义区空港街道榆阳路,1
100000,,固原市,宁夏中辉建筑安装有限公司,E,24,XCX,3,39.1,M,回,2656,3,01,COLLEAGUE,FRIENDS,1,85.857,宁夏回族自治区,CONSUME,01,,38.59631266276042,106.0453000217014,ANDROID,,宁夏回族自治区银川市西夏区镇北堡镇云山路,1
100000,,曲靖市,柏泽过果园,Z,90,XCX,3,25.6,F,汉,1356,2,01,MATE,FRIENDS,2,71.0,云南省,CONSUME,01,,30.909205,121.808768,IOS,,上海市浦东新区泥城镇池月路678弄-14号,1
100000,105,长沙市,祺龙食府,I,54,XCX,2,38.6,F,汉,4056,2,,MATE,MOTHER,1,71.0,湖南省,CONSUME,01,,28.213143536986587,112.86937894005281,ANDROID,,湖南省长沙市岳麓区麓谷街道文轩路,1
100000,102,济宁市,天兴大厦拼多多客服,Z,90,APP,3,31.1,F,汉,624,4,01,MOTHER,FRIENDS,1,71.0,山东省,CONSUME,01,,35.091939,116.363419,ANDROID,,山东省济宁市金乡县高河街道,1
100000,,莱阳市,烟台润桉安装工程有限公司,E,24,APP,2,34.8,M,汉,4466,3,01,MATE,FATHER,1,71.0,山东省,CONSUME,01,,37.549185,121.234754,ANDROID,,山东省烟台市福山区福莱山街道秦淮河路,1
100000,,崇左市,广西凭祥市商务局,S,11,APP,3,39.3,M,壮,4401,4,01,FRIENDS,RELATIVES,2,71.0,广西壮族自治区,CONSUME,01,,22.004063465531292,106.716089467242242,ANDROID,,广西壮族自治区崇左市凭祥市友谊镇,1
100000,,保定市,北京东方嘉美酒店管理有限公司,I,54,APP,4,44.0,F,汉,987,4,01,PARENTS,FRIENDS,2,71.0,河北省,CONSUME,01,,39.65341579585872,115.29991542258137,ANDROID,,河北省保定市涞水县赵各庄镇,1
100000,102,自贡市,自贡市嘉驿酒店管理有限公司,I,54,APP,3,37.2,F,汉,6055,2,01,MATE,FRIENDS,1,71.0,四川省,CONSUME,01,,29.331527270483048,104.76891837179777,ANDROID,,四川省自贡市自流井区红旗街道龙汇路,1
100000,,邯郸市,宋光帅个人工作室,Z,90,APP,2,35.1,M,汉,4617,4,01,CHILDREN,SIBLING,1,71.0,河北省,CONSUME,01,,39.621953,119.147497,ANDROID,,河北省秦皇岛市昌黎县泥井镇X685,1
100000,,西安市,杨婉姣个人工作室,Z,90,XCX,3,34.7,F,汉,4227,2,01,PARENTS,MATE,1,71.0,陕西省,CONSUME,01,,34.25448707966858,108.95188886528075,ANDROID,,陕西省西安市碑林区柏树林街道二环路沿线商业经济带开通巷51号,1
100000,,来宾市,覃东敏个人工作室,Z,90,XCX,2,39.2,M,壮,6687,4,01,RELATIVES,COLLEAGUE,2,71.0,广西壮族自治区,CONSUME,01,,22.586711,113.22903,ANDROID,,广东省中山市横栏镇富丁街,1
100000,,毕节市,暂未提供公司名称,Z,90,APP,2,27.9,F,汉,291,2,01,MATE,COLLEAGUE,2,71.0,贵州省,CONSUME,01,,31.247098,120.618519,ANDROID,,江苏省苏州市吴中区长桥街道长蠡路,1
100000,,延边朝鲜族自治州,汇宝装饰,Z,90,APP,2,45.9,F,汉,2596,3,01,MATE,SIBLING,1,71.0,吉林省,CONSUME,01,,43.315877,129.767477,ANDROID,,吉林省延边朝鲜族自治州汪清县新华社区工作委员会江北街,1
100000,,遵义市,贵州铭洋门窗有限公司,Z,90,XCX,2,45.9,F,汉,6199,4,01,RELATIVES,FRIENDS,1,71.0,贵州省,CONSUME,01,,28.876691925259516,107.9320924882244,ANDROID,,贵州省遵义市务川仡佬族苗族自治县分水镇,1
100000,,崇左市,道路运输,Z,90,XCX,2,41.1,M,壮,3807,2,01,MOTHER,FRIENDS,1,71.0,广西壮族自治区,CONSUME,01,,22.661286,107.013419,ANDROID,,广西壮族自治区崇左市大新县堪圩乡G359,1
100000,103,衡阳市,周立夫个人工作室,Z,90,XCX,2,35.2,M,汉,3978,2,,MATE,FATHER,1,78.946,湖南省,CONSUME,04,,23.460448,113.143854,ANDROID,,广东省广州市花都区狮岭镇狮岭永福街,1
100000,,凉山彝族自治州,阿牛医生个人工作室,Z,90,APP,3,23.2,M,彝,2822,2,01,MOTHER,SIBLING,2,71.0,四川省,CONSUME,01,,27.913186434027585,102.77973375522363,ANDROID,,四川省凉山彝族自治州昭觉县地莫镇,1
100000,,衡水市,同吉丝网制品有限公司,Z,90,XCX,3,40.1,M,汉,3927,2,01,FATHER,FATHER,1,71.0,河北省,CONSUME,01,,38.226921,115.711784,ANDROID,,河北省衡水市饶阳县饶阳镇人和西路,1
100000,308,天津市,金辰实业有限公司,Z,90,APP,2,29.3,M,汉,6676,4,,PARENTS,FRIENDS,2,82.247,天津市,CONSUME,04,,39.254982,117.353607,ANDROID,,天津市北辰区西堤头镇刘东路,1
100000,,成都市,鹤山社区卫生服务中心,Z,90,APP,4,35.1,F,汉,4638,2,01,FATHER,OTHER,1,71.0,四川省,CONSUME,01,,30.194432,103.509609,ANDROID,,四川省成都市蒲江县鹤山街道朝阳大道157号,1
100000,102,驻马店市,哈尔滨粥屋,H,54,APP,2,33.6,M,汉,480,2,,FATHER,FRIENDS,2,71.0,河南省,CONSUME,02,,34.85192,110.435808,ANDROID,,山西省运城市永济市城西街道G521(中山西街),1
100000,,冷水江市,苏一鸣个人工作室,Z,90,APP,2,24.9,M,汉,1617,2,01,MOTHER,FRIENDS,2,84.748,湖南省,CONSUME,02,,30.336337,120.215327,ANDROID,,浙江省杭州市上城区笕桥街道留石高架路,1
100000,104,揭阳市,润鑫实业有限公司,C,24,APP,2,30.8,M,汉,6719,2,01,RELATIVES,FRIENDS,1,71.0,广东省,CONSUME,01,,23.613536,116.124559,ANDROID,,广东省揭阳市揭东区龙尾镇龙大路,1
100000,104,重庆市,徐州联创电子销售有限公司,Z,90,APP,2,39.7,M,汉,4037,3,,MATE,COLLEAGUE,1,71.0,重庆市,CONSUME,01,,34.29376008422141,117.19257874732773,ANDROID,,江苏省徐州市鼓楼区环城街道祥和公园路,1
100000,,咸宁市,武汉金牛经济发展有限公司,Z,90,APP,4,23.6,M,汉,965,2,01,FATHER,FRIENDS,2,71.0,湖北省,CONSUME,01,,30.579966,114.298018,ANDROID,,湖北省武汉市江岸区一元街道武汉长江隧道,1
100000,403,玉林市,广西南宁市越傲广告有限公司,R,17,APP,2,45.7,M,汉,643,2,01,FATHER,FRIENDS,1,71.0,广西壮族自治区,CONSUME,01,,22.616449,110.127227,ANDROID,,广西壮族自治区玉林市玉州区城西街道,1
100000,,济南市,崔静个人工作室,Z,90,APP,2,36.0,F,汉,4518,4,01,MATE,FRIENDS,1,71.0,山东省,CONSUME,01,,36.564317,116.75396,ANDROID,,山东省济南市长清区文昌街道玉符街,1
100000,,日照市,日照市北经济开发区新锐文化传媒有限公司,R,17,XCX,3,39.6,M,汉,4956,4,01,FATHER,FRIENDS,1,71.0,山东省,CONSUME,01,,35.63026427,119.47505483,ANDROID,,山东省日照市五莲县潮河镇临沂北路,1
100000,403,文山壮族苗族自治州,梅林餐饮店,I,54,APP,2,39.9,F,汉,2583,4,,MOTHER,FRIENDS,1,87.177,云南省,CONSUME,01,,23.083922,103.992435,ANDROID,,云南省文山壮族苗族自治州马关县八寨镇浪健段,1
100000,105,北京市,北京公联枢纽建设管理有限公司,Z,90,APP,3,36.6,M,汉,5463,4,01,SIBLING,MATE,1,89.791,北京市,CONSUME,02,,39.943034,116.43812,ANDROID,,北京市东城区东直门街道东外斜街56号,1
100000,,廊坊市,北京亚顺通科技有限公司,Z,90,APP,4,31.0,F,汉,7252,4,01,PARENTS,FRIENDS,2,71.0,河北省,CONSUME,01,,39.966602966829437,116.80926461966364,ANDROID,,河北省廊坊市三河市行宫东街道亿丰大街,1
100000,,临汾市,陕西宏安图实业股份有限公司,C,24,APP,2,29.0,M,汉,1216,4,01,MOTHER,SIBLING,2,71.0,山西省,CONSUME,01,,36.39479828897,111.548393258803,ANDROID,,山西省临汾市洪洞县万安镇,1
100000,103,温州市,温州龙脉啤酒有限公司,C,24,APP,3,42.9,M,汉,4130,3,01,SIBLING,FRIENDS,1,71.0,浙江省,CONSUME,02,,28.114857414312266,120.97023911495252,ANDROID,,浙江省温州市乐清市城南街道良港东路,1
100000,,澄迈县,海南海汽运输集团有限公司,Z,90,APP,4,34.5,M,汉,4862,4,01,FRIENDS,COLLEAGUE,1,90.353,海南省,CONSUME,01,,20.048797,110.339562,ANDROID,,海南省海口市美兰区海甸街道海甸一东路,1
100000,105,杭州市,浙江万鹏电子科技有限公司,Z,90,XCX,3,34.7,M,汉,251,4,,FRIENDS,MOTHER,2,71.0,浙江省,CONSUME,01,,29.434401603246284,119.27637682779107,ANDROID,,浙江省杭州市建德市新安江街道湖苓畈线,1
100000,102,唐山市,中铁十九局集团有限公司,E,24,APP,4,34.5,M,汉,49,4,01,MATE,COLLEAGUE,1,86.816,河北省,CONSUME,02,,39.908046,116.44945,ANDROID,,北京市朝阳区建外街道邮通路1号,1
100000,,柳州市,韦祖笋个人工作室,Z,90,XCX,2,39.9,M,壮,4155,4,01,SIBLING,FRIENDS,2,71.0,广西壮族自治区,CONSUME,01,,23.10880086405854,113.81600951545238,ANDROID,,广东省东莞市石碣镇彩虹西路,1
100000,,广安市,云南新发建筑劳务分包有限公司,Z,90,APP,3,39.4,M,汉,5142,3,01,MATE,MOTHER,1,71.0,四川省,CONSUME,01,,30.118853,104.605029,ANDROID,,四川省资阳市雁江区三贤祠街道外环路西二段,1
100000,105,孝感市,瑞安市世纪王农家菜,I,54,APP,3,39.9,M,汉,4225,3,01,FATHER,FRIENDS,2,71.0,湖北省,CONSUME,02,,27.90113,120.397601,ANDROID,,浙江省温州市瑞安市湖岭镇,1
100000,,眉山市,谭群英个人工作室,Z,90,XCX,3,36.6,F,汉,4245,2,01,FRIENDS,MOTHER,2,71.0,四川省,CONSUME,01,,30.070077192891274,103.8358500001246,ANDROID,,四川省眉山市东坡区大石桥街道文忠街辅路,1
100000,103,扬州市,江苏迈安德集团有限公司,G,13,APP,3,40.1,M,汉,2419,2,01,FATHER,RELATIVES,1,71.0,江苏省,CONSUME,01,,32.302676,119.524918,ANDROID,,江苏省扬州市广陵区沙头镇创业东路,1
100000,,徐州市,南京安元科技公司,Z,90,APP,4,32.6,M,汉,6135,4,01,FATHER,MOTHER,2,71.0,江苏省,CONSUME,01,,32.047178,118.632763,ANDROID,,江苏省南京市浦口区江浦街道江北沿江线,1
100000,102,合肥市,孟秋商贸,H,54,XCX,3,25.2,M,汉,1744,2,01,FATHER,SIBLING,2,71.0,安徽省,CONSUME,01,,31.85742974175347,117.25102105034722,ANDROID,,安徽省合肥市蜀山区琥珀街道长江西路244号,1
100000,105,哈尔滨市,黑龙江省机场管理集团,F,17,APP,2,45.2,M,汉,976,4,01,MATE,SIBLING,1,71.0,黑龙江省,CONSUME,01,,45.63823657368298,126.26720091934678,ANDROID,,黑龙江省哈尔滨市道里区太平镇,1
100000,105,郴州市,宜章渣土管理中心,Z,90,APP,2,43.2,M,汉,2195,4,01,PARENTS,FRIENDS,1,71.0,湖南省,CONSUME,01,,25.402785,112.962758,ANDROID,,湖南省郴州市宜章县玉溪镇G4(宜章互通),1
100000,307,重庆市,重庆市渝北区公路事务中心,F,17,APP,3,43.8,M,汉,3455,3,,COLLEAGUE,FRIENDS,1,71.0,重庆市,CONSUME,01,,29.749925,106.605959,ANDROID,,重庆市渝北区双龙湖街道港悦大道辅路,1
100000,403,绥化市,衣春雷个人工作室,Z,90,APP,2,30.0,M,汉,5862,4,01,MATE,FRIENDS,1,71.0,黑龙江省,CONSUME,01,,45.820508,126.655495,ANDROID,,黑龙江省哈尔滨市松北区松浦街道,1
100000,102,杭州市,杭州缪可文化创意有限公司,R,17,XCX,3,37.8,M,汉,5137,2,01,FRIENDS,MOTHER,2,88.184,浙江省,CONSUME,01,,30.320274522569445,120.08198513454862,ANDROID,,浙江省杭州市西湖区三墩镇通济路,1
100000,105,沈阳市,丹东市振安区,C,24,APP,4,35.1,M,满,97,2,01,SIBLING,FRIENDS,1,93.572,辽宁省,CONSUME,01,,40.10837908677079,124.36978028212046,ANDROID,,辽宁省丹东市振兴区头道街道体育馆路18号,1
100000,,黄冈市,湖北鸿地,Z,90,XCX,3,29.4,M,汉,836,4,01,PARENTS,FRIENDS,2,71.0,湖北省,CONSUME,01,,30.61534301991771,114.98526828719571,ANDROID,,湖北省黄冈市团风县回龙山镇,1
100000,104,郑州市,河南省迪康医药有限责任公司,Z,90,APP,3,33.4,M,汉,5401,3,01,RELATIVES,FRIENDS,1,86.643,河南省,CONSUME,02,,34.801347,113.660591,ANDROID,,河南省郑州市金水区东风路街道文化路69号,1
100000,,揭阳市,伊资来冬有限公司,Z,90,XCX,3,26.1,M,汉,1380,4,01,MATE,FRIENDS,2,89.48382,广东省,CONSUME,01,,23.543582681756094,116.52650459949752,IOS,,广东省揭阳市榕城区登岗镇,1
100000,,襄阳市,杨飞飞个人工作室,Z,90,XCX,3,40.3,M,汉,4774,2,01,FRIENDS,FRIENDS,2,71.0,湖北省,CONSUME,01,,30.287203,120.498245,ANDROID,,浙江省杭州市钱塘区义蓬街道塘新线,1
100000,,达州市,深圳市颂宇建设集团工程有限公司,Z,90,XCX,2,24.1,M,汉,699,2,01,FATHER,FRIENDS,2,71.0,四川省,CONSUME,01,,30.51842872372027,104.23571300133416,ANDROID,,四川省成都市龙泉驿区柏合街道曲柏西路,1
100000,102,宣城市,王可个人工作室,Z,90,APP,2,25.0,F,汉,830,4,01,PARENTS,FRIENDS,1,71.0,安徽省,CONSUME,01,,30.915143,117.786224,ANDROID,,安徽省铜陵市郊区桥南街道惠溪路,1
100000,,重庆市,迪庆兵燕水电有限公司,Z,90,XCX,4,37.6,M,汉,5200,3,01,MATE,FRIENDS,2,71.0,重庆市,CONSUME,01,,27.851993,99.749446,ANDROID,,云南省迪庆藏族自治州香格里拉市建塘镇,1
100000,,肇庆市,天天水店,Z,90,APP,2,36.3,M,汉,3953,4,01,FATHER,FRIENDS,1,86.174,广东省,CONSUME,01,,23.340183,112.697112,ANDROID,,广东省肇庆市四会市城中街道沙尾一路13巷-1座-1号-9号,1
100000,,扬州市,上海申势诚企业服务中心,S,11,APP,4,43.0,M,汉,4299,4,01,FATHER,FRIENDS,2,71.0,江苏省,CONSUME,01,,31.22296630859375,121.52911593967013,ANDROID,,上海市浦东新区潍坊新村街道竹林路,1
100000,102,德阳市,德阳市德和机械有限公司,Z,90,APP,3,36.8,M,汉,5808,2,01,MOTHER,MATE,1,89.509,四川省,CONSUME,01,,31.11598,104.354362,ANDROID,,四川省德阳市旌阳区工农街道银山路,1
100000,,铁岭市,大润发有限公司,Z,90,XCX,3,28.6,M,汉,267,2,01,FATHER,FRIENDS,2,71.0,辽宁省,CONSUME,01,,41.811190592447915,123.40175862630208,ANDROID,,辽宁省沈阳市皇姑区三洞桥街道步云山路26巷,1
100000,102,南通市,嘉禾名园,Z,90,XCX,2,43.5,M,汉,5647,4,01,MATE,FATHER,,71.0,江苏省,CONSUME,01,,32.34513427443264,121.11310343031086,ANDROID,,江苏省南通市如东县苴镇街道幸福桥,1
100000,105,岳阳市,好又来农庄,I,54,XCX,2,39.9,F,汉,3337,2,01,MOTHER,SIBLING,1,71.0,湖南省,CONSUME,01,,29.473937,112.581329,ANDROID,,湖南省岳阳市华容县新河乡X084,1
100000,,红河哈尼族彝族自治州,李凤鸣个人工作室,H,54,APP,2,26.3,F,彝,850,4,01,MATE,FRIENDS,1,71.0,云南省,CONSUME,01,,24.620495062934026,103.84063666449653,ANDROID,,云南省红河哈尼族彝族自治州泸西县白水镇弥五段,1
100000,,鸡西市,东山矿洗煤二十,Z,90,APP,2,41.0,F,汉,4521,4,01,MOTHER,FRIENDS,1,71.0,黑龙江省,CONSUME,01,,45.207706705729166,130.94892822265626,ANDROID,,黑龙江省鸡西市恒山区小恒山街道,1
100000,403,资阳市,安岳县顺发天然气有限责任公司,C,24,APP,4,41.1,M,汉,2505,3,01,FATHER,MATE,1,71.0,四川省,CONSUME,01,,30.100827,105.349282,ANDROID,,四川省资阳市安岳县石桥街道柠新街,1
100000,102,九江市,深圳市龙岗区典莹眼镜店,H,54,APP,3,46.1,M,汉,564,3,01,FATHER,FRIENDS,1,78.202,江西省,CONSUME,01,,22.627391292557428,114.14362397238604,ANDROID,,广东省深圳市龙岗区南湾街道富得巴路1,1
100000,103,重庆市,东发广成,H,54,APP,2,36.0,M,汉,4134,3,01,RELATIVES,FRIENDS,1,71.0,重庆市,CONSUME,01,,28.46364326949494,121.47125554080336,ANDROID,,浙江省台州市温岭市新河镇X802(坦龙线),1
100000,103,巴中市,平昌县人民医院,Q,11,APP,4,33.3,M,汉,686,2,01,MOTHER,FRIENDS,1,81.065,四川省,CONSUME,01,,31.559718,107.106249,ANDROID,,四川省巴中市平昌县江口街道望江街,1
100000,,延安市,中国联合网络通信有限公司延安分公司,Z,90,XCX,4,29.3,M,汉,2114,3,01,SIBLING,COLLEAGUE,2,86.638,陕西省,CONSUME,01,,36.617305794723367,109.53635334433908,ANDROID,,陕西省延安市宝塔区桥沟街道,1
100000,,沅江市,沅江市漉湖湿地保护与发展事务中心,S,11,APP,4,38.9,M,汉,3853,2,01,PARENTS,FRIENDS,1,71.0,湖南省,CONSUME,01,,28.985391,112.847781,ANDROID,,湖南省益阳市沅江市漉湖芦苇场,1
100000,,肇庆市,黎繁彩个人工作室,Z,90,APP,2,23.7,M,汉,2292,4,01,FRIENDS,MATE,2,71.0,广东省,CONSUME,01,,22.968628925626989,113.0231767624451,ANDROID,,广东省佛山市禅城区南庄镇东便街,1
100000,104,潍坊市,爱亲母婴,H,54,APP,3,40.2,F,汉,3465,2,,COLLEAGUE,FRIENDS,2,71.0,山东省,CONSUME,01,,36.893177,118.745123,ANDROID,,山东省潍坊市寿光市圣城街道银海北路辅路,1
100000,,白城市,镇赉白鹤大酒店有限公司,Z,90,APP,4,40.5,M,汉,6654,2,01,MATE,COLLEAGUE,1,71.0,吉林省,CONSUME,01,,45.848554,123.214633,ANDROID,,吉林省白城市镇赉县镇赉镇凌云东路,1
100000,103,西安市,扬之水文化传媒有限公司,J,13,APP,4,37.8,M,汉,4625,4,01,RELATIVES,FRIENDS,1,71.0,陕西省,CONSUME,01,,34.321941,109.037559,ANDROID,,陕西省西安市灞桥区席王街道灞柳西路,1
100000,,贵港市,花花公子,Z,90,XCX,4,27.2,F,汉,462,2,01,FATHER,COLLEAGUE,2,79.12257,广西壮族自治区,CONSUME,01,,23.144694207308896,109.42808251453327,IOS,,广西壮族自治区贵港市覃塘区覃塘街道,1
100000,,咸阳市,中国人寿保险股份有限公司旬邑支公司,J,13,APP,3,43.3,M,汉,3926,2,01,MOTHER,COLLEAGUE,1,71.0,陕西省,CONSUME,02,,35.096034,108.326329,ANDROID,,陕西省咸阳市旬邑县城关街道G211(银榕线),1
100000,,盐城市,苏州市阳澄湖镇欧琳娜橱柜厂,C,24,APP,3,31.4,M,汉,6065,3,01,MATE,SIBLING,1,71.0,江苏省,CONSUME,01,,31.483125,120.723684,ANDROID,,江苏省苏州市相城区阳澄湖镇湘洲路,1
100000,,荆州市,九州通医药公司,Z,90,XCX,3,32.6,M,汉,5890,3,01,PARENTS,MATE,1,71.0,湖北省,CONSUME,01,,31.175512400951189,121.16541577267647,ANDROID,,上海市青浦区重固镇崧华路,1
100000,,北京市,北京桃李见喜餐饮有限公司,I,54,APP,4,23.2,F,汉,1447,2,01,FATHER,RELATIVES,2,71.0,北京市,CONSUME,01,,40.148155,117.118181,ANDROID,,北京市平谷区平谷(渔阳地区)镇和平街中路,1
100000,,唐山市,河北时秀传媒有限公司,Z,90,XCX,3,29.0,F,汉,181,2,01,FATHER,FATHER,2,71.0,河北省,CONSUME,01,,38.85283501519097,115.533112250434,IOS,,河北省保定市莲池区杨庄乡G240(东二环),1
100000,,南阳市,深圳品盈贸易有限公司,C,24,XCX,3,41.3,F,汉,4242,3,01,SIBLING,FRIENDS,2,71.0,河南省,CONSUME,01,,22.542808973524306,114.11484293619792,ANDROID,,广东省深圳市罗湖区南湖街道人民南路3002号,1
100000,,保定市,秦皇岛茂业天地,Z,90,APP,2,23.0,M,汉,1139,2,01,FATHER,FRIENDS,2,71.0,河北省,CONSUME,01,,38.93416921635293,115.93067158746737,ANDROID,,河北省保定市安新县安新镇育才东路,1
100000,,德宏傣族景颇族自治州,芒市供排水公司,Z,90,APP,4,35.5,F,傣,7102,4,01,FATHER,OTHER,1,71.0,云南省,CONSUME,01,,24.43816449991389,98.58976746892042,ANDROID,,云南省德宏傣族景颇族自治州芒市芒市勐焕街道普提街1,1
100000,,温州市,温州市鹿城区委办公室,Z,90,XCX,4,38.0,M,汉,6410,4,01,FRIENDS,SIBLING,2,71.0,浙江省,CONSUME,01,,28.01909358427634,120.66654881178677,ANDROID,,浙江省温州市鹿城区五马街道东明路13-～14号,1
100000,103,合肥市,合肥腾程交通科技有限公司,Z,90,APP,3,34.9,M,汉,279,4,01,COLLEAGUE,FRIENDS,1,71.0,安徽省,CONSUME,02,,31.704224,117.159468,ANDROID,,安徽省合肥市肥西县上派镇站下路,1
100000,,昆明市,陈冲个人工作室,Z,90,XCX,3,43.4,M,汉,3511,2,01,PARENTS,SIBLING,3,85.236,云南省,CONSUME,01,,25.029095303714944,103.66903951245094,ANDROID,,云南省曲靖市陆良县中枢街道护城路,1
100000,,红河哈尼族彝族自治州,建水振源机动车检测有限公司,Z,90,APP,3,38.9,F,彝,4976,4,01,MATE,MOTHER,1,71.0,云南省,CONSUME,01,,24.262982,102.750425,ANDROID,,云南省玉溪市江川区星云街道朱捧路,1
100000,,铜仁市,菊相园简养生活馆,Z,90,XCX,3,35.6,M,汉,6408,4,01,SIBLING,FRIENDS,3,82.098,贵州省,CONSUME,01,,26.243602,105.919049,ANDROID,,贵州省安顺市西秀区西航街道银泉路,1
100000,,铜陵市,铜陵璇力钢铁有限公司,Z,90,APP,3,26.8,M,汉,613,2,01,FATHER,SIBLING,2,92.028,安徽省,CONSUME,01,,31.024234,117.9219,ANDROID,,安徽省铜陵市义安区西联镇,1
100000,102,汕尾市,万友顺德菜,Z,90,XCX,2,23.4,M,汉,2198,3,01,PARENTS,FRIENDS,2,91.825,广东省,CONSUME,01,,22.809572479667275,115.84673993530807,ANDROID,,广东省汕尾市陆丰市碣石镇,1
100000,,贵港市,满福佳购物中心,H,54,APP,2,34.7,M,汉,6563,2,01,SIBLING,FRIENDS,2,71.0,广西壮族自治区,CONSUME,01,,23.243474934895833,113.14044053819444,ANDROID,,广东省佛山市南海区里水镇,0
100000,,株洲市,深圳市玉熙电子商务企业,G,13,APP,2,36.4,M,汉,4121,3,01,FATHER,FRIENDS,1,71.0,湖南省,CONSUME,01,,22.691074,114.236847,ANDROID,,广东省深圳市龙岗区龙城街道嶂背隧道,1
100000,,邵阳市,湾田集团,H,54,XCX,4,28.6,M,汉,6542,2,01,FATHER,FRIENDS,2,92.74404,湖南省,CONSUME,01,,25.541445492026317,104.67464402358847,IOS,,贵州省六盘水市盘州市大山镇,1
100000,,保定市,荣成市海政建材有限公司,E,24,APP,2,39.4,M,汉,2713,4,01,MATE,FRIENDS,1,71.0,河北省,CONSUME,01,,39.906919452004448,116.2871418593977,ANDROID,,北京市海淀区万寿路街道复兴路61号院,1
100000,,濮阳市,北京中腾国际旅行社有限公司,O,17,APP,2,39.1,M,汉,4508,4,01,SIBLING,FRIENDS,2,71.0,河南省,CONSUME,01,,39.856346,116.514238,ANDROID,,北京市朝阳区垡头街道化工路14号,1
100000,102,新余市,温州市瑞德实业发展公司,Z,90,XCX,4,43.1,F,汉,1859,2,,PARENTS,FRIENDS,2,71.0,江西省,CONSUME,04,,27.783140733506944,120.63945502387153,ANDROID,,浙江省温州市瑞安市安阳街道瑞湖路22号,1
100000,,新乡市,河南驼人医疗器械集团有限公司,Z,90,XCX,2,40.1,F,汉,6517,4,01,MATE,FATHER,2,71.0,河南省,CONSUME,01,,35.236888234591457,114.57956055107745,ANDROID,,河南省新乡市长垣市常村镇,0
100000,,福州市,茶花现代家居建材市场,Z,90,APP,3,30.4,M,汉,954,3,01,FATHER,MOTHER,1,71.0,福建省,CONSUME,01,,26.08249,119.272196,ANDROID,,福建省福州市鼓楼区洪山镇杨桥中路283,1
100000,,保山市,云南腾冲驼峰机场开发管理有限公司,F,17,XCX,4,32.3,F,汉,5461,3,01,FATHER,FRIENDS,2,71.0,云南省,CONSUME,01,,31.313138562334389,106.5378114087497,IOS,,四川省南充市仪陇县文星镇,1
100000,,安阳市,宜兴中车,H,54,APP,2,23.1,M,汉,2650,2,01,FATHER,RELATIVES,2,76.8594,河南省,CONSUME,01,,31.4010762808622,119.88319544810753,ANDROID,,江苏省无锡市宜兴市屺亭街道,1
100000,105,邵阳市,东莞市鸿安预制构件有限公司,Z,90,APP,4,35.3,M,汉,4099,4,01,FRIENDS,COLLEAGUE,2,71.0,湖南省,CONSUME,02,,23.054102,114.082639,ANDROID,,广东省东莞市企石镇,1
100000,,莆田市,北京长杨瀚坤工程有限公司,Z,90,APP,4,36.3,M,汉,4709,4,01,MATE,FRIENDS,1,71.0,福建省,CONSUME,01,,39.985104,116.386056,ANDROID,,北京市朝阳区亚运村街道北辰路,1
100000,,惠州市,罗伟权粮油店,Z,90,XCX,2,42.3,M,汉,4067,4,01,SIBLING,FRIENDS,1,71.0,广东省,CONSUME,01,,23.08972597254434,114.38949004961869,ANDROID,,广东省惠州市惠城区江南街道黄塘路118号,1
100000,,定西市,董晶晶个人工作室,Z,90,XCX,4,31.4,F,汉,5722,2,01,PARENTS,FRIENDS,2,71.0,甘肃省,CONSUME,01,,34.43726239128081,104.01801084757082,ANDROID,,甘肃省定西市岷县岷阳镇S306(岷州西路),1
100000,,丽水地区,四川德爱威建材有限公司,E,24,XCX,3,44.0,F,汉,3668,3,01,MATE,FRIENDS,1,77.68849,浙江省,CONSUME,02,,30.713094623025449,104.00195774563709,ANDROID,,四川省成都市金牛区金泉街道迎宾大道,1
100000,103,盐城市,双晶新能源,M,11,APP,3,36.0,M,汉,6900,2,01,FATHER,MOTHER,1,80.298,江苏省,CONSUME,01,,33.360237,120.119985,ANDROID,,江苏省盐城市盐都区潘黄街道腾飞路,1
100000,,西安市,西安车站,Z,90,APP,3,36.7,F,汉,4014,3,01,MATE,FRIENDS,1,71.0,陕西省,CONSUME,01,,34.296436,109.042916,ANDROID,,陕西省西安市灞桥区席王街道官厅立交,1
100000,102,合肥市,西安神力工程机械大修有限公司,H,54,APP,3,41.0,M,汉,4476,4,,RELATIVES,FRIENDS,2,71.0,安徽省,CONSUME,04,,31.890868,117.448298,ANDROID,,安徽省合肥市肥东县店埠镇安乐路,1
100000,,长春市,平安保险公司,J,13,XCX,4,40.7,M,汉,4277,3,01,MOTHER,COLLEAGUE,1,71.0,吉林省,CONSUME,01,,42.970551,129.847095,ANDROID,,吉林省延边朝鲜族自治州图们市月晴镇图们大路,1
100000,,滁州市,滁阳街道办事处如意湖社区居委会,Z,90,APP,4,37.8,M,汉,4107,4,01,FRIENDS,FATHER,2,71.0,安徽省,CONSUME,01,,40.09468,116.097292,ANDROID,,北京市海淀区苏家坨(地区)镇车耳营路,1
100000,,长治市,山西省长治市潞州区工商银行高新区支行,Z,90,XCX,4,47.3,F,汉,6464,2,01,MATE,FRIENDS,1,71.0,山西省,CONSUME,01,,37.85343342071212,113.60656821421947,ANDROID,,山西省阳泉市城区义井街道,1
100000,,保山市,保山交通运输集团公司,Z,90,XCX,4,41.0,M,汉,2254,3,01,FATHER,FRIENDS,2,71.0,云南省,CONSUME,01,,26.057821882294836,116.86197921751284,ANDROID,,福建省三明市清流县田源乡X786,1
100000,102,酒泉市,酒泉碧桂园房地产开发有限公司,K,17,XCX,3,28.5,F,汉,6555,2,01,MOTHER,RELATIVES,2,87.517,甘肃省,CONSUME,01,,39.72449662296478,98.49922342315273,ANDROID,,甘肃省酒泉市肃州区玉门油田生活基地街道肃州路辅路,1
100000,,陇南市,中国银行股份有限公司,Z,90,XCX,4,35.2,F,汉,5690,2,01,FATHER,FATHER,1,77.627,甘肃省,CONSUME,01,,33.369175347222225,104.95475667317709,ANDROID,,甘肃省陇南市武都区东江镇G212(长江大道),1
100000,102,重庆市,深圳市科宇光学塑胶有限公司,C,24,APP,2,39.6,M,汉,3761,4,01,SIBLING,MOTHER,1,71.0,重庆市,CONSUME,02,,22.715555,114.29385,ANDROID,,广东省深圳市龙岗区宝龙街道赖屋路,1
100000,105,长沙市,腾越建筑工程有限公司,Z,90,XCX,4,28.4,M,汉,6937,2,01,PARENTS,FRIENDS,1,71.0,湖南省,CONSUME,01,,28.13098605685764,112.91340603298612,ANDROID,,湖南省长沙市岳麓区洋湖街道名将之路,1
100000,,舒兰市,马丫东北饭,Z,90,XCX,3,46.8,F,汉,677,2,01,MATE,FRIENDS,1,71.0,吉林省,CONSUME,01,,30.272120,120.100251,IOS,,浙江省杭州市西湖区古荡街道竞舟路63,1
100000,102,石家庄市,石家庄二环管理处,Z,90,XCX,3,39.8,M,汉,5141,3,01,MATE,CHILDREN,1,88.945,河北省,CONSUME,01,,38.04059987539946,114.56167799564547,ANDROID,,河北省石家庄市长安区谈固街道建明中路,1
100000,102,雅安地区,西藏江水上山工程技术服务有限公司,H,54,XCX,3,34.4,M,汉,4451,2,01,MATE,FATHER,1,71.0,四川省,CONSUME,01,,29.625798882378472,91.06729031032987,ANDROID,,西藏自治区拉萨市堆龙德庆区柳梧乡通站路,1
100000,102,伊春市,铁力农场电业局,A,27,APP,2,36.4,M,汉,4500,4,01,MATE,FRIENDS,1,90.786,黑龙江省,CONSUME,01,,46.98711185749696,128.0699559731212,ANDROID,,黑龙江省伊春市铁力市铁力镇Y007(建设东大街),1
100000,,益阳市,珠海伟创力,Z,90,XCX,3,36.8,M,汉,3792,4,01,MATE,FRIENDS,1,71.0,湖南省,CONSUME,01,,22.175435511157836,113.285134528586852,ANDROID,,广东省珠海市斗门区井岸镇南路,1
100000,103,周口市,江苏省南通市中南幕墙有限公司,E,24,XCX,2,43.1,M,汉,1561,2,01,MATE,FRIENDS,2,90.389,河南省,CONSUME,01,,28.1145643558186,113.01999063916719,ANDROID,,湖南省长沙市雨花区井湾子街道圭塘路,1
100000,102,南通市,锦岸机械科技江苏有限公司,G,13,APP,4,36.6,M,汉,4632,3,,MATE,FRIENDS,1,92.791,江苏省,CONSUME,01,,24.598454047309026,118.01089762369791,ANDROID,,福建省厦门市集美区杏滨街道锦园西二路395-399号,1
100000,105,淮安市,涟水文勇畜禽养殖厂,Z,90,APP,2,33.3,F,汉,5256,4,01,FATHER,MATE,3,77.299,江苏省,CONSUME,01,,33.77136090218129,119.27420243270896,ANDROID,,江苏省淮安市涟水县涟城街道常青东路,1
100000,105,威海市,威海经济技术开发区沁苑家居生活馆,Z,90,XCX,4,33.1,F,汉,4819,2,,FATHER,FATHER,1,94.18,山东省,CONSUME,01,,37.410115831163196,122.1522398546007,ANDROID,,山东省威海市环翠区凤林街道鸣鹤街,1
100000,,盘锦市,盘锦申通快递公司,F,17,XCX,3,35.6,F,汉,6190,3,,MATE,FATHER,1,71.0,辽宁省,CONSUME,01,,41.20165500217014,122.05042073567708,ANDROID,,辽宁省盘锦市双台子区红旗街道育红路,1
100000,105,自贡市,永祥能源科技有限公司,Z,90,XCX,2,33.2,M,汉,860,3,01,MOTHER,COLLEAGUE,2,87.327,四川省,CONSUME,01,,29.378453,103.854875,ANDROID,,四川省乐山市五通桥区金粟镇,1
100000,,定西市,甘肃泓创源商贸有限公司,H,54,APP,2,38.3,F,汉,3665,4,01,RELATIVES,RELATIVES,1,71.0,甘肃省,CONSUME,01,,35.369129,103.850324,ANDROID,,甘肃省定西市临洮县洮阳镇,1
100000,103,南阳市,海虹国际农业批发中心,Z,90,APP,2,36.1,M,汉,6035,2,01,PARENTS,SIBLING,1,71.0,河南省,CONSUME,01,,43.8713193329315,87.49959700729923,ANDROID,,新疆维吾尔自治区乌鲁木齐市头屯河区北站东路街道北站一路,1
100000,,廉江市,汕头建设物业有限公司,E,24,XCX,4,42.6,M,汉,4399,3,01,SIBLING,FRIENDS,1,83.522,广东省,CONSUME,01,,23.3534765625,116.67362928602431,ANDROID,,广东省汕头市金平区小公园街道南海横路28号,1
100000,103,武汉市,盛安泰冷冻设备有限责任公司,C,24,APP,2,31.1,M,汉,405,4,01,PARENTS,FRIENDS,2,71.0,湖北省,CONSUME,01,,30.580068,114.156336,ANDROID,,湖北省武汉市汉阳区永丰街道米粮互通,1
100000,,徐州市,青岛如初科技有限公司,Z,90,APP,2,37.5,M,汉,3549,4,01,PARENTS,RELATIVES,2,71.0,江苏省,CONSUME,01,,34.76193033854167,116.44761637369791,ANDROID,,江苏省徐州市丰县赵庄镇吴楼西路,1
100000,,丹东市,那年那火锅,Z,90,XCX,2,29.9,F,满,270,4,01,COLLEAGUE,FRIENDS,1,71.0,辽宁省,CONSUME,01,,38.928983,121.591282,ANDROID,,辽宁省大连市西岗区香炉礁街道香锦街12号,1
100000,,安庆市,专业瓷砖美缝,Z,90,XCX,2,47.4,M,汉,170,2,01,FATHER,FATHER,1,71.0,安徽省,CONSUME,01,,23.217507,113.296875,ANDROID,,广东省广州市白云区永平街道永泰元下田东街,1
100000,307,娄底市,湖南尚度电器科技有限公司,Z,90,APP,3,27.7,M,汉,1205,2,01,SIBLING,SIBLING,2,89.468,湖南省,CONSUME,01,,28.231524,113.081174,ANDROID,,湖南省长沙市长沙县泉塘街道向阳路,1
100000,105,天津市,天津渤化橡胶有限责任公司,C,24,APP,4,41.7,M,汉,5024,4,01,RELATIVES,FRIENDS,1,71.0,天津市,CONSUME,01,,39.12958604600694,117.17542860243056,ANDROID,,天津市和平区南市街道南门外大街243号,1
100000,301,上海市,上海东方大学城物业管理有限公司,L,17,APP,3,38.8,F,汉,3679,2,01,FRIENDS,PARENTS,1,71.0,上海市,CONSUME,01,,31.291754519407197,121.5378942252908,ANDROID,,上海市杨浦区长白新村街道延吉东路315号,1
100000,102,韶关市,养殖有限公司,H,54,APP,3,35.6,F,汉,6026,4,01,MATE,MATE,1,90.792,广东省,CONSUME,02,,24.808231581305856,113.610793480866,ANDROID,,广东省韶关市浈江区新韶镇高德路,1
100000,,锦州市,凌海市美团公司,Z,90,APP,2,38.6,F,汉,3492,4,01,FATHER,CHILDREN,1,91.869,辽宁省,CONSUME,01,,41.168707,121.363251,ANDROID,,辽宁省锦州市凌海市大凌河街道集贸街11号,1
100000,105,赣州市,皓恒五金销售行,H,54,APP,2,44.3,M,汉,4119,4,,MATE,RELATIVES,1,71.0,江西省,CONSUME,01,,24.737835,114.549533,ANDROID,,江西省赣州市全南县金龙镇桃江源大道辅路,1
100000,103,红河哈尼族彝族自治州,石屏县坝心镇种地,Z,90,XCX,2,44.3,M,彝,5891,2,01,PARENTS,RELATIVES,3,71.0,云南省,CONSUME,01,,23.616645955310987,102.61058644285176,ANDROID,,云南省红河哈尼族彝族自治州石屏县坝心镇,1
100000,,芜湖市,庐州科卫生学校,P,13,XCX,3,28.2,F,汉,452,4,01,MATE,FATHER,2,71.0,安徽省,CONSUME,01,,31.317836899813118,117.84361901822348,ANDROID,,安徽省芜湖市无为市赫店镇,1
100000,,惠州市,惠城区人民政府龙丰街道办事处,S,11,XCX,3,33.9,M,汉,6692,2,01,MATE,SIBLING,1,93.932,广东省,CONSUME,01,,23.077968,114.385497,IOS,,广东省惠州市惠城区龙丰街道大岭路8号,1
100000,,柳州市,柳州市联华超市有限公司,Z,90,XCX,3,33.9,F,汉,4683,4,01,SIBLING,FATHER,2,71.0,广西壮族自治区,CONSUME,01,,24.296064933645356,109.44852523377924,ANDROID,,广西壮族自治区柳州市鱼峰区阳和街道,1
100000,403,扬州市,江苏吉威体育,R,17,APP,3,36.9,M,汉,3931,3,01,MOTHER,RELATIVES,1,71.0,江苏省,CONSUME,02,,32.742257,119.77488,ANDROID,,江苏省扬州市江都区武坚镇丰裕路,1
100000,,衡阳市,广东中宿撼岳建筑劳务有限公司,Z,90,XCX,4,43.1,M,汉,2230,3,01,SIBLING,FRIENDS,3,81.837,湖南省,CONSUME,01,,23.841282696660238,112.74660985112715,ANDROID,,广东省清远市清新区龙颈镇,1
100000,105,孝感市,不动产登记中心,S,11,XCX,3,44.5,M,汉,1659,2,01,PARENTS,FRIENDS,1,71.0,湖北省,CONSUME,01,,31.02329177538435,113.76029034002598,ANDROID,,湖北省孝感市云梦县城关镇湖光路,1
100000,,芜湖市,弋江区财政局,S,11,XCX,3,41.6,M,汉,1638,2,01,MATE,FRIENDS,2,71.0,安徽省,CONSUME,01,,31.29830128194856,118.39807419933081,ANDROID,,安徽省芜湖市弋江区马塘街道马塘立交,1
100000,,绥化市,王玉香个人工作室,Z,90,APP,2,30.0,F,蒙古,2104,2,01,RELATIVES,SIBLING,2,71.0,黑龙江省,CONSUME,01,,46.903241,126.789088,ANDROID,,黑龙江省绥化市望奎县灯塔镇S212,1
100000,104,汕头市,汕头市金经纬塑胶实业有限公司,C,24,XCX,2,35.7,F,汉,3827,4,,PARENTS,FATHER,1,71.0,广东省,CONSUME,01,,23.16541042751736,116.48798258463542,ANDROID,,广东省汕头市潮南区成田镇陈沙公路,0
100000,,成都市,四川文君酒经营有限公司,Z,90,APP,2,43.7,F,汉,3882,2,01,MATE,MOTHER,1,91.741,四川省,CONSUME,01,,30.391955941166106,104.5378115069803,ANDROID,,四川省成都市简阳市简城街道绛溪路,1
100000,,腾冲市,云南省锦星电力设计有限公司,D,17,XCX,3,34.3,M,汉,5024,4,01,SIBLING,FRIENDS,2,91.892,云南省,CONSUME,01,,23.633304,105.631349,ANDROID,,云南省文山壮族苗族自治州富宁县新华镇G323(瑞临线),1
100000,105,天水市,甘泉卫生室,H,54,APP,2,29.5,F,汉,6016,4,01,MATE,RELATIVES,1,71.0,甘肃省,CONSUME,02,,34.455463,105.932483,ANDROID,,甘肃省天水市麦积区甘泉镇S218,1
100000,104,昆明市,云南机场集团有限公司,Z,90,APP,4,40.3,M,汉,6902,3,01,MATE,FRIENDS,1,89.87,云南省,CONSUME,01,,25.095534,102.928975,ANDROID,,云南省昆明市官渡区大板桥街道机场东路,1
100000,,安庆市,北京天香云酒店管理有限公司,Z,90,XCX,4,30.4,M,汉,97,3,01,MOTHER,SIBLING,2,74.944,安徽省,CONSUME,01,,39.921188,116.456794,ANDROID,,北京市朝阳区呼家楼街道呼家楼北街38号,1
100000,307,济宁市,香香角色鞋业,Z,90,APP,2,27.3,M,汉,2248,2,01,FATHER,FRIENDS,2,71.0,山东省,CONSUME,01,,35.478382,116.632806,ANDROID,,山东省济宁市任城区李营街道孙营路,1
100000,,揭阳市,吴奇宛个人工作室,Z,90,APP,2,43.7,F,汉,4135,4,01,MATE,SIBLING,1,71.0,广东省,CONSUME,01,,23.448727027447388,116.63306806685557,ANDROID,,广东省潮州市潮安区庵埠镇G78(汕昆高速),1
100000,,黔西南布依族苗族自治州,叶明龙个人工作室,Z,90,APP,2,30.6,M,汉,6570,3,01,FRIENDS,FRIENDS,2,71.0,贵州省,CONSUME,01,,22.645857,112.248499,ANDROID,,广东省云浮市新兴县太平镇X483,1
100000,,安阳市,安阳九九商贸有限公司,Z,90,APP,4,40.4,M,汉,5330,3,01,MATE,FRIENDS,1,88.028,河南省,CONSUME,01,,36.084402,114.342836,ANDROID,,河南省安阳市文峰区南关街道德隆街西段,1
100000,,哈尔滨市,凯特琳国际洗衣,Z,90,XCX,2,36.1,F,汉,5078,4,01,COLLEAGUE,MATE,1,84.06,黑龙江省,CONSUME,01,,49.177456,125.230329,ANDROID,,黑龙江省黑河市嫩江市嫩江镇军民路,1
100000,,苏州市,太仓市公共自行车服务发展有限公司,Z,90,APP,3,40.1,M,汉,5978,2,01,FATHER,FRIENDS,1,71.0,江苏省,CONSUME,01,,31.456423,121.09897,ANDROID,,江苏省苏州市太仓市娄东街道桃园路9-001号,1
100000,103,松原市,临江市国有林场,A,27,XCX,4,37.1,M,汉,3752,4,01,MATE,FATHER,2,71.0,吉林省,CONSUME,01,,28.11573935371431,113.02079017484852,ANDROID,,湖南省长沙市雨花区井湾子街道圭塘路,1
100000,105,南宁市,南宁市青秀区47中学,P,13,APP,2,46.7,F,壮,2211,4,,MOTHER,CHILDREN,3,71.0,广西壮族自治区,CONSUME,01,,22.825143,108.383609,ANDROID,,广西壮族自治区南宁市青秀区南湖街道长湖路62号,1
100000,103,济宁市,济南中基作物科学有限公司,Z,90,APP,2,35.0,M,汉,6673,2,01,FATHER,MATE,1,71.0,山东省,CONSUME,01,,35.078906,116.294577,ANDROID,,山东省济宁市金乡县金乡街道金珠路,1
100000,105,宁波市,宁海力合模塑有限公司,C,24,APP,2,37.8,M,汉,4854,3,01,MATE,RELATIVES,1,71.0,浙江省,CONSUME,01,,29.333852,121.424678,ANDROID,,浙江省宁波市宁海县桃源街道金龙路17,1
100000,403,泉州市,无公司名称,R,17,XCX,2,47.4,M,汉,2932,4,01,MATE,FRIENDS,1,71.0,福建省,CONSUME,01,,25.12251003689236,118.47350070529514,ANDROID,,福建省泉州市南安市梅山镇光前东路,1
100000,,大连市,顺丰速运保税区营业部,Z,90,XCX,4,31.0,M,汉,5857,3,01,FATHER,RELATIVES,2,71.0,辽宁省,CONSUME,01,,35.804963883185887,114.99633702802857,ANDROID,,河南省濮阳市华龙区胡村乡华安路辅路,1
100000,,西安市,女公子设计师品牌集合店,H,54,XCX,4,34.5,F,汉,6818,4,01,MOTHER,FRIENDS,1,91.871,陕西省,CONSUME,01,,29.550362684461806,106.59201741536458,ANDROID,,重庆市南岸区龙门浩街道前驱路183号,1
100000,301,赣州市,赣州富士康,G,13,APP,3,25.0,M,汉,1945,4,01,MOTHER,FRIENDS,2,81.428,江西省,CONSUME,02,,25.76476,114.76681,ANDROID,,江西省赣州市南康区太窝乡城西大道,1
100000,,秦皇岛市,秦皇岛市森林消防大队,S,11,APP,4,27.9,M,汉,6772,4,01,PARENTS,FRIENDS,2,82.614,河北省,CONSUME,01,,39.848065,119.475509,ANDROID,,河北省秦皇岛市北戴河区戴河镇S267(海宁路),1
100000,,丹东市,上海市新材料协会,Z,90,APP,4,28.7,F,汉,1002,4,01,FATHER,FRIENDS,2,71.0,辽宁省,CONSUME,01,,31.188522,121.447983,ANDROID,,上海市徐汇区枫林路街道中山南二路850弄-3号,1
100000,105,邢台市,河北福威有限责任公司,Z,90,APP,3,33.4,M,汉,209,3,,SIBLING,RELATIVES,1,71.0,河北省,CONSUME,04,,31.959003,114.931922,ANDROID,,河南省信阳市光山县槐店乡,1
100000,,合肥市,皇家至尊娱乐会所,R,17,APP,2,27.7,M,汉,550,3,,MOTHER,RELATIVES,2,71.0,安徽省,CONSUME,02,,31.904514,117.317713,ANDROID,,安徽省合肥市瑶海区七里塘街道新海大道辅路,1
100000,105,广安市,云县浩海建筑工程有限公司,Z,90,XCX,2,40.1,M,汉,3416,3,01,RELATIVES,RELATIVES,1,71.0,四川省,CONSUME,01,,30.023561,106.300584,ANDROID,,重庆市合川区钓鱼城街道丁香路,1
100000,,自贡市,新潮日用百货批发,Z,90,APP,3,34.5,M,汉,5702,2,01,COLLEAGUE,FRIENDS,1,71.0,四川省,CONSUME,01,,29.213261,105.03586,ANDROID,,四川省自贡市富顺县狮市镇G4215(蓉遵高速),1
100000,,万宁市,好彩海鲜火锅店,I,54,APP,4,34.2,M,汉,5848,4,01,FATHER,SIBLING,2,71.0,海南省,CONSUME,01,,22.187559407552083,113.55019422743055,ANDROID,,澳门大堂区柏嘉街494,1
100000,,延安市,私营业主,Z,90,XCX,4,42.7,M,汉,3951,2,01,MATE,FRIENDS,1,71.0,陕西省,CONSUME,01,,35.99336797796858,109.38659653355447,ANDROID,,陕西省延安市富县茶坊街道,1
100000,,西双版纳傣族自治州,双胞园林绿化,E,24,XCX,3,36.0,M,哈尼,3727,4,01,FATHER,FATHER,1,71.0,云南省,CONSUME,01,,22.304716,100.889697,ANDROID,,云南省西双版纳傣族自治州景洪市大渡岗乡,1
100000,105,合肥市,贾秋怡个人工作室,Z,90,XCX,4,26.2,F,汉,3568,2,,MATE,FRIENDS,2,91.615,安徽省,CONSUME,01,,31.830244683159723,117.17496283637153,ANDROID,,安徽省合肥市蜀山区高新技术产业开发区玉兰大道,1
100000,,盐城市,尚层装饰北京有限公司苏州分公司,E,24,APP,4,33.3,M,汉,5170,4,01,PARENTS,FRIENDS,1,71.0,江苏省,CONSUME,01,,31.259063042534724,120.52942843967014,ANDROID,,江苏省苏州市吴中区木渎镇中山东路78号,1
100000,,邯郸市,天外天饭店,Z,90,APP,2,24.8,M,汉,1915,4,01,PARENTS,FRIENDS,1,71.0,河北省,CONSUME,01,,36.462618646863187,114.40391837810296,ANDROID,,河北省邯郸市邯山区马头镇G107(京港线),1
100000,102,巴中市,贺坤个人工作室,E,24,APP,2,39.0,M,汉,4107,2,01,FATHER,FRIENDS,2,89.3,四川省,CONSUME,01,,30.532260052868274,104.03452248760176,ANDROID,,四川省成都市武侯区桂溪街道南华路,1
100000,403,邢台市,中国联合网络通信有限公司邢台市分公司,G,13,APP,4,46.5,M,回,1057,3,01,MATE,SIBLING,1,71.0,河北省,CONSUME,02,,37.057497,114.452241,ANDROID,,河北省邢台市信都区钢铁路街道胜利路,1
100000,,临沂市,临沂壹零柒劳务安装公司,Z,90,XCX,4,43.1,M,汉,4126,3,01,MATE,FRIENDS,1,71.0,山东省,CONSUME,01,,35.13303305073259,118.34527216077649,ANDROID,,山东省临沂市兰山区柳青街道长沙路,1
100000,,周口市,人教物业有限公司,Z,90,APP,3,33.7,M,汉,5975,4,01,FRIENDS,COLLEAGUE,2,71.0,河南省,CONSUME,01,,39.87201150816098,116.34225787554102,ANDROID,,北京市丰台区太平桥街道宣武区南滨河路73号,1
100000,,通化市,桥头排骨加盟店,Z,90,APP,4,27.8,M,汉,1317,3,01,MATE,FRIENDS,2,71.0,吉林省,CONSUME,01,,39.758980984115328,116.49548343090203,ANDROID,,北京市大兴区博兴街道泰河一街,1
100000,,淮安市,东方女人,Z,90,APP,3,29.3,F,汉,6640,3,01,MATE,FRIENDS,1,71.0,江苏省,CONSUME,01,,31.607971596982457,120.43424520180251,ANDROID,,江苏省无锡市锡山区安镇街道吼山东路,1
100000,403,牡丹江市,网鱼网咖,R,17,APP,4,26.0,M,汉,820,4,01,FATHER,MOTHER,2,82.579,黑龙江省,CONSUME,02,,31.925709,120.956404,ANDROID,,江苏省南通市崇川区新开街道景微路,1
100000,,扬州市,滴滴公司,Z,90,XCX,3,30.8,M,汉,5938,2,01,FATHER,SIBLING,2,71.0,江苏省,CONSUME,01,,31.419159,120.960251,IOS,,江苏省苏州市昆山市玉山镇富士康路112号,1
100000,105,咸阳市,金海华（眉县）房地产开发有限公司,K,17,APP,3,44.4,M,汉,2347,2,01,MATE,MOTHER,1,78.526,陕西省,CONSUME,02,,34.141209,107.906289,ANDROID,,陕西省宝鸡市眉县汤峪镇S217(绛汤二级公路),1
100000,,昆明市,云南众城人才派遣有限责任公司,Z,90,XCX,3,26.8,M,回,1486,4,01,PARENTS,SIBLING,1,71.0,云南省,CONSUME,01,,25.063617078993055,102.67326904296876,ANDROID,,云南省昆明市五华区丰宁街道滇缅大道408,1
100000,,绵阳市,陈豪个人工作室,Z,90,APP,2,29.1,M,汉,6293,3,01,FATHER,SIBLING,2,87.603,四川省,CONSUME,01,,31.505499,104.777728,ANDROID,,四川省绵阳市游仙区游仙街道民泰路,1
100000,,绵阳市,王氏五金建材有限公司,S,11,XCX,2,36.0,M,汉,4906,2,01,MATE,SIBLING,1,71.0,四川省,CONSUME,01,,31.631873144128144,105.18374646607909,ANDROID,,四川省绵阳市梓潼县文昌镇,1
100000,102,上饶市,万年县祥磊工程材料有限公司,E,24,APP,2,37.0,M,汉,5404,4,01,MATE,COLLEAGUE,1,71.0,江西省,CONSUME,01,,28.682261,117.052274,ANDROID,,江西省上饶市万年县上坊乡南溪路,1
100000,,邵阳市,深圳市恒浩建工程项目管理有限公司,E,24,XCX,3,37.5,M,汉,4842,3,01,MATE,FRIENDS,2,71.0,湖南省,CONSUME,01,,22.6169067765309,114.36330394586023,ANDROID,,广东省深圳市龙岗区葵涌街道S30(溪涌隧道),1
100000,104,哈尔滨市,黑龙江省省直机关第六幼儿园,P,13,XCX,4,38.7,F,汉,4413,4,,MOTHER,MATE,1,71.0,黑龙江省,CONSUME,01,,45.71067192925347,126.54111382378473,ANDROID,,黑龙江省哈尔滨市道里区群力街道融汇路,1
100000,,株洲市,醴陵市奈斯宠物医疗中心,Q,11,APP,2,32.0,M,汉,6825,2,01,MATE,FRIENDS,1,71.0,湖南省,CONSUME,01,,27.651017,113.507457,ANDROID,,湖南省株洲市醴陵市阳三石街道岭前路,1
100000,102,遵义市,遵义市中山医院,Q,11,XCX,2,34.1,F,土家,4846,4,01,MATE,FRIENDS,1,90.175,贵州省,CONSUME,01,,28.836524251302084,107.59175455729167,ANDROID,,贵州省遵义市道真仡佬族苗族自治县上坝土家族乡,1
100000,,南通市,蔡春华个人工作室,Z,90,XCX,4,33.7,M,汉,4621,3,01,FATHER,FATHER,1,71.0,江苏省,CONSUME,01,,31.946399,121.423439,ANDROID,,江苏省南通市海门区悦来镇凤阳三路,1
100000,,安康市,陕西省安康市京康国际酒店管理有限公司,I,54,APP,2,31.7,M,汉,5794,3,,FATHER,MATE,1,85.228,陕西省,CONSUME,02,,32.700368,108.978225,ANDROID,,陕西省安康市汉滨区建民街道安康大道,1
100000,,云浮市,新兴县仁合益陶瓷有限公司,Z,90,XCX,3,37.4,F,汉,3231,3,01,FATHER,FRIENDS,1,83.646,广东省,CONSUME,01,,22.697452051994345,112.39680827488169,ANDROID,,广东省佛山市高明区更合镇,1
100000,105,大庆市,胖至尊水饺,Z,90,XCX,2,44.6,F,汉,868,2,01,RELATIVES,FRIENDS,1,71.0,黑龙江省,CONSUME,01,,46.634394,124.914075,ANDROID,,黑龙江省大庆市萨尔图区铁人街道,1
100000,,铜仁市,广东建工,Z,90,APP,2,44.1,M,土家,4976,3,01,FRIENDS,CHILDREN,1,71.0,贵州省,CONSUME,01,,22.746963101834024,113.50797852690305,ANDROID,,广东省广州市南沙区横沥镇旧南石堤,1
100000,,永州市,广东省东莞市松山湖新能源科技有限公司,Z,90,XCX,2,47.4,F,汉,4184,2,01,OTHER,FRIENDS,3,91.885,湖南省,CONSUME,01,,22.984360314179939,113.88697484457342,ANDROID,,广东省东莞市寮步镇石河西路,1
100000,,萍乡市,金利包装公司,Z,90,APP,2,42.2,M,汉,4364,2,01,MATE,PARENTS,1,71.0,江西省,CONSUME,01,,27.65382464510168,113.69294151146909,ANDROID,,江西省萍乡市湘东区湘东镇,1
100000,105,西安市,天石隆通,H,54,XCX,2,48.4,M,汉,3043,4,01,MATE,FATHER,1,71.0,陕西省,CONSUME,01,,34.108692762586806,108.75273681640626,ANDROID,,陕西省西安市鄠邑区秦渡街道东六街,1
100000,,襄阳市,方丽个人工作室,Z,90,APP,2,30.1,F,汉,93,3,01,MATE,SIBLING,1,71.0,湖北省,CONSUME,01,,32.28350566168425,111.47521188273955,ANDROID,,湖北省襄阳市谷城县石花镇江南路,1
100000,,重庆市,谭波个人工作室,Z,90,APP,2,33.4,M,汉,5303,2,01,PARENTS,MATE,1,71.0,重庆市,CONSUME,01,,31.055958845970179,104.70352917765895,ANDROID,,四川省德阳市中江县东北镇,1
100000,,内江市,威远县绿之蓝蔬菜批发部,Z,90,APP,2,38.9,M,汉,6878,4,01,MOTHER,RELATIVES,2,71.0,四川省,CONSUME,01,,29.512195366753474,104.66825629340278,ANDROID,,四川省内江市威远县严陵镇二环路,1
100000,102,屯昌县,惠州比亚迪电子有限公司,G,13,APP,3,32.6,M,汉,5445,2,01,SIBLING,SIBLING,2,95.11,海南省,CONSUME,01,,20.009426,110.373974,ANDROID,,海南省海口市琼山区滨江街道滨江西路,1
100000,102,河源市,叶健华个人工作室,H,54,XCX,4,31.1,M,汉,6198,2,01,MATE,SIBLING,2,87.59,广东省,CONSUME,01,,23.124202745225695,113.3144287109375,ANDROID,,广东省广州市天河区冼村街道华成路17号,1
100000,,荆州市,荆州市沙市荆江小学,Z,90,XCX,4,27.5,F,汉,6866,4,01,MOTHER,FRIENDS,2,71.0,湖北省,CONSUME,01,,30.33488091362847,112.22874131944444,ANDROID,,湖北省荆州市沙市区解放街道太岳路21,1
100000,,哈尔滨市,微光电子股份有限公司,Z,90,XCX,3,43.5,M,汉,1008,2,01,FATHER,FATHER,2,71.0,黑龙江省,CONSUME,01,,30.454943,120.23751,ANDROID,,浙江省杭州市临平区临平街道宁桥大道,1
100000,103,常州市,瑞海建材有限公司,E,24,APP,3,40.9,M,汉,4941,4,01,MATE,FATHER,1,88.215,江苏省,CONSUME,02,,31.6696791127001,119.66440406134302,ANDROID,,江苏省常州市金坛区尧塘街道X201,1
100000,102,江门市,中山市峰豪机械厂,C,24,XCX,3,45.6,M,汉,571,4,01,FATHER,FATHER,2,71.0,广东省,CONSUME,01,,22.636288,113.221085,ANDROID,,广东省中山市小榄镇广成路,1
100000,103,上饶市,潮流前线,Z,90,XCX,3,28.4,F,汉,510,3,,SIBLING,SIBLING,2,71.0,江西省,CONSUME,01,,28.442932846801634,118.19508230937309,ANDROID,,江西省上饶市广丰区永丰街道慧丰路,1
100000,102,唐山市,滦州市公安局,S,11,APP,4,37.5,M,汉,5715,2,01,MATE,COLLEAGUE,1,71.0,河北省,CONSUME,01,,39.729941,118.709163,ANDROID,,河北省唐山市滦州市滦城路街道G508(平青南路),1
100000,103,清远市,新丰盛建材有限公司,E,24,APP,2,36.3,M,汉,3659,4,01,MATE,FATHER,1,83.435,广东省,CONSUME,01,,23.663235677083332,113.2024826388889,ANDROID,,广东省清远市清城区源潭镇Y004,1
100000,,兰州市,安诚财产保险股份有限公司甘肃分公司,J,13,APP,4,38.4,M,汉,4129,3,01,COLLEAGUE,COLLEAGUE,1,71.0,甘肃省,CONSUME,01,,36.05505,103.83514,ANDROID,,甘肃省兰州市城关区广武门街道庆阳路116号,1
100000,,重庆市,黄诗凇个人工作室,Z,90,XCX,3,26.4,M,汉,1400,3,01,FATHER,RELATIVES,2,71.0,重庆市,CONSUME,01,,29.70891436305754,106.52211256904714,ANDROID,,重庆市渝北区悦来街道田家湾支路,1
100000,,湘潭市,张开丰个人工作室,Z,90,APP,3,28.7,M,汉,6983,3,01,MOTHER,FRIENDS,2,88.761,湖南省,CONSUME,01,,27.969952,112.783335,ANDROID,,湖南省湘潭市雨湖区鹤岭镇G0421(许广高速),1
100000,103,县,浙江坤兴建设劳务分包有限公司,E,24,APP,3,24.2,M,汉,1911,3,01,FATHER,FRIENDS,2,88.037,重庆市,CONSUME,01,,30.329858954671857,120.50128807062312,ANDROID,,浙江省杭州市钱塘区河庄街道青东二路,0
100000,105,宜昌市,众诚水处理设备有限公司,N,17,APP,3,40.2,F,汉,5260,2,01,MATE,RELATIVES,1,71.0,湖北省,CONSUME,01,,22.845954,113.00215,ANDROID,,广东省佛山市南海区九江镇建中路,0
100000,403,安庆市,天津环硕商贸有限公司,H,54,APP,3,31.1,M,汉,406,4,01,FATHER,MOTHER,2,71.0,安徽省,CONSUME,01,,42.86713213900846,93.4661253215788,ANDROID,,新疆维吾尔自治区哈密市伊州区回城乡,1
100000,301,达州市,东莞市佳田皮具有限公司,C,24,APP,2,35.9,M,汉,4697,3,01,FATHER,MATE,1,71.0,四川省,CONSUME,02,,23.606127,110.434452,ANDROID,,广西壮族自治区贵港市平南县安怀镇,1
100000,105,宜昌市,众诚水处理设备有限公司,N,17,APP,3,40.2,F,汉,5260,2,01,MATE,RELATIVES,1,71.0,湖北省,CONSUME,01,,22.845954,113.00215,ANDROID,,广东省佛山市南海区九江镇建中路,1
100000,105,武汉市,中建三局集团有限公司,E,24,APP,4,34.9,M,汉,7203,4,,MATE,MOTHER,1,91.844,湖北省,CONSUME,01,,30.590786,114.329178,ANDROID,,湖北省武汉市武昌区徐家棚街道惠安路,1
100000,308,梅州市,广东梅州蕉华工业园区管理委员会,S,11,APP,4,37.2,M,汉,5024,2,01,MATE,FRIENDS,1,71.0,广东省,CONSUME,01,,24.655257,116.160865,ANDROID,,广东省梅州市蕉岭县蕉城镇碧水东街,1
100000,,邵阳市,启博思教育有限公司,Z,90,XCX,4,23.1,M,汉,1616,3,01,MOTHER,SIBLING,2,83.359,湖南省,CONSUME,01,,27.124353,110.629509,ANDROID,,湖南省邵阳市洞口县岩山镇,1
100000,,通化市,梅河口市民政局,Z,90,XCX,3,48.8,M,汉,2545,2,01,MOTHER,FRIENDS,1,71.0,吉林省,CONSUME,01,,42.54015588115403,125.67985795818382,ANDROID,,吉林省通化市梅河口市新华街道,1
100000,,上饶市,茅家岭卫生院,Z,90,APP,3,35.9,M,汉,3772,4,01,MOTHER,SIBLING,1,86.399,江西省,CONSUME,01,,28.422536,117.961326,ANDROID,,江西省上饶市信州区茅家岭街道志敏东大道辅路,1
100000,103,铜仁市,个体户装修,Z,90,XCX,3,37.3,F,土家,5123,4,01,MOTHER,SIBLING,1,71.0,贵州省,CONSUME,01,,28.557230088975693,108.50454399956597,ANDROID,,贵州省铜仁市沿河土家族自治县和平街道G326,1
100000,,广州市,广州市天元有限公司,Z,90,APP,3,30.7,M,汉,893,3,01,FATHER,MOTHER,1,88.032,广东省,CONSUME,01,,22.948175,113.356778,ANDROID,,广东省广州市番禺区市桥街道光明北路158,1
100000,,遵义市,私营业主,Z,90,APP,2,32.8,M,汉,6436,4,01,RELATIVES,FRIENDS,2,71.0,贵州省,CONSUME,01,,29.172395562065972,104.44398328993056,ANDROID,,四川省宜宾市叙州区观音镇,1
100000,104,驻马店市,河南金鹏管道有限公司,C,24,APP,2,35.9,M,汉,4087,4,01,SIBLING,SIBLING,2,90.689,河南省,CONSUME,02,,32.94980506896511,114.06707290462612,ANDROID,,河南省驻马店市驿城区南海街道永顺路,1
100000,,连云港市,太平洋保险集团股份有限公司,J,13,APP,4,32.5,M,汉,397,4,01,MATE,FRIENDS,1,95.422,江苏省,CONSUME,01,,34.572086,119.197341,ANDROID,,江苏省连云港市海州区海州经济开发区秦东门大街,1
100000,105,荆州市,中信建投证券股份有限公司,H,24,APP,4,34.0,M,汉,5071,4,01,PARENTS,FRIENDS,2,80.132,湖北省,CONSUME,01,,29.368860257046890,113.127029592960056,ANDROID,,湖南省岳阳市岳阳楼区枫桥湖街道古井路,0
100000,,连云港市,太平洋保险集团股份有限公司,J,13,APP,4,32.5,M,汉,397,4,01,MATE,FRIENDS,1,95.422,江苏省,CONSUME,01,,34.572086,119.197341,ANDROID,,江苏省连云港市海州区海州经济开发区秦东门大街,1
100000,105,荆州市,中信建投证券股份有限公司,H,24,APP,4,34.0,M,汉,5071,4,01,PARENTS,FRIENDS,2,80.132,湖北省,CONSUME,01,,29.368860257046890,113.127029592960056,ANDROID,,湖南省岳阳市岳阳楼区枫桥湖街道古井路,1
100000,,上饶市,常熟市常福街道柚米服饰店,Z,90,XCX,3,25.1,M,汉,1915,4,01,MATE,FRIENDS,1,84.31,江西省,CONSUME,01,,31.69369384765625,120.75848036024306,ANDROID,,江苏省苏州市常熟市常福街道丁香路,1
100000,,连云港市,太平洋保险集团股份有限公司,J,13,XCX,4,32.5,M,汉,397,4,01,MATE,FRIENDS,1,95.422,江苏省,CONSUME,01,,34.572086,119.197341,ANDROID,,江苏省连云港市海州区海州经济开发区秦东门大街,1
100000,102,信阳市,淮滨县人民医院,Z,90,XCX,4,30.1,M,汉,114,2,01,MOTHER,FRIENDS,2,71.0,河南省,CONSUME,01,,32.57632491923567,115.2728016877126,ANDROID,,河南省信阳市淮滨县赵集镇,0
100000,105,常德市,张小欧个人工作室,Z,90,APP,2,42.0,M,汉,2212,2,01,MATE,COLLEAGUE,1,71.0,湖南省,CONSUME,02,,28.89638897853468,111.46896185827974,ANDROID,,湖南省常德市桃源县浔阳街道伯赞路,0
100000,105,常德市,张小欧个人工作室,Z,90,APP,2,42.0,M,汉,2212,2,01,MATE,COLLEAGUE,1,71.0,湖南省,CONSUME,02,,28.89638897853468,111.46896185827974,ANDROID,,湖南省常德市桃源县浔阳街道伯赞路,1
100000,,安康市,林盛华个人工作室,Z,90,APP,2,46.7,M,汉,4858,3,01,FATHER,COLLEAGUE,1,71.0,陕西省,CONSUME,01,,32.752297847685088,104.9634589672106,ANDROID,,甘肃省陇南市文县范坝镇,1
100000,,济源市,济源市万洋集团,Z,90,XCX,4,37.7,M,汉,6599,3,01,MOTHER,SIBLING,2,71.0,河南省,CONSUME,01,,35.08481068410089,112.31730294386365,ANDROID,,河南省济源市王屋镇,1
100000,,无锡市,无锡恒艺华文化传播有限公司,Z,90,XCX,4,38.1,M,汉,5190,4,01,MATE,FATHER,1,90.206,江苏省,CONSUME,01,,31.670449,120.43655,ANDROID,,江苏省无锡市锡山区锡北镇泾石路35,1
100000,,双鸭山市,黑龙江省双鸭山市建龙钢铁有限公司,C,24,APP,2,44.1,M,汉,4161,4,01,MATE,FRIENDS,2,71.0,黑龙江省,CONSUME,01,,46.60083170572916,131.32685574001735,ANDROID,,黑龙江省双鸭山市四方台区东荣街道G501(集当公路),1
100000,105,常德市,张小欧个人工作室,Z,90,APP,2,42.0,M,汉,2212,2,01,MATE,COLLEAGUE,1,71.0,湖南省,CONSUME,02,,28.89638897853468,111.46896185827974,ANDROID,,湖南省常德市桃源县浔阳街道伯赞路,1
100000,,丹东市,凤城宏冠教育咨询有限公司,P,13,XCX,4,24.6,F,满,1909,4,01,FATHER,FRIENDS,2,71.0,辽宁省,CONSUME,01,,40.14466986762153,116.40577853732638,ANDROID,,北京市昌平区小汤山镇S213(立汤路),0
100000,104,苏州市,张家港市若愚箱包有限公司,Z,90,APP,4,46.0,M,汉,109,3,01,FATHER,SIBLING,1,71.0,江苏省,CONSUME,01,,31.878887,120.583471,ANDROID,,江苏省苏州市张家港市杨舍镇平安路,1
100000,,扬州市,鼎盛有限公司,Z,90,XCX,4,41.0,M,汉,3974,3,01,FATHER,COLLEAGUE,2,71.0,江苏省,CONSUME,01,,32.801881,119.489276,ANDROID,,江苏省扬州市高邮市马棚街道秦邮路18号,1
100000,103,自贡市,天街车美,H,54,XCX,2,38.5,M,汉,4171,3,,MATE,COLLEAGUE,1,71.0,四川省,CONSUME,01,,29.33774875217014,104.78113715277777,ANDROID,,四川省自贡市自流井区东兴寺街道二支路,1
100000,,朝阳市,朝阳市517不动产,H,54,APP,3,43.3,M,汉,4427,4,01,MATE,COLLEAGUE,1,71.0,辽宁省,CONSUME,01,,41.56134033203125,120.41876329210069,ANDROID,,辽宁省朝阳市龙城区七道泉子镇龙翔大街,1
100000,105,泉州市,泉州台盛房地产开发有限公司,Z,90,XCX,2,35.9,M,汉,3874,3,01,COLLEAGUE,MATE,1,75.553,福建省,CONSUME,02,,24.565747,118.018418,ANDROID,,福建省厦门市集美区杏滨街道张东路2号,1
100000,,石家庄市,李金鹏个人工作室,Z,90,APP,2,34.1,M,汉,814,3,01,COLLEAGUE,COLLEAGUE,1,85.603,河北省,CONSUME,01,,38.179327,114.906541,ANDROID,,河北省石家庄市无极县东侯坊乡,1
100000,,遂宁市,摩高服装有限公司,C,24,XCX,3,31.0,F,汉,72,2,,MATE,FRIENDS,1,87.829,四川省,CONSUME,01,,31.401405,104.795328,ANDROID,,四川省绵阳市涪城区塘汛街道群丰东街,1
100000,103,陇南市,研品居装饰,E,24,XCX,3,36.0,M,汉,6702,3,01,RELATIVES,FRIENDS,1,71.0,甘肃省,CONSUME,01,,33.74039,105.932916,ANDROID,,甘肃省陇南市成县红川镇G7011(十天高速),1
100000,,成都市,西藏农投有限公司,Z,90,APP,4,30.7,F,汉,82,2,01,FATHER,FRIENDS,1,71.0,四川省,CONSUME,01,,30.626384,103.675719,ANDROID,,四川省成都市崇州市崇阳街道正东街174号,1
100000,,昆明市,云南多肉花坊,Z,90,XCX,4,30.9,F,汉,5655,3,01,MATE,FRIENDS,1,71.0,云南省,CONSUME,01,,24.555920761944959,102.55975784709014,ANDROID,,云南省昆明市晋宁区昆阳街道进宝路辅路,1
100000,102,绥化市,京东亚洲一号苏州昆山物流园,Z,90,APP,3,23.8,M,汉,2633,2,01,FATHER,RELATIVES,2,71.0,黑龙江省,CONSUME,01,,39.890878,116.665506,ANDROID,,北京市通州区玉桥街道运河东大街82号,1
100000,104,株洲市,湖南千金湘江药业股份有限公司,M,11,APP,4,28.3,M,汉,477,2,01,FATHER,SIBLING,2,71.0,湖南省,CONSUME,01,,28.516149,112.139169,ANDROID,,湖南省益阳市桃江县桃花江镇雪峰山路,1
100000,,德阳市,绵竹市民泰商品混凝土有限公司,E,24,APP,2,33.7,M,汉,7076,2,01,FATHER,MATE,1,90.669,四川省,CONSUME,01,,31.339515692826,104.209388738762,ANDROID,,四川省德阳市绵竹市紫岩街道回澜立交桥,1
100000,,吉安市,远顺租赁有限公司,Z,90,XCX,4,39.7,M,汉,5376,3,01,MOTHER,SIBLING,1,71.0,江西省,CONSUME,01,,27.105087352114209,115.01417331800092,ANDROID,,江西省吉安市青原区河东街道正气路,1
100000,,邢台市,美妍美甲店,Z,90,XCX,3,24.6,F,汉,1157,4,01,RELATIVES,RELATIVES,1,71.0,河北省,CONSUME,01,,3,115.0583119032118,IOS,,"Marudi, Sarawak, Malaysia",1
100000,,泉州市,三明市森晓森,Z,90,APP,4,24.2,M,汉,1712,3,01,PARENTS,PARENTS,1,71.0,福建省,CONSUME,01,,26.193911827994879,117.57522051473589,ANDROID,,福建省三明市三元区荆西街道,1
100000,,池州市,安徽省池州市东至县泥溪镇泥溪派出所,S,11,XCX,2,38.3,M,汉,3743,4,01,SIBLING,FRIENDS,3,71.0,安徽省,CONSUME,01,,29.795063857572346,116.87594211903311,ANDROID,,安徽省池州市东至县泥溪镇,1
100000,103,眉山市,尚之雅足道,H,54,APP,2,43.2,F,汉,4332,2,,MATE,SIBLING,1,71.0,四川省,CONSUME,01,,30.501162,105.596036,ANDROID,,四川省遂宁市船山区南津路街道明霞路,1
100000,,盐城市,萌宝母婴,Z,90,APP,2,23.6,F,汉,2417,4,01,MOTHER,SIBLING,2,83.561,江苏省,CONSUME,01,,34.199579,119.605188,ANDROID,,江苏省盐城市响水县响水镇淮河东路,1
100000,,抚州市,重庆渝欣平瑞电子厂,Z,90,XCX,2,44.0,M,汉,5282,3,01,COLLEAGUE,FATHER,2,71.0,江西省,CONSUME,01,,36.70404620566729,119.11078747240799,ANDROID,,山东省潍坊市奎文区潍州路街道四平路1350号,1
100000,309,忻州市,鑫诺橱柜,Z,90,XCX,2,43.5,M,汉,1606,2,01,SIBLING,MATE,1,71.0,山西省,CONSUME,01,,37.857051925910628,112.51151503183925,ANDROID,,山西省太原市万柏林区千峰街道迎泽西大街97号,1
100000,,眉山市,无锡市美力液压机械厂,Z,90,APP,3,31.0,M,汉,6366,3,01,FRIENDS,FRIENDS,1,71.0,四川省,CONSUME,01,,31.69013319227431,120.2478439670139,ANDROID,,江苏省无锡市惠山区前洲街道X302(堰玉西路),1
100000,,恩施土家族苗族自治州,中山市沙溪镇胜源制衣厂,C,24,XCX,3,38.2,M,汉,4507,4,,MATE,COLLEAGUE,1,71.0,湖北省,CONSUME,02,,22.52647705078125,113.32675075954862,ANDROID,,广东省中山市沙溪镇云兴路17,1
100000,,贵阳市,贵州省机场集团,F,17,APP,3,31.1,M,壮,6601,4,01,MATE,FRIENDS,1,88.726,贵州省,CONSUME,01,,26.611421972598234,106.72653496370882,ANDROID,,贵州省贵阳市云岩区黔灵镇汪家湾路,1
100000,,商丘市,张宣吉个人工作室,Z,90,APP,2,30.0,M,汉,6675,2,01,FATHER,MATE,1,89.306,河南省,CONSUME,01,,24.26126,109.403185,ANDROID,,广西壮族自治区柳州市柳南区南环街道南环路12号,1
100000,,成都市,成都飞机制造有限公司,M,11,APP,4,35.1,M,汉,4385,4,01,MOTHER,FRIENDS,2,71.0,四川省,CONSUME,01,,30.704982183051066,103.96794700072381,ANDROID,,四川省成都市青羊区黄田坝街道经四路,1
100000,,合肥市,深圳华声医疗技术股份有限公司,C,24,APP,3,31.9,M,汉,816,2,01,FRIENDS,COLLEAGUE,2,71.0,安徽省,CONSUME,01,,31.82639,117.265378,ANDROID,,安徽省合肥市包河区常青街道宿松路156号,1
100000,,温州市,浙江华清环保设备工程有限公司,Z,90,APP,3,31.8,M,汉,187,4,01,MATE,FRIENDS,1,71.0,浙江省,CONSUME,01,,30.382113,120.117015,ANDROID,,浙江省杭州市余杭区良渚街道霓虹路,1
100000,,焦作市,阿里巴巴（中国）科技有限公司成都分公司,Z,90,XCX,4,31.5,M,汉,5745,4,01,MATE,MOTHER,1,71.0,河南省,CONSUME,01,,30.711568196614582,104.07146565755208,ANDROID,,四川省成都市成华区双水碾街道八里桥路425,0
100000,,鹤壁市,河南省瑞兴堡建材有限公司,E,24,XCX,2,35.1,M,汉,328,4,01,MATE,FRIENDS,1,71.0,河南省,CONSUME,01,,35.69488444010417,114.26638644748265,ANDROID,,河南省鹤壁市淇滨区钜桥镇峨嵋山路,1
100000,,长春市,金长安大夏,Z,90,XCX,2,34.6,F,汉,4990,4,01,FATHER,FRIENDS,2,71.0,吉林省,CONSUME,01,,39.905552911400949,116.49860324593819,IOS,,北京市朝阳区高碑店(地区)乡四惠枢纽东路,0
100000,,肇东市,大庆势必达劳务分包有限公司,Z,90,APP,2,45.6,M,汉,4752,3,01,MATE,COLLEAGUE,1,71.0,黑龙江省,CONSUME,01,,46.586377872443808,125.13553622941366,ANDROID,,黑龙江省大庆市龙凤区龙凤镇湖滨大街45号,1
100000,102,盐城市,森风集团合志汽车服务有限公司,Z,90,APP,3,31.0,M,汉,6936,2,01,MATE,RELATIVES,1,84.231,江苏省,CONSUME,01,,33.331789,120.188381,ANDROID,,江苏省盐城市盐都区新都街道海潮路,1
100000,102,昆明市,东元食品加工厂,C,24,APP,2,46.5,M,汉,2580,4,01,MATE,SIBLING,1,93.595,云南省,CONSUME,01,,25.226511746894805,102.53191668825979,ANDROID,,云南省昆明市富民县永定街道大营街,1
100000,,长春市,金长安大夏,Z,90,XCX,2,34.6,F,汉,4990,4,01,FATHER,FRIENDS,2,71.0,吉林省,CONSUME,01,,39.905552911400949,116.49860324593819,IOS,,北京市朝阳区高碑店(地区)乡四惠枢纽东路,0
100000,102,铜仁市,铜仁市碧江区人民政府,S,11,APP,3,38.3,M,汉,6622,3,01,SIBLING,SIBLING,1,71.0,贵州省,CONSUME,01,,27.815025770399306,109.26306911892361,ANDROID,,贵州省铜仁市碧江区川硐街道G242(滨江大道),1
100000,,衢州市,浙江金华禾宜农产品有限公司,Z,90,XCX,2,35.9,M,汉,5561,3,,FATHER,FATHER,1,83.942,浙江省,CONSUME,02,,29.13111843532986,119.69968315972223,ANDROID,,浙江省金华市金东区东孝街道潜溪路,1
100000,103,泰州市,江苏阳光集团有限公司,Z,90,XCX,2,35.2,M,汉,3980,4,01,PARENTS,FATHER,1,71.0,江苏省,CONSUME,01,,31.82007775046838,120.3079548966342,ANDROID,,江苏省无锡市江阴市徐霞客镇岐北桥,1
100000,105,张家口市,代王城镇人民政府,Z,90,APP,3,42.3,M,汉,4023,3,01,FATHER,FRIENDS,1,71.0,河北省,CONSUME,01,,39.835733,114.583671,ANDROID,,河北省张家口市蔚县蔚州镇玉发路,1
100000,,北京市,安定中心幼儿园,Z,90,APP,3,33.9,F,汉,5429,2,01,MATE,MOTHER,1,71.0,北京市,CONSUME,01,,39.60640951803145,116.53147416732533,ANDROID,,北京市大兴区安定镇Y260(于家务路),1
100000,,衡阳市,宜必思酒店,Z,90,APP,3,23.6,F,汉,887,4,01,FRIENDS,SIBLING,2,95.072,湖南省,CONSUME,01,,23.216984,113.266282,ANDROID,,广东省广州市白云区鹤龙街道鹤泰路2号,1
100000,,长春市,金长安大夏,Z,90,XCX,2,34.6,F,汉,4990,4,01,FATHER,FRIENDS,2,71.0,吉林省,CONSUME,01,,39.905552911400949,116.49860324593819,IOS,,北京市朝阳区高碑店(地区)乡四惠枢纽东路,0
100000,104,扬州市,个体私营,C,24,XCX,4,46.6,M,汉,3469,4,,FATHER,FRIENDS,1,71.0,江苏省,CONSUME,01,,33.25796699916553,119.33154369883575,ANDROID,,江苏省扬州市宝应县安宜镇S237(淮江大道),1
100000,102,贵阳市,毛云乡卫生院,Q,11,APP,3,30.3,F,汉,1101,4,01,SIBLING,SIBLING,1,92.427,贵州省,CONSUME,01,,27.06273,106.967256,ANDROID,,贵州省贵阳市开阳县城关镇开州大道,1
100000,,长治市,茉莉餐厅,I,54,XCX,2,35.5,M,汉,4644,4,01,PARENTS,FRIENDS,1,71.0,山西省,CONSUME,01,,36.873914,112.435654,ANDROID,,山西省长治市沁源县景凤镇美景街,1
100000,,玉溪市,苗佳乐个人工作室,Z,90,APP,4,24.5,M,彝,1782,2,01,SIBLING,FRIENDS,2,91.823,云南省,CONSUME,01,,24.359941,102.560143,ANDROID,,云南省玉溪市红塔区玉兴街道环山路,1
100000,305,广元市,四川驰文教育咨询有限公司,P,13,XCX,4,32.2,F,汉,5260,4,,MATE,FRIENDS,1,81.212,四川省,CONSUME,01,,30.55410671657986,103.91141574435764,ANDROID,,四川省成都市双流区东升街道G108(藏卫路南三段),1
100000,,天水市,个体工商户,Z,90,XCX,2,34.3,F,汉,4442,2,01,MATE,FRIENDS,1,71.0,甘肃省,CONSUME,01,,34.59268798828125,105.72196668836806,ANDROID,,甘肃省天水市秦州区玉泉镇G247(天水北出口互通立交桥),1
100000,,北京市,北京嘉航鸿业物业管理有限公司,Z,90,APP,3,43.3,F,汉,6286,2,01,MOTHER,COLLEAGUE,1,71.0,北京市,CONSUME,01,,39.76419925279532,116.54980064136001,ANDROID,,北京市通州区马驹桥镇四支路北段,1
100000,102,邵阳市,保利长大公路工程有限公司第二分公司,E,24,XCX,3,25.1,M,汉,2415,2,,FATHER,SIBLING,2,91.64909,湖南省,CONSUME,03,,20.638946122986618,110.38621591246739,IOS,,广东省湛江市徐闻县和安镇X703,1
100000,,宜宾市,南宁电子科技有限公司,Z,90,XCX,3,41.4,F,汉,4898,3,01,PARENTS,FRIENDS,1,71.0,四川省,CONSUME,01,,22.835192737553745,108.40675162539798,ANDROID,,广西壮族自治区南宁市青秀区南湖街道佛子岭路23,1
100000,105,齐齐哈尔市,河北神威药业有限公司,M,11,APP,3,32.0,M,汉,5856,2,01,FRIENDS,SIBLING,1,86.407,黑龙江省,CONSUME,01,,39.672091,118.218343,ANDROID,,河北省唐山市路北区缸窑街道,1
100000,,咸阳市,湖南吉美有限公司,Z,90,XCX,2,44.4,F,汉,4732,4,01,MOTHER,FRIENDS,1,71.0,陕西省,CONSUME,01,,34.3778530329857,108.76890576488609,ANDROID,,陕西省咸阳市渭城区渭城街道,1
100000,105,南充市,南充市平盛劳务服务有限公司,O,17,XCX,4,32.3,F,汉,6507,2,,MOTHER,FRIENDS,1,82.456,四川省,CONSUME,01,,30.835365187375098,106.09168871345367,ANDROID,,四川省南充市顺庆区舞凤街道佳华路,1
100000,105,唐山市,唐山工务段,F,17,XCX,4,33.8,M,汉,5493,2,01,MATE,FRIENDS,1,92.043,河北省,CONSUME,01,,39.82686710449304,118.13759543805175,IOS,,河北省唐山市丰润区燕山路街道曹雪芹西道12号,1
100000,,福州市,陈敦贵个人工作室,Z,90,APP,2,38.6,M,汉,5074,2,01,FATHER,MATE,1,71.0,福建省,CONSUME,01,,25.975069,119.616295,ANDROID,,福建省福州市长乐区金峰镇胪峰大道辅路,1
100000,102,商洛市,玛雅房屋房产中介,O,17,APP,3,44.0,F,汉,3647,3,01,MOTHER,FRIENDS,1,71.0,陕西省,CONSUME,01,,34.236958,108.948987,ANDROID,,陕西省西安市碑林区文艺路街道二环路沿线商业经济带文艺南路110号,1
100000,,朔州市,张志文个人工作室,Z,90,APP,2,33.9,M,汉,6774,3,01,FRIENDS,FRIENDS,1,71.0,山西省,CONSUME,01,,39.553071699683169,112.2977257270189,ANDROID,,山西省朔州市平鲁区井坪镇,1
100000,,郑州市,汇信达海底专卖店,H,54,APP,3,32.1,F,汉,1128,3,01,MATE,SIBLING,1,92.494,河南省,CONSUME,01,,34.77923366970486,113.77476698133681,ANDROID,,河南省郑州市金水区祭城路街道G107(东三环),1
100000,301,昭通市,李红个人工作室,Z,90,XCX,2,38.5,M,汉,6180,2,01,FATHER,MOTHER,1,71.0,云南省,CONSUME,01,,27.852140028211807,104.86772759331598,ANDROID,,云南省昭通市威信县麟凤镇,1
100000,105,南阳市,陈埭镇宋燕丽鞋材商行,Z,90,XCX,3,39.5,F,汉,5373,4,,MATE,RELATIVES,1,71.0,河南省,CONSUME,01,,24.796231,118.626813,ANDROID,,福建省泉州市晋江市西滨镇祥兴路,1
100000,,通化市,圣鑫宾馆,Z,90,XCX,3,48.6,M,满,2317,3,01,MOTHER,MATE,1,71.0,吉林省,CONSUME,01,,36.53601671006945,115.27357638888888,ANDROID,,河北省邯郸市馆陶县馆陶镇陶优街,1
100000,102,南平市,福建武夷山水食品饮料有限公司,C,24,APP,3,46.5,M,汉,3615,4,,FATHER,FRIENDS,1,71.0,福建省,CONSUME,01,,27.543088,117.339021,ANDROID,,福建省南平市光泽县鸾凤乡G316(光明大道),1
100000,,温州市,石岳仁个人工作室,Z,90,APP,3,28.1,M,汉,824,4,01,COLLEAGUE,COLLEAGUE,2,88.437,浙江省,CONSUME,01,,28.039695,120.925425,ANDROID,,浙江省温州市乐清市柳市镇安丰路,1
100000,102,马鞍山市,季道法个人工作室,Z,90,APP,3,43.8,M,汉,3777,3,01,MATE,FRIENDS,1,73.068,安徽省,CONSUME,01,,40.03228651258681,116.63699055989584,ANDROID,,北京市顺义区李桥镇S214(壁富路),1
100000,103,黄冈市,禄劝佳信恒亚大酒店有限责任公司,I,54,XCX,4,39.0,M,汉,4120,3,01,FATHER,COLLEAGUE,1,89.5,湖北省,CONSUME,01,,25.551202305105205,102.47938834535329,IOS,,云南省昆明市禄劝彝族苗族自治县屏山街道,1
100000,,红河哈尼族彝族自治州,红河州红盛农业开发有限公司,Z,90,XCX,4,37.0,M,彝,6005,4,01,FATHER,FATHER,,71.0,云南省,CONSUME,01,,23.408324592443184,102.72957265772702,ANDROID,,云南省红河哈尼族彝族自治州建水县官厅镇官厅段,1
100000,,岳阳市,北京慧了么科技有限公司,Z,90,APP,4,37.5,M,汉,3751,3,01,SIBLING,MATE,1,91.806,湖南省,CONSUME,01,,40.104501,116.367144,ANDROID,,北京市昌平区北七家镇Y369(宏福大道),1
100000,,南昌市,徐子松川个人工作室,Z,90,XCX,2,40.8,M,汉,4129,2,01,FATHER,FRIENDS,2,71.0,江西省,CONSUME,01,,28.69420778500073,115.91669933416496,ANDROID,,江西省南昌市东湖区贤士湖管理处佘山路,1
100000,,宿迁市,徐巧法个人工作室,Z,90,APP,3,45.5,M,汉,3994,4,01,RELATIVES,RELATIVES,1,71.0,江苏省,CONSUME,01,,31.59422580295139,120.443876953125,ANDROID,,江苏省无锡市锡山区安镇街道先锋东路,1
100000,102,汕尾市,慕林实业公司,C,24,APP,3,43.0,M,汉,6787,2,01,SIBLING,RELATIVES,2,71.0,广东省,CONSUME,02,,22.787329,115.391874,ANDROID,,广东省汕尾市城区香洲街道工业大道,1
100000,310,阜阳市,个体私营,Z,90,APP,3,38.6,M,汉,4655,3,01,MOTHER,FATHER,1,71.0,安徽省,CONSUME,01,,31.758863,117.230307,ANDROID,,安徽省合肥市蜀山区莲花社区佛掌路36号,1
100000,,荆门市,李亚云个人工作室,Z,90,APP,4,27.9,M,汉,847,3,01,PARENTS,PARENTS,2,71.0,湖北省,CONSUME,01,,22.5740773037582,113.88213700448596,ANDROID,,广东省深圳市宝安区新安街道河东工业路16-1,1
100000,,遵义市,海底捞国际控股有限公司,Z,90,APP,4,30.3,M,汉,5955,2,01,SIBLING,FRIENDS,2,71.0,贵州省,CONSUME,01,,27.757894,107.465741,ANDROID,,贵州省遵义市湄潭县湄江街道大山街,1
100000,,上海市,上海贯博起重机械有限公司,Z,90,XCX,3,47.7,M,汉,99999,3,01,FATHER,FRIENDS,1,71.0,上海市,CONSUME,01,,31.600569693802595,120.21995473294349,ANDROID,,江苏省无锡市惠山区钱桥街道育才路75号,1
100000,102,重庆市,规划和自然资源局,H,54,APP,3,46.5,M,汉,5030,2,01,FATHER,FATHER,1,71.0,重庆市,CONSUME,01,,29.701076,105.707118,ANDROID,,重庆市大足区龙岗街道龙岗西路72号,1
100000,,海林市,海林林业局有限公司夹皮沟经营林场,S,11,XCX,2,46.0,F,汉,810,4,01,PARENTS,FRIENDS,3,71.0,黑龙江省,CONSUME,01,,44.578776041666664,129.3907923719618,ANDROID,,黑龙江省牡丹江市海林市海林镇G301(绥满线),1
100000,,西安市,西安地铁,Z,90,APP,2,25.1,F,汉,1981,2,01,FATHER,MOTHER,1,71.0,陕西省,CONSUME,01,,34.20109,109.229519,ANDROID,,陕西省西安市蓝田县洩湖镇灞河大道,1
100000,,株洲市,三一重工,Z,90,APP,2,35.4,M,汉,5953,3,01,FRIENDS,COLLEAGUE,2,71.0,湖南省,CONSUME,01,,27.668512,113.184633,ANDROID,,湖南省株洲市渌口区南洲镇,1
100000,,汉中市,汉中节能减排有限公司,Z,90,APP,2,30.1,M,汉,1006,4,01,FATHER,OTHER,1,86.19,陕西省,CONSUME,02,,31.230983,121.466147,ANDROID,,上海市黄浦区南京东路街道黄陂北路227号2602室,1
100000,,北海市,辉悦鞋业,Z,90,XCX,2,39.9,M,汉,4107,4,01,SIBLING,SIBLING,1,71.0,广西壮族自治区,CONSUME,01,,23.219384,113.244873,ANDROID,,广东省广州市白云区白云湖街道环滘大道63号,1
100000,102,长春市,天味轩麻辣香锅,Z,90,XCX,3,36.0,F,汉,3895,4,01,FATHER,FATHER,1,71.0,吉林省,CONSUME,01,,42.909872,129.546355,ANDROID,,吉林省延边朝鲜族自治州延吉市小营镇双拥街,1
100000,,盐城市,戚素红个人工作室,Z,90,APP,2,42.7,F,汉,1470,2,01,FATHER,SIBLING,3,71.0,江苏省,CONSUME,02,,34.023613,119.854342,ANDROID,,江苏省盐城市滨海县坎北街道中市路,1
100000,105,深圳市,深圳市中浩丰投资发展有限公司,Z,90,XCX,4,41.1,M,汉,4668,4,01,MOTHER,FRIENDS,2,71.0,广东省,CONSUME,01,,22.540793159149695,114.08352851949086,ANDROID,,广东省深圳市福田区南园街道南园路198,1
100000,105,天门市,湖北美和易思教育科技有限公司,Z,90,XCX,3,41.4,M,汉,2219,3,01,FATHER,COLLEAGUE,1,71.0,湖北省,CONSUME,01,,30.460701,114.27961,ANDROID,,湖北省武汉市洪山区青菱街道,1
100000,104,南充市,传媒公司,S,11,XCX,2,26.9,M,汉,2148,2,01,FATHER,FRIENDS,2,71.0,四川省,CONSUME,02,,30.816248643663194,106.08046278211806,ANDROID,,四川省南充市顺庆区新建街道凤鸣路,1
100000,,齐齐哈尔市,Tata木门工业园,Z,90,APP,4,29.0,M,汉,6757,2,01,SIBLING,FRIENDS,3,71.0,黑龙江省,CONSUME,01,,45.798117,126.715645,ANDROID,,黑龙江省哈尔滨市道外区新一街道前进胡同1-3号,1
100000,105,上饶市,珊一瑚花艺有限公司,Z,90,APP,4,23.5,M,汉,3025,3,01,FATHER,MOTHER,2,71.0,江西省,CONSUME,01,,27.947541,116.391361,ANDROID,,江西省抚州市临川区钟岭街道文昌大道辅路,1
100000,,湘潭市,徐旭军个人工作室,Z,90,XCX,2,29.9,M,汉,856,4,01,MATE,FATHER,2,71.0,湖南省,CONSUME,01,,27.949737422191338,112.31526525825555,ANDROID,,湖南省湘潭市湘乡市金薮乡X044,1
100000,,绥化市,晟源建筑工程劳务分包有限,Z,90,XCX,4,40.8,F,汉,4178,2,01,MATE,FRIENDS,2,71.0,黑龙江省,CONSUME,01,,31.065807282024957,121.3959244997835,ANDROID,,上海市闵行区颛桥镇颛卫路52号-临,1
100000,,咸阳市,西安育龙驾校,P,13,XCX,3,28.5,F,汉,6782,4,01,PARENTS,FRIENDS,2,88.621,陕西省,CONSUME,01,,34.32643798828125,108.9264613172743,ANDROID,,陕西省西安市未央区张家堡街道凤华路,1
100000,103,邵阳市,东莞市倡原机械有限公司,Z,90,APP,3,39.1,M,汉,4370,3,,FATHER,FRIENDS,1,71.0,湖南省,CONSUME,01,,22.98736,113.610193,ANDROID,,广东省东莞市洪梅镇洪丰路,1
100000,103,娄底市,天津励拓机电工程有限公司,Z,90,XCX,2,38.8,M,汉,6249,3,01,RELATIVES,COLLEAGUE,1,71.0,湖南省,CONSUME,01,,38.81341,114.636162,ANDROID,,河北省保定市曲阳县灵山镇S31(涞曲高速),1
100000,,上海市,上海启航国际旅行社有限公司,O,17,APP,4,38.2,M,汉,5122,2,01,FATHER,FRIENDS,3,71.0,上海市,CONSUME,01,,31.072698,121.71274,ANDROID,,上海市浦东新区宣桥镇下盐公路,1
100000,,六安市,大齐科技有限公司,G,13,APP,2,47.0,M,汉,581,3,,MATE,COLLEAGUE,1,71.0,安徽省,CONSUME,01,,31.85318,117.156443,ANDROID,,安徽省合肥市蜀山区蜀山新产业园区长江西路快速路,1
100000,,运城市,小任山西解州水泵销售部,H,54,APP,2,45.3,M,汉,559,2,01,COLLEAGUE,COLLEAGUE,1,71.0,山西省,CONSUME,01,,37.24620686848959,105.59536539713541,ANDROID,,宁夏回族自治区中卫市中宁县大战场镇,1
100000,103,莆田市,中国建筑公司,Z,90,APP,2,43.7,M,汉,3610,4,01,MATE,COLLEAGUE,1,71.0,福建省,CONSUME,01,,25.384969,119.082129,ANDROID,,福建省莆田市荔城区黄石镇G228(南洋东大道),1
100000,,盐城市,建湖县梧桐树服饰,C,24,APP,3,41.1,F,汉,3142,2,01,MATE,FRIENDS,1,71.0,江苏省,CONSUME,01,,33.463377,119.820448,ANDROID,,江苏省盐城市建湖县近湖街道兴建东路,1
100000,,四平市,一汽四环天利机械制造,C,24,APP,3,32.9,M,汉,5824,3,01,MATE,SIBLING,1,71.0,吉林省,CONSUME,01,,43.977479,124.198028,ANDROID,,吉林省长春市公主岭市玻璃城子镇,1
100000,,宜春市,新余银龙水务设备有限公司,Z,90,XCX,3,31.9,M,汉,5722,3,01,RELATIVES,FRIENDS,2,71.0,江西省,CONSUME,01,,27.85535961212126,115.02491896282996,ANDROID,,江西省新余市渝水区水西镇张固路,1
100000,403,沧州市,刘艳峰个人工作室,Z,90,XCX,2,34.9,M,汉,5946,4,01,FATHER,MOTHER,,71.0,河北省,CONSUME,01,,37.877784336343079,117.15780974273349,ANDROID,,河北省沧州市盐山县千童镇,1
100000,,牡丹江市,老酒馆熏酱东北菜,Z,90,XCX,2,24.0,M,满,2126,2,01,PARENTS,FRIENDS,2,90.536,黑龙江省,CONSUME,01,,36.295430269064777,120.41823623738597,ANDROID,,山东省青岛市城阳区城阳街道民城路,1
100000,105,莆田市,五金加工厂,G,13,XCX,3,42.1,M,汉,4669,3,01,FRIENDS,RELATIVES,1,71.0,福建省,CONSUME,01,,25.387751,119.053527,ANDROID,,福建省莆田市荔城区新度镇壶公路,1
100000,,湘潭市,佛山市辅企健安环技术服务有限公司,Z,90,XCX,2,34.3,M,汉,5904,2,01,MOTHER,COLLEAGUE,1,88.742,湖南省,CONSUME,01,,22.818981,113.31877,ANDROID,,广东省佛山市顺德区大良街道规划三路,1
100000,,梅州市,灵活就业者,Z,90,XCX,2,47.6,F,汉,438,4,01,RELATIVES,FRIENDS,1,71.0,广东省,CONSUME,01,,24.14229377932197,115.73757946359162,IOS,,广东省梅州市兴宁市宁新街道东风东路,1
100000,307,四平市,赵佳明个人工作室,Z,90,APP,4,26.2,M,汉,391,4,01,MOTHER,FRIENDS,2,88.579,吉林省,CONSUME,01,,27.575026000643658,120.58992374585449,IOS,,浙江省温州市龙港市龙江片区临港大道,1
100000,102,宿州市,创格融资租赁有限公司,O,17,APP,4,30.1,M,汉,5906,4,01,MATE,RELATIVES,1,71.0,安徽省,CONSUME,01,,30.619253,104.00127,ANDROID,,四川省成都市武侯区簇锦街道百锦路,1
100000,,无锡市,江阴青阳徐寰建材店,H,54,XCX,3,39.4,M,汉,5022,4,01,OTHER,OTHER,1,71.0,江苏省,CONSUME,01,,31.7635083233716,120.2657662083056,IOS,,江苏省无锡市江阴市青阳镇府前路,1
100000,102,佛山市,区杰勇个人工作室,Z,90,XCX,2,31.0,M,汉,5561,4,,FRIENDS,MATE,2,71.0,广东省,CONSUME,01,,22.901143214608646,112.85900309103585,ANDROID,,广东省佛山市高明区荷城街道大德路,1
100000,403,汉中市,德俊成技术服务有限公司,H,54,APP,2,34.8,M,汉,5724,2,,MOTHER,RELATIVES,3,71.0,陕西省,CONSUME,03,,22.915552,113.928405,ANDROID,,广东省东莞市大朗镇新金路89,1
100000,,蚌埠市,蚌埠市大帅广告有限公司,Z,90,APP,2,37.9,M,汉,3485,3,01,MATE,FRIENDS,1,71.0,安徽省,CONSUME,01,,32.915462231782338,117.36785741939579,ANDROID,,安徽省蚌埠市蚌山区淮河社区富民路29号,1
100000,,黄冈市,暂未提供公司,Z,90,XCX,2,36.2,M,汉,4091,3,01,MOTHER,FRIENDS,1,71.0,湖北省,CONSUME,01,,31.415159662763178,114.61354102309504,ANDROID,,湖北省黄冈市红安县七里坪镇,1
100000,,六安市,张传升个人工作室,Z,90,APP,2,30.2,M,汉,1901,2,01,PARENTS,MATE,1,85.015,安徽省,CONSUME,01,,31.780014004189125,120.78828807269255,ANDROID,,江苏省苏州市常熟市海虞镇海邓路,1
100000,,滁州市,安徽丰润项目管理集团有限公司,Z,90,XCX,3,41.0,M,汉,5093,4,01,FATHER,COLLEAGUE,3,71.0,安徽省,CONSUME,01,,32.486735026041664,117.16665364583334,ANDROID,,安徽省合肥市长丰县水湖镇水九路,1
100000,304,新乡市,王爱辉个人工作室,Z,90,APP,3,43.8,M,汉,4120,4,,MATE,FATHER,1,71.0,河南省,CONSUME,01,,34.718651,113.616093,ANDROID,,河南省郑州市二七区嵩山路街道瑞民街,1
100000,,赣州市,赣州工业职业中等专业学校,Z,90,APP,3,24.3,M,汉,1981,2,01,MOTHER,FRIENDS,1,71.0,江西省,CONSUME,01,,31.513103,120.933663,ANDROID,,江苏省苏州市昆山市巴城镇金凤凰路,1
100000,105,定西市,点点信息咨询有限公司,J,13,APP,4,38.2,M,汉,3967,4,01,FATHER,SIBLING,1,71.0,甘肃省,CONSUME,01,,35.373051,103.868447,ANDROID,,甘肃省定西市临洮县洮阳镇东大街102号,1
100000,103,盐城市,盐城八点商务有限公司,L,17,APP,3,31.4,F,汉,6775,3,01,FRIENDS,COLLEAGUE,2,95.072,江苏省,CONSUME,02,,33.37617296006945,120.22838894314236,ANDROID,,江苏省盐城市亭湖区新城街道长江路,1
100000,,湘西土家族苗族自治州,彭冰冰个人工作室,Z,90,XCX,2,23.3,F,土家,2002,3,01,FRIENDS,FRIENDS,1,86.956,湖南省,CONSUME,01,,28.75979196348694,109.97482654137376,ANDROID,,湖南省湘西土家族苗族自治州永顺县芙蓉镇,1
100000,103,临高县,佛山市南海南洋电机电器,C,24,APP,3,46.1,M,汉,5052,4,01,SIBLING,FRIENDS,1,94.483,海南省,CONSUME,02,,-23.606372,-46.663981,ANDROID,,"Sao Paulo, Brazil",1
100000,,荆州市,荆州市城市规划设计研究院,Z,90,XCX,2,38.4,M,汉,2828,4,01,FRIENDS,SIBLING,1,71.0,湖北省,CONSUME,01,,30.341356563664,112.21380712272,ANDROID,,湖北省荆州市荆州区东城街道共青路,1
100000,102,开封市,芜湖博凯建筑劳务有限公司,Z,90,APP,2,37.7,M,汉,5247,3,01,OTHER,SIBLING,2,90.345,河南省,CONSUME,01,,22.810778,114.927013,ANDROID,,广东省惠州市惠东县黄埠镇金华三路,1
100000,,银川市,宁夏交投集团高速公路管理有限公司,F,17,APP,3,44.7,M,汉,4017,4,01,MATE,FATHER,1,71.0,宁夏回族自治区,CONSUME,02,,38.468131202863947,106.26629811920611,ANDROID,,宁夏回族自治区银川市兴庆区解放西街街道珠市巷5,1
100000,,莆田市,伟正久服饰,Z,90,APP,4,43.8,M,汉,3650,4,01,FATHER,FRIENDS,1,71.0,福建省,CONSUME,01,,25.423506,119.012538,ANDROID,,福建省莆田市城厢区霞林街道天坂街,1
100000,102,重庆市,淑都文创,Z,90,XCX,3,27.2,M,汉,1399,3,,MOTHER,FATHER,2,71.0,重庆市,CONSUME,01,,30.550338541666665,104.0547140842014,ANDROID,,四川省成都市武侯区桂溪街道益州大道,1
100000,,大理白族自治州大理市,海澜之家大理二店,H,54,APP,4,40.8,M,汉,4354,2,01,MATE,FRIENDS,2,71.0,云南省,CONSUME,01,,25.58585804263684,100.22544822402061,ANDROID,,云南省大理白族自治州大理市下关街道龙溪路58号,1
100000,105,阳泉市,私企个体,Z,90,APP,2,36.3,M,汉,3967,4,01,MOTHER,FRIENDS,2,71.0,山西省,CONSUME,02,,37.854559,113.59148,ANDROID,,山西省阳泉市城区上站街道德胜东街10号,1
100000,,大理白族自治州,珠海冠宇电池股份有限公司,Z,90,APP,2,26.8,M,汉,2917,2,01,SIBLING,COLLEAGUE,2,71.0,云南省,CONSUME,01,,22.165673925764545,113.27927410972682,ANDROID,,广东省珠海市斗门区井岸镇华英路,1
100000,307,韶关市,广东中奥汽车服务有限公司,O,17,XCX,2,32.7,M,汉,4947,2,01,RELATIVES,FRIENDS,2,91.19,广东省,CONSUME,01,,23.226182352662375,113.31022018401956,ANDROID,,广东省广州市白云区永平街道,1
100000,,金华市,永康市起宇轮胎店,Z,90,XCX,2,45.9,M,汉,5765,4,01,FATHER,FRIENDS,1,71.0,浙江省,CONSUME,01,,28.912782185001484,120.05678246098957,ANDROID,,浙江省金华市永康市东城街道车宝路,1
100000,,重庆市,重庆优品速配电子商务有限公司,Z,90,APP,4,40.2,M,汉,4059,3,01,SIBLING,FRIENDS,1,71.0,重庆市,CONSUME,01,,29.304378,106.331999,ANDROID,,重庆市九龙坡区西彭镇新城东路,1
100000,,大理白族自治州大理市,大理市今日青年文化传媒有限公司,Z,90,APP,3,28.7,M,白,761,2,01,FATHER,COLLEAGUE,2,71.0,云南省,CONSUME,01,,25.599910753038195,100.22507378472223,ANDROID,,云南省大理白族自治州大理市下关街道洱河南路,1
100000,,巴中市,李姗姗个人工作室,Z,90,XCX,2,27.6,F,汉,1226,2,01,MATE,SIBLING,1,71.0,四川省,CONSUME,01,,33.85447022703486,109.96740987787406,ANDROID,,陕西省商洛市商州区大赵峪街道G312(环城北路),1
100000,,德州市,德州京优易货企业信息咨询有限公司,Z,90,XCX,3,36.6,M,汉,3550,2,01,MATE,FRIENDS,1,71.0,山东省,CONSUME,01,,37.46803801138813,116.40450547427634,ANDROID,,山东省德州市德城区袁桥镇减河东大道,1
100000,,铁岭市,鑫友装饰,Z,90,XCX,3,28.0,M,满,823,2,01,PARENTS,PARENTS,1,88.551,辽宁省,CONSUME,01,,41.74340582694532,123.45348299067519,ANDROID,,辽宁省沈阳市浑南区五三街道浑南三路8-c,1
100000,102,深圳市,深圳九州大药房有限公司,H,54,XCX,4,41.1,M,汉,4687,3,01,SIBLING,PARENTS,1,71.0,广尓省,CONSUME,01,,22.631929794179589,114.02899897061701,ANDROID,,广东省深圳市龙华区民治街道民安路118-向东130米,1
100000,102,重庆市,陈永强个人工作室,Z,90,XCX,2,44.2,M,汉,2996,3,01,SIBLING,FRIENDS,1,71.0,重庆市,CONSUME,02,,29.59969780815972,106.24208875868055,ANDROID,,重庆市璧山区璧泉街道,1
100000,306,宁波市,宁波欧菱电梯配件有限公司,C,24,APP,4,35.5,M,汉,6570,3,01,MOTHER,SIBLING,1,71.0,浙江省,CONSUME,01,,29.834029,121.743949,ANDROID,,浙江省宁波市鄞州区五乡镇S1(甬台温高速(北仑支线)),1
100000,,抚顺市,天津百巧匠洗衣服务有限公司,H,54,XCX,3,46.0,M,满,586,2,01,FATHER,FRIENDS,1,71.0,辽宁省,CONSUME,01,,39.127888997395836,117.08707845052083,ANDROID,,天津市西青区中北镇溪清苑路,1
100000,,重庆市,重庆恒安集团,H,54,APP,3,34.7,M,汉,5810,2,01,FATHER,COLLEAGUE,1,71.0,重庆市,CONSUME,01,,29.394797,106.619342,ANDROID,,重庆市巴南区界石镇石佛路,1
100000,102,河池市,水电安装消防,Z,90,APP,2,34.3,F,瑶,4508,4,01,FATHER,FATHER,1,71.0,广西壮族自治区,CONSUME,01,,24.023096,108.098482,ANDROID,,广西壮族自治区河池市都安瑶族自治县澄江镇,1
100000,105,钟祥市,陈晰个人工作室,Z,90,APP,2,25.8,M,汉,1322,2,01,FATHER,MOTHER,2,80.48,湖北省,CONSUME,01,,34.704887,106.160938,ANDROID,,甘肃省天水市清水县永清镇,1
100000,105,湘潭市,比亚迪汽车工业有限公司,Z,90,XCX,4,28.5,M,汉,868,2,01,OTHER,OTHER,2,71.0,湖南省,CONSUME,01,,28.081309,113.049846,ANDROID,,湖南省长沙市雨花区同升街道G4(京港澳高速),1
100000,,铜仁市,贵州省德江县角口幼儿园,P,13,XCX,4,38.1,F,土家,4000,2,01,FATHER,FRIENDS,1,71.31044,贵州省,CONSUME,01,,28.264120866412824,108.11135915566256,IOS,,贵州省铜仁市德江县青龙街道钟山中路93号,1
100000,,抚州市,邵武市顺鑫包装有限公司,C,24,XCX,2,30.8,M,汉,419,2,01,MATE,SIBLING,1,71.0,江西省,CONSUME,01,,27.28553373069392,117.49449376161465,ANDROID,,福建省南平市邵武市城郊镇莲欣南路,1
100000,,南充市,鑫众数码连锁有限公司,Z,90,XCX,3,29.9,M,汉,7124,4,01,RELATIVES,OTHER,1,71.0,四川省,CONSUME,01,,30.724972700435637,104.07891207528542,IOS,,四川省成都市金牛区凤凰山街道北三环路三段辅路,1
100000,105,安阳市,郑州杰闻医疗器械有限公司安阳分公司,Q,11,APP,4,32.7,M,汉,6655,2,01,MOTHER,FRIENDS,1,71.0,河南省,CONSUME,02,,36.03936373441713,114.02595022630226,ANDROID,,河南省安阳市龙安区马家乡,1
100000,,沈阳市,全瑞种植合作社,A,27,XCX,4,46.9,F,汉,6053,4,01,MOTHER,SIBLING,2,71.0,辽宁省,CONSUME,01,,41.486050618489585,123.48325873480903,ANDROID,,辽宁省沈阳市苏家屯区十里河街道,1
100000,102,周口市,河南省鹿邑县不动产登记服务中心,S,11,XCX,2,41.1,M,汉,4266,4,01,RELATIVES,OTHER,1,71.0,河南省,CONSUME,01,,33.865103208211049,115.4909466469084,ANDROID,,河南省周口市鹿邑县卫真街道栾台路辅路,1
100000,105,阳江市,陈晓锋个人工作室,D,17,APP,4,37.7,M,汉,3573,2,,FRIENDS,COLLEAGUE,2,71.0,广东省,CONSUME,01,,21.963908,111.676299,ANDROID,,广东省阳江市阳春市河口镇S278,1
100000,103,玉树藏族自治州,玉树市幼儿园,P,13,XCX,4,44.9,M,维吾尔,888,4,01,SIBLING,COLLEAGUE,1,71.0,青海,CONSUME,01,,32.85931857638889,96.66625813802084,ANDROID,,青海省玉树藏族自治州玉树市上拉秀乡G214(西景线),1
100000,309,九江市,江西聚祥诚建筑劳务有限公司,O,17,APP,4,32.4,M,汉,995,4,01,FATHER,SIBLING,2,88.287,江西省,CONSUME,01,,23.126683043488794,113.61998429374853,ANDROID,,广东省广州市增城区新塘镇发展路,1
100000,,邢台市,孔文女个人工作室,Z,90,APP,4,37.7,F,汉,3671,2,01,MATE,SIBLING,1,71.0,河北省,CONSUME,01,,37.238724,115.583381,ANDROID,,河北省邢台市南宫市垂杨镇,1
100000,103,贵港市,润建通信股份有限公司,Z,90,APP,2,28.0,F,汉,6710,4,01,FATHER,FRIENDS,1,71.0,广西壮族自治区,CONSUME,01,,22.616206,113.050267,IOS,,广东省江门市蓬江区环市街道江门大道中辅路,1
100000,102,漯河市,南阳瑞吉母婴用品有限公司,G,13,APP,4,34.5,M,汉,6093,2,01,MOTHER,FRIENDS,1,71.0,河南省,CONSUME,01,,33.55885052702176,114.01330415082446,ANDROID,,河南省漯河市源汇区干河陈街道湘江西路,1
100000,,濮阳市,广州东方国际箱厂有限公司,Z,90,XCX,2,33.1,M,汉,5652,3,01,MATE,SIBLING,1,79.526,河南省,CONSUME,01,,22.65249150472368,113.59123433124694,ANDROID,,广东省广州市南沙区万顷沙镇S73(南沙港快速),1
100000,,阜阳市,安徽省象棋运动协会,R,17,XCX,4,37.3,M,汉,5284,3,01,FATHER,COLLEAGUE,3,71.0,安徽省,CONSUME,01,,31.82404541015625,117.30313856336805,ANDROID,,安徽省合肥市包河区望湖街道秋浦河路,0
100000,104,辽源市,韩帝园有限公司,I,54,APP,2,35.4,M,汉,4049,2,01,FATHER,FRIENDS,2,71.0,吉林省,CONSUME,01,,41.816273,123.434799,ANDROID,,辽宁省沈阳市沈河区北站街道北站路114号,1
100000,103,县,浙江坤兴建设劳务分包有限公司,E,24,APP,3,24.2,M,汉,1911,3,01,FATHER,FRIENDS,2,88.037,重庆市,CONSUME,01,,30.329858954671857,120.50128807062312,ANDROID,,浙江省杭州市钱塘区河庄街道青东二路,0
100000,104,天津市,天津地铁,F,17,APP,4,36.9,F,汉,4457,4,01,FATHER,FRIENDS,2,71.0,天津市,CONSUME,01,,39.203681,117.319231,ANDROID,,天津市东丽区华明街道,0
100000,,阜阳市,安徽省象棋运动协会,R,17,XCX,4,37.3,M,汉,5284,3,01,FATHER,COLLEAGUE,3,71.0,安徽省,CONSUME,01,,31.82404541015625,117.30313856336805,ANDROID,,安徽省合肥市包河区望湖街道秋浦河路,1
100000,103,县,浙江坤兴建设劳务分包有限公司,E,24,APP,3,24.2,M,汉,1911,3,01,FATHER,FRIENDS,2,88.037,重庆市,CONSUME,01,,30.329858954671857,120.50128807062312,ANDROID,,浙江省杭州市钱塘区河庄街道青东二路,1
100000,103,岳阳市,湖南岳阳绿色化工产业园,Z,90,APP,3,44.7,F,汉,1015,2,01,OTHER,OTHER,1,71.0,湖南省,CONSUME,01,,29.477912,113.267764,ANDROID,,湖南省岳阳市云溪区云溪街道云中北路10,1
100000,,宜昌市,秭归君杰劳务有限公司,L,17,XCX,2,34.1,M,汉,4513,2,01,FATHER,COLLEAGUE,2,71.0,湖北省,CONSUME,01,,31.07939110323542,110.7730926407296,ANDROID,,湖北省宜昌市秭归县屈原镇,1
100000,,阜阳市,安徽省象棋运动协会,R,17,XCX,4,37.3,M,汉,5284,3,01,FATHER,COLLEAGUE,3,71.0,安徽省,CONSUME,01,,31.82404541015625,117.30313856336805,ANDROID,,安徽省合肥市包河区望湖街道秋浦河路,1
100000,,九江市,许昌上嘉餐饮管理有限公司,R,17,XCX,3,34.1,M,汉,4952,4,01,MATE,FRIENDS,2,71.0,江西省,CONSUME,01,,31.127224220819075,104.39244279658326,ANDROID,,四川省德阳市旌阳区城南街道泰山路一段25,1
100000,102,上海市,大观控股集团,H,54,XCX,4,33.5,M,汉,4736,3,01,OTHER,OTHER,1,71.0,上海市,CONSUME,01,,31.11369470727038,121.3714739964464,IOS,,上海市闵行区莘庄镇七莘路181弄-20号-103室,1
100000,104,天津市,天津地铁,F,17,APP,4,36.9,F,汉,4457,4,01,FATHER,FRIENDS,2,71.0,天津市,CONSUME,01,,39.203681,117.319231,ANDROID,,天津市东丽区华明街道,1
100000,103,县,浙江坤兴建设劳务分包有限公司,E,24,APP,3,24.2,M,汉,1911,3,01,FATHER,FRIENDS,2,88.037,重庆市,CONSUME,01,,30.329858954671857,120.50128807062312,ANDROID,,浙江省杭州市钱塘区河庄街道青东二路,1
100000,105,宜昌市,众诚水处理设备有限公司,N,17,APP,3,40.2,F,汉,5260,2,01,MATE,RELATIVES,1,71.0,湖北省,CONSUME,01,,22.845954,113.00215,ANDROID,,广东省佛山市南海区九江镇建中路,1
100000,103,重庆市,重庆市公运公司,Z,90,APP,2,39.7,M,汉,3643,2,01,FRIENDS,PARENTS,3,88.874,重庆市,CONSUME,01,,29.516909,106.514593,ANDROID,,重庆市九龙坡区谢家湾街道国美支路,1
100000,104,濮阳市,濮阳市涵沛女子名媛馆,R,17,APP,2,42.1,F,汉,3972,2,01,FATHER,SIBLING,1,71.0,河南省,CONSUME,01,,35.7592118777965,115.07266263365045,ANDROID,,河南省濮阳市华龙区大庆路街道扶余南路,1
100000,103,常德市,石门县雁池供电所,Z,90,XCX,2,43.8,M,土家,1129,2,,MATE,MATE,1,85.89,湖南省,CONSUME,04,,29.645536295572917,111.0400892469618,ANDROID,,湖南省常德市石门县白云镇,1
100000,105,宜昌市,众诚水处理设备有限公司,N,17,APP,3,40.2,F,汉,5260,2,01,MATE,RELATIVES,1,71.0,湖北省,CONSUME,01,,22.845954,113.00215,ANDROID,,广东省佛山市南海区九江镇建中路,1
100000,,嘉兴市,杭州理暄信息科技有限公司,G,13,XCX,4,40.7,M,汉,3520,3,01,MATE,RELATIVES,1,71.0,浙江省,CONSUME,01,,34.77230691457593,114.32271021254268,ANDROID,,河南省开封市鼓楼区五一街道蔡屯路,1
100000,102,上海市,上海润诺企业管理服务有限公司,Z,90,XCX,3,47.1,M,汉,2541,3,01,MOTHER,FRIENDS,1,71.0,上海市,CONSUME,01,,30.710928548177083,121.3466845703125,ANDROID,,上海市金山区石化街道象州路,1
100000,,毕节市,沐慕艺术,P,13,APP,3,24.5,F,汉,3046,2,01,FATHER,FRIENDS,2,71.0,贵州省,CONSUME,01,,27.22783,105.267977,ANDROID,,贵州省毕节市七星关区鸭池镇S05(毕威高速),0
100000,,毕节市,沐慕艺术,P,13,APP,3,24.5,F,汉,3046,2,01,FATHER,FRIENDS,2,71.0,贵州省,CONSUME,01,,27.22783,105.267977,ANDROID,,贵州省毕节市七星关区鸭池镇S05(毕威高速),0
100000,302,天津市,创世景观设计,E,24,APP,3,41.3,M,汉,4921,2,01,FRIENDS,COLLEAGUE,1,71.0,天津市,CONSUME,02,,39.113918,117.334086,ANDROID,,天津市东丽区新立街道通庆路,1
100000,,济源市,济源市万洋集团,Z,90,APP,4,37.7,M,汉,6599,3,01,MOTHER,SIBLING,2,71.0,河南省,CONSUME,01,,35.08481068410089,112.31730294386365,ANDROID,,河南省济源市王屋镇,0
100000,,郑州市,郑州盛千祥信息技术有限公司,G,13,APP,3,32.1,M,汉,967,4,01,MATE,MOTHER,1,85.605,河南省,CONSUME,01,,34.58305555555555,113.85241943359375,ANDROID,,河南省郑州市中牟县张庄镇大航路,1
100000,,济源市,济源市万洋集团,Z,90,XCX,4,37.7,M,汉,6599,3,01,MOTHER,SIBLING,2,71.0,河南省,CONSUME,01,,35.08481068410089,112.31730294386365,ANDROID,,河南省济源市王屋镇,1
100000,105,荆州市,中信建投证券股份有限公司,H,24,APP,4,34.0,M,汉,5071,4,01,PARENTS,FRIENDS,2,80.132,湖北省,CONSUME,01,,29.368860257046890,113.127029592960056,ANDROID,,湖南省岳阳市岳阳楼区枫桥湖街道古井路,1
100000,,南通市,江苏华滋能源工程有限公司,Z,90,XCX,3,36.9,M,汉,5857,3,01,MATE,RELATIVES,1,88.316,江苏省,CONSUME,01,,31.693101,121.816015,ANDROID,,江苏省南通市启东市寅阳镇戤效路,0
100000,,连云港市,太平洋保险集团股份有限公司,J,13,XCX,4,32.5,M,汉,397,4,01,MATE,FRIENDS,1,95.422,江苏省,CONSUME,01,,34.572086,119.197341,ANDROID,,江苏省连云港市海州区海州经济开发区秦东门大街,0
100000,,连云港市,太平洋保险集团股份有限公司,J,13,XCX,4,32.5,M,汉,397,4,01,MATE,FRIENDS,1,95.422,江苏省,CONSUME,01,,34.572086,119.197341,ANDROID,,江苏省连云港市海州区海州经济开发区秦东门大街,1
100000,105,宜春市,周宏个人工作室,Z,90,APP,2,40.9,M,汉,4302,2,01,MATE,FRIENDS,1,94.101,江西省,CONSUME,02,,27.80436671840776,114.42442670676253,ANDROID,,江西省宜春市袁州区下浦街道宜阳大道辅路,0
100000,,晋城市,秦志平个人工作室,Z,90,XCX,4,40.6,M,汉,6097,2,01,FATHER,FRIENDS,1,80.31874,山西省,CONSUME,01,,35.50727892458355,112.85958379451667,ANDROID,,山西省晋城市城区钟家庄街道苑北路辅路,1
100000,,自贡市,宋雨康个人工作室,Z,90,APP,2,27.4,M,汉,824,3,01,RELATIVES,FRIENDS,2,71.0,四川省,CONSUME,01,,29.386281039145254,104.93898026509058,ANDROID,,四川省自贡市大安区何市镇太大路,1
100000,,延边朝鲜族自治州,King密室逃脱,H,54,XCX,4,26.9,F,朝鲜,2104,4,01,FATHER,FRIENDS,2,91.25429,吉林省,CONSUME,01,,42.91332159272403,129.49767155695325,IOS,,吉林省延边朝鲜族自治州延吉市进学街道参花街1770号,1
100000,,淮安市,蜀芳珍干锅刷,I,54,APP,2,31.9,M,汉,882,2,01,MOTHER,FRIENDS,2,71.0,江苏省,CONSUME,01,,32.321674,120.180457,ANDROID,,江苏省泰州市泰兴市元竹镇大元南桥,1
100000,,黑河市,程三农家菜馆,Z,90,XCX,3,26.9,M,汉,1240,4,01,PARENTS,FRIENDS,2,71.0,黑龙江省,CONSUME,01,,50.24750542534722,127.47803548177083,ANDROID,,黑龙江省黑河市爱辉区西兴街道桦林路,0
100000,,合肥市,中国合肥市巢湖市中国华能,G,13,XCX,2,30.1,M,汉,1489,2,01,MATE,FRIENDS,2,71.0,安徽省,CONSUME,01,,30.690909780435836,104.0143070209744,ANDROID,,四川省成都市金牛区茶店子街道黄忠街9,1
100000,301,长沙市,武胜县凌鸭子家禽直销店,H,54,XCX,3,46.9,M,汉,3140,3,01,FATHER,COLLEAGUE,1,71.0,湖南省,CONSUME,01,,30.35879123263889,106.30389838324653,ANDROID,,四川省广安市武胜县沿口镇G75(兰海高速),0
100000,,淮北市,通州区鑫兰熙家纺经营部个体工商户,Z,90,XCX,3,40.7,M,汉,4270,4,01,FATHER,FATHER,2,71.0,安徽省,CONSUME,01,,31.961292266845703,121.09046173095703,ANDROID,,江苏省南通市海门区三星镇三星大道辅路,1
100000,,新乡市,个体私营,Z,90,XCX,2,29.3,M,汉,2415,4,01,MATE,FRIENDS,2,81.896,河南省,CONSUME,01,,30.220269368489582,120.6373255750868,ANDROID,,浙江省杭州市萧山区益农镇益农服务区,1
100000,301,蚌埠市,亚历山大健身会所,R,17,APP,3,30.5,F,汉,1848,3,01,PARENTS,FRIENDS,2,71.0,安徽省,CONSUME,01,,32.92312320850028,117.37626037168634,ANDROID,,安徽省蚌埠市蚌山区胜利街道兰凌路1017,1
100000,103,苏州市,个体户自由职业者,Z,90,APP,2,47.8,M,汉,165,4,01,RELATIVES,FRIENDS,2,71.0,江苏省,CONSUME,01,,31.698328,120.707892,ANDROID,,江苏省苏州市常熟市常福街道东山路31号,1
100000,102,长治市,顺丰速运,Z,90,APP,2,38.5,M,汉,3533,2,01,FRIENDS,MOTHER,1,71.0,山西省,CONSUME,01,,29.461549,121.868699,ANDROID,,浙江省宁波市象山县丹西街道蓬莱路,1
100000,,玉溪市,瑞通驾校,Z,90,APP,2,28.0,M,汉,2427,2,01,FATHER,COLLEAGUE,2,71.0,云南省,CONSUME,01,,22.76737,100.964173,ANDROID,,云南省普洱市思茅区南屏镇振兴大道106,1
100000,105,县,中国邮政快递,F,17,APP,3,31.2,M,汉,50,3,01,MATE,RELATIVES,1,71.0,重庆市,CONSUME,01,,30.900935,109.470308,ANDROID,,重庆市奉节县新民镇YA09(新角路),1
100000,105,大同市,山西中吕保险代理有限公司,J,13,APP,4,33.5,M,汉,874,2,01,MATE,FRIENDS,1,71.0,山西省,CONSUME,01,,37.414849,112.554723,ANDROID,,山西省晋中市太谷区侯城乡南正街,1
100000,105,苏州市,绵阳博纳文化传播有限公司,R,17,XCX,4,29.3,M,汉,1978,2,01,FATHER,SIBLING,2,80.727,江苏省,CONSUME,01,,31.229977755579716,121.4455940921663,ANDROID,,上海市静安区南京西路街道北京西路1353甲,1
100000,,六安市,六安宝格瑞文化传媒,G,13,APP,4,36.5,M,汉,4548,3,01,MATE,SIBLING,1,71.0,安徽省,CONSUME,01,,31.749860939242646,116.49798716832118,ANDROID,,安徽省六安市金安区中市街道龙穴巷,1
100000,,唐山市,拾里服装,Z,90,XCX,3,34.1,F,汉,299,4,01,MATE,SIBLING,2,71.0,河北省,CONSUME,01,,39.89134114583333,117.75329454210069,ANDROID,,河北省唐山市玉田县无终街道东春路,1
100000,105,长春市,学大教育集团,P,13,XCX,4,34.3,F,汉,6737,3,01,MATE,SIBLING,1,87.528,吉林省,CONSUME,01,,43.90987990613972,125.29419038564294,ANDROID,,吉林省长春市绿园区青年路街道,1
100000,,苏州市,池州市卓意建筑劳务有限公司,O,17,XCX,3,46.1,M,汉,609,4,01,FATHER,FRIENDS,1,79.494,江苏省,CONSUME,01,,30.694108344184027,118.10863959418403,ANDROID,,安徽省池州市青阳县乔木乡,1
100000,103,安阳市,上海菲利思通信息科技有限公司,G,13,APP,4,43.1,F,汉,3855,4,01,MATE,FRIENDS,1,87.061,河南省,CONSUME,01,,36.102489881280039,114.32026812228935,IOS,,河南省安阳市殷都区铁西路街道瑞达路60号,1
100000,102,北京市,北京中盛佳彩教育咨询有限公司,P,13,APP,3,44.5,M,汉,3531,3,01,MATE,SIBLING,1,71.0,北京市,CONSUME,01,,40.114106,116.581183,ANDROID,,北京市顺义区后沙峪(地区)镇S28(回民营桥),1
100000,,绥化市,昆腾运输有限公司,F,17,XCX,4,45.7,M,汉,3008,3,01,MATE,FRIENDS,1,71.0,黑龙江省,CONSUME,01,,46.66349039713542,126.55782741970486,ANDROID,,黑龙江省绥化市望奎县卫星镇,1
100000,,承德市,来福隆购物中心,Z,90,XCX,3,27.4,F,满,832,2,01,MATE,FRIENDS,2,86.87,河北省,CONSUME,01,,24.938080155197935,118.66048698130288,ANDROID,,福建省泉州市洛江区万安街道安顺路,1
100000,,凉山彝族自治州,盐源泸沽湖绿色食品开发有限责任公司,Z,90,XCX,3,35.8,M,汉,7012,2,01,SIBLING,COLLEAGUE,1,88.303,四川省,CONSUME,01,,27.42070746527778,101.5116956922743,ANDROID,,四川省凉山彝族自治州盐源县盐井街道水市街,1
100000,,周口市,国网河南省电力公司,D,17,XCX,2,37.3,M,汉,4709,4,01,FRIENDS,COLLEAGUE,1,71.0,河南省,CONSUME,01,,33.969695,114.673117,ANDROID,,河南省周口市太康县逊母口镇G1516(盐洛高速),1
100000,310,深圳市,南方科技大学,Z,90,APP,4,33.4,M,汉,6557,4,01,MATE,MOTHER,1,71.0,广东省,CONSUME,01,,22.646727,114.028812,ANDROID,,广东省深圳市龙华区龙华街道龙华大道,1
100000,105,河源市,路易国际,R,17,XCX,2,35.4,M,汉,5633,3,01,RELATIVES,FRIENDS,3,71.0,广东省,CONSUME,01,,23.758652,114.69724,ANDROID,,广东省河源市源城区东埔街道爱民一街26号,1
100000,,长春市,金长安大夏,Z,90,XCX,2,34.6,F,汉,4990,4,01,FATHER,FRIENDS,2,71.0,吉林省,CONSUME,01,,39.905552911400949,116.49860324593819,IOS,,北京市朝阳区高碑店(地区)乡四惠枢纽东路,0
100000,,玉林市,凤山街龙城村区,Z,90,APP,2,28.0,M,汉,869,4,01,MATE,FRIENDS,1,71.0,广西壮族自治区,CONSUME,01,,23.106202,113.79223,ANDROID,,广东省东莞市石碣镇爱敬路,1
100000,103,铁岭市,沈阳盛翔孵化场,H,54,APP,3,44.7,M,汉,616,4,01,RELATIVES,FRIENDS,2,90.656,辽宁省,CONSUME,01,,41.668517261754988,123.30315802981247,ANDROID,,辽宁省沈阳市苏家屯区沈水街道葵松路,1
100000,,安庆市,安庆承启机械零部件加工有限公司,C,24,APP,4,39.5,M,汉,2434,4,01,MATE,FRIENDS,1,71.0,安徽省,CONSUME,01,,30.544035,117.057519,ANDROID,,安徽省安庆市宜秀区菱北街道湖心北路72号-9-、10,1
100000,,湛江市,九九美容院,O,17,XCX,3,26.9,F,汉,769,3,01,PARENTS,FRIENDS,1,71.0,广东省,CONSUME,01,,20.33172368670216,110.18247274427223,ANDROID,,广东省湛江市徐闻县徐城街道春园北四巷,1
100000,,长春市,金长安大夏,Z,90,XCX,2,34.6,F,汉,4990,4,01,FATHER,FRIENDS,2,71.0,吉林省,CONSUME,01,,39.905552911400949,116.49860324593819,IOS,,北京市朝阳区高碑店(地区)乡四惠枢纽东路,0
100000,102,昆明市,东元食品加工厂,C,24,APP,2,46.5,M,汉,2580,4,01,MATE,SIBLING,1,93.595,云南省,CONSUME,01,,25.226511746894805,102.53191668825979,ANDROID,,云南省昆明市富民县永定街道大营街,1
100000,,苏州市,三菱电机汽车部件有限公司,C,24,XCX,3,29.2,M,汉,6376,2,01,FATHER,FRIENDS,2,71.0,江苏省,CONSUME,01,,31.6827734375,120.78074842664931,ANDROID,,江苏省苏州市常熟市琴川街道G524(通港路),1
100000,103,咸阳市,永寿县交警大队,S,11,XCX,3,32.8,M,汉,6301,2,01,FRIENDS,FRIENDS,1,71.0,陕西省,CONSUME,01,,34.61076,108.09293,ANDROID,,陕西省咸阳市永寿县店头镇,1
100000,102,黑河市,五大连池市自来水公司,Z,90,APP,3,33.6,F,汉,5460,4,01,MATE,RELATIVES,1,71.0,黑龙江省,CONSUME,01,,48.643181,126.630672,ANDROID,,黑龙江省黑河市五大连池市龙镇中兴路,1
100000,105,合肥市,铜陵惠和汽车销售服务有限公司,H,54,XCX,3,29.1,M,汉,1097,4,,FATHER,FATHER,1,87.288,安徽省,CONSUME,01,,30.937977701822916,117.89739149305555,ANDROID,,安徽省铜陵市铜官区西湖镇铜都大道,1
100000,103,保定市,保定创亿达广告装饰有限公司,Z,90,APP,4,41.1,M,汉,2434,3,01,FATHER,SIBLING,2,71.0,河北省,CONSUME,01,,39.121291,116.031048,ANDROID,,河北省保定市高碑店市白沟镇星海街,1
100000,,大同市,大同泰瑞集团建设有限公司装潢分公司,E,24,XCX,3,28.2,M,汉,119,4,01,FRIENDS,FRIENDS,2,71.0,山西省,CONSUME,01,,40.07581566383061,113.28978783687607,ANDROID,,山西省大同市平城区永泰街道迎宾街辅路,1
100000,105,临沂市,碳火烧烤,I,54,APP,2,27.8,M,汉,917,4,,MATE,COLLEAGUE,1,71.0,山东省,CONSUME,02,,35.392997745739,119.539978038162,ANDROID,,山东省日照市东港区石臼街道石臼路,1
100000,,大同市,未知信息,Z,90,XCX,4,44.3,F,汉,4122,3,01,FATHER,FRIENDS,1,71.0,山西省,CONSUME,01,,40.096970052765588,113.34401974417379,ANDROID,,山西省大同市平城区文瀛湖街道云山街,1
100000,,桂林市,汉川市永瑞纸业有限公司,C,24,XCX,2,35.0,M,汉,5036,2,01,FRIENDS,FRIENDS,1,71.0,广西壮族自治区,CONSUME,01,,25.18576,110.458241,ANDROID,,广西壮族自治区桂林市灵川县大圩镇虹饮桥,1
100000,103,沈阳市,沈阳智晟汽车销售服务有限公司,H,54,XCX,4,39.5,M,汉,4140,4,01,MATE,FATHER,1,93.261,辽宁省,CONSUME,01,,41.82431973723399,123.54904572716453,ANDROID,,辽宁省沈阳市沈河区马官桥街道马官桥北街,1
100000,,潮州市,大波五金不锈钢制品厂,R,17,XCX,3,27.6,M,汉,925,3,01,FATHER,FATHER,2,71.0,广东省,CONSUME,01,,23.50296956380208,116.6408056640625,ANDROID,,广东省潮州市潮安区彩塘镇宏三东畔溪路,1
100000,,阜阳市,亮颖烟酒,H,54,XCX,2,33.3,M,汉,519,4,01,PARENTS,FRIENDS,2,71.0,安徴省,CONSUME,01,,32.907557508680554,115.86568522135417,ANDROID,,安徽省阜阳市颍东区向阳街道刘池路,1
100000,,重庆市,品依坊女装店,H,54,XCX,2,33.2,F,汉,5039,3,,FRIENDS,FRIENDS,1,85.339,重庆市,CONSUME,01,,29.253111436631944,106.98003336588542,ANDROID,,重庆市南川区大观镇上南一路,1
100000,,汕尾市,惠东县黄埠卫生院,Q,11,XCX,4,27.6,F,汉,1052,4,01,FATHER,FRIENDS,2,71.0,广东省,CONSUME,01,,22.755230168401267,114.95951079892295,IOS,,广东省惠州市惠东县黄埠镇环城南路,1
100000,103,鞍山市,辽宁品岫商贸有限公司,H,54,APP,3,30.9,M,满,698,2,,MOTHER,COLLEAGUE,2,71.0,辽宁省,CONSUME,04,,40.276707,123.285231,ANDROID,,辽宁省鞍山市岫岩满族自治县阜昌街道山城路,1
100000,,泰州市,中通快递,Z,90,APP,2,37.2,M,汉,3221,2,,FATHER,FATHER,1,71.0,江苏省,CONSUME,01,,32.497985,119.924964,ANDROID,,江苏省泰州市海陵区城东街道口泰路,1
100000,,惠州市,东莞市登宝酒店有限公司,P,13,XCX,3,30.7,M,汉,5778,3,01,RELATIVES,RELATIVES,2,71.0,广东省,CONSUME,01,,22.779206745154896,114.44669333116367,ANDROID,,广东省惠州市惠阳区淡水街道南湖路西二街6号,1
100000,,荆州市,宁波大业融智房地产策划营销有限,Z,90,XCX,3,36.5,M,汉,4906,3,01,FATHER,COLLEAGUE,2,71.0,湖北省,CONSUME,01,,30.34820059691684,121.22648075239872,ANDROID,,浙江省宁波市慈溪市庵东镇滨海七路,1
100000,103,郑州市,西藏自治区人民政府,C,24,APP,3,30.7,M,汉,832,3,01,FATHER,RELATIVES,2,89.457,河南省,CONSUME,01,,29.644867589432758,91.1256857485088,ANDROID,,西藏自治区拉萨市城关区两岛街道,1
100000,,舟山市,杭州品尚卡,Z,90,APP,3,25.6,M,汉,243,2,01,FRIENDS,RELATIVES,2,71.0,浙江省,CONSUME,01,,30.33589061043908,120.0887510241185,ANDROID,,浙江省杭州市拱墅区祥符街道丰庆路947号,1
100000,,邵阳市,深圳京泉华智能电器有限公司,Z,90,XCX,2,37.0,M,汉,4717,2,01,MOTHER,COLLEAGUE,3,71.0,湖南省,CONSUME,01,,22.785385582987514,114.3158374250327,ANDROID,,广东省深圳市龙岗区坪地街道G205(龙岗大道),1
100000,,北京市,北京绿都畅达科技发展有限责任公司,G,13,APP,3,32.6,M,汉,5379,4,01,FATHER,COLLEAGUE,1,71.0,北京市,CONSUME,01,,40.15791126042636,117.12844404578175,ANDROID,,北京市平谷区兴谷街道平谷大街辅路,1
100000,,温州市,乐清至诚代理有限公司,Z,90,XCX,4,38.1,F,汉,5816,4,01,MOTHER,FRIENDS,1,71.0,浙江省,CONSUME,01,,28.12108712611143,121.01213800613238,ANDROID,,浙江省温州市乐清市城东街道清东路,1
100000,,扬州市,中国电信阳扬州分公司,Z,90,XCX,4,40.9,M,汉,3701,2,01,FATHER,MATE,1,71.0,江苏省,CONSUME,01,,32.43498806423611,119.37988959418402,ANDROID,,江苏省扬州市邗江区西湖街道蜀岗西路18号,1
100000,,黄山市,黄山市立口腔医院有限公司,Q,11,APP,3,41.3,M,汉,3891,3,01,MOTHER,MATE,1,71.0,安徽省,CONSUME,01,,29.696823,118.319051,ANDROID,,安徽省黄山市屯溪区阳湖镇八一大道,1
100000,,秦皇岛市,麦尔打击乐,H,54,XCX,3,29.1,M,满,442,4,01,FATHER,FRIENDS,2,71.0,河北省,CONSUME,01,,39.9598943219122,119.63024671989425,ANDROID,,河北省秦皇岛市海港区海港镇东港路,1
100000,105,赣州市,公交公司,O,17,XCX,3,39.9,F,汉,4256,2,01,MATE,FRIENDS,1,88.596,江西省,CONSUME,01,,25.84784091581015,114.96968891745456,ANDROID,,江西省赣州市章贡区东外街道赣南大道,1
100000,103,泉州市,泉州市华毅企业服务有限公司,I,54,XCX,3,38.5,M,汉,5547,4,01,FATHER,FRIENDS,1,76.529686,福建省,CONSUME,01,,24.96214785522627,118.41526667192139,ANDROID,,福建省泉州市南安市美林街道滨江景观路,1
100000,103,唐山市,盛大装饰建筑有限公司,E,24,APP,2,37.2,M,汉,6167,2,01,SIBLING,FRIENDS,2,71.0,河北省,CONSUME,01,,39.449762,117.905231,ANDROID,,河北省唐山市丰南区东田庄镇,1
100000,,兰州市,迭部县烟草公司,C,24,APP,4,41.6,M,汉,4177,3,01,RELATIVES,FRIENDS,2,71.0,甘肃省,CONSUME,01,,34.05607557508681,103.21282958984375,ANDROID,,甘肃省甘南藏族自治州迭部县电尕镇玛措美路,1
100000,,晋城市,晋城市住建局,K,17,APP,3,36.9,M,汉,3955,2,01,FATHER,FRIENDS,2,71.0,山西省,CONSUME,01,,35.18580130341525,112.9329278343204,ANDROID,,河南省焦作市沁阳市西万镇许良街,1
100000,,上饶市,四川省晨龙纸业有限公司,C,24,XCX,3,27.1,M,汉,2085,3,01,SIBLING,SIBLING,2,73.375,江西省,CONSUME,01,,30.367724609375,103.84596082899306,ANDROID,,四川省成都市新津区永商镇兴化4路,1
100000,,沧州市,华北石油购物广场,Z,90,APP,2,44.9,F,汉,536,3,01,FRIENDS,FRIENDS,1,71.0,河北省,CONSUME,01,,38.681016,116.103863,ANDROID,,河北省沧州市任丘市创业路街道北站中路,1
100000,,六安市,上海巴海之境供应链管理有限公司,Z,90,APP,3,27.2,M,汉,936,4,01,MATE,PARENTS,1,71.0,安徽省,CONSUME,01,,31.233450800837937,121.53102562341793,ANDROID,,上海市浦东新区洋泾街道源深路601号,1
100000,102,德州市,禹王街中段路南华和副食,H,54,APP,2,46.2,F,汉,3785,4,01,FATHER,RELATIVES,2,71.0,山东省,CONSUME,01,,36.938851,116.626783,ANDROID,,山东省德州市禹城市十里望回族镇河东路,1
100000,,深圳市,西安中楚秦建设工程有限公司,E,24,XCX,4,33.4,M,土家,4779,2,01,FATHER,FRIENDS,1,71.0,广东省,CONSUME,01,,34.20981580946181,108.98797905815972,ANDROID,,陕西省西安市雁塔区曲江街道新开门北路,1
100000,,昆明市,昆明市高新技术产业开发区莉春百货日用经营部,H,54,XCX,2,39.4,F,汉,4589,2,01,FATHER,FRIENDS,1,71.0,云南省,CONSUME,01,,24.93973716990956,102.78166332813075,ANDROID,,云南省昆明市官渡区矣六街道商海街,1
100000,,温州市,私营企业,Z,90,XCX,2,47.3,F,汉,537,2,01,MATE,FRIENDS,1,71.0,浙江省,CONSUME,01,,27.599158162960479,120.57131398065532,ANDROID,,浙江省温州市平阳县鳌江镇胜利路,1
100000,103,韶关市,个体经营,Z,90,XCX,3,43.9,M,汉,5114,4,01,MATE,SIBLING,1,90.593,广东省,CONSUME,01,,28.22942584949689,113.08831823282415,ANDROID,,湖南省长沙市长沙县泉塘街道东二路辅路,1
100000,,聊城市,历城区杨涛餐馆,Z,90,APP,2,37.1,M,汉,3832,3,01,SIBLING,FRIENDS,1,79.455,山东省,CONSUME,01,,36.639671,117.280027,ANDROID,,山东省济南市历城区彩石街道春晖路,1
100000,403,青岛市,青岛汇鑫仪器仪表设备有限公司,C,24,APP,3,38.9,M,汉,5579,4,01,MATE,FRIENDS,1,75.4455,山东省,CONSUME,01,,35.9013484645373,120.06104206280351,ANDROID,,山东省青岛市黄岛区灵山卫街道九龙路,1
100000,,吴忠市,创彩虹有限公司,Z,90,XCX,4,38.6,M,汉,2870,4,01,PARENTS,FRIENDS,1,71.0,宁夏回族自治区,CONSUME,01,,37.98866620761919,106.19012720179303,ANDROID,,宁夏回族自治区吴忠市利通区金星镇古城路,1
100000,105,萍乡市,江西铭皓工业有限公司,Z,90,XCX,2,26.7,M,汉,1154,2,01,FATHER,SIBLING,1,71.0,江西省,CONSUME,01,,27.667600640190972,114.03552680121528,ANDROID,,江西省萍乡市芦溪县源南乡,1
100000,,信阳市,浙江合界网络科技有限公司,G,13,APP,2,33.5,M,汉,5571,3,01,RELATIVES,FRIENDS,2,87.919,河南省,CONSUME,01,,29.332129,120.067822,ANDROID,,浙江省金华市义乌市北苑街道长和路,1
100000,,重庆市,广东合科泰实业有限公司,C,24,APP,3,38.4,F,汉,3665,2,01,FATHER,MOTHER,1,71.0,重庆市,CONSUME,01,,27.353857,107.726713,ANDROID,,贵州省遵义市余庆县大乌江镇,1
100000,105,揭阳市,郑义快餐店,I,54,APP,2,32.3,M,汉,6480,4,01,MATE,RELATIVES,1,86.114,广东省,CONSUME,02,,22.976184,113.317559,ANDROID,,广东省广州市番禺区钟村街道一条树路6号,1
100000,307,盐城市,友酒局没烦恼,H,54,XCX,4,26.5,M,汉,3063,3,01,FATHER,FRIENDS,2,71.0,江苏省,CONSUME,01,,33.399934,120.15746,ANDROID,,江苏省盐城市亭湖区大洋街道范公路高架,1
100000,,马鞍山市,合肥北城康复医院,Q,11,XCX,4,46.7,F,汉,5722,4,01,MATE,RELATIVES,2,71.0,安徽省,CONSUME,01,,38.77996557379094,114.82453475178702,IOS,,河北省保定市唐县大洋乡,1
100000,,贵港市,全家桐个人工作室,Z,90,XCX,4,47.8,M,汉,1050,3,01,MATE,SIBLING,1,71.0,广西壮族自治区,CONSUME,01,,23.308102634683356,110.08695948894051,ANDROID,,广西壮族自治区贵港市桂平市西山镇S40(梧硕高速),1
100000,103,镇江市,丹阳市司徒镇永盛用品厂,C,24,XCX,2,48.4,M,汉,115,4,01,FATHER,FRIENDS,1,71.0,江苏省,CONSUME,01,,32.01525995623486,119.5675018766333,ANDROID,,江苏省镇江市丹阳市云阳街道,1
100000,,凉山彝族自治州,内江万达文化旅游置业有限公司,O,17,XCX,4,31.1,M,汉,375,3,01,FATHER,COLLEAGUE,2,71.0,四川省,CONSUME,01,,30.57906494140625,104.06393093532986,ANDROID,,四川省成都市武侯区桂溪街道金融城南路,1
100000,302,阳泉市,华信中安,H,54,XCX,2,30.9,M,汉,5858,2,01,SIBLING,MATE,2,79.743,山西省,CONSUME,01,,39.9250737409376,116.35101265213048,ANDROID,,北京市西城区新街口街道宫门口四条56号,1
100000,,红河哈尼族彝族自治州,马学润个人工作室,Z,90,XCX,2,33.7,M,回,6246,4,01,MATE,FATHER,3,71.0,云南省,CONSUME,01,,24.679544274001438,103.85076932369238,ANDROID,,云南省红河哈尼族彝族自治州泸西县白水镇七桃段,1
100000,,宿迁市,江苏省宇烁科技有限公司,Z,90,APP,2,47.9,F,汉,4871,3,01,MOTHER,FRIENDS,1,87.838,江苏省,CONSUME,01,,31.950427,118.871596,ANDROID,,江苏省南京市江宁区淳化街道湖东路,1
100000,,湖州市,浙江诺力机械股份有限公司,Z,90,XCX,3,30.1,M,汉,84,4,01,COLLEAGUE,FATHER,1,71.0,浙江省,CONSUME,01,,30.983150302437856,120.028222560827018,ANDROID,,浙江省湖州市长兴县洪桥镇,1
100000,105,安康市,安康高新品速便利店,H,54,XCX,2,43.9,M,汉,3951,3,01,RELATIVES,FRIENDS,1,71.0,陕西省,CONSUME,01,,32.712457,108.962917,ANDROID,,陕西省安康市汉滨区建民街道G316(福兰线),1
100000,103,自贡市,成都好煜生科技有限公司,Z,90,APP,3,40.7,M,汉,4960,4,01,MOTHER,MATE,1,71.0,四川省,CONSUME,01,,29.355757740740246,104.54462744622632,ANDROID,,四川省自贡市荣县双石镇S66(隆汉高速),1
100000,,长春市,吉林鸿越科技有限责任公司,Z,90,XCX,4,42.5,F,汉,3623,2,01,FATHER,RELATIVES,2,71.0,吉林省,CONSUME,01,,22.603535,113.008417,ANDROID,,广东省江门市蓬江区杜阮镇西环街,1
100000,105,天水市,北京都安保安有限公司,I,54,APP,2,23.6,M,汉,2300,2,01,FATHER,FRIENDS,2,71.0,甘肃省,CONSUME,01,,23.384463,113.406921,ANDROID,,广东省广州市白云区钟落潭镇G105(广从八路),1
100000,,周口市,上海银龙建筑装饰绿化有限公司,E,24,APP,3,25.7,M,汉,1765,2,,FATHER,FRIENDS,2,71.0,河南省,CONSUME,03,,31.377636,120.92694,ANDROID,,江苏省苏州市昆山市玉山镇明星路26号,1
100000,,德阳市,成都乐牛有限公司,Z,90,XCX,2,25.1,F,汉,1964,4,01,FATHER,SIBLING,2,71.0,四川省,CONSUME,01,,30.627312,104.132509,IOS,,四川省成都市成华区保和街道岷江路,1
100000,,大连市,大连远辰加油站,Z,90,APP,2,37.0,M,汉,4669,2,01,MATE,COLLEAGUE,1,96.2,辽宁省,CONSUME,01,,39.029254429117099,121.6997186673198,ANDROID,,辽宁省大连市甘井子区大连湾街道俪泊街,1
100000,105,沈阳市,上海人我爱我家房地产经纪有限公司,Z,90,APP,3,33.6,M,满,5099,3,01,FATHER,COLLEAGUE,2,71.0,辽宁省,CONSUME,01,,31.26502163841969,121.61675591778098,ANDROID,,上海市浦东新区金桥镇金海路1000号-17号楼,1
100000,103,驻马店市,济南达森互联网科技有限公司,G,13,APP,4,42.0,M,汉,3234,3,01,MATE,FRIENDS,1,71.0,河南省,CONSUME,01,,32.791535,114.62745,ANDROID,,河南省驻马店市平舆县西洋店镇,1
100000,103,温州市,金剑敏餐饮,O,17,XCX,2,36.4,F,汉,4351,3,01,MOTHER,FRIENDS,1,71.0,浙江省,CONSUME,01,,25.411334364149305,119.76598063151042,ANDROID,,福建省福州市平潭县金井镇X167,1
100000,,武汉市,武汉小烨林建筑工程有限公司,Z,90,APP,3,31.1,M,汉,1210,4,01,PARENTS,FRIENDS,1,71.0,湖北省,CONSUME,01,,30.371020675382547,114.3434936445726,ANDROID,,湖北省武汉市江夏区武汉江夏经济开发区庙山高新技术产业园X003(江夏大道),0
100000,,白山市,吉林省露水河林业局,S,11,XCX,4,38.5,F,汉,3538,2,01,MATE,FRIENDS,1,71.0,吉林省,CONSUME,01,,42.532977430555555,127.79443793402778,ANDROID,,吉林省白山市抚松县露水河镇,1
100000,104,晋中市,武晶晶个人工作室,Z,90,APP,3,32.0,F,汉,5696,3,01,FATHER,FRIENDS,1,71.0,山西省,CONSUME,01,,36.85238,111.794451,ANDROID,,山西省晋中市灵石县翠峰镇兴农南路,1
100000,,扬州市,江苏金陵特种涂料有限公司,Z,90,APP,4,28.4,M,汉,877,2,01,FATHER,FRIENDS,2,79.025,江苏省,CONSUME,01,,32.48466,119.579601,ANDROID,,江苏省扬州市江都区仙女镇G233,1
100000,102,滁州市,来安县中冶华天水务有限公司,Z,90,XCX,4,33.7,M,汉,6326,2,01,MOTHER,FRIENDS,1,71.0,安徽省,CONSUME,01,,32.43702645286792,118.43221277311815,ANDROID,,安徽省滁州市来安县张山镇来安大道,1
100000,,六盘水市,私人业主,Z,90,XCX,2,38.1,M,汉,4472,2,01,MATE,FRIENDS,1,71.0,贵州省,CONSUME,01,,26.55364208,106.46140708,ANDROID,,贵州省贵阳市清镇市青龙街道星云路东段,1
100000,,沈阳市,上海永升物业管理有限公司沈阳分公司,L,17,XCX,4,34.1,M,汉,4770,4,01,PARENTS,FRIENDS,2,88.613,辽宁省,CONSUME,02,,41.82172565513583,123.4241520971767,ANDROID,,辽宁省沈阳市皇姑区北塔街道岐山东路24-1号,1
100000,,扬州市,蒲公英医疗科技扬州有限公司,Z,90,XCX,4,32.0,M,汉,5809,3,01,FRIENDS,COLLEAGUE,2,71.0,江苏省,CONSUME,01,,32.37391272376302,119.38743297172711,ANDROID,,江苏省扬州市邗江区邗上街道百祥路16,1
100000,,宿迁市,滁州市南谯区园畅物流经营部,G,13,XCX,4,41.0,F,汉,4191,4,01,SIBLING,FRIENDS,2,71.0,江苏省,CONSUME,01,,32.286075,118.333008,IOS,,安徽省滁州市南谯区银花街道永丰路,1
100000,102,乐山市,启明教育,Z,90,XCX,4,26.6,M,彝,746,4,01,FATHER,SIBLING,2,71.0,四川省,CONSUME,01,,29.534262152777778,103.73694010416666,ANDROID,,四川省乐山市市中区安谷镇龙溪南路,1
100000,,荆门市,周永鑫个人工作室,Z,90,XCX,3,28.3,M,汉,1776,2,01,FATHER,FRIENDS,2,79.288,湖北省,CONSUME,01,,30.59231100501131,114.20572703004754,IOS,,湖北省武汉市硚口区韩家墩街道解放大道239号,1
100000,403,黔西南布依族苗族自治州,杨洪个人工作室,Z,90,XCX,2,35.3,M,汉,5372,2,01,MATE,RELATIVES,1,71.0,贵州省,CONSUME,01,,29.101521,120.218266,ANDROID,,浙江省金华市东阳市南马镇人民南路,1
100000,103,沧州市,外墙装修,E,24,APP,2,40.1,M,汉,5120,3,01,RELATIVES,FRIENDS,1,71.0,河北省,CONSUME,01,,37.88277669270833,114.36877631293403,ANDROID,,河北省石家庄市元氏县姬村镇永和街,1
100000,,绥化市,辽宁省人民医院,Q,11,XCX,4,28.8,M,汉,553,4,01,FRIENDS,RELATIVES,2,71.0,黑龙江省,CONSUME,01,,41.774028591579864,123.45031765407987,ANDROID,,辽宁省沈阳市沈河区滨河街道大南街365号,1
100000,,重庆市,胡世超个人工作室,Z,90,XCX,3,36.3,M,汉,5260,3,01,FATHER,FRIENDS,1,71.0,重庆市,CONSUME,01,,45.373386501736114,119.52743842230903,ANDROID,,内蒙古自治区通辽市扎鲁特旗阿日昆都楞镇,1
100000,,泰安市,新东岳集团有限公司,Z,90,XCX,2,38.2,M,汉,6013,2,01,SIBLING,FRIENDS,1,71.0,山东省,CONSUME,01,,36.66739,116.952171,ANDROID,,山东省济南市槐荫区段店北路街道张庄路40号,1
100000,,衡水市,种植葡萄园区,Z,90,XCX,2,39.2,M,汉,5626,2,01,MATE,FRIENDS,1,71.0,河北省,CONSUME,01,,38.19952286202902,115.69093073106622,ANDROID,,河北省衡水市饶阳县王同岳镇,1
100000,,泰安市,泰安市岱岳区山口镇浩然福嘟嘟米线,Z,90,XCX,4,39.6,M,汉,4280,2,01,MATE,FRIENDS,1,89.532,山东省,CONSUME,01,,36.20553639492408,117.17910994914712,ANDROID,,山东省泰安市泰山区上高街道擂鼓石北街,1
100000,,三门峡市,吕婉婉个人工作室,Z,90,XCX,2,34.7,F,汉,5857,4,01,PARENTS,OTHER,1,71.0,河南省,CONSUME,01,,34.76896866708754,111.891202907289,ANDROID,,河南省三门峡市义马市常村路街道郭家天桥,1
100000,102,潮州市,恒泰通讯,H,54,XCX,3,29.5,M,汉,827,4,01,SIBLING,FRIENDS,2,71.0,广东省,CONSUME,01,,23.621488715277778,116.5988831922743,ANDROID,,广东省潮州市潮安区枫溪镇S233(潮汕路),1
100000,,湛江市,廉江市一茶一点公司,Z,90,APP,2,26.9,F,汉,1377,4,01,MOTHER,MATE,1,71.0,广东省,CONSUME,01,,21.61591681229909,110.28273137560086,ANDROID,,广东省湛江市廉江市罗州街道建设大道11号,1
100000,,襄阳市,物流有限公司,G,13,XCX,4,26.9,M,汉,1545,4,01,RELATIVES,FRIENDS,2,71.0,湖北省,CONSUME,01,,32.08138605211649,112.16340304293067,ANDROID,,湖北省襄阳市襄州区张湾街道铁四环路,1
100000,104,苏州市,苏州工业园区水之连烟酒商行,H,54,XCX,4,39.8,M,汉,4196,4,01,MATE,FRIENDS,1,71.0,江苏省,CONSUME,01,,31.35461838432268,120.73616237353004,ANDROID,,江苏省苏州市苏州工业园区唯亭街道前家庄街,1
100000,310,天水市,西安腾跃装饰工程有限公司,Z,90,APP,3,38.6,M,汉,4938,2,01,MATE,SIBLING,1,71.0,甘肃省,CONSUME,01,,34.287054,109.064002,ANDROID,,陕西省西安市灞桥区席王街道柳鸣路,1
100000,,佛山市,广州华恒物流有限公司,Z,90,XCX,2,38.6,M,汉,4750,4,01,RELATIVES,RELATIVES,1,71.0,广东省,CONSUME,01,,2,113.50470733642578,IOS,,"Kapit, Sarawak, Malaysia",1
100000,103,巴中市,四川食惠商贸有限公司,H,54,XCX,2,47.3,F,汉,655,4,01,SIBLING,MOTHER,3,71.0,四川省,CONSUME,01,,31.87101563813162,106.75573403047005,ANDROID,,四川省巴中市巴州区江北街道,1
100000,,阜阳市,安徽省象棋运动协会,R,17,XCX,4,37.3,M,汉,5284,3,01,FATHER,COLLEAGUE,3,71.0,安徽省,CONSUME,01,,31.82404541015625,117.30313856336805,ANDROID,,安徽省合肥市包河区望湖街道秋浦河路,1
100000,104,天津市,天津地铁,F,17,APP,4,36.9,F,汉,4457,4,01,FATHER,FRIENDS,2,71.0,天津市,CONSUME,01,,39.203681,117.319231,ANDROID,,天津市东丽区华明街道,0
100000,103,县,浙江坤兴建设劳务分包有限公司,E,24,APP,3,24.2,M,汉,1911,3,01,FATHER,FRIENDS,2,88.037,重庆市,CONSUME,01,,30.329858954671857,120.50128807062312,ANDROID,,浙江省杭州市钱塘区河庄街道青东二路,0
100000,,梅州市,广州声发声文化艺术咨询有限责任公司,Z,90,XCX,3,38.0,F,汉,3958,2,,FATHER,FRIENDS,2,71.0,广东省,CONSUME,02,,23.110411342170165,113.28226232174215,ANDROID,,广东省广州市海珠区滨江街道滨江东路474号,1
100000,104,天津市,天津地铁,F,17,APP,4,36.9,F,汉,4457,4,01,FATHER,FRIENDS,2,71.0,天津市,CONSUME,01,,39.203681,117.319231,ANDROID,,天津市东丽区华明街道,0
100000,,重庆市,个体工商户,Z,90,APP,3,28.5,F,汉,7130,3,01,FRIENDS,PARENTS,2,71.0,重庆市,CONSUME,01,,29.577790529744584,106.54328679429809,ANDROID,,重庆市江北区五里店街道鲤鱼池路,1
100000,,阜阳市,安徽省象棋运动协会,R,17,XCX,4,37.3,M,汉,5284,3,01,FATHER,COLLEAGUE,3,71.0,安徽省,CONSUME,01,,31.82404541015625,117.30313856336805,ANDROID,,安徽省合肥市包河区望湖街道秋浦河路,1
100000,102,中山市,倍加福五金厂,C,24,APP,3,31.1,M,汉,333,2,01,COLLEAGUE,FATHER,2,71.0,广东省,CONSUME,01,,22.678158900978049,113.22437256458926,ANDROID,,广东省中山市小榄镇竹源路1号,1
100000,308,梅州市,广东梅州蕉华工业园区管理委员会,S,11,APP,4,37.2,M,汉,5024,2,01,MATE,FRIENDS,1,71.0,广东省,CONSUME,01,,24.655257,116.160865,ANDROID,,广东省梅州市蕉岭县蕉城镇碧水东街,0
100000,105,延边朝鲜族自治州,新中国大厦,Z,90,XCX,3,30.4,M,朝鲜,155,3,01,SIBLING,SIBLING,2,84.122,吉林省,CONSUME,01,,23.174548696484274,112.8708013123513,ANDROID,,广东省佛山市三水区西南街道广海大道西20号,1
100000,102,重庆市,个体经营,Z,90,XCX,4,43.9,F,汉,1182,3,01,MATE,MOTHER,1,71.0,重庆市,CONSUME,01,,29.57448449987801,106.22986387139847,ANDROID,,重庆市璧山区璧城街道福兴二街2号-附14-、15号,1
100000,,温州市,弹性工作者,Z,90,XCX,4,46.0,F,汉,101,4,01,RELATIVES,FRIENDS,1,71.0,浙江省,CONSUME,01,,28.043435352795279,120.898531104934,IOS,,浙江省温州市乐清市柳市镇沿河西路666号,1
100000,308,梅州市,广东梅州蕉华工业园区管理委员会,S,11,APP,4,37.2,M,汉,5024,2,01,MATE,FRIENDS,1,71.0,广东省,CONSUME,01,,24.655257,116.160865,ANDROID,,广东省梅州市蕉岭县蕉城镇碧水东街,1
100000,105,上饶市,富美装修有限公司,E,24,XCX,2,36.7,M,汉,4295,4,01,MATE,FRIENDS,1,71.0,江西省,CONSUME,01,,30.327439541631894,120.26057570910342,ANDROID,,浙江省杭州市上城区九堡街道九环路3,1
100000,,重庆市,重庆东康汽车制造有限公司,Z,90,APP,3,34.8,M,汉,5096,2,01,MATE,FRIENDS,2,71.0,重庆市,CONSUME,01,,29.598494,106.525297,ANDROID,,重庆市渝北区龙溪街道金顶路,1
100000,,安顺市,广东华义家具厂,Z,90,XCX,3,34.0,F,布依,5604,2,01,MATE,FRIENDS,1,71.0,贵州省,CONSUME,01,,22.481594,112.939815,ANDROID,,广东省江门市新会区会城街道,1
100000,,安庆市,无锡君华液压技术有限公司,Z,90,APP,2,31.4,M,汉,6781,3,01,FATHER,FRIENDS,2,71.0,安徽省,CONSUME,01,,31.636713,120.410428,ANDROID,,江苏省无锡市锡山区锡北镇芙蓉二路,1
100000,,连云港市,太平洋保险集团股份有限公司,J,13,APP,4,32.5,M,汉,397,4,01,MATE,FRIENDS,1,95.422,江苏省,CONSUME,01,,34.572086,119.197341,ANDROID,,江苏省连云港市海州区海州经济开发区秦东门大街,0
100000,105,嘉兴市,尼得科泰科诺电机有限公司,Z,90,APP,2,38.0,M,汉,3731,2,01,FATHER,MOTHER,1,91.9,浙江省,CONSUME,01,,30.713348395091,121.002052317706,ANDROID,,浙江省嘉兴市平湖市钟埭街道宏兴路,1
100000,,滁州市,华硕公司,Z,90,APP,2,36.6,F,汉,4280,2,01,MATE,SIBLING,1,71.0,安徽省,CONSUME,01,,32.78887912326389,117.99036865234375,ANDROID,,安徽省滁州市明光市明光街道山后路,1
100000,,连云港市,太平洋保险集团股份有限公司,J,13,APP,4,32.5,M,汉,397,4,01,MATE,FRIENDS,1,95.422,江苏省,CONSUME,01,,34.572086,119.197341,ANDROID,,江苏省连云港市海州区海州经济开发区秦东门大街,1
100000,105,邢台市,深圳康哲药业控股有限公司,Z,90,XCX,4,34.1,M,汉,5142,3,,COLLEAGUE,FATHER,1,83.956,河北省,CONSUME,02,,38.057369791666666,114.48649658203125,ANDROID,,河北省石家庄市新华区宁安街道胜利西街,1
100000,,南通市,江苏华滋能源工程有限公司,Z,90,XCX,3,36.9,M,汉,5857,3,01,MATE,RELATIVES,1,88.316,江苏省,CONSUME,01,,31.693101,121.816015,ANDROID,,江苏省南通市启东市寅阳镇戤效路,0
100000,,广安市,柔软时光旅行社,Z,90,APP,2,26.4,F,汉,1617,2,01,MATE,FRIENDS,2,71.0,四川省,CONSUME,01,,30.124877613571714,106.98275770834357,ANDROID,,四川省广安市邻水县九龙镇,1
100000,105,宜春市,周宏个人工作室,Z,90,APP,2,40.9,M,汉,4302,2,01,MATE,FRIENDS,1,94.101,江西省,CONSUME,02,,27.80436671840776,114.42442670676253,ANDROID,,江西省宜春市袁州区下浦街道宜阳大道辅路,0
100000,105,荆州市,中信建投证券股份有限公司,H,24,APP,4,34.0,M,汉,5071,4,01,PARENTS,FRIENDS,2,80.132,湖北省,CONSUME,01,,29.368860257046890,113.127029592960056,ANDROID,,湖南省岳阳市岳阳楼区枫桥湖街道古井路,1
100000,102,惠州市,黄建威个人工作室,Z,90,XCX,2,42.1,M,汉,3332,2,01,SIBLING,FRIENDS,2,95.899,广东省,CONSUME,01,,22.986315375434028,114.33135633680556,ANDROID,,广东省惠州市惠阳区镇隆镇G25(长深高速),1
100000,103,清远市,黄超雁个人工作室,Z,90,APP,4,27.7,F,汉,2272,4,01,FATHER,FRIENDS,2,82.737,广东省,CONSUME,01,,22.580619909534638,113.87690180204271,ANDROID,,广东省深圳市宝安区西乡街道广深路147号,1
100000,102,石家庄市,北京峰华信达装饰工程有限公司,E,24,APP,3,44.1,M,汉,878,4,01,MATE,FRIENDS,1,80.987,河北省,CONSUME,01,,40.100571,116.138999,ANDROID,,北京市海淀区苏家坨(地区)镇苏一路,1
100000,,吴忠市,王利伟个人工作室,Z,90,APP,2,40.9,M,回,6702,2,01,COLLEAGUE,MOTHER,3,71.0,宁夏回族自治区,CONSUME,01,,36.787036383469629,107.1919017641842,ANDROID,,甘肃省庆阳市环县耿湾乡,1
100000,,重庆市,刘财印个人工作室,Z,90,XCX,3,37.3,M,汉,4560,4,01,FATHER,FRIENDS,1,89.643,重庆市,CONSUME,01,,29.278224178460478,106.48878980405368,ANDROID,,重庆市江津区珞璜镇G5001(重庆绕城高速),1
100000,103,上海市,崇明区城市管理行政执法大队,Z,90,APP,4,36.9,M,汉,6499,4,01,FATHER,COLLEAGUE,1,82.365,上海市,CONSUME,02,,31.626364763047879,121.4159732414774,ANDROID,,上海市崇明区城桥镇崇明大道,1
100000,,吉林市,阳光人寿保险股份有限公司吉林市中心支公司,Z,90,APP,2,40.8,M,汉,4407,2,01,FRIENDS,FRIENDS,3,71.0,吉林省,CONSUME,02,,43.915243,126.545981,ANDROID,,吉林省吉林市龙潭区龙潭经济开发区宁波路,1
100000,307,韶关市,广州汇财信息咨询有限公司,L,17,XCX,4,30.0,M,汉,6221,4,01,OTHER,OTHER,2,71.0,广东省,CONSUME,01,,23.285999,113.302781,IOS,,广东省广州市白云区龙归街道永胜路129号,1
100000,105,大理白族自治州,自主经营微商,Z,90,APP,4,27.0,F,白,1954,4,01,PARENTS,PARENTS,2,87.101,云南省,CONSUME,01,,25.618466796875,100.20648274739584,ANDROID,,云南省大理白族自治州大理市太和街道G214(西景线),1
100000,,商丘市,龙永个人工作室,Z,90,APP,4,35.6,M,汉,7159,4,01,MOTHER,FRIENDS,1,89.279,河南省,CONSUME,01,,34.179121,116.523105,ANDROID,,河南省商丘市永城市芒山镇戏山路,1
100000,,衢州市,浙江金翔建设有限公司,Z,90,XCX,2,43.3,F,汉,2205,4,01,MOTHER,FRIENDS,1,71.0,浙江省,CONSUME,01,,29.156517349520724,118.3826175792102,ANDROID,,浙江省衢州市开化县华埠镇S309(开马线),1
100000,103,临沂市,徐勤秋个人工作室,Z,90,APP,2,42.0,F,汉,5184,4,01,MOTHER,FATHER,1,71.0,山东省,CONSUME,01,,34.618663,118.337464,ANDROID,,山东省临沂市郯城县郯城街道郯西路,1
100000,303,石家庄市,石家庄森弈文化传播有限公司,R,17,APP,3,38.5,M,汉,4199,3,01,MATE,COLLEAGUE,1,71.0,河北省,CONSUME,01,,38.088513,114.438653,ANDROID,,河北省石家庄市新华区西三庄街道田家庄街,1
100000,103,吉安市,天朵艺术培训学校,P,13,APP,4,26.0,F,汉,92,2,01,FATHER,FRIENDS,2,71.0,江西省,CONSUME,01,,28.703639,115.804502,ANDROID,,江西省南昌市新建区长堎街道幸福北路356-3号,1
100000,,曲靖市,张娜个人工作室,Z,90,XCX,2,36.0,F,彝,4854,4,01,MATE,FATHER,1,71.0,云南省,CONSUME,01,,25.842857255625508,104.3851183612072,ANDROID,,云南省曲靖市富源县后所镇外法段,1
100000,,莆田市,丹阳华山医院,Z,90,XCX,3,34.1,M,汉,6593,3,01,FATHER,FATHER,1,71.0,福建省,CONSUME,01,,31.997034776475694,119.59559950086806,ANDROID,,江苏省镇江市丹阳市曲阿街道玉泉路18号,1
100000,104,广州市,重庆叮米科技有限公司,G,13,APP,4,44.7,M,汉,6038,4,01,MATE,FRIENDS,1,71.0,广东省,CONSUME,01,,29.900481,121.554638,ANDROID,,浙江省宁波市江北区外滩街道包家漕路,1
100000,,长治市,天津三星电机,Z,90,APP,3,26.1,M,汉,1581,2,01,FATHER,COLLEAGUE,2,71.0,山西省,CONSUME,01,,39.088315,117.555135,ANDROID,,天津市滨海新区北塘街道新业五街,1
100000,103,秦皇岛市,个体经营,Z,90,APP,4,43.9,M,汉,4205,4,01,RELATIVES,FRIENDS,1,71.0,河北省,CONSUME,01,,40.09722331601751,119.33629366888086,ANDROID,,河北省秦皇岛市抚宁区大新寨镇,1
100000,,南宁市,广西东耕西客在线电子商务有限公司,Z,90,APP,3,37.4,M,壮,5792,2,01,FATHER,MOTHER,1,94.085,广西壮族自治区,CONSUME,01,,22.849877,108.341589,ANDROID,,广西壮族自治区南宁市兴宁区民生街道东州路西一街,1
100000,105,宿迁市,山东恒瑞达装饰工程有限公司,E,24,APP,2,36.7,M,汉,6302,3,01,MATE,COLLEAGUE,1,71.0,江苏省,CONSUME,01,,36.085018,120.323882,ANDROID,,山东省青岛市市北区辽宁路街道青城路17号,1
100000,,临沂市,张玉军个人工作室,Z,90,APP,4,26.1,M,汉,2474,4,01,MATE,COLLEAGUE,1,71.0,山东省,CONSUME,01,,37.853356,118.540006,ANDROID,,山东省东营市河口区六合街道S227(海盛路),1
100000,,商丘市,屈武辉个人工作室,Z,90,APP,2,31.1,M,汉,967,2,01,MATE,SIBLING,1,71.0,河南省,CONSUME,01,,34.382166,115.864284,ANDROID,,河南省商丘市虞城县城关镇S324,1
100000,102,石家庄市,蔻驰贸易上海有限公司,C,24,XCX,4,39.5,F,汉,4994,3,01,FATHER,FRIENDS,2,83.263,河北省,CONSUME,01,,38.06950168185764,114.52760470920138,ANDROID,,河北省石家庄市长安区长丰街道丰收路110号,1
100000,,黄冈市,恒泰名仕公馆,Z,90,APP,2,40.2,M,汉,3037,2,01,MOTHER,COLLEAGUE,2,71.0,湖北省,CONSUME,01,,22.761428,114.384932,ANDROID,,广东省深圳市坪山区坑梓街道G15(沈海高速),1
100000,,保定市,北京科进电子工程技术有限公司,Z,90,APP,2,47.2,M,汉,6081,4,01,MATE,SIBLING,1,71.0,河北省,CONSUME,01,,39.902491,116.201229,ANDROID,,北京市石景山区八角街道体育场南路6号,1
100000,,西安市,秦兵马俑旅行社,Z,90,APP,3,36.8,M,汉,3998,4,01,FATHER,SIBLING,3,81.085,陕西省,CONSUME,01,,34.388883,109.282926,ANDROID,,陕西省西安市临潼区代王街道X201(秦唐大道),1
100000,,焦作市,阿里巴巴（中国）科技有限公司成都分公司,Z,90,XCX,4,31.5,M,汉,5745,4,01,MATE,MOTHER,1,71.0,河南省,CONSUME,01,,30.711568196614582,104.07146565755208,ANDROID,,四川省成都市成华区双水碾街道八里桥路425,0
100000,102,银川市,宁夏赛科斯商贸有限公司,H,54,XCX,4,40.7,F,汉,5596,3,01,MATE,FRIENDS,1,71.0,宁夏回族自治区,CONSUME,01,,38.47744750303892,106.19221243837336,ANDROID,,宁夏回族自治区银川市金凤区北京中路街道满城南街,1
100000,307,徐州市,无锡远祥制冷设备有限公司,C,24,XCX,3,33.0,M,汉,5094,2,01,MOTHER,FRIENDS,1,88.989,江苏省,CONSUME,01,,31.591851718134099,120.37697115224776,IOS,,江苏省无锡市锡山区东亭街道G2(京沪高速),1
100000,,北京市,马晓麟个人工作室,Z,90,XCX,2,37.2,M,汉,4242,4,01,MATE,FATHER,2,71.0,北京市,CONSUME,01,,39.88905103807342,116.44565370561914,ANDROID,,北京市朝阳区双井街道广渠里二巷7号,1
100000,,盐城市,常州科环新能源有限公司,Z,90,APP,3,36.7,M,汉,6093,4,01,MATE,FRIENDS,1,71.0,江苏省,CONSUME,01,,31.71525,120.05845,ANDROID,,江苏省常州市武进区遥观镇圩墩路16号,1
100000,,株洲市,邓七兵个人工作室,Z,90,XCX,4,43.1,M,汉,5059,4,01,FATHER,FRIENDS,2,71.0,湖南省,CONSUME,01,,27.86045097414916,113.172964394491,ANDROID,,湖南省株洲市荷塘区金山街道金钩山路,1
100000,,临沂市,临沂市城市管理行政执法支队,S,11,XCX,4,49.0,M,汉,129,2,01,CHILDREN,COLLEAGUE,2,71.0,山东省,CONSUME,01,,35.02741691882068,118.28935704447737,ANDROID,,山东省临沂市罗庄区盛庄街道清河南路辅路,1
100000,,临沧市,扬州华润电缆,Z,90,APP,2,39.7,M,傣,6128,2,01,MATE,MOTHER,1,88.725,云南省,CONSUME,01,,32.775925,119.47253,ANDROID,,江苏省扬州市高邮市高邮街道莲花路,1
100000,,池州市,陆丰建筑,E,24,XCX,2,36.3,M,汉,5576,4,01,PARENTS,FRIENDS,1,71.0,安徽省,CONSUME,01,,30.506985499321197,117.52691754796706,ANDROID,,安徽省池州市贵池区梅街镇,1
100000,,潍坊市,张兆月个人工作室,Z,90,XCX,2,27.8,F,汉,994,4,01,FATHER,MOTHER,2,95.072,山东省,CONSUME,01,,36.94179436266544,118.63981954173858,ANDROID,,山东省潍坊市寿光市化龙镇,1
100000,102,昆明市,东元食品加工厂,C,24,APP,2,46.5,M,汉,2580,4,01,MATE,SIBLING,1,93.595,云南省,CONSUME,01,,25.226511746894805,102.53191668825979,ANDROID,,云南省昆明市富民县永定街道大营街,1
100000,,益阳市,暂未提供公司名称,Z,90,XCX,4,24.7,F,汉,1010,4,01,MOTHER,OTHER,2,71.0,湖南省,CONSUME,01,,28.367323,111.223052,ANDROID,,湖南省益阳市安化县东坪镇G536(吉祥隧道),1
100000,103,淮南市,国庆街道社区服务中心,Q,11,APP,3,34.5,F,汉,6034,4,01,COLLEAGUE,SIBLING,1,90.037,安徽省,CONSUME,01,,32.65323404947917,117.04227077907986,ANDROID,,安徽省淮南市大通区淮南经济开发区水厂路,1
100000,,长春市,金长安大夏,Z,90,XCX,2,34.6,F,汉,4990,4,01,FATHER,FRIENDS,2,71.0,吉林省,CONSUME,01,,39.905552911400949,116.49860324593819,IOS,,北京市朝阳区高碑店(地区)乡四惠枢纽东路,0
100000,,亳州市,程小侠个人工作室,Z,90,XCX,3,35.9,F,汉,4303,4,01,RELATIVES,RELATIVES,1,71.0,安徽省,CONSUME,01,,33.835517,115.735504,ANDROID,,安徽省亳州市谯城区十八里镇华佗大道,1
100000,,成都市,成都乐民社区服务有限公司,Z,90,APP,4,48.5,M,汉,3421,4,01,MATE,FRIENDS,1,71.0,四川省,CONSUME,01,,30.56803188395986,104.18839050395286,ANDROID,,四川省成都市龙泉驿区大面街道G319(成龙大道二段),1
100000,103,六安市,个体经营,Z,90,XCX,2,31.9,M,汉,5579,3,01,MATE,FRIENDS,1,90.618,安徽省,CONSUME,01,,26.89001991351605,112.61904492339267,ANDROID,,湖南省衡阳市珠晖区广东路街道广东路,1
100000,,株洲市,邓七兵个人工作室,Z,90,XCX,4,43.1,M,汉,5059,4,01,FATHER,FRIENDS,2,71.0,湖南省,CONSUME,01,,27.86045097414916,113.172964394491,ANDROID,,湖南省株洲市荷塘区金山街道金钩山路,1
100000,,运城市,运城市中心医院,Z,90,XCX,4,26.8,M,汉,7087,2,01,MOTHER,FRIENDS,2,71.0,山西省,CONSUME,01,,35.0556779539506,111.03464055705467,ANDROID,,山西省运城市盐湖区安邑街道铺安街辅路,1
100000,,重庆市,温州顺丰快递,F,17,XCX,2,40.9,M,汉,4845,2,01,MOTHER,FRIENDS,2,71.0,重庆市,CONSUME,01,,27.82741579646075,120.7941346049852,ANDROID,,浙江省温州市龙湾区海城街道G1523(甬莞高速),1
100000,,遵义市,廖余结个人工作室,Z,90,APP,3,48.1,M,汉,326,3,01,SIBLING,COLLEAGUE,1,71.0,贵州省,CONSUME,01,,27.733486,107.450554,ANDROID,,贵州省遵义市湄潭县湄江街道,1
100000,,泉州市,泉州市悦购网络科技有限公司,G,13,APP,4,26.0,M,汉,237,4,01,PARENTS,RELATIVES,2,71.0,福建省,CONSUME,01,,25.21722542443757,118.6163414016356,ANDROID,,福建省泉州市洛江区罗溪镇,1
100000,105,福州市,台山市盛世年华酒店,Z,90,XCX,4,33.7,M,汉,7112,4,01,MATE,SIBLING,1,87.437,福建省,CONSUME,01,,22.243913314096657,112.81269650189118,ANDROID,,广东省江门市台山市台城街道鹏权路辅路,1
100000,105,梅州市,合肥安信源食品有限公司,C,24,XCX,3,47.5,M,汉,1623,4,01,MATE,FRIENDS,1,90.64,广东省,CONSUME,01,,39.765095390757767,116.52255652092355,ANDROID,,北京市大兴区荣华街道西环南路甲2号,1
100000,,日照市,山东三起汽车配件有限公司,C,24,XCX,3,30.1,F,汉,244,2,01,MOTHER,COLLEAGUE,1,71.0,山东省,CONSUME,01,,35.39687228732639,119.50780110677083,ANDROID,,山东省日照市东港区北京路街道大连路,0
100000,,天水市,卓雅佳人,H,54,XCX,3,39.4,M,汉,4221,3,,SIBLING,MATE,1,71.0,甘肃省,CONSUME,03,,34.75256293402778,105.02039171006945,ANDROID,,甘肃省天水市武山县洛门镇长青北路,1
100000,,合肥市,安徽众稳门窗有限公司,Z,90,XCX,4,33.6,M,汉,5176,4,01,FRIENDS,MATE,1,71.0,安徽省,CONSUME,01,,31.331351182725694,117.18542344835069,ANDROID,,安徽省合肥市庐江县万山镇G4212(京台高速),1
100000,103,聊城市,聊城市茌平区鸿泰机械设备租赁中心,Z,90,APP,3,31.7,M,汉,1332,4,01,RELATIVES,RELATIVES,1,71.0,山东省,CONSUME,01,,36.579709,116.251629,ANDROID,,山东省聊城市茌平区振兴街道文化路,1
100000,,宜春市,深圳市宝安区弘新五金,Z,90,XCX,2,31.3,M,汉,6366,2,01,COLLEAGUE,OTHER,2,89.741,江西省,CONSUME,01,,27.83287,114.40469,ANDROID,,江西省宜春市袁州区官园街道清宜线辅路,1
100000,105,平顶山市,河南三洋物流,F,17,XCX,2,39.4,M,汉,3926,4,01,PARENTS,FRIENDS,1,84.033,河南省,CONSUME,01,,33.874745598630777,113.06144723583577,ANDROID,,河南省平顶山市宝丰县父城街道南大街28,1
100000,105,百色市,德保县华银明星幼儿园,P,13,APP,4,45.1,F,壮,511,4,01,FATHER,FRIENDS,1,71.0,广西壮族自治区,CONSUME,01,,40.164482,116.387121,ANDROID,,北京市昌平区小汤山镇,1
100000,103,常德市,天天美容中心,O,17,XCX,3,36.5,F,汉,4100,3,01,MATE,FRIENDS,1,87.805,湖南省,CONSUME,01,,22.227139,113.540066,ANDROID,,广东省珠海市香洲区拱北街道夏湾路44号,1
100000,,湖州市,杭州铭城物业管理有限公司湖州分公司,L,17,XCX,3,33.1,F,汉,392,4,01,PARENTS,MATE,1,71.0,浙江省,CONSUME,01,,30.865738537779862,120.088245581312847,ANDROID,,浙江省湖州市吴兴区爱山街道环城西路339,1
100000,,廊坊市,北京爱慕电子商务科技有限公司,Z,90,APP,4,29.4,F,汉,650,4,01,RELATIVES,OTHER,1,71.0,河北省,CONSUME,01,,40.17151901243624,116.65448631966554,ANDROID,,北京市顺义区双丰街道S201(通顺路),1
100000,,眉山市,四川遂宁鲜品新农业科技有限公司,Z,90,XCX,4,23.0,M,汉,1143,3,01,FATHER,FRIENDS,1,71.0,四川省,CONSUME,01,,30.53511284970678,105.57828516831256,ANDROID,,四川省遂宁市船山区慈音街道,1
100000,,沧州市,代维旭个人工作室,Z,90,APP,2,32.4,M,汉,6139,2,01,MATE,FRIENDS,1,88.298,河北省,CONSUME,01,,38.089972,117.138178,ANDROID,,河北省沧州市孟村回族自治县辛店镇,1
100000,102,周口市,好爽机械科技有限公司,Z,90,XCX,2,30.8,M,汉,508,2,01,FRIENDS,COLLEAGUE,2,71.0,河南省,CONSUME,01,,30.589031,121.00201,ANDROID,,浙江省嘉兴市海盐县西塘桥街道新城路,1
100000,307,泉州市,泉州海丝动物世界有限公司,Z,90,APP,2,48.8,M,汉,376,2,01,MATE,FRIENDS,1,71.0,福建省,CONSUME,02,,25.132982,118.624928,ANDROID,,福建省泉州市洛江区马甲镇X304,1
100000,,荆州市,泸州岐黄轩中医诊所有限公司,Z,90,APP,2,43.6,M,汉,1084,2,01,PARENTS,SIBLING,1,71.0,湖北省,CONSUME,01,,28.89543318756824,105.41096585531806,ANDROID,,四川省泸州市龙马潭区红星街道沱江路一段,1
100000,105,绍兴市,玖通技术有限公司,Z,90,XCX,2,40.8,M,汉,4665,2,01,FRIENDS,COLLEAGUE,1,71.0,浙江省,CONSUME,01,,29.57981,120.847767,ANDROID,,浙江省绍兴市嵊州市三江街道兴盛街辅路,1
100000,403,重庆市,重庆陆之风汽车销售服务有限公司,Z,90,APP,3,32.3,M,汉,6541,3,01,MATE,FRIENDS,1,82.708,重庆市,CONSUME,01,,30.76425331604431,108.42364246328425,ANDROID,,重庆市万州区百安坝街道上沱口路,1
100000,302,怀化市,铭将发景培训中心,P,13,XCX,3,31.2,F,汉,1189,4,,MOTHER,COLLEAGUE,2,71.0,湖南省,CONSUME,02,,27.21507709393158,109.84350982630171,ANDROID,,湖南省怀化市洪江市黔城镇G209(苏北线),1
100000,103,邯郸市,京西创辉,H,54,APP,3,45.5,M,汉,6093,3,01,MATE,SIBLING,1,71.0,河北省,CONSUME,01,,39.94859,116.100008,ANDROID,,北京市门头沟区龙泉(地区)镇S209(石担路),1
100000,105,聊城市,聊城市东昌府区佩奇助力车行,H,54,XCX,2,25.9,M,汉,1247,2,01,FATHER,FRIENDS,2,85.017,山东省,CONSUME,01,,36.45552851780206,116.00073199125694,ANDROID,,山东省聊城市东昌府区柳园街道豆东街,1
100000,,昭通市,云南德云建设工程有限公司,E,24,XCX,3,35.7,M,汉,5876,2,01,MATE,FRIENDS,1,76.78462,云南省,CONSUME,01,,25.0930938171545,102.74963370619976,ANDROID,,云南省昆明市盘龙区金辰街道沣誉路,1
100000,,无锡市,宜兴市麦坊餐饮管理有限公司,I,54,XCX,3,35.7,M,汉,6193,2,01,FATHER,FATHER,2,71.0,江苏省,CONSUME,01,,31.362735748291016,119.82349395751953,IOS,,江苏省无锡市宜兴市宜城街道解放东路,1
100000,,台州市,浙江恒超工程管理有限公司仙居分公司,H,54,XCX,3,27.4,M,汉,6870,4,01,CHILDREN,FRIENDS,2,88.17,浙江省,CONSUME,02,,28.877967664930555,120.81474663628472,ANDROID,,浙江省台州市仙居县福应街道丰溪中路,1
100000,105,惠州市,东莞鞋业有限公司,Z,90,APP,4,34.2,M,汉,571,4,01,COLLEAGUE,FRIENDS,1,79.318,广东省,CONSUME,01,,23.176614873648578,114.28813889261559,ANDROID,,广东省惠州市博罗县罗阳街道福昆线辅路,1
100000,105,岳阳市,平江县第一人民医院,Z,90,APP,3,25.2,M,汉,1754,2,01,COLLEAGUE,FRIENDS,2,71.0,湖南省,CONSUME,01,,28.136073,112.994365,ANDROID,,湖南省长沙市天心区文源街道陶铸路,1
100000,,佛山市,杜智坚个人工作室,Z,90,APP,3,45.8,M,汉,3555,4,01,FRIENDS,SIBLING,2,89.475,广东省,CONSUME,01,,23.133078,113.207363,ANDROID,,广东省广州市荔湾区桥中街道西海南路,1
100000,,张掖市,甘肃第七建设集团股份有限公司,Z,90,APP,4,31.1,M,汉,6433,4,01,PARENTS,FRIENDS,2,71.0,甘肃省,CONSUME,01,,39.85840791428118,97.94190144377308,ANDROID,,甘肃省酒泉市玉门市清泉乡,1
100000,103,巴中市,北京银泰华宇金属科技有限公司,G,13,APP,3,46.1,M,汉,870,3,,MATE,COLLEAGUE,3,86.895,四川省,CONSUME,01,,39.81644267894536,117.00881161772387,ANDROID,,河北省廊坊市香河县蒋辛屯镇富中路,1
100000,102,中山市,中山金源,H,54,XCX,2,31.7,F,汉,6629,4,01,SIBLING,RELATIVES,2,91.249,广东省,CONSUME,01,,22.54203423394097,113.47661675347223,ANDROID,,广东省中山市中山港街道法治阶梯,1
100000,,秦皇岛市,张新伟个人工作室,I,54,APP,2,32.6,M,汉,6808,3,01,MATE,RELATIVES,1,91.961,河北省,CONSUME,01,,36.681549,117.097318,ANDROID,,山东省济南市历下区姚家街道华龙路,1
100000,,肇庆市,程木新个人工作室,Z,90,APP,2,46.7,M,汉,6052,3,01,COLLEAGUE,FRIENDS,3,89.224,广东省,CONSUME,01,,32.655372,110.805933,ANDROID,,湖北省十堰市张湾区汉江路街道江苏路,1
100000,103,青岛市,个体经营,Z,90,APP,3,40.6,M,汉,3825,4,01,SIBLING,FRIENDS,1,71.0,山东省,CONSUME,01,,36.083647,120.016442,ANDROID,,山东省青岛市黄岛区王台街道S311(千山北路),1
100000,105,邢台市,邢台汇康医药有限责任公司,Z,90,APP,3,46.4,M,汉,1076,2,01,MATE,FRIENDS,1,91.254,河北省,CONSUME,01,,37.10354457235536,114.48160141318097,ANDROID,,河北省邢台市襄都区泉东街道迎宾路中段,1
100000,102,雷州市,来魅力假日酒店金悦4搂,I,54,APP,3,30.7,M,汉,160,3,,FATHER,FRIENDS,2,71.0,广东省,CONSUME,01,,22.729979,113.806581,ANDROID,,广东省深圳市宝安区沙井街道环镇路111,1
100000,,庆阳市,梁海超个人工作室,O,17,XCX,4,38.6,M,汉,3925,2,01,FATHER,FATHER,1,71.0,甘肃省,CONSUME,01,,35.549325,107.616229,ANDROID,,甘肃省庆阳市西峰区肖金镇,1
100000,,南京市,金肯职业技术学院,Z,90,XCX,4,26.2,M,汉,2688,2,01,PARENTS,RELATIVES,2,90.236,江苏省,CONSUME,01,,32.004313693576385,118.84504286024305,ANDROID,,江苏省南京市秦淮区光华路街道梅家廊路,1
100000,,六盘水市,云南建投第二安装工程有限公司,Z,90,APP,4,27.2,M,汉,852,2,01,MOTHER,FRIENDS,2,71.0,贵州省,CONSUME,01,,24.998746,102.722052,ANDROID,,云南省昆明市官渡区关上街道青棚街,1
100000,,资阳市,中铁隧道集团,Z,90,APP,2,48.4,M,汉,99999,2,01,MATE,MOTHER,1,71.0,四川省,CONSUME,01,,30.562019,104.3559,ANDROID,,四川省成都市龙泉驿区山泉镇,1
100000,102,大同市,国网山西省电力公司大同供电公司,D,17,XCX,4,45.4,M,汉,388,4,01,MOTHER,COLLEAGUE,1,71.0,山西省,CONSUME,01,,40.07857530381944,113.29343370225695,ANDROID,,山西省大同市平城区永泰街道至宁街,1
100000,,雅安市,上海扬子江丽笙精选酒店,Z,90,XCX,4,41.8,M,汉,4620,4,01,PARENTS,MATE,1,71.0,四川省,CONSUME,01,,31.09542435890775,121.43055179637658,ANDROID,,上海市闵行区梅陇镇虹梅南路2816号,1
100000,105,临沂市,山东旭兴网络科技有限公司,G,13,APP,4,32.8,M,汉,6604,2,01,FATHER,FRIENDS,1,71.0,山东省,CONSUME,01,,35.017045,118.322031,ANDROID,,山东省临沂市罗庄区盛庄街道沂河路102号,1
100000,,黄山市,允典有限公司,Z,90,XCX,2,33.7,M,汉,6293,2,01,RELATIVES,FRIENDS,2,71.0,安徽省,CONSUME,01,,30.149309,120.309049,ANDROID,,浙江省杭州市萧山区新塘街道南秀路,1
100000,306,玉溪市,峨山德康,H,54,XCX,3,31.6,M,彝,7046,4,01,FATHER,MOTHER,1,90.663,云南省,CONSUME,01,,24.143083706335245,102.41285920003465,ANDROID,,云南省玉溪市峨山彝族自治县双江街道,1
100000,,重庆市,开利地毯厂,Z,90,XCX,3,38.0,F,汉,5948,4,01,FATHER,FATHER,1,71.0,重庆市,CONSUME,01,,31.545916,119.328188,ANDROID,,江苏省常州市溧阳市竹箦镇竹安南路,1
100000,,侯马市,鸿特碳素有限公司,Z,90,XCX,4,32.2,M,汉,6285,3,01,MATE,COLLEAGUE,2,71.0,山西省,CONSUME,01,,35.674753834227917,111.44425145165738,ANDROID,,山西省临汾市曲沃县乐昌镇,1
100000,105,营口市,营口盛世路畅快运有限公司,Z,90,XCX,3,34.7,M,满,6964,3,01,RELATIVES,FRIENDS,1,85.707,辽宁省,CONSUME,01,,40.274417588975695,122.13682644314235,ANDROID,,辽宁省营口市鲅鱼圈区海星街道平安大街辅路,1
100000,,合肥市,合肥巨擘起重吊装有限公司,H,54,APP,2,35.5,M,汉,6324,2,01,SIBLING,FRIENDS,1,71.0,安徽省,CONSUME,01,,31.925076,117.349513,ANDROID,,安徽省合肥市瑶海区磨店街道前岭路,1
100000,,承德市,赵兴达个人工作室,Z,90,XCX,4,28.7,M,汉,657,4,01,MATE,FRIENDS,1,71.0,河北省,CONSUME,01,,40.72957350990661,117.76441811632525,ANDROID,,河北省承德市承德县刘杖子乡,1
100000,,毕节市,时尚潮流服装店,H,54,XCX,2,38.4,F,彝,3728,4,01,COLLEAGUE,MOTHER,1,71.0,贵州省,CONSUME,01,,27.181222921184,105.451011663517,ANDROID,,贵州省毕节市大方县文阁乡,0
100000,105,达州市,鸿翔集团,Z,90,APP,4,30.2,M,汉,810,3,01,MATE,COLLEAGUE,1,71.0,四川省,CONSUME,01,,30.495735,120.689801,ANDROID,,浙江省嘉兴市海宁市海洲街道江南大道辅路,1
100000,403,六安市,义乌市场批发,H,54,APP,2,42.3,F,汉,4273,4,01,MATE,FATHER,1,71.0,安徽省,CONSUME,01,,31.742243,116.48698,ANDROID,,安徽省六安市裕安区平桥乡齐云路4-5号,1
100000,103,淮南市,左磊个人工作室,Z,90,APP,3,34.5,M,汉,551,2,01,COLLEAGUE,RELATIVES,1,71.0,安徽省,CONSUME,01,,32.617754,116.844407,ANDROID,,安徽省淮南市八公山区土坝孜街道S308(蔡新北路),1
100000,,周口市,周口凯新劳务服务有限公司,E,24,XCX,3,40.0,M,汉,5312,4,01,CHILDREN,FRIENDS,1,71.0,河南省,CONSUME,01,,34.046048,114.845086,ANDROID,,河南省周口市太康县毛庄镇黄河路,1
100000,105,上海市,中冶上海钢结构科技有限公司,C,24,APP,4,25.6,M,汉,1222,4,,MATE,FATHER,2,81.903,上海市,CONSUME,01,,31.902181,118.639101,ANDROID,,江苏省南京市雨花台区梅山街道绿洲路,1
100000,,黔西南布依族苗族自治州,贵州电网有限责任公司六盘水水城供电局,Z,90,APP,3,40.9,M,苗,2359,3,01,MATE,FRIENDS,1,86.375,贵州省,CONSUME,01,,26.537201,105.23036,ANDROID,,贵州省毕节市纳雍县曙光镇,0
100000,,宝鸡市,鸿美羊羊肉馆,Z,90,APP,3,47.1,F,汉,957,4,01,FRIENDS,FRIENDS,1,71.0,陕西省,CONSUME,01,,34.272761773003474,107.76141981336805,ANDROID,,陕西省宝鸡市眉县首善街道首善路,1
100000,,绵阳市,刘志鹏个人工作室,Z,90,APP,2,32.4,M,汉,5121,3,,MATE,COLLEAGUE,1,71.0,四川省,CONSUME,02,,31.403561,104.778762,ANDROID,,四川省绵阳市涪城区塘汛街道塘汛北街,1
100000,,邢台市,邢台伟达建筑工程装饰有点公司,Z,90,XCX,4,23.6,M,汉,1230,4,01,FATHER,FRIENDS,1,71.0,河北省,CONSUME,01,,36.990865071614586,115.26952555338542,ANDROID,,河北省邢台市威县洺州镇开放路辅路,1
100000,,济南市,刘储个人工作室,Z,90,APP,2,36.6,F,汉,3867,2,01,OTHER,OTHER,3,71.0,山东省,CONSUME,01,,36.64925,116.941543,ANDROID,,山东省济南市槐荫区营市街街道舜承苑西巷,1
100000,,铁岭市,上海市赫比电器厂,C,24,APP,2,28.4,M,汉,439,4,01,MOTHER,FATHER,2,71.0,辽宁省,CONSUME,01,,31.067066191364,121.526588445016,ANDROID,,上海市闵行区浦江镇谈中路165号,1
100000,,湖州市,浙江戴徳隆,Z,90,XCX,3,35.7,M,汉,5464,3,01,MATE,PARENTS,1,71.0,浙江省,CONSUME,01,,30.592270073697504,120.37398618766571,ANDROID,,浙江省嘉兴市桐乡市洲泉镇,1
100000,,苏州市,南京师范大学苏州实验学校,Z,90,XCX,4,36.9,F,汉,4302,4,01,FATHER,MATE,1,71.0,江苏省,CONSUME,01,,31.366807567129919,120.65505470546769,ANDROID,,江苏省苏州市相城区澄阳街道,1
100000,,营口市,东北祁老三烧烤,F,17,XCX,2,36.0,M,汉,6283,2,01,FATHER,SIBLING,2,71.0,辽宁省,CONSUME,01,,40.26365749782986,122.13437581380208,ANDROID,,辽宁省营口市鲅鱼圈区海星街道长江路,1
100000,105,昆明市,电信公司,S,11,XCX,4,38.1,F,回,3790,4,01,PARENTS,FRIENDS,2,71.0,云南省,CONSUME,01,,25.582509054192867,103.26218563001383,ANDROID,,云南省昆明市寻甸回族彝族自治县仁德街道,1
100000,104,贵阳市,湖北中核二二劳务有限公司,O,17,XCX,4,28.3,M,汉,253,4,01,FATHER,RELATIVES,2,87.685,贵州省,CONSUME,01,,26.586047138280173,106.67036409984955,ANDROID,,贵州省贵阳市云岩区三桥路街道三桥北路,1
100000,105,邵阳市,安能物流,F,17,APP,2,31.1,M,汉,5579,2,01,FATHER,FRIENDS,2,71.0,湖南省,CONSUME,01,,22.802122,113.865351,ANDROID,,广东省深圳市宝安区燕罗街道燕川东路2号,1
100000,,沧州市,李志强个人工作室,Z,90,XCX,4,25.9,M,汉,1448,3,01,SIBLING,FRIENDS,1,71.0,河北省,CONSUME,01,,38.09436213717511,117.08580519049372,ANDROID,,河北省沧州市孟村回族自治县孟村镇,1
100000,103,韶关市,顺丰楼温泉酒店,I,54,APP,2,42.2,M,汉,5624,3,01,COLLEAGUE,RELATIVES,1,71.0,广东省,CONSUME,01,,24.644132,114.122878,ANDROID,,广东省韶关市始兴县司前镇,0
